,base,S1_filter|selected,S2_regime|selected,S3_sizing|selected,S4_exit|selected,S5_params|selected
2006-01-02,0.0,0.0,0.0,0.0,0.0,0.0
2006-01-03,0.00016427781,7.928933e-05,-0.0001705969,0.00015571732,-1.628629e-05,0.00012564308
2006-01-04,0.001760102,0.0017976585,0.000838518,0.0026955206,0.0011757178,0.0022337444
2006-01-05,-0.0009463209,-0.0007740496,-0.000419999,-0.0013800276,-0.00059221935,-0.00090758846
2006-01-06,0.003014863,0.0024019587,0.0014299941,0.0037810446,0.0017757055,0.003340383
2006-01-09,0.0005028205,0.00058995094,0.00038284852,0.000991905,0.0004593846,0.0006416942
2006-01-10,-0.0019600142,-0.0016041308,-0.0006394965,-0.0027815357,-0.0011965756,-0.0019514525
2006-01-11,0.0021143137,0.0016676302,0.0008109804,0.0029091584,0.0011588112,0.0019924208
2006-01-12,-0.0015415427,-0.0012136778,-0.0006397738,-0.0021771358,-0.00093859405,-0.0014790657
2006-01-13,0.0003799066,0.00035033064,0.00012655433,0.00063013367,0.00038462284,0.00036952674
2006-01-16,-0.00020148091,5.4283486e-05,-0.0003917045,-2.6013968e-05,-0.00010626011,-6.908975e-05
2006-01-17,-0.0023389524,-0.0019568135,-0.0006735157,-0.003540707,-0.0013444832,-0.002302967
2006-01-18,-0.0023952324,-0.002447247,-0.00041490933,-0.004240941,-0.0016712283,-0.0025857268
2006-01-19,0.0021601133,0.0024365066,0.0003057834,0.004076356,0.0014647107,0.0027788475
2006-01-20,-0.0019665544,-0.0023500095,-0.00057323044,-0.0040253913,-0.0017137025,-0.0028529735
2006-01-23,0.0013021291,0.0011813563,0.00064169493,0.001514027,0.0006545991,0.001454857
2006-01-24,-0.00022543033,0.00039205962,-0.00013998742,0.00059222453,0.00011507277,0.00028658428
2006-01-25,-0.0006772812,-0.00010285571,-0.00013205704,-0.00026659915,-0.00023190574,-0.00011196877
2006-01-26,0.00030229494,0.0012107888,9.641528e-05,0.0016450441,0.00060072023,0.0013000313
2006-01-27,0.0001854477,0.0011457327,-1.0901571e-05,0.0013973815,0.00043315074,0.0013120469
2006-01-30,0.00027336428,0.00026714976,9.1332906e-05,0.000565382,0.0003134667,0.00016269101
2006-01-31,0.000409498,0.0003383617,0.00030602168,0.00049200613,0.00015639585,0.00041040793
2006-02-01,0.0004000348,0.00053256354,-4.581604e-05,0.0006820107,0.00022895899,0.0002787074
2006-02-02,-0.0021294525,-0.0019557273,-0.00045129025,-0.002772561,-0.0010662043,-0.0023108078
2006-02-03,-0.000891134,-0.0008522771,8.707236e-05,-0.0011757477,-0.00048183478,-0.0009733412
2006-02-06,0.0011881085,0.0010196168,0.00023576268,0.00153934,0.00055693026,0.0011380388
2006-02-07,-0.002887553,-0.0029589797,-0.0013087803,-0.0046060616,-0.0019286174,-0.0033513664
2006-02-08,-0.00014000118,0.00020321265,0.00010986185,0.0002124051,5.2575197e-05,-3.4140918e-05
2006-02-09,0.00072906306,0.0008563036,0.00027126906,0.001376908,0.0004347056,0.0008504818
2006-02-10,-0.001058481,-0.0012024592,-0.0007850482,-0.0017652046,-0.00078637403,-0.0013581585
2006-02-13,6.2154504e-05,-0.00059467304,7.8168014e-05,-0.00076424994,-0.00019132711,-0.0007352083
2006-02-14,2.2199318e-05,0.0008284843,0.00018618019,0.0007954037,0.0002551617,0.0008589788
2006-02-15,0.000106623615,7.266101e-05,4.579008e-06,0.00014973333,0.00014210239,5.3651307e-05
2006-02-16,0.00039425818,0.001130469,0.000464789,0.0012239412,0.0004767263,0.00128703
2006-02-17,-0.00018919978,0.0003940756,6.825041e-05,0.00027585152,-1.8370742e-05,0.0002885931
2006-02-20,-5.663135e-05,0.00019648638,-5.8715566e-05,7.627171e-05,-5.3051495e-05,0.00010849538
2006-02-21,1.5213512e-06,0.00024322845,4.2957377e-05,0.00030538376,4.7677906e-05,0.00019002018
2006-02-22,0.0011996375,0.0010831703,0.00026996294,0.0016062915,0.0006320825,0.0011697573
2006-02-23,-0.0009490764,-0.00086246146,-0.00054452673,-0.001235422,-0.00051638414,-0.00084287365
2006-02-24,0.00043467036,0.0005169621,0.00024391129,0.0007069794,0.00031939024,0.00070098456
2006-02-27,0.0016567092,0.0012192323,0.0010450901,0.0018673193,0.0008958265,0.0016189843
2006-02-28,-0.0032823747,-0.0024483814,-0.0009819004,-0.00397192,-0.0015574191,-0.0031021438
2006-03-01,0.0011094469,0.0014332605,0.00024466342,0.001899656,0.000602011,0.0015425979
2006-03-02,-0.0009981929,-0.0006380509,-0.00022843051,-0.0011978684,-0.00044744695,-0.0006266397
2006-03-03,-0.00080715225,-0.00065512356,-0.00041095176,-0.0009981807,-0.00046024032,-0.0008073221
2006-03-06,-0.0006668628,-0.0005242228,-0.00034016985,-0.000859004,-0.00045060136,-0.00071169797
2006-03-07,-0.0018394383,-0.001978494,-0.0007350924,-0.0027202521,-0.0010556215,-0.0019379491
2006-03-08,-0.00089088216,-0.00074743707,-0.00058898696,-0.00101825,-0.00032545783,-0.0009151788
2006-03-09,0.0005075444,0.00038952054,0.00015641267,0.00067382783,0.00027439257,0.00053360977
2006-03-10,0.00068905856,0.0013419075,0.0007244348,0.0014333394,0.0005133571,0.0014621568
2006-03-13,0.00010049988,0.0006763053,0.00016860424,0.0006977353,9.519255e-05,0.00048095256
2006-03-14,-0.0011637373,-0.00022097737,-0.00070253934,-0.00033577372,-0.00036278577,-0.0007363981
2006-03-15,0.00033481955,0.0007885987,1.0219543e-05,0.0008214745,0.0003681437,0.00091786135
2006-03-16,0.0009354654,0.00073676364,0.0006078543,0.0013643267,0.0005441158,0.0007515459
2006-03-17,0.0014887641,0.00090251054,0.0011418924,0.0013829429,0.0006602387,0.0013322613
2006-03-20,0.0010065623,0.00078973913,0.0009609297,0.001189706,0.0006078362,0.0010578817
2006-03-21,-0.0020060716,-0.0015917508,-0.001071657,-0.0026940561,-0.0012698863,-0.001938536
2006-03-22,0.00056029746,0.0005491022,-0.00022845532,0.0010192493,0.0003327459,0.00047787392
2006-03-23,-0.00027123978,-0.00015057674,-6.203951e-05,-0.00063743145,-0.00036764087,-8.888582e-05
2006-03-24,0.0015337531,0.0011848673,0.00074806524,0.0020779676,0.00077272754,0.0011703598
2006-03-27,0.00015329203,5.5532796e-06,0.00039317567,-0.00013449838,7.831118e-06,0.00015459767
2006-03-28,-0.0010059308,-0.0008124387,-0.00033076148,-0.001465086,-0.0006980206,-0.0009047827
2006-03-29,0.0014756074,0.0016220864,0.00055416016,0.002332231,0.0009830163,0.0018417386
2006-03-30,9.243702e-06,0.00021594163,-0.00011484437,0.0005148824,5.3854485e-05,0.00023365398
2006-03-31,-0.001107788,-0.0010008347,-0.00058486895,-0.0015756346,-0.00068192685,-0.0011862188
2006-04-03,0.0023781776,0.0019135412,0.0011747424,0.003170929,0.0012177641,0.0023181774
2006-04-04,0.0012979889,0.0009596406,0.00069172954,0.0015526687,0.00073484564,0.0012538193
2006-04-05,0.0014008576,0.0014685133,0.00043189386,0.0022928005,0.000976921,0.0015332251
2006-04-06,0.0005242464,0.00047964192,-4.1989783e-06,0.00083758845,0.00025315146,0.00045267088
2006-04-07,-0.0021920735,-0.0019844146,-0.00048192835,-0.003489626,-0.0012932178,-0.0025108734
2006-04-10,0.0010330218,0.00070357154,0.0004211841,0.0013699637,0.00051919546,0.0009903552
2006-04-11,-0.0016615179,-0.001685884,-0.00069610716,-0.0023566028,-0.0008486605,-0.002135427
2006-04-12,-0.0006982935,-0.00043730883,-0.00016892214,-0.00080098386,-0.0002795409,-0.0005600433
2006-04-13,0.000473383,0.0003148353,2.6430174e-05,0.0003210294,7.0221395e-05,0.00050288544
2006-04-14,0.00034726888,0.00031660325,0.00021814824,0.0006286921,0.00022411835,0.00032423367
2006-04-17,0.000546011,0.00066436507,0.00024118857,0.001281059,0.00041717693,0.00060421036
2006-04-18,0.0019514117,0.002573757,0.00077887747,0.003977998,0.0012733777,0.0031702826
2006-04-19,0.0020892632,0.0020258261,0.00097109016,0.0033242528,0.0012666911,0.0024576108
2006-04-20,-0.0019787147,-0.0011893465,-0.00069613167,-0.0027953158,-0.0011772237,-0.0016805867
2006-04-21,0.0010885635,0.0010110355,0.00019468323,0.0021533433,0.0006944424,0.0012436977
2006-04-24,-0.0017362445,-0.0015409527,-0.00042517766,-0.0029155766,-0.0010000736,-0.0016839689
2006-04-25,1.4570993e-05,-8.910109e-05,9.946081e-05,-0.00032295313,-0.00022632223,-1.806683e-05
2006-04-26,0.001655826,0.0014788011,0.0006918509,0.0025428205,0.0009422921,0.0015189195
2006-04-27,-0.0005641771,-0.0005692756,0.00016074265,-0.0009786105,-0.00021040729,-0.00048192232
2006-04-28,0.0010307971,0.00094531756,0.00046695693,0.0017521724,0.00052715675,0.0011686377
2006-05-01,0.0002904909,9.103866e-05,7.002852e-05,0.00017890663,-4.91091e-05,0.00020132856
2006-05-02,0.0023275523,0.0021234863,0.00096215564,0.0037078352,0.001302185,0.0024629247
2006-05-03,-0.00032334912,-0.0003513732,-0.00022312177,-0.0005793782,-0.00023777127,-0.0004893185
2006-05-04,0.0012859534,0.0011272918,0.00056595873,0.0019050416,0.00068736216,0.0016064626
2006-05-05,0.0020824128,0.002019097,0.00064509,0.0033911227,0.0012048479,0.002252808
2006-05-08,0.0009877926,0.00081197,0.00031404046,0.0014372295,0.00048380726,0.0010517158
2006-05-09,0.001561481,0.0014228733,0.00059076794,0.0024258045,0.00082336273,0.0017877218
2006-05-10,-2.9818504e-05,3.4540208e-05,1.4166079e-05,8.1740346e-08,-2.9483614e-05,1.44260075e-05
2006-05-11,-0.0016851387,-0.0015466044,-7.9759804e-05,-0.0026492777,-0.00090491545,-0.001831386
2006-05-12,-0.0022087102,-0.0024990034,-0.00021964866,-0.0040174224,-0.0011058266,-0.0024071545
2006-05-15,-0.004171096,-0.0032930726,-0.0017613963,-0.0053083277,-0.0016434082,-0.0042683044
2006-05-16,0.00025671805,2.7634454e-05,-0.00016709887,0.00042368798,0.000110380504,4.9659386e-05
2006-05-17,0.0009058948,-0.0011998402,0.0005562964,-0.0008092874,0.0006987507,-0.00071122695
2006-05-18,0.00094927417,-5.698283e-05,-4.1909898e-05,0.00042024718,0.00061301887,0.00023053293
2006-05-19,-0.0016656505,-0.0008538991,-0.0004892856,-0.0016705489,-0.000866975,-0.0015051123
2006-05-22,0.0034363668,0.00012838819,0.000643903,0.0020138146,0.0017136215,0.0016545879
2006-05-23,-0.00089368643,-0.0002203577,-0.0002365293,-0.0006984886,-0.0004166662,-0.0004912472
2006-05-24,-0.00062378147,-0.0008631645,-0.0003676455,-0.0012715576,-0.00031398638,-0.0010457131
2006-05-25,-0.0026889427,-0.00039282048,-0.00045860573,-0.0015571489,-0.0009943096,-0.0018908358
2006-05-26,-0.0017887545,-0.00013278828,-0.00018069705,-0.0006486291,-0.00046196813,-0.0014360717
2006-05-29,-1.0895059e-05,0.00014727295,-1.8066256e-05,0.00016519174,6.348457e-05,0.00013816223
2006-05-30,0.0023423259,0.00031341313,0.0005791869,0.0010496158,0.00048064522,0.0018717769
2006-05-31,-0.0009417234,-0.0005545588,-0.00020169656,-0.0008074908,-0.00036033918,-0.0010196845
2006-06-01,-0.0009520432,-7.645273e-05,-0.00024114504,-0.0001848389,-1.8694867e-05,-0.00082381413
2006-06-02,-0.0006388799,0.0004900051,-3.7730184e-05,0.00028487644,7.4235446e-05,-9.981113e-05
2006-06-05,0.0005021287,-0.00065412384,-0.0001315229,-0.0007509817,-0.00061146024,-0.00027092927
2006-06-06,0.00045866467,-0.000513225,-0.0002547197,-0.00065725803,-0.00035747176,-0.00026600243
2006-06-07,0.00021481022,-0.0004994421,-0.000143242,-0.0006964998,-0.0003956647,-7.3748284e-05
2006-06-08,0.0010214408,-0.00066653825,-0.00072303193,-0.00084715395,-0.00035281698,0.00031223966
2006-06-09,-0.00060171227,-0.00033609953,-0.0003224849,-0.00053347566,-0.0002529092,-0.00058634527
2006-06-12,0.002306687,0.00042467058,9.070338e-06,0.0006592864,0.00029847375,0.0020344146
2006-06-13,0.0034066022,-1.26989e-05,-9.934137e-05,0.0004908939,0.00028082996,0.0022845012
2006-06-14,-0.0020805444,-0.000641443,-0.00043282585,-0.0010257185,-0.00052541564,-0.0017362296
2006-06-15,-0.004303351,-0.00030449624,-5.953108e-05,-0.0008982722,-0.00044817606,-0.003336066
2006-06-16,-0.00038842828,7.194968e-05,-5.4605436e-05,2.0395211e-05,1.7269344e-05,-0.0002451239
2006-06-19,0.0013711437,-4.8556736e-05,8.9029e-06,0.00033056815,0.00012590746,0.00048617908
2006-06-20,-0.00060450553,-0.00020129644,-0.00019639925,-0.00036170857,-0.00018751824,-0.00027712935
2006-06-21,-0.0012410242,0.00031657788,0.00013056697,0.00016934371,9.195805e-05,-0.0005792067
2006-06-22,0.0009790519,0.0005882584,0.0004277297,0.0009939236,0.0004600943,0.00054405886
2006-06-23,0.00028772344,0.00012714133,1.9521018e-05,0.00027740424,0.00016875066,0.000119357945
2006-06-26,-6.460084e-05,0.00031430568,0.0003129395,0.00045702912,0.0002732296,0.00027231785
2006-06-27,0.00014721965,-0.0003670583,-0.00017661603,-0.0006601229,-0.00046074332,-0.00025911824
2006-06-28,0.0003299416,0.0003631698,0.0005209523,0.0006529515,0.00032575158,0.00030060383
2006-06-29,-0.0023435254,0.00039766514,-0.00080134644,0.00031717776,0.00019744536,-0.001418909
2006-06-30,-0.0014371797,-0.00029651436,-0.0006014777,-0.00050692435,-0.00031569172,-0.0010740875
2006-07-03,0.0012765817,0.0013391786,0.00086218957,0.002020985,0.000921601,0.0013365211
2006-07-04,-3.9052513e-05,4.991449e-05,3.2289045e-05,7.076594e-06,1.7447377e-05,1.0043098e-05
2006-07-05,-0.0010795507,-0.0009748825,-0.0006934867,-0.001474234,-0.00074080203,-0.0006880344
2006-07-06,0.0009765725,0.0008739191,0.00069126266,0.0014331925,0.0005903711,0.0006297921
2006-07-07,-0.0014528936,-0.0013866078,-0.0011363255,-0.0021566055,-0.00087852747,-0.0015146608
2006-07-10,-0.00053004373,-0.00028969147,-0.00021084175,-0.00034288713,-0.00015066059,-0.00028486422
2006-07-11,0.0005102267,0.00041771107,0.00037922166,0.00065167097,0.0004086715,0.0003710741
2006-07-12,-0.00095181004,-0.0008673459,-0.0007412671,-0.0012866552,-0.00043798328,-0.00059508707
2006-07-13,-0.0019101491,-0.002033675,-0.0015225773,-0.003102817,-0.0010352946,-0.0013626766
2006-07-14,-0.00066070864,-0.0008438556,-0.0005939761,-0.0011844063,-0.00031252188,-0.00033637963
2006-07-17,-0.0012963124,-0.0012450331,-0.0005824724,-0.0019804179,-0.00037523182,-0.0008287205
2006-07-18,-0.000530544,-0.00040228292,-4.9817718e-05,-0.0008180885,-0.00027706957,-0.0006612907
2006-07-19,-0.00095649913,0.00064167345,-9.128246e-05,-0.0004197772,-0.001222745,-0.001249122
2006-07-20,-0.00020202753,-0.00016216877,-0.00033569155,-0.00021331747,-0.000108614695,-0.00024275207
2006-07-21,0.00021447697,-0.00020226213,3.018163e-05,1.0826631e-05,0.00033600398,0.0001403901
2006-07-24,-0.00057415606,0.0004313227,-0.00013592164,-1.2907319e-05,-0.0007892164,-0.0004382232
2006-07-25,-0.00018021054,7.641447e-05,2.2046323e-05,-5.1500167e-05,-0.00020811372,-0.00019256536
2006-07-26,4.349209e-06,0.00014161185,-5.978902e-05,0.00011686884,2.3417453e-05,3.2895492e-05
2006-07-27,-1.3847141e-05,-6.719368e-06,-0.00016678369,-0.00026065862,-0.00011893682,-0.00018704732
2006-07-28,0.0005868518,0.00072523573,0.0005264307,0.0012013873,0.00068624626,0.0005608732
2006-07-31,-0.00026028062,-9.881358e-05,8.478184e-05,-0.00024081444,-0.000100231395,-0.00024324808
2006-08-01,-0.00021808263,-0.00021249536,-0.00012796037,-0.00042673177,-0.00037864412,-0.0002355849
2006-08-02,0.0008890477,0.0009688525,0.0004908524,0.0014729722,0.0008432931,0.0009371881
2006-08-03,-0.00013340623,-3.1764655e-05,7.929142e-05,-4.4324126e-05,-3.18309e-05,-9.392033e-06
2006-08-04,0.0016824717,0.001290169,0.0009716472,0.0021951958,0.00096874457,0.0016232923
2006-08-07,-0.00090385287,-0.0008315885,-0.0006593036,-0.0013381093,-0.0006940989,-0.00091261254
2006-08-08,-0.0002725357,-0.00020864808,-0.00023165304,-0.00024622492,-0.00013615319,-0.0003086044
2006-08-09,0.00060001615,0.00048086664,0.0001727533,0.0005663062,0.0002530855,0.0005360938
2006-08-10,-0.0011809793,-0.0007647788,-0.00061620295,-0.0015814025,-0.00069530867,-0.0010024564
2006-08-11,-0.00036411008,-0.00052802963,-0.0002399211,-0.00072331715,-0.0003098232,-0.00045559512
2006-08-14,-0.00031339377,-0.00022629413,-0.00018075504,-0.00028204673,-4.301273e-05,-0.00040644535
2006-08-15,0.0004655136,0.0010719105,6.791512e-05,0.001182934,0.0005767179,0.001147503
2006-08-16,0.0013867873,0.0014371307,0.0007645525,0.0018810051,0.0011090082,0.0016380361
2006-08-17,-0.0005326522,-0.00058412633,-0.0003177165,-0.0007697754,-0.00020089843,-0.00076250377
2006-08-18,0.000103355,0.00032485026,0.00013390912,0.00036693862,0.00023482986,0.0002784872
2006-08-21,-0.000270368,-4.6013232e-05,5.6228786e-05,-0.0002840275,-0.00030740313,-0.00014279869
2006-08-22,1.0694893e-05,7.651301e-05,-0.00010616869,0.00014871529,2.38054e-05,7.704141e-05
2006-08-23,-0.0010809298,-0.001016912,-0.00033094955,-0.0012890665,-0.0006754051,-0.0012932651
2006-08-24,-0.00024122116,-9.958162e-05,-0.00013510583,-0.0001317875,-7.21671e-05,-0.0002059612
2006-08-25,0.0007201063,0.00060825836,0.00046172572,0.0009009196,0.00037986078,0.00065676623
2006-08-28,0.00083260133,0.000652452,0.00036315978,0.00093896163,0.00043318988,0.0008975916
2006-08-29,0.00037709373,0.00043473043,0.00024998235,0.0005087918,0.00020953194,0.00055612467
2006-08-30,0.00069442886,0.0009145991,0.0006588276,0.0012011199,0.0005005203,0.0009403542
2006-08-31,0.00076259696,0.0007742504,0.0005864312,0.0010709268,0.00039318184,0.0008438808
2006-09-01,0.0008961284,0.0008407642,0.00039757334,0.0010401258,0.00049481523,0.0011340074
2006-09-04,-0.00026937475,-0.00017792807,-0.00015736555,-0.00044647336,-4.1398955e-05,-0.00014232103
2006-09-05,-0.0006798872,-0.00050057843,-0.00048141897,-0.0010174029,-0.00037415567,-0.0005888741
2006-09-06,-0.0018914365,-0.0019089592,-0.0010704241,-0.002642194,-0.0013523255,-0.002287002
2006-09-07,-0.0019164211,-0.0017737895,-0.0013172028,-0.0025934214,-0.0011406356,-0.0021841172
2006-09-08,0.00019700988,3.9556704e-05,-0.00014068815,0.0001955685,0.00017042228,0.0001082314
2006-09-11,-0.00036328056,-0.00079439674,-0.00046344748,-0.0008065684,-0.00024561267,-0.00062583014
2006-09-12,0.00095271575,0.00136979,0.00055483024,0.0015160338,0.00042581419,0.0023453876
2006-09-13,0.00020965499,0.00049535226,0.00037413457,0.00037968362,7.838046e-05,0.00063404004
2006-09-14,0.0005129131,0.00019581505,0.00015698216,0.0002635299,0.00019167058,0.0005087809
2006-09-15,0.0005624554,0.0006159743,0.00039211437,0.0008505039,0.00044636143,0.00039009668
2006-09-18,-0.0004535934,0.00019570321,3.2766407e-06,-0.0001072878,-9.574899e-05,-4.1942487e-05
2006-09-19,-0.00013342132,-0.00050173706,-0.00043904214,-0.0004466065,-0.00024392214,-0.00041607456
2006-09-20,0.0012980954,0.001149402,0.00029985598,0.0016850922,0.000767353,0.0015760349
2006-09-21,-0.0006038602,8.2882296e-05,-0.00022643124,-0.0002580615,-9.613853e-05,-0.00016835527
2006-09-22,-0.00069015485,-0.0009333967,-0.00048695313,-0.0012432821,-0.00057014165,-0.0008411055
2006-09-25,0.0011976279,0.0011757148,0.0005942027,0.0016008072,0.00062871206,0.001299621
2006-09-26,-0.0002468205,0.00017096872,-0.00015499775,0.00015153948,8.172539e-05,8.6739456e-05
2006-09-27,-0.0005053964,0.00023375549,-9.042624e-06,0.00011816263,6.289805e-05,-3.9162182e-06
2006-09-28,-0.00015175767,0.00015278831,0.00016147851,0.00019146813,0.0001200771,-3.0388152e-05
2006-09-29,-0.0004153017,-0.00046306662,-1.644417e-05,-0.00061420415,-0.00031127644,-0.0005911403
2006-10-02,-0.00028659866,-5.7349913e-05,-0.000176348,-0.00031200208,-0.00024464188,4.757695e-05
2006-10-03,0.0006685587,0.0002630256,0.00011134545,0.0003397859,-1.7321585e-05,0.00060905115
2006-10-04,0.0017897632,0.0019932054,0.00072157505,0.003247549,0.0012350285,0.0020179155
2006-10-05,0.00047152073,0.00060744566,0.00034787055,0.00081746106,0.0004198829,0.00048546708
2006-10-06,-0.0008991988,-0.0008480641,-0.00019564385,-0.0014934583,-0.0006419916,-0.00096443115
2006-10-09,0.00048376233,0.00060897175,9.502765e-05,0.0011141346,0.0005020647,0.00052060845
2006-10-10,0.00092315767,0.0003782844,0.0007722662,0.00065581745,0.00026014468,0.00069152407
2006-10-11,0.000200938,-6.97023e-05,-6.3185835e-05,0.000112369584,1.20241875e-05,9.8156e-05
2006-10-12,0.0013026359,0.0016362026,0.0006469899,0.0026908924,0.0011697792,0.0014098871
2006-10-13,0.0014664487,0.0012392573,0.0007081277,0.0022185694,0.0009968111,0.0013109243
2006-10-16,0.0005566809,0.00076541485,0.00033138154,0.001134721,0.0004690378,0.000585552
2006-10-17,-0.0018763071,-0.0015428338,-0.0008679576,-0.0028739872,-0.0010397006,-0.0018427586
2006-10-18,0.0009523863,0.0007920917,0.0006682698,0.0013016657,0.0003981207,0.001010584
2006-10-19,3.249795e-05,0.00017365134,1.4877231e-05,0.00036213512,0.00017560343,-0.00018811558
2006-10-20,0.00027518158,0.0002659903,0.00016135546,0.0002774328,7.190831e-05,0.00044633515
2006-10-23,0.0008776778,0.0009719151,0.00026342852,0.0016129672,0.0006204155,0.0011302211
2006-10-24,0.0004852696,0.00046357058,0.0002554406,0.0008173303,0.0003572322,0.00040227553
2006-10-25,0.0007918264,0.0010185291,0.00027205903,0.0018154958,0.00068374793,0.0008120836
2006-10-26,0.0012641401,0.0013421035,0.00049804256,0.0022699607,0.00088588905,0.0012498606
2006-10-27,-0.0014238217,-0.0012482189,-0.00028933684,-0.0022665565,-0.00067468407,-0.0016010366
2006-10-30,-0.0006490696,-0.00048129284,-0.0003029739,-0.00081456517,-0.00033496378,-0.000517855
2006-10-31,0.0013383689,0.0010293969,0.0009484758,0.001694085,0.0008270939,0.0011124575
2006-11-01,4.951339e-05,0.00010989329,0.00013030968,0.00021795798,9.058511e-05,9.550661e-07
2006-11-02,-6.566192e-05,-9.549972e-05,9.425252e-05,-0.00025071006,-8.560802e-05,-6.5406464e-05
2006-11-03,-0.001085969,-0.0007259467,-0.0010577476,-0.0016486746,-0.0008340457,-0.00088856654
2006-11-06,0.001806421,0.0021743397,0.00076747156,0.0034881558,0.0011949004,0.0026275904
2006-11-07,0.001416463,0.0012334877,0.0010889003,0.002071253,0.00089022744,0.0013755843
2006-11-08,0.00034928875,0.00037495,9.812922e-05,0.0006413433,0.00025662468,0.0004928893
2006-11-09,0.0003643049,0.00011313924,0.00049006025,0.00051621767,0.00033083945,1.14418735e-05
2006-11-10,9.4911986e-05,-6.304648e-05,0.00040107002,-3.8659387e-06,-3.263861e-05,0.00013896011
2006-11-13,-0.00028981693,-0.00033160733,-0.000100187695,-0.0005773731,-0.00026268567,-0.00019275292
2006-11-14,0.0014616771,0.0016754243,0.00058796245,0.0023833017,0.00082617206,0.001945615
2006-11-15,0.00088271586,0.00091585086,9.762183e-05,0.0012476918,0.00035587497,0.00096340076
2006-11-16,-0.00054640434,-0.00039562245,-0.00036997066,-0.0009460223,-0.0005414369,-0.00024127378
2006-11-17,0.00046170427,0.000432368,0.00023496873,0.0006070079,0.00029291393,0.00037435495
2006-11-20,-0.00016703094,3.352422e-05,-0.00036179496,-0.00022579987,-0.00015193505,-5.0291354e-05
2006-11-21,0.0014846359,0.0015090025,0.00044957662,0.0023223907,0.00082545565,0.0016296036
2006-11-22,0.0019478301,0.0016466838,0.0008302268,0.0026532612,0.00089510967,0.0019758742
2006-11-23,0.00054630556,0.0003387628,0.00035648534,0.00055168115,0.00039433572,0.00046282233
2006-11-24,0.0012209705,0.0009027259,0.00060300203,0.0013915782,0.0008645873,0.0011838685
2006-11-27,-0.0029698543,-0.0026051812,-0.0006806488,-0.00420397,-0.0011927997,-0.0031256722
2006-11-28,0.00038432554,0.00057217607,0.00048258217,0.0009410539,0.0004878015,0.000687232
2006-11-29,0.00095367536,0.0017324683,0.00016968789,0.0023302252,0.0005286915,0.0021141423
2006-11-30,0.0037647765,0.0029689232,0.0023495613,0.0053017223,0.002196674,0.0036655276
2006-12-01,0.0013609373,0.0007368149,0.0012582513,0.0016091571,0.00086594734,0.0007238928
2006-12-04,0.0006698645,0.0010614591,-7.876464e-05,0.0017695749,0.000328047,0.0013248818
2006-12-05,0.00044787533,0.00073206855,-0.00037740168,0.0006420209,9.107026e-05,0.00090511533
2006-12-06,-0.0014352034,-0.0012416645,-0.0007341812,-0.0021266825,-0.00079963304,-0.0014653057
2006-12-07,-0.00044698364,-0.0002623865,-0.00015088505,-0.0005427755,-0.00015508155,-0.00023386836
2006-12-08,-0.0010539362,-0.0006628362,-0.00063650316,-0.0012065964,-0.00043853887,-0.0009540094
2006-12-11,0.00028521605,0.0005233218,-4.971927e-05,0.00070640683,0.00019236185,0.00073189876
2006-12-12,0.00038662506,0.00023626779,0.00031653277,0.00046820537,0.0003264383,0.00032823766
2006-12-13,0.00034449922,0.00032900224,0.00024998465,0.00033872953,0.00020111765,0.00019706516
2006-12-14,0.001151463,0.0013488582,0.0004123997,0.0017306409,0.00039360859,0.0014845666
2006-12-15,-4.3012576e-05,9.729052e-05,0.00026460245,3.980778e-05,6.9445385e-05,-9.4319774e-05
2006-12-18,-0.0010165125,-0.000948236,-0.00066921354,-0.0012193877,-0.00055159885,-0.0012370849
2006-12-19,4.5954806e-05,0.0003538518,4.2091033e-05,0.000506195,0.00013497133,0.00021761499
2006-12-20,0.00038970012,0.00041030446,0.00030941112,0.0007114031,0.0002294163,0.00044994353
2006-12-21,-0.0006304952,-0.00047205432,-0.00041375318,-0.0008772673,-0.00034194897,-0.0005769768
2006-12-22,-0.00036809302,-0.0006829682,-0.0004119963,-0.0009353514,-0.00017223209,-0.0006115536
2006-12-25,0.00023604094,0.00018766851,3.8447908e-07,0.00035602623,0.00013418694,0.00027099426
2006-12-26,0.0008223609,0.0009478113,0.00021602228,0.0015453503,0.00039989574,0.0013463052
2006-12-27,0.0018444663,0.0020061815,0.000980739,0.0033314351,0.0011312208,0.0023206212
2006-12-28,0.00057123945,0.00046801878,0.00040673776,0.0007463472,0.0003849972,0.0006852395
2006-12-29,-0.0002201584,-0.0001292141,-0.00033875,-0.0002734581,-0.00020284683,-0.00012695986
2007-01-01,3.4539004e-05,0.00011367612,-2.406249e-05,0.00012688167,6.7936795e-05,0.00017357669
2007-01-02,0.0015101397,0.0016073933,0.00078965956,0.0024641166,0.0010279508,0.0018802783
2007-01-03,0.00025142852,-0.0003549837,-0.00031314915,-0.00012615153,-0.0003253527,-0.000101914484
2007-01-04,-0.00229713,-0.0019947882,-0.0012955636,-0.0033736008,-0.0014974567,-0.0025463067
2007-01-05,-0.003519519,-0.003995511,-0.0013020932,-0.0059787473,-0.0028518913,-0.004587202
2007-01-08,0.00012792097,0.0003532458,-0.00023282181,0.0004129964,8.931914e-05,0.000548903
2007-01-09,0.00042902955,0.0002972477,0.00015081861,0.000493502,0.0002887613,0.00033115307
2007-01-10,-0.000158621,-0.0007144185,-0.000214252,-0.00082350196,-0.00024161865,-0.0005064792
2007-01-11,0.0012090008,0.0018122582,0.00078283594,0.0022421835,0.001074147,0.0023395708
2007-01-12,-0.00050477165,0.0011229792,0.00041855866,0.0008170558,0.00049945555,0.0006959617
2007-01-15,0.00065258297,0.0009421031,0.0002739196,0.0013142275,0.0006135216,0.0009923963
2007-01-16,0.0002605011,8.5446816e-05,-0.00022051607,0.00023361125,-3.9894378e-05,0.0003228677
2007-01-17,-4.427638e-06,0.00016488048,0.00020404463,0.00016400365,0.00011789499,0.0001703257
2007-01-18,-0.00014727646,-0.0002680399,-0.00022192209,-0.00029546797,-0.00026622604,3.057918e-05
2007-01-19,0.00036713513,0.0009962238,0.00045950612,0.0012428442,0.00067993096,0.00072850357
2007-01-22,9.357153e-06,-8.636531e-05,-0.0003301158,3.2330624e-07,-9.935344e-05,8.118279e-05
2007-01-23,0.0003341294,0.001183466,0.0004338134,0.0014375927,0.0009113623,0.0007085843
2007-01-24,-0.00017052819,0.00040859333,0.0002424891,5.967802e-06,5.542769e-05,0.0001592866
2007-01-25,-0.0021629306,-0.002603806,-0.0012160473,-0.0037188171,-0.0021396955,-0.002542445
2007-01-26,-0.0004310435,-0.00061369786,-0.00045824863,-0.0008671192,-0.00043765514,-0.0005345833
2007-01-29,0.00019023457,0.00017153542,-5.646966e-06,0.0002490528,4.697765e-05,0.00010348915
2007-01-30,0.0002994018,0.00087424903,0.00023464151,0.0012471778,0.0006983035,0.00065067026
2007-01-31,-0.00079452933,4.817947e-05,-0.00025197523,-0.00013414683,8.359026e-06,-0.00040198432
2007-02-01,0.0016489294,0.0017399833,0.0011386345,0.0024107287,0.0012961471,0.0018877054
2007-02-02,0.00039285197,0.0006999341,9.657202e-05,0.0008324229,0.00038840983,0.00067545986
2007-02-05,-0.0005224566,-0.00051812554,-0.0002960651,-0.00063546264,-0.00034075187,-0.00065895397
2007-02-06,0.0012531597,0.0013012609,0.00056128466,0.0020180359,0.0011331572,0.0012832723
2007-02-07,0.0005760215,0.0010956033,0.0005665685,0.001497378,0.000810155,0.0010552143
2007-02-08,-0.0006708996,-0.0004660812,-0.0006964541,-0.0007234458,-0.0004951071,-0.0005654377
2007-02-09,-0.0015876142,-0.0013148328,-0.0008757339,-0.002168008,-0.0013593026,-0.0013300027
2007-02-12,-0.00225221,-0.0021852027,-0.001243011,-0.003412221,-0.0017216101,-0.0021304004
2007-02-13,0.001798292,0.0020072889,0.0008181044,0.0031708055,0.001499947,0.0018401957
2007-02-14,0.001530616,0.00211534,0.001116849,0.0028085068,0.0014145874,0.0019023037
2007-02-15,0.00047928607,0.00060282846,8.28112e-05,0.00088757236,0.0004269069,0.0005358265
2007-02-16,0.0001477217,0.0001758717,-1.5996085e-05,0.00020817432,0.00013744335,0.00017849886
2007-02-19,0.00024851548,0.00037537425,0.0001630128,0.00057816145,0.0002730913,0.0003720238
2007-02-20,-0.00019457929,7.35522e-05,-4.7313464e-05,-1.773605e-05,7.655378e-05,3.680631e-05
2007-02-21,0.00050624035,0.0005471157,-9.747839e-05,0.0007211952,0.00044098063,0.00066485634
2007-02-22,0.00026859375,0.00041402003,-0.00015969943,0.00045735308,0.00026419963,0.0004776232
2007-02-23,0.00020786635,0.00022813927,0.00018475739,0.00047239297,0.00016610314,6.2463034e-05
2007-02-26,0.00091066706,0.0007566308,0.0006038297,0.0012587295,0.00060633506,0.00076313555
2007-02-27,-0.012086024,-0.012125878,-0.005340702,-0.018756784,-0.009446883,-0.013142604
2007-02-28,-0.0009194985,-0.0005607904,-0.0011497835,-0.0014142874,-0.00080531184,-0.0010012316
2007-03-01,-0.00029229894,-0.0011860678,-6.703217e-05,-0.00072223454,-0.000101630016,-0.0010003794
2007-03-02,0.0014912727,-0.00047962336,0.0009376323,0.00043778852,0.00088245195,0.0003958399
2007-03-05,0.0018055118,-0.001572789,0.0007555465,-0.0007497385,0.0006610543,2.807435e-05
2007-03-06,-0.0042360774,-9.191814e-06,-0.0015999106,-0.0016584569,-0.0016487684,-0.0027806466
2007-03-07,0.0011916829,0.0008887209,0.00045589512,0.0012512465,0.0006090971,0.0014300186
2007-03-08,-0.0027685193,-5.4326615e-06,-0.00090575265,-0.00069301267,-0.00048337295,-0.0019958164
2007-03-09,-0.0020536121,-0.0010807506,-0.00095184625,-0.0019736032,-0.0010103766,-0.001812512
2007-03-12,-0.00015039295,0.00041208835,8.725312e-05,0.00043711244,0.00018404458,0.00022273045
2007-03-13,0.0018167014,-0.0005683547,0.000588757,7.1845e-05,-0.00042792442,0.0011023816
2007-03-14,-0.00073334324,-0.00055515545,-8.684731e-05,-0.0006600665,-0.00047497838,-0.0008731443
2007-03-15,-0.0006577257,0.00042653424,-0.000320006,9.970682e-05,0.00018681094,-0.00037511394
2007-03-16,0.00044429163,0.00022391287,0.00021935157,0.00013873138,0.000117416996,0.0003936735
2007-03-19,-0.0014146917,0.00046219424,-0.00042108216,0.00020375743,0.00038178568,-0.0007731174
2007-03-20,-0.00084863097,0.0001350639,-0.00042934433,-8.9668516e-05,0.0001936609,-0.00043102316
2007-03-21,0.000491359,0.001579453,0.0005257744,0.0015424447,0.001111081,0.00092296884
2007-03-22,-0.00067891,-8.142257e-05,-0.00033629223,-0.00046144254,-0.00015916233,-0.00047426112
2007-03-23,-8.135373e-06,1.6907954e-05,-0.000113945716,-3.4106215e-05,-2.6982343e-05,-0.00017874318
2007-03-26,0.0006533608,0.00058793474,0.00036860345,0.00091688486,0.00051205297,0.0008174911
2007-03-27,-0.0006450757,-0.0007345534,-0.00032075716,-0.0010542428,-0.00059007626,-0.00065032515
2007-03-28,-0.0015579948,-0.0014019053,-0.0010873633,-0.0020216773,-0.0010343468,-0.0015759739
2007-03-29,0.0016075615,0.0015830563,0.00082074985,0.0022236486,0.0010882395,0.0015345747
2007-03-30,0.0002819601,-7.065295e-06,0.00011759775,7.742881e-05,-1.7254488e-05,0.000100397956
2007-04-02,0.0013504783,0.0012630243,0.0009302977,0.0018355987,0.0009538668,0.0013613959
2007-04-03,0.0010884103,0.0011283149,0.00070994487,0.001327193,0.0006198141,0.0010277994
2007-04-04,0.0012675414,0.0013808494,0.0010708963,0.0020332984,0.0010344981,0.0014693558
2007-04-05,0.00078828144,0.000578954,0.0004289786,0.00097483693,0.0004760129,0.0006778481
2007-04-06,0.00019025017,0.00024400055,0.000169801,0.00040094755,0.00018083664,9.021705e-05
2007-04-09,-0.0001317726,-0.0005322901,-9.0089525e-05,-0.0004945092,-0.0003900836,-0.0005103725
2007-04-10,0.001984934,0.001762602,0.0008965091,0.0028985152,0.001378537,0.002089708
2007-04-11,-0.00053898786,-0.0006862236,-0.00043588085,-0.001002419,-0.00054782414,-0.00059879065
2007-04-12,0.00168251,0.0013080086,0.00037245764,0.0021480764,0.0010569578,0.001571302
2007-04-13,0.0015452107,0.0013117711,0.00080391986,0.002197997,0.0010285293,0.0014156292
2007-04-16,0.00260762,0.0022355844,0.001564084,0.0039700023,0.0017250335,0.0024493753
2007-04-17,0.00030918425,0.0005541032,0.00045303977,0.0006016099,0.0003661226,0.0003888709
2007-04-18,-0.00019436293,-0.00014902074,-7.5736585e-05,-0.00032587463,-7.426634e-05,-0.000107961336
2007-04-19,-0.0018878358,-0.0016246343,-0.0009381267,-0.0032215668,-0.0013973245,-0.0018732941
2007-04-20,0.0033099437,0.00290719,0.0016884103,0.0053022057,0.0021912195,0.0032733802
2007-04-23,-0.0005710453,-0.0003058343,-0.00019178292,-0.00086019427,-0.0003012134,-0.00035649698
2007-04-24,-0.000486937,-0.0006582506,-0.00026362904,-0.0011014108,-0.0004363305,-0.00064850005
2007-04-25,0.0023045947,0.0021884616,0.0009280937,0.0038984083,0.0015665961,0.0025513198
2007-04-26,-0.0009100763,-0.00086813373,-0.00043693127,-0.0012826584,-0.00060673046,-0.0010470405
2007-04-27,0.00029529136,0.00026648486,5.4051234e-05,0.00028385612,0.00015861595,0.00047629245
2007-04-30,-0.0015635067,-0.001375085,-0.0006246154,-0.0024249752,-0.0010288723,-0.0018182677
2007-05-01,-0.00018730009,-8.361314e-05,1.2856864e-06,5.791055e-05,-2.1758899e-05,-0.00024425643
2007-05-02,0.0008627796,0.0010680027,0.0006094024,0.00162667,0.00054141384,0.0012474837
2007-05-03,0.00050522905,0.00061841734,0.00013307313,0.0008381754,0.00026650535,0.00079643243
2007-05-04,0.0009485878,0.0009550658,0.00060393807,0.0014307313,0.0005569033,0.0011692601
2007-05-07,0.0003863952,0.00048134284,0.00019654934,0.0008003688,0.00027652684,0.0005157835
2007-05-08,-0.0014709235,-0.0011770627,-0.0007277502,-0.0018676271,-0.00092311937,-0.0015239485
2007-05-09,0.0005661636,0.00073893764,7.93806e-05,0.0012778646,0.0006088893,0.0006761392
2007-05-10,-0.0029163691,-0.002836319,-0.0015470949,-0.0045509445,-0.0020422668,-0.0035920988
2007-05-11,0.0010009015,0.0017608566,0.0003199628,0.0022800106,0.000844436,0.0021722734
2007-05-14,-1.2538278e-05,-0.00023112052,0.00010231674,-0.00023351036,-0.00019229835,-0.000108638575
2007-05-15,-0.0002599268,3.416745e-06,-2.718606e-05,-0.00017427198,-0.00024247296,0.00010605402
2007-05-16,0.0013011678,0.0010746052,0.00053661887,0.0018862763,0.0009346768,0.0011096703
2007-05-17,0.00096634316,0.00047757715,0.00046439885,0.00093119114,0.00053039676,0.00076986663
2007-05-18,0.0012025553,0.0011125656,0.0007175347,0.0017595682,0.0007396448,0.0015681862
2007-05-21,0.00065039116,0.00066462473,0.00016329873,0.00092652155,0.00048903894,0.000693664
2007-05-22,-6.9868496e-05,-0.0003113064,7.0465285e-05,-0.00036645407,-9.506059e-05,-0.00028250148
2007-05-23,0.0004594847,0.0004972975,0.00020168774,0.00071081606,0.000377557,0.00073154917
2007-05-24,-0.0022913876,-0.0025419642,-0.0012872217,-0.0038017035,-0.0019857208,-0.0030742874
2007-05-25,0.001097574,0.0011604065,0.00040715918,0.0016934156,0.0007286497,0.0015164332
2007-05-28,0.00028280585,0.00041374526,0.00011533499,0.0006036748,0.00030540535,0.00036249118
2007-05-29,-6.104696e-05,-9.685913e-05,0.0003041103,-0.00010952884,-8.453021e-05,4.011721e-06
2007-05-30,0.00037296963,0.00077669846,0.0001486241,0.0009778243,0.0004903677,0.0008330044
2007-05-31,0.0011052487,0.0014288743,0.00066982384,0.0019181799,0.0010810279,0.0017183257
2007-06-01,0.002927458,0.0023500752,0.0016873991,0.0035637068,0.0019014209,0.0033205904
2007-06-04,-0.00048886536,-6.1810184e-05,-0.00031846226,-0.00015356799,-3.967535e-06,-0.0003992428
2007-06-05,-0.000885056,-0.0008130355,-0.00039824212,-0.0013536272,-0.0006521234,-0.0009807476
2007-06-06,-0.0027423047,-0.0028266106,-0.0010690531,-0.004480569,-0.002156704,-0.0031229476
2007-06-07,-0.0013991098,-0.0028313168,-0.00072978745,-0.0039439164,-0.0019508443,-0.0020088106
2007-06-08,0.0005195859,0.0009654072,0.0008172181,0.0010734348,0.00035125596,0.0014018209
2007-06-11,0.00017148236,0.00049147825,-0.0005778514,0.00051373255,7.371611e-05,0.000575887
2007-06-12,0.0007067597,-0.00088330416,0.0004633981,-0.0008667369,-0.00028138602,-0.00042315945
2007-06-13,-0.00019838914,0.0011933653,-0.0006142111,0.0014761938,0.0005408469,0.001127392
2007-06-14,0.00018280059,0.0013169949,-0.00021805335,0.0015638303,0.00065526133,0.0013649818
2007-06-15,-8.6470485e-05,0.0015016457,-0.00043782793,0.0017313034,0.00085281534,0.0011028261
2007-06-18,0.00024712092,0.00052023184,-0.00011681067,0.00076605985,0.00040379693,0.00056218123
2007-06-19,-0.0010374851,-0.00045336125,-0.00034320753,-0.00091795746,-0.00041393295,-0.0008890729
2007-06-20,-0.001037142,-0.0014493796,-0.00051085866,-0.0018603022,-0.001199317,-0.0012613548
2007-06-21,0.0014760469,0.0011544108,0.0006013229,0.0019660385,0.0010107091,0.0014572622
2007-06-22,-0.0013590856,-0.0015055061,-0.00066565396,-0.0021148538,-0.0009817183,-0.0015783367
2007-06-25,-0.0010757576,-0.0011303523,-0.0006373092,-0.0014685082,-0.0007957042,-0.0012634553
2007-06-26,-0.0004151947,-0.0011732805,-0.00016979259,-0.0015404819,-0.00081693183,-0.000719509
2007-06-27,-0.0010629283,-0.00020804994,-0.00065707066,-0.00032435864,-0.00022485007,-0.00045083015
2007-06-28,0.0005118733,0.00060644874,7.1390146e-05,0.0007996784,0.00029526764,0.00073317584
2007-06-29,0.00013082707,0.00082611997,0.0002475667,0.0009338488,0.00048972724,0.00042616218
2007-07-02,0.0010982945,0.0017827667,0.0006702658,0.0024197407,0.0014675589,0.0016235337
2007-07-03,0.00015245269,0.00060203497,2.613376e-05,0.00075496425,0.00039785952,0.0005902471
2007-07-04,0.00045829028,0.00040210882,0.0002355536,0.00059944787,0.000345836,0.0005009372
2007-07-05,0.00016535108,-5.1337127e-05,-0.00028901992,7.2277304e-05,2.730642e-05,0.00030322067
2007-07-06,0.001272739,0.0013568837,0.0006104754,0.0019091163,0.001147288,0.0016181841
2007-07-09,0.0010537476,0.0012604624,0.00054268684,0.0018625808,0.00088292314,0.0010947699
2007-07-10,-0.0024552192,-0.0021690486,-0.0012541986,-0.0028403283,-0.0015967775,-0.003079071
2007-07-11,0.00078636344,0.00079366844,0.00030457394,0.0012010743,0.00043296657,0.0009442862
2007-07-12,0.0032045518,0.0032166173,0.0019876547,0.004638979,0.0024584758,0.0032434906
2007-07-13,0.0010984947,0.0011195649,0.00060205243,0.001880129,0.00093745906,0.0010875543
2007-07-16,-0.0009016555,-0.00088279013,-0.0003557813,-0.0017247495,-0.00086132647,-0.0010216802
2007-07-17,-0.0004438969,-0.00030290804,-0.00024887957,-0.00020877009,-0.00020343627,-0.00033377716
2007-07-18,-8.4275496e-05,4.065806e-05,-0.00014275331,0.00015498092,5.6706845e-05,-6.546039e-05
2007-07-19,0.001717079,0.0017614741,0.0010012686,0.0026903509,0.001368643,0.0016934538
2007-07-20,-0.0005945429,-0.0008680148,-0.0004904103,-0.0012137298,-0.00058807485,-0.00079505204
2007-07-23,0.0016310486,0.0011671027,0.0006860482,0.0017586062,0.0007985334,0.0015319427
2007-07-24,-0.0022116043,-0.0026443733,-0.0012199839,-0.003976459,-0.0018706394,-0.0023164328
2007-07-25,-7.90087e-05,-0.00034764563,-0.0001489777,-0.00025417728,-8.885104e-06,-0.0003018771
2007-07-26,-0.0030779103,-0.0048043043,-0.0014894824,-0.0062540467,-0.0025748478,-0.004399024
2007-07-27,-0.0011567523,-0.0028749953,-0.000398766,-0.0036854686,-0.0010961544,-0.002283574
2007-07-30,-0.0017305563,0.00018661085,-0.0005249695,-0.00070623506,-0.0009350427,-0.00070716144
2007-07-31,0.0009225218,0.00061976846,0.00016379393,0.0010619817,0.00055883493,0.0006200938
2007-08-01,-0.0009454559,-0.0012331393,-3.0964788e-05,-0.0018713159,-0.00083188294,-0.0013792325
2007-08-02,-0.00081185054,0.0002613425,-0.00012770247,0.00019719714,-5.0513845e-05,-0.0002819142
2007-08-03,0.0035785353,0.0005394256,0.0009672741,0.0012379439,0.00062452164,0.0021131618
2007-08-06,-0.001943009,-0.0009636572,-0.000259741,-0.001484098,-0.00067035947,-0.0018532679
2007-08-07,-0.00126492,-0.00020151208,-0.00028590206,-0.00041478671,-0.00019030775,-0.0010603718
2007-08-08,-0.0033749838,-6.946836e-05,-0.00073451066,-0.0006121884,-0.00015656164,-0.001572333
2007-08-09,0.0023524938,-0.0008019787,0.00015196338,-0.00018894498,-0.0005633778,6.1670835e-05
2007-08-10,0.00094498845,-0.00045440323,0.00015228623,-0.0004065513,-0.00035590658,-5.2611827e-05
2007-08-13,-0.00017579329,0.0002348768,0.000108232816,0.0003163148,0.00021041569,-5.3531658e-05
2007-08-14,0.0027299698,0.00037746757,0.0004872811,0.0007144336,0.00031264126,0.0017372217
2007-08-15,0.0038681764,0.00032062907,0.00060735876,0.00086754514,0.00041589962,0.0026493552
2007-08-16,0.0047229254,0.00040899485,0.00068427477,0.0013703251,0.00063112733,0.0030998285
2007-08-17,-0.0027008061,-0.000414408,-0.00031369863,-0.0007610402,-0.0004661519,-0.0021881885
2007-08-20,-0.0021789593,-6.230834e-05,-0.00019504792,-0.00022269487,-0.00012378514,-0.0016460735
2007-08-21,0.0009138045,0.0004452241,0.00014226898,0.0008064668,0.0003529459,0.00081684056
2007-08-22,-0.0040972973,-0.00038903617,-0.00035221325,-0.0010524939,-0.00031758964,-0.0030580128
2007-08-23,-0.0015259142,-0.00016489759,-0.00013129467,-0.00044126518,-0.00016499955,-0.0011864441
2007-08-24,-0.0016076032,0.00032934424,-0.00022481158,8.3510415e-05,0.000201632,-0.0006157115
2007-08-27,0.0001263216,-0.00012866728,1.2931504e-06,-9.994611e-05,-0.000100282006,-4.4791817e-05
2007-08-28,0.00063767907,-0.00067983597,-0.00016466802,-0.00049472036,-0.00022186809,-0.00035322827
2007-08-29,-0.0013571584,0.00040946188,-2.0166166e-05,0.00017928674,5.0813836e-05,-0.0006440472
2007-08-30,0.00065067766,0.0006051151,8.61695e-05,0.0009872282,0.00044817975,0.0006799221
2007-08-31,0.0001449495,0.00096737844,6.437544e-05,0.0010448195,0.0005548258,0.000814071
2007-09-03,-1.0405236e-05,7.238897e-05,1.5811745e-05,0.00011480702,2.91779e-05,4.990874e-05
2007-09-04,0.0012790515,0.001540267,0.00046430976,0.0019259945,0.00096699205,0.0016894138
2007-09-05,8.5021944e-05,-0.00028788086,-0.00024410796,0.00010493651,1.9388692e-05,-0.00017105958
2007-09-06,0.00021115527,0.000302824,0.00018858674,0.0003336928,0.00015783467,0.00023550431
2007-09-07,6.750956e-05,-0.00048598208,-0.00024527052,-8.4467916e-05,9.366917e-05,-2.8166076e-05
2007-09-10,0.0004402841,0.00020100386,-4.365653e-05,0.00075145304,0.000398286,0.00039676623
2007-09-11,0.00012384079,0.0008771163,0.000528049,0.000750297,0.00011827491,-7.745978e-05
2007-09-12,0.0006798747,0.00047744013,0.0003613672,0.0007654523,0.00051095005,0.00050053175
2007-09-13,-0.00060834247,-0.00023814023,-0.00015148436,-0.0009528819,-0.00048484147,-0.0003974309
2007-09-14,0.00046203998,0.00037643107,1.5467433e-05,0.00068539765,0.00039302345,0.00046932764
2007-09-17,0.00034338585,5.9008784e-05,2.837183e-05,0.0005446809,0.0001912188,0.00032014193
2007-09-18,0.0029899867,0.0032213007,0.0010527103,0.004211019,0.0019290897,0.0025901278
2007-09-19,0.0009083576,0.0011357557,0.00041744448,0.0012580524,0.00063102634,0.00057284656
2007-09-20,0.0012034391,0.00040642172,0.0008237661,0.0012727784,0.0005887976,0.0009108074
2007-09-21,0.0008878472,0.00095656695,0.000102893806,0.0013269372,0.0006286604,0.000902306
2007-09-24,0.00049149577,0.00044836567,0.00019954517,0.0006542114,0.0003828185,0.00050138537
2007-09-25,-7.59833e-05,-0.0001344762,0.00017457377,-0.00011646775,-8.004061e-05,-6.9173984e-05
2007-09-26,0.0011132986,0.0010128398,0.00028542304,0.0016815787,0.00074961234,0.0010444812
2007-09-27,0.0026289658,0.0024550562,0.0007021854,0.004184747,0.0018262619,0.002645198
2007-09-28,0.00039966332,0.000182742,0.0005776609,0.00030997113,0.00020324482,0.0004015467
2007-10-01,0.0026922566,0.0021575203,0.0007883447,0.0038542915,0.0016471914,0.0024373955
2007-10-02,-0.0019417105,-0.0012672291,-0.0005412713,-0.0028394735,-0.0011287365,-0.0018233383
2007-10-03,-0.0009485871,-0.00090476184,-0.00022298016,-0.001791603,-0.00060637854,-0.0010039324
2007-10-04,0.00080176594,0.00086889963,0.00020197697,0.0012967882,0.00060065417,0.0010546979
2007-10-05,0.0030826565,0.0021308614,0.0006553937,0.004196807,0.0016197931,0.0028228634
2007-10-08,-0.0014902862,-0.0014601889,-0.00027039926,-0.0024016798,-0.0010852535,-0.0019899663
2007-10-09,0.0019193563,0.0017534443,0.00037945315,0.0031653328,0.0012171911,0.002268179
2007-10-10,0.0001532094,0.0005135353,0.00012689825,0.0005576832,0.00027430477,0.0005423834
2007-10-11,0.0007990804,0.00079908984,0.00040906333,0.0011976211,0.0005998168,0.0011239047
2007-10-12,0.0012345233,0.0008688205,8.922582e-05,0.0016498682,0.0006130512,0.0011246345
2007-10-15,-0.0017193548,-0.0009766071,-0.00022173345,-0.002281621,-0.0007901792,-0.0014427414
2007-10-16,-0.0022594181,-0.0018828758,-0.00045645252,-0.0034268952,-0.0013720868,-0.0022839787
2007-10-17,0.0010556057,0.0010737863,7.7607736e-05,0.0019001527,0.0007579149,0.0012006299
2007-10-18,0.00060835097,0.000648446,0.00030472406,0.0008969228,0.0005079499,0.0008783741
2007-10-19,-0.0020912348,-0.0026565113,0.00019613032,-0.0042744847,-0.001515905,-0.0033715998
2007-10-22,-0.0032054083,-0.002365557,-0.001150827,-0.0039503756,-0.0019227812,-0.0032044107
2007-10-23,0.00070298725,0.0014556017,0.00041241007,0.0016911676,0.00028992325,0.0020562075
2007-10-24,0.0006669486,0.00023145379,7.0045644e-05,0.00057277706,0.0003873467,7.374226e-05
2007-10-25,0.0012172407,0.0013399203,0.00038600454,0.0018160602,0.0007749213,0.0018817673
2007-10-26,0.0011268407,0.0018202821,0.00043546868,0.0023726006,0.0009631577,0.0025647671
2007-10-29,0.0016084784,0.001910791,0.0005337153,0.0027808435,0.0012727111,0.00248302
2007-10-30,-0.0014495477,-0.0014223452,-0.00022662137,-0.0023236983,-0.0011097279,-0.0018476167
2007-10-31,0.0023336993,0.0023006198,0.0005098413,0.0033320207,0.0016961339,0.003133571
2007-11-01,-0.0025262227,-0.0028215651,-0.00073383737,-0.003818122,-0.0020915368,-0.0038226736
2007-11-02,0.0022509126,0.0016996369,0.0004835967,0.0029524951,0.0012716141,0.0021737095
2007-11-05,-0.0015040489,-0.0017730949,-0.00043461504,-0.0025748715,-0.0011687117,-0.0019147879
2007-11-06,0.0025246292,0.0026236575,0.00089711574,0.0039279982,0.0018625626,0.0033752883
2007-11-07,-0.00025389876,-0.0013085073,-0.0003934422,-0.0011941352,-0.00080940156,-0.0019810535
2007-11-08,0.0008356118,-1.3541065e-05,0.00020488378,0.0003564039,0.00026990974,0.00024150648
2007-11-09,0.0007626397,-0.0005961292,-0.00016248936,-0.00018349897,-0.0001526276,-0.00035415866
2007-11-12,-0.0023072727,-0.0032847219,-0.000957322,-0.0048658145,-0.0019924839,-0.0037902612
2007-11-13,-0.0032606083,-0.00017551913,-3.8225175e-05,-0.0015329582,-0.0010408254,-0.0019493771
2007-11-14,0.00039752157,0.0009109416,4.5650057e-05,0.0011151806,0.0005461463,0.0006756684
2007-11-15,0.0016293579,-0.00017156634,-7.397627e-05,0.00039173668,0.00023758922,0.00047420798
2007-11-16,0.00025706796,0.00022363543,4.939717e-05,0.00035396864,0.00010435019,0.00043980932
2007-11-19,0.0028242161,0.00024192448,0.00012729327,0.0011420449,0.00042946392,0.0018094972
2007-11-20,-0.00010038003,0.0011333465,0.0001987815,0.0015352806,0.0007042772,0.00062431337
2007-11-21,0.0035593407,0.00021069356,0.00019915395,0.001411116,0.00053386646,0.0024030083
2007-11-22,-0.00015823088,-0.00015176124,7.164601e-05,-0.00025631505,-0.00013181326,-0.00026374048
2007-11-23,-0.0014246891,0.0005354335,2.8729803e-05,0.00046302125,0.0003696772,-0.00087934773
2007-11-26,0.0018417567,0.0006015544,-4.5389977e-05,0.0014316154,0.0005148488,0.0014771142
2007-11-27,-0.0018860927,-0.0007679276,-9.000695e-05,-0.0015535591,-0.00056706514,-0.0018547535
2007-11-28,-0.004396844,-0.00076723617,-0.00030349122,-0.00190999,-0.0007403753,-0.003449312
2007-11-29,-9.0625916e-05,0.00017373807,-0.00013601182,0.00039894338,0.00017433148,-0.00013149437
2007-11-30,-0.0014650401,-0.0005680783,-0.00021926044,-0.0009788482,-0.00044427195,-0.0012550775
2007-12-03,0.00039576562,0.00036045248,-2.0893334e-05,0.000451925,0.00023857746,0.00048232166
2007-12-04,0.0008899692,0.00034291888,0.00023052705,0.00059346406,0.00031738027,0.00083867385
2007-12-05,-0.0003099383,0.00022404465,1.4394612e-06,9.736542e-05,4.4047207e-05,-0.0004714249
2007-12-06,-0.00050332665,0.00033059777,1.1367798e-05,0.00010754835,1.588509e-05,1.8100403e-05
2007-12-07,-0.00028458485,-0.00015955324,7.1587754e-05,-0.00029603476,-0.0001240822,-0.00042870795
2007-12-10,0.00062375085,0.00069277827,0.00012846763,0.0010192666,0.0004300215,0.0006989873
2007-12-11,-0.0019367674,-0.0012286546,-0.00010937543,-0.002274302,-0.00086299743,-0.0010840604
2007-12-12,0.0015730681,0.0013379183,0.00022670701,0.0023653104,0.0010133728,0.0015093274
2007-12-13,-0.0010487338,-0.0015713115,-0.00042646154,-0.0021062745,-0.0009436251,-0.0013359044
2007-12-14,-0.0013974127,-0.001663625,-0.00028641737,-0.0022985549,-0.0010605172,-0.0015714557
2007-12-17,-0.0013258713,-0.0016248809,-0.00047343315,-0.0019306735,-0.0007031379,-0.00073691097
2007-12-18,-0.0003474734,0.0002305271,-3.178927e-05,-2.8795703e-05,-7.300346e-05,-0.00020885716
2007-12-19,0.00044405216,0.00049627613,0.00013653483,0.0008301458,0.00039261373,0.00066239253
2007-12-20,4.208497e-05,0.00010938755,1.5567577e-05,-3.2818953e-05,-0.00011905126,-0.00012417893
2007-12-21,-0.0007734517,0.0005149502,-5.1474988e-05,0.00015938697,-0.00015028325,-0.000860872
2007-12-24,-0.00022571984,0.000332524,-3.9214674e-06,0.0002146658,6.63345e-05,-0.00014150882
2007-12-25,7.127656e-06,7.957295e-05,-1.0224538e-05,7.0296184e-05,2.8590917e-05,3.1403451e-06
2007-12-26,0.0004010541,0.0005701115,-8.276369e-05,0.0007810833,0.00042358594,0.00051159196
2007-12-27,-0.0012670623,-0.00050110684,-0.00030177346,-0.0009903196,-0.000594367,-0.00066874776
2007-12-28,-0.00069186545,-0.0004747072,5.115011e-05,-0.0006695977,-0.00022795107,-0.00020894944
2007-12-31,-0.0011943656,-0.0006574256,-0.0004437722,-0.0009843254,-0.00056721334,-0.0006898782
2008-01-01,8.587142e-05,0.000114198105,2.6910822e-05,9.4412244e-05,4.008145e-05,0.00012213372
2008-01-02,0.00138885,0.0008913183,0.00034516497,0.0016137812,0.0008308689,0.0018516368
2008-01-03,0.0009277947,0.00038138838,0.00041921542,0.00081206847,0.00031927935,0.00070528314
2008-01-04,0.0010314737,-0.00051743357,0.00039531736,0.00028929763,0.00065875734,0.00088492694
2008-01-07,-0.0010253225,-0.0009690775,-0.0003595998,-0.0014149111,-0.00062167627,-0.0008409512
2008-01-08,0.0020876722,0.0010595989,0.000590025,0.0020518089,0.0010588911,0.0018175525
2008-01-09,-0.0008896746,-9.9994424e-05,1.2404446e-05,-0.0004743097,-0.0003182934,-0.00064402464
2008-01-10,0.0004260359,0.00034408015,0.00064618874,0.0006737318,0.00040136336,0.00024860818
2008-01-11,0.0028182494,0.0011511485,0.0007379012,0.0023631877,0.0011854038,0.0025507973
2008-01-14,0.0005592449,0.0010034319,0.0007247139,0.0011841463,0.0004306587,0.0006714675
2008-01-15,0.0021137865,-0.00047814153,-0.00018420108,0.00015075383,0.00023521337,0.0016907973
2008-01-16,-0.0005681328,-0.0017897865,-0.0011189048,-0.002483835,-0.0008776158,-0.0008343013
2008-01-17,0.002579042,0.00058858807,0.00037367255,0.0015253241,0.0008607183,0.002182231
2008-01-18,0.00038012097,5.1517058e-05,-4.5289482e-05,-3.4198623e-05,-1.2046412e-05,0.00025597995
2008-01-21,0.0036271375,0.00045888612,0.00037174256,0.0013124633,0.0010313751,0.0030109053
2008-01-22,0.0002790447,-0.0007230325,9.442907e-05,5.6905665e-05,8.800034e-05,3.375922e-05
2008-01-23,-0.0014293893,-0.00063884986,-0.00023542046,-0.0008486566,-0.00030755292,-0.0016280881
2008-01-24,-0.004488187,-0.0010279043,-0.00075776596,-0.0019552754,-0.0011040109,-0.0036640374
2008-01-25,-0.00014727253,0.00029314347,-0.00039105883,0.0003346715,4.4521654e-05,-0.00013308301
2008-01-28,3.401775e-05,0.00059267547,0.000384921,0.0006550038,0.0003505562,0.00025534251
2008-01-29,-0.0013567643,-0.00045941497,-0.00015410708,-0.0005779531,-0.00024404902,-0.0011688462
2008-01-30,0.0009964631,0.00016624462,0.00022007276,0.00014228615,4.8129536e-06,0.00087669375
2008-01-31,-0.0004302373,0.000605289,0.00013060006,0.0007605858,0.0003285881,-6.954873e-05
2008-02-01,-0.0011831499,4.884285e-05,-1.3828257e-05,0.00028822696,0.00023121283,-0.00058005366
2008-02-04,-0.00041148654,6.547368e-05,-4.747516e-05,-0.00012945148,-8.644654e-05,-0.0002884668
2008-02-05,-9.104823e-05,-0.0014737401,-0.00090023846,-0.0023069587,-0.0012806846,-0.001249755
2008-02-06,0.00060389657,-8.805137e-05,6.1454535e-05,-1.1502783e-05,-4.004687e-07,0.00029365232
2008-02-07,7.6864184e-05,-3.0171894e-05,7.5066937e-06,-0.00010827129,4.3301567e-05,-0.0001662414
2008-02-08,0.00047542548,0.000750548,8.3470935e-05,0.0009241001,0.00043462456,0.0008296429
2008-02-11,0.00030749565,0.00038018645,3.1518266e-05,0.0003454549,0.00017625136,0.00048398317
2008-02-12,-0.0019772076,-0.0005345963,-0.00034534748,-0.0009767135,-0.0004755281,-0.0017255745
2008-02-13,-0.00047143534,0.00015476627,5.5645037e-06,8.200839e-05,0.0001174332,-0.00031128922
2008-02-14,-0.00010282235,0.00014988017,-4.557333e-05,7.8345685e-05,-0.0001317986,-0.00016422987
2008-02-15,1.6885613e-05,5.209377e-05,2.9713092e-05,-0.00016198987,-0.00019414796,0.00025407682
2008-02-18,0.00016642924,0.0003754597,4.1892123e-05,0.00048042505,0.00028706877,0.00017524036
2008-02-19,0.0014320556,0.0015113465,0.00050914224,0.0020698581,0.0009887189,0.0015470212
2008-02-20,0.0003079868,0.00013173178,2.8459997e-05,0.00010972695,2.6014604e-05,0.00017516165
2008-02-21,-0.00059084594,-0.00025743738,-0.00037608875,-0.0004182017,-0.00018355985,-0.00022563983
2008-02-22,0.0010310073,0.0009560134,0.0004112407,0.0012268594,0.00049559114,0.0010490095
2008-02-25,0.00066271925,0.0010637193,0.00019530064,0.0011741802,0.00048237428,0.0005472563
2008-02-26,0.0014135765,0.0018014392,0.00071307726,0.0022858744,0.0011572341,0.0015933737
2008-02-27,0.00062412885,0.0006002173,0.0006537838,0.0008882901,0.00044481238,0.0007754541
2008-02-28,0.0007941114,0.00057973946,0.0004286204,0.001249247,0.00038232678,0.0011138312
2008-02-29,-0.0023444875,-0.0023513814,-0.00077287096,-0.003408484,-0.0015481516,-0.0019743126
2008-03-03,0.0006553469,0.0005566394,3.0145551e-05,0.00097245484,0.0002663818,0.0009335483
2008-03-04,-0.0013234734,-0.0016617596,-0.00025231065,-0.0020885847,-0.0007110389,-0.0013015731
2008-03-05,0.0011529404,0.0015539381,0.00025939365,0.0022209217,0.000627685,0.0012351964
2008-03-06,0.0013297171,5.150529e-05,0.00081558584,0.00078312476,0.0006357976,0.00073166605
2008-03-07,-0.00023556713,-0.0009055032,0.00014115262,-0.0007325513,-0.000156293,-0.0005045306
2008-03-10,0.0025676594,0.0007890789,0.0010480025,0.0017177514,0.0009526588,0.0021253969
2008-03-11,-0.004862169,-0.0012969319,-0.0016912138,-0.003316974,-0.0022312219,-0.0037244882
2008-03-12,0.0021759036,0.0017745614,0.0010122665,0.0027215483,0.0010484789,0.0020368232
2008-03-13,0.0013472434,0.0007504509,0.00048851303,0.0015508237,0.0006837007,0.0015868855
2008-03-14,0.0023379414,0.00051224214,0.0009505023,0.0015064491,0.0006535941,0.0015438768
2008-03-17,0.0021835116,-0.00044417096,0.001086187,0.0003668945,0.00027639262,0.0012236501
2008-03-18,-0.0054089413,-0.0015405093,-0.0012441914,-0.0034181816,-0.0019199932,-0.0046350337
2008-03-19,0.00043040866,-0.0013780673,-7.3949275e-05,-0.0009276615,-0.0003115423,-0.000451807
2008-03-20,-0.0014377828,-0.0010963192,-3.27339e-05,-0.0014987092,-0.00028907738,-0.0018147746
2008-03-21,-0.00014432703,3.766875e-05,2.1407257e-05,7.727432e-05,-2.389908e-05,-8.5280415e-05
2008-03-24,-0.0031817877,-0.0010554515,-0.00053853967,-0.0020113902,-0.00079941447,-0.0024608118
2008-03-25,-0.0017220465,0.00033427667,-8.889316e-05,-0.00038747521,-0.00045509666,-0.00070469244
2008-03-26,0.00052531494,0.0007145776,0.00011617313,0.0005968076,-8.015754e-05,0.001108173
2008-03-27,-0.0003294461,-0.00030770575,-3.6250745e-05,-0.0003905998,-0.0002567166,-0.00013242521
2008-03-28,6.111578e-05,-0.0002712914,-1.6153782e-06,-0.00013121523,-0.000117973104,-0.00023264196
2008-03-31,0.00063117733,4.5773915e-05,0.00016601787,0.00020254772,0.00014424528,0.00023709386
2008-04-01,-0.0004659339,0.0002594668,3.9250324e-05,0.00019268304,0.00046046523,-0.0011808189
2008-04-02,-0.0011709762,-0.00011873636,-9.554563e-05,-0.00017687955,-3.6172947e-05,-0.0007695357
2008-04-03,-0.0003584652,-5.6150428e-05,2.7345082e-05,-8.067892e-05,4.1791613e-05,-0.00034910918
2008-04-04,8.846119e-05,0.0004980181,2.7266427e-07,0.00040822296,9.383705e-05,0.000480444
2008-04-07,-0.00012321913,0.0002628095,0.00022480093,0.00032268246,0.0002608857,-7.0611154e-06
2008-04-08,-0.00025301633,-0.00034897245,-0.0001468958,-0.00038981414,-0.00018796012,-0.0002405062
2008-04-09,-0.0004885966,-8.844909e-05,-0.0002467259,-0.00069852057,-0.0004774879,0.00027295208
2008-04-10,-8.949168e-05,-2.24771e-05,2.240321e-05,-1.606647e-05,-4.764287e-06,-0.00016267756
2008-04-11,-0.0010270029,-0.00099045,-0.00041695774,-0.0013974493,-0.0007673734,-0.0005568831
2008-04-14,4.5838337e-05,-0.00020150989,-0.00014596387,-0.0002111167,-6.702358e-05,9.284167e-05
2008-04-15,0.00065667456,0.0008412146,0.0001534703,0.0010951648,0.0005640757,0.00037547713
2008-04-16,0.001110841,0.0017945856,0.0005070032,0.0021146915,0.00079066167,0.0010481132
2008-04-17,-0.0005659673,-0.00035804574,-0.00017296844,-0.0006022894,-0.00023439593,-0.0005532491
2008-04-18,0.00033982634,0.00047780553,-0.00019349818,0.00046942444,0.0004196552,0.00018970224
2008-04-21,0.00033640632,0.0002288683,8.3861596e-05,0.0004290086,2.8963523e-05,0.00052166125
2008-04-22,-0.00031581326,-0.000124302,-2.7448456e-07,-0.00015495255,-0.00030396972,-0.00011741684
2008-04-23,0.00025755452,0.00018931697,-3.6766844e-05,0.00017894633,0.00021191075,1.2967742e-05
2008-04-24,-0.00095029635,-0.0010511209,-0.00021100999,-0.0015785765,-0.00055374776,-0.0013527903
2008-04-25,0.00059756986,0.0006180568,0.00018094084,0.0007660564,0.00046331846,0.00041537182
2008-04-28,0.00011368687,0.0003258069,-4.615756e-05,0.00034864075,0.00018966482,0.00012766832
2008-04-29,-0.0012172875,-0.0013787058,-0.00013306424,-0.0018045407,-0.0008866967,-0.0015598908
2008-04-30,-0.00013442316,0.000317394,-6.479469e-05,0.0003123038,-5.3616473e-06,0.00019760917
2008-05-01,0.0009946567,0.0004911773,-1.2836076e-05,0.00052819937,0.0004622759,0.0006133424
2008-05-02,0.0010670245,0.0012010656,0.00032638368,0.0012608593,0.00065192435,0.0010331047
2008-05-05,-0.00030817333,0.0002231653,-5.877588e-05,0.00018272205,-5.3241718e-05,0.00023241396
2008-05-06,0.00043982058,0.0005089897,-5.1582665e-06,0.0006032127,0.00026209958,0.0005362307
2008-05-07,-0.0012078958,-0.0011758733,-7.5539625e-05,-0.0014302836,-0.0008378585,-0.0012683967
2008-05-08,9.4044684e-05,0.0005635847,-1.1843393e-05,0.0006709484,0.00034947775,0.0004913326
2008-05-09,-0.00073276146,-0.0005426195,-0.0002813457,-0.00067080505,-0.00036796238,-0.00046337122
2008-05-12,0.00021695816,0.0005890686,4.6444642e-05,0.00044156468,4.571381e-05,0.0006000287
2008-05-13,0.00066821586,0.00021575563,3.2410235e-06,0.00053270307,0.0001928981,0.00028787417
2008-05-14,0.00024728593,0.00015248502,6.2332285e-05,8.0776736e-05,8.60981e-05,0.00010146277
2008-05-15,0.0005802391,0.0010030919,1.7785895e-05,0.0010543021,0.000444722,0.0009380719
2008-05-16,0.0003044083,0.0007778136,5.3605525e-08,0.00090831163,0.00038019058,0.0008078915
2008-05-19,0.0002358184,0.0001469462,-6.792598e-05,0.00013667259,0.000116473006,8.911613e-06
2008-05-20,-0.0012697923,-0.0008260256,-0.00020710558,-0.0006376209,-0.00043705135,-0.0009426279
2008-05-21,-0.00030666406,-0.00043352813,0.00032821615,-0.0003046148,-0.00016244609,-0.00036142566
2008-05-22,-0.001056281,-0.0009375571,-0.0006393735,-0.0014486433,-0.00074901077,-0.0011222169
2008-05-23,-0.00014941223,-0.00041657826,0.00015091094,-0.00014406261,9.9338606e-05,-0.0004644245
2008-05-26,-6.8306275e-05,-0.00016526597,-2.2355793e-05,-9.8481025e-05,-7.1360546e-06,-0.0001228611
2008-05-27,-0.0012226407,-0.00094873516,-0.0006016304,-0.0017478556,-0.0008690493,-0.00090375735
2008-05-28,0.00029908674,0.0005148012,-3.748333e-05,0.00049558,9.8225464e-05,0.00067677844
2008-05-29,-0.0013179231,-0.0012065058,-0.000685637,-0.0020282425,-0.00096274127,-0.00094774395
2008-05-30,-0.00025217372,0.0004087059,-5.5116332e-05,0.00021693755,-0.0001131713,6.7505134e-05
2008-06-02,-0.000885413,-0.0008814469,-0.00034276792,-0.0008901672,-0.00048288607,-0.0013781665
2008-06-03,-0.00023963272,-0.0006546908,1.1919404e-05,-0.00062920223,-0.00012449703,-0.0008153276
2008-06-04,0.00042932833,-6.4275824e-05,-3.000537e-05,0.00022236128,0.00019836072,0.00021629967
2008-06-05,-0.00014159757,0.0013262983,8.907834e-05,0.0006084793,-6.334535e-05,0.0012382017
2008-06-06,0.0004929024,-0.00014140287,-9.608703e-06,0.00063037965,0.00018653316,-0.0008442786
2008-06-09,-0.000117408425,-0.00077244086,-0.00013909454,-0.0005073349,-0.00011076588,-0.00035693726
2008-06-10,7.2395014e-05,-0.0011467462,-0.00030454705,-0.00065758923,-0.00018522373,-0.0005628515
2008-06-11,0.0021017492,0.0010188869,0.000329159,0.0021502571,0.001347857,0.0012643555
2008-06-12,0.0005675391,-0.000109258,0.0004993398,4.1371186e-05,0.00010934878,0.0005427436
2008-06-13,-0.00077472226,0.00012924592,0.00012424844,-0.0004948456,-0.00045665033,-0.00016649875
2008-06-16,-0.0005810057,9.17113e-05,-0.0003336106,-0.0002494258,-0.00022535522,-0.00023925464
2008-06-17,-0.00018753661,-4.372277e-05,-0.00016495025,-2.9275696e-05,-0.00011098159,-0.00015862801
2008-06-18,0.0009057429,0.00037362202,-0.00012300588,0.0010635734,0.00057768566,0.0005012164
2008-06-19,-0.0003769613,-0.00070539356,-4.9999424e-05,-0.0007964245,-0.0005332042,-0.00031383947
2008-06-20,0.001922642,0.00026849346,-0.00016569589,0.0015135091,0.000729869,0.0015034318
2008-06-23,0.00050425436,7.804159e-06,-2.673531e-05,0.00020853747,0.00015348863,0.00041927153
2008-06-24,0.0005683796,9.314913e-05,-2.873172e-06,0.0005699334,0.00030784315,0.00043263778
2008-06-25,-0.0014875693,-5.860216e-05,7.324578e-05,-0.0007094677,-0.0004966439,-0.0010657255
2008-06-26,0.0038737697,0.0013426286,2.3905459e-05,0.0033475845,0.0015883402,0.0032006237
2008-06-27,0.0010575765,0.00020427506,0.00017122464,0.0006702383,0.00023681432,0.0008613531
2008-06-30,-0.00054503157,-0.0002388236,-0.00011829639,-0.00057215156,-0.00027850122,-0.0004158799
2008-07-01,0.0018543687,0.00060249923,0.0002655369,0.0014322806,0.0006915732,0.0016290232
2008-07-02,0.0029958535,0.0010293678,0.00058991637,0.0024236545,0.0010243506,0.0025148732
2008-07-03,-0.00056875776,-0.00060659286,-0.00048065843,-0.00090449944,-0.0004609073,-0.00055572
2008-07-04,0.0004565945,7.381452e-05,-1.104475e-05,0.00034739455,0.00015863578,0.00040587978
2008-07-07,-0.0012874565,-0.0012159972,-0.00024414872,-0.0017074855,-0.0008170725,-0.0013249723
2008-07-08,-0.0021387811,-0.0011723355,-0.0003288496,-0.0017179546,-0.00080830784,-0.0017817852
2008-07-09,0.0013152322,0.00038371483,0.00022023432,0.0010429302,0.00034333428,0.0008150333
2008-07-10,5.9468493e-05,0.00060789497,0.0003473887,0.0003762398,7.6001226e-05,0.0004213268
2008-07-11,0.0014860316,0.00024002098,0.00020259767,0.000364979,-1.1014889e-05,0.0013854448
2008-07-14,0.0008760622,0.0003870136,0.00022537776,0.00071679044,0.00026868875,0.0006344551
2008-07-15,0.0022845515,-0.0002605743,0.00031299324,0.000366891,-6.194348e-05,0.0016115037
2008-07-16,-0.0036990417,-0.0012857037,-0.0007589133,-0.0024671557,-0.0008357623,-0.0033715873
2008-07-17,-0.0022640487,-0.0010569621,-0.00069920503,-0.0016870145,-0.00058890885,-0.002372899
2008-07-18,-0.00052895705,-0.00020694344,-0.0002242617,-0.00038854234,3.238032e-05,-0.00051579555
2008-07-21,-0.0007459159,0.00022503569,0.00015054307,8.361432e-05,0.00025405028,-0.00058279344
2008-07-22,-0.000521896,-0.0005444939,-0.00050295267,-0.00079882744,-0.00027383052,-0.0009095988
2008-07-23,-0.00042954946,-0.0002448046,-0.00042869305,-0.00040424668,0.00019035403,-0.0005431081
2008-07-24,-0.0006650689,-0.0010179745,-0.00038757088,-0.0014917884,-0.0011872257,-0.00074400945
2008-07-25,0.00019002237,-2.693558e-05,0.00012090406,5.6783287e-05,6.607459e-05,0.00018751365
2008-07-28,-0.0002493773,-0.000472494,-0.00036093747,-0.0006783175,-0.0006569382,-0.0001289639
2008-07-29,-0.0005240404,-2.4038129e-05,0.000101570804,-0.00024166999,0.00010842811,-0.00085121725
2008-07-30,-0.00073302694,0.00051740493,0.00034864357,0.00046290917,0.0004897353,-0.00058165775
2008-07-31,0.00034707293,-7.948279e-05,-6.0151677e-05,-4.5109413e-05,-0.00019938916,0.0002850337
2008-08-01,0.00091449294,-0.00014523887,-1.1306316e-05,0.0003049925,6.05951e-05,0.00062285486
2008-08-04,0.0011786104,-0.0006481365,-0.00023017965,-0.00018599727,-0.0002848062,0.00078353396
2008-08-05,0.00028314354,0.00055223494,0.00018872086,0.00045886115,0.00065583555,-0.000662999
2008-08-06,0.00034216163,0.00045639364,0.00026192295,0.0005442271,0.00045174093,0.00017185653
2008-08-07,0.00039572123,-2.2615468e-05,0.0002676244,0.0004193609,8.04554e-06,0.00067264796
2008-08-08,0.0026955653,0.00080896553,0.0005194119,0.0018363207,0.0012792579,0.0016487292
2008-08-11,0.0015177879,0.000633813,0.00039579938,0.0012831168,0.0008781639,0.0010998062
2008-08-12,0.0012635841,0.00014958644,0.00023432884,0.00076686713,0.00028859606,0.0011858073
2008-08-13,-0.0020226324,-0.001116758,-0.0006136544,-0.0013548038,-0.00079430226,-0.0016712195
2008-08-14,0.00073482457,0.0003305465,9.6301985e-05,0.0004961066,0.00031670276,0.00062700367
2008-08-15,0.0007735219,-0.0003605812,0.0001749283,-0.00025737484,-3.8361435e-05,0.00046973987
2008-08-18,-0.00021348937,-0.0003314383,7.073457e-05,-0.00041409297,-0.00030241522,-8.424029e-05
2008-08-19,-0.0007995394,-0.0008504064,-0.00015820294,-0.00090828433,-0.00058016554,-0.0006108149
2008-08-20,-0.00089136633,0.00019493538,-0.0001630822,-0.00012534605,-7.7091834e-05,-0.0008058193
2008-08-21,-0.0013094574,-0.00030441376,-7.7044206e-05,-0.00052123424,-0.00017011672,-0.00092431577
2008-08-22,0.00024310876,-3.6625484e-06,-0.00022738826,-0.000102905055,-7.682035e-05,-3.3898257e-05
2008-08-25,0.0007464363,1.4546632e-06,0.00023226473,0.0002884783,-7.1319875e-05,0.0006411561
2008-08-26,-0.00033689968,6.123697e-05,-0.000103086844,-0.00014838851,6.5296605e-05,-0.0003088533
2008-08-27,-0.0008676739,-4.2567593e-05,-0.00019960203,-0.00020938517,-0.00013063222,-0.00077637006
2008-08-28,-0.0008051783,-0.00021140228,-0.00042053818,-0.0005473257,-0.0001587447,-0.0007802484
2008-08-29,0.00013631233,-0.00025345662,5.7206973e-05,-0.00018423557,-0.00024822424,9.613226e-05
2008-09-01,0.0013928076,0.00054528075,0.00055448036,0.0010262035,0.0004898101,0.0012762661
2008-09-02,0.0017464268,0.00026430914,0.0004328473,0.00047278986,0.0002930455,0.0016292784
2008-09-03,0.0008130298,3.3684235e-05,0.00016561373,0.0003605626,0.00014115123,0.00077022455
2008-09-04,0.00354379,0.0005337983,0.0008228935,0.0016952014,0.00044917085,0.0033235268
2008-09-05,0.00022796738,-0.00042052998,7.712533e-06,-0.00049926585,-0.00033861017,0.00025585803
2008-09-08,-0.0023668776,-0.0007771675,-0.00070015655,-0.001675644,-0.0010210475,-0.0018473197
2008-09-09,0.0048879236,0.0014878942,0.0012282319,0.0031063282,0.0016813967,0.0041733976
2008-09-10,0.00081284565,0.0003591241,0.000306757,0.0002851042,0.00018896665,0.00074306276
2008-09-11,0.0006778104,0.00038561842,0.00032919334,0.0004255867,0.00012095703,0.0006262388
2008-09-12,-0.0053043896,-0.0021830208,-0.0015735666,-0.0034263246,-0.0015973884,-0.00489838
2008-09-15,0.008415615,0.0032083006,0.0017362788,0.005725505,0.0030119051,0.0066987574
2008-09-16,0.0015824296,0.00017610363,0.00036463115,0.00056902145,0.00037367336,0.0010678824
2008-09-17,0.0038566415,0.0019408572,0.0010204337,0.003602035,0.0021923624,0.0035198522
2008-09-18,-0.0041368757,-0.0015157431,-0.0004663903,-0.0024596974,-0.0011458157,-0.0036757404
2008-09-19,-0.011851155,-0.004985879,-0.002015866,-0.007832988,-0.0039371424,-0.01070835
2008-09-22,-0.00049475196,-0.00024264831,-0.00023465607,-0.00015584513,-0.00025208862,-0.0005249165
2008-09-23,0.0013579094,0.00027620804,-1.0326305e-05,0.00046234377,6.1344304e-05,0.0009013054
2008-09-24,-0.00015300418,4.5921064e-05,-9.082255e-05,-9.22087e-05,-7.3565556e-05,4.7825128e-05
2008-09-25,-0.0011625894,-0.00032910402,-4.5529436e-05,-0.0005387191,-9.6366e-05,-0.0011314017
2008-09-26,0.0011181595,0.0001526607,8.089306e-05,0.00029043804,-3.748382e-05,0.0011279351
2008-09-29,0.004848292,5.875339e-05,-0.000196869,0.00044892728,-0.0005645785,0.004066354
2008-09-30,-0.0033923232,-0.0012516156,-0.0002522995,-0.002220477,-0.00089674396,-0.0030870012
2008-10-01,-4.5527147e-05,-1.2543004e-05,-1.3041671e-06,2.855324e-05,1.6205255e-06,0.00011597956
2008-10-02,0.0047352696,0.0010785202,0.00019655301,0.0022921783,0.0010410096,0.0044149617
2008-10-03,0.0009165664,0.00020604224,7.3916475e-05,0.0005337578,0.00021466542,0.00093001884
2008-10-06,0.0105119655,0.00370986,0.0012169102,0.006389826,0.003074226,0.010166973
2008-10-07,0.0030037113,0.00094427954,6.2820516e-05,0.0017802181,0.00082075235,0.0028693809
2008-10-08,0.0051362547,0.0019140398,0.0007024081,0.0030943842,0.0016208991,0.004977803
2008-10-09,0.0044061514,0.0011853578,0.00038627913,0.0019789354,0.0008297169,0.0041590496
2008-10-10,0.0059276023,0.0019189825,0.0006653684,0.0024804415,0.001263397,0.005537594
2008-10-13,-0.012944634,-0.004638849,-0.001083831,-0.0056370436,-0.0023921835,-0.012613715
2008-10-14,-0.0011760633,-0.00037930193,-0.00020588424,-0.00032201374,-0.00017310517,-0.001387882
2008-10-15,0.009947234,0.0037201429,0.00091194484,0.004901502,0.0018860897,0.008460008
2008-10-16,-0.00095178053,-0.00040200524,0.00014460844,-0.0006852263,-0.00027702123,-0.00094489707
2008-10-17,-0.00020827622,-0.00013646977,3.2895907e-05,-6.668372e-05,-5.065932e-07,-0.00026982956
2008-10-20,-0.0029470657,-0.00056935556,-0.00012846876,-0.00041710868,-0.00012386915,-0.002657453
2008-10-21,0.0032107765,0.0012845815,0.00033106064,0.0014774166,0.0005108464,0.002811787
2008-10-22,0.0067265294,0.002454437,0.0009310092,0.002788573,0.001041867,0.006225422
2008-10-23,0.00023348506,-0.00010111744,0.0001768743,-0.00031989507,-0.00016043049,0.00018204321
2008-10-24,0.006259009,0.0019016535,0.00044783406,0.0015389895,0.00053281203,0.0061433776
2008-10-27,0.0034123142,0.001031241,0.00047958718,0.0009355615,0.0004016469,0.0032067734
2008-10-28,-0.008267604,-0.0029847308,-0.00023325477,-0.003221932,-0.0015115842,-0.007856814
2008-10-29,-0.0038611419,-0.0013948168,-0.0006274497,-0.0013593889,-0.00059729523,-0.0035097145
2008-10-30,-0.0028622006,-0.0011828085,-0.00042885236,-0.0010471109,-0.00043301797,-0.0024142985
2008-10-31,-0.00025372577,9.838801e-05,3.5622023e-05,0.0002509444,0.00018065172,-0.0002525561
2008-11-03,-0.00052144105,-0.0001934984,-3.0400268e-05,8.262007e-05,0.0002477397,-0.00040394135
2008-11-04,-0.0025545377,-0.00013274452,-0.00011652386,0.000328894,0.000498283,-0.0017704851
2008-11-05,0.00054911076,-0.00039692278,-0.00011435798,-0.0009317632,-0.00063513115,-0.000106141044
2008-11-06,0.001236998,-0.0003974434,-1.7133448e-06,-0.0010145996,-0.0007048633,0.00031392477
2008-11-07,-0.0008505599,-6.3834486e-05,-6.992909e-05,6.379954e-05,6.791126e-05,-0.0006607088
2008-11-10,-0.00019003579,0.00020812027,-4.6715253e-05,0.00023697618,0.000117182186,-0.00014667548
2008-11-11,0.001303598,-0.00011596523,-5.8835503e-05,-0.0003820637,-0.0002963594,0.0010287855
2008-11-12,0.0021688256,0.00021844328,5.3874624e-06,0.0002995524,8.420613e-05,0.0022357937
2008-11-13,-0.0023703773,-0.00030469423,4.1770323e-05,-0.0007065973,-0.0003617231,-0.0028470713
2008-11-14,0.0011946784,0.00026445047,-4.8033184e-05,0.0005385293,0.0002449077,0.0014645312
2008-11-17,0.000759849,2.450381e-05,5.6427634e-05,0.00025091763,0.000102349375,0.00076162047
2008-11-18,0.00055812346,0.00019511078,5.416436e-05,0.00019413285,6.563436e-05,0.00056257105
2008-11-19,0.0027239737,0.00078355725,0.00014744703,0.0016731769,0.00086514984,0.0028249512
2008-11-20,0.004718042,0.001568259,0.00058249425,0.0028454952,0.0013522832,0.004791843
2008-11-21,-0.003051046,-0.00093215704,-0.00014921403,-0.001754314,-0.00081578735,-0.0029225186
2008-11-24,-0.0054454096,-0.0018921292,-0.00081663934,-0.0034310948,-0.001692287,-0.005204643
2008-11-25,-0.00020532236,5.7706067e-05,-4.849444e-05,0.0001887889,2.2704517e-05,-0.0002140715
2008-11-26,-0.0014387831,-1.2935736e-05,-6.409437e-05,-0.00019843908,1.6582104e-05,-0.0011433883
2008-11-27,-0.0003057972,-4.142753e-05,-0.0001233551,-0.000113774775,-2.7069254e-05,-0.00028275847
2008-11-28,0.0002281363,0.00011687886,7.037639e-05,0.00023719807,6.825578e-05,0.0002356127
2008-12-01,0.0021616654,0.00013670165,-0.0006158517,8.8404646e-05,-0.0006648382,0.0025107712
2008-12-02,-0.00027500265,7.515669e-05,9.23364e-05,0.00012992929,8.4118736e-05,-0.00044448397
2008-12-03,8.308792e-05,0.0002487923,0.000104325634,0.0003494688,0.0002781011,5.9241094e-05
2008-12-04,0.0014167429,0.0003977985,3.300018e-05,0.00071273156,0.00018064819,0.0014459515
2008-12-05,-1.1778977e-06,-0.00015000117,1.3660036e-06,-0.00041043625,-4.8375492e-05,-3.4816247e-05
2008-12-08,-0.0024223216,-0.0002341976,2.3457242e-05,-0.0005011352,-1.712621e-05,-0.0023418684
2008-12-09,0.00070204894,0.0002624813,8.326663e-06,0.00046686103,9.76678e-05,0.00064258877
2008-12-10,-0.00071635644,0.00016789761,5.635926e-05,8.999102e-05,0.00020644408,-0.00069651665
2008-12-11,-0.0006348162,-0.00023909054,-0.00017267128,-0.00021846495,-0.00015759554,-0.0006080034
2008-12-12,0.00022443917,9.986833e-05,-6.950495e-05,0.00010772703,-5.1617193e-05,0.00029538147
2008-12-15,0.0004319872,0.00047254085,0.000117476586,0.00065507245,0.00032065983,0.00022126944
2008-12-16,0.0012626271,0.0016887843,0.0006376818,0.002387853,0.0014586976,0.0006265168
2008-12-17,0.0015237044,0.00082379254,0.0002387711,0.0015999799,0.0007131021,0.0013069528
2008-12-18,0.000106260704,-0.00011702429,-0.00018334233,5.157915e-07,-8.594541e-05,0.0002652833
2008-12-19,-0.0012724223,-0.0009631225,-0.00045026405,-0.0015339538,-0.0008100921,-0.00090181705
2008-12-22,-0.0003898748,-0.0005995872,-0.00022961773,-0.0007925294,-0.00047621346,-0.00026533598
2008-12-23,-0.00017782208,-0.00026137577,-0.00015332985,-0.00022064665,-0.00019310258,-1.1607196e-05
2008-12-24,0.0006121402,0.00012504328,9.76653e-05,0.00029148633,0.00013971771,0.00047904754
2008-12-25,-0.00013872734,3.6939004e-05,-7.958847e-06,-2.7629045e-05,-2.148082e-05,-0.00010086017
2008-12-26,0.00051431585,0.0006398995,0.00024325444,0.0008784063,0.00040524654,0.0004885671
2008-12-29,7.161502e-05,0.00013385799,-1.3500619e-05,0.00016917966,5.8110563e-05,0.0001533917
2008-12-30,0.00020304444,0.00048754836,1.9216216e-06,0.00035237288,0.00021466106,5.3354353e-05
2008-12-31,-0.0006399484,-2.1800888e-05,5.156313e-05,-0.00035677192,7.562337e-05,-0.00066667196
2009-01-01,-0.00041258015,-7.5933574e-05,-9.500246e-05,-0.00014417953,-7.4467236e-05,-0.0003623841
2009-01-02,-0.00038960416,0.00013921801,8.9735724e-05,-0.00031766546,0.00031020807,-0.00081678043
2009-01-05,-0.0006399617,-0.0005054896,3.1897343e-05,-0.0005537791,-8.709271e-05,-0.00094450486
2009-01-06,0.00034488345,0.0003121813,0.0003430013,0.00035702018,0.0005157285,-6.284647e-05
2009-01-07,-0.0021336742,-0.001661492,-0.0011977336,-0.002100719,-0.0018739139,-0.0014796805
2009-01-08,-0.00031009424,-0.00014341628,-0.00022799861,-0.0003592553,-0.00030110547,-6.784764e-05
2009-01-09,-0.00042764246,-0.0003657179,-0.00043375813,-0.0003292336,-0.00037613796,-0.00019996717
2009-01-12,-0.0018519914,-0.0015760325,-0.001029424,-0.0017897186,-0.0015768713,-0.0012117062
2009-01-13,9.786241e-05,6.965562e-05,-4.566489e-05,2.3258617e-05,-1.5352256e-05,9.017844e-05
2009-01-14,0.00018463646,-5.029788e-05,-0.00014548565,0.00029266317,0.00013490357,6.7335e-05
2009-01-15,-0.00016133675,-0.00014434468,-0.00010234399,-0.00023316928,-0.00017616562,-0.00011517799
2009-01-16,-0.0009276717,-0.00049617473,-0.00057787384,-0.0011813395,-0.00078104314,-0.00042699435
2009-01-19,0.0004962075,0.00040460052,0.00034581334,0.00067887595,0.00038208877,0.00037894578
2009-01-20,0.00299878,0.0017755574,0.0014263074,0.0039808936,0.0023407731,0.001564114
2009-01-21,-0.00204251,-0.0013689188,-0.0006244993,-0.0027802633,-0.0016281948,-0.0015561586
2009-01-22,0.0009953156,0.0005783589,0.0002463993,0.0013864647,0.0007890581,0.0007037332
2009-01-23,0.00030332102,0.00023362615,0.00020472702,0.00028300183,0.00017139479,0.00021680236
2009-01-26,-0.0012855972,-0.00092151255,-0.000557653,-0.001832481,-0.0010247354,-0.0010390192
2009-01-27,-0.0010095086,-0.00063174375,-0.0005505856,-0.0012023008,-0.0007573147,-0.0005962176
2009-01-28,-0.0017502386,-0.0013592865,-0.0006221773,-0.0027259912,-0.0014712118,-0.0013889923
2009-01-29,0.0012781313,0.0010788826,0.0004531592,0.0014637451,0.00086975243,0.0010755996
2009-01-30,0.00091967685,0.0007766829,0.00028182552,0.0009990641,0.00073805684,0.00072467525
2009-02-02,2.2254502e-05,0.00023528398,-0.00013084662,0.00021962493,2.7143924e-05,0.0002164237
2009-02-03,-0.0010937918,-0.00096878514,-0.00020241675,-0.0011675728,-0.00085770537,-0.0011359511
2009-02-04,0.0004406648,0.00017389453,0.0002947681,0.00029643308,0.000307989,0.00020481095
2009-02-05,-0.00085337396,-0.0005981016,-8.2119856e-05,-0.00080126734,-0.00059537566,-0.00073758594
2009-02-06,-0.001356598,-0.0012289999,-0.0003298931,-0.0012329947,-0.00081841735,-0.001163716
2009-02-09,-0.00031922912,-0.00023325846,-0.00016761119,-0.00020268257,-0.00016471308,-0.00033638647
2009-02-10,-0.00070582767,2.195951e-06,-0.0007191634,-0.0006850105,-0.000983607,-2.6577934e-05
2009-02-11,-6.2684635e-06,2.5504544e-06,-3.9055627e-05,-6.9963735e-06,4.6036123e-05,-7.98746e-05
2009-02-12,7.2228075e-05,0.00013221671,-4.300701e-05,5.5274264e-05,2.7227346e-05,0.00014340754
2009-02-13,0.00044281682,0.00012227113,0.00028810283,0.0004922392,0.00030068096,0.00018289573
2009-02-16,0.00026217577,0.00026602263,0.00021265347,0.0003237085,0.00017992423,0.00037646343
2009-02-17,0.0022065858,0.0016663455,0.00087420223,0.00225578,0.0013914866,0.002350382
2009-02-18,0.00039083566,9.54988e-05,0.00023472786,0.0002150086,0.00022436611,0.00013577522
2009-02-19,-0.00029649035,-0.00021123874,-0.0003791825,-0.00012473167,-0.00018498937,-0.0002657499
2009-02-20,0.000988529,0.0006629702,0.00046906478,0.0014567069,0.0008389392,0.0009121454
2009-02-23,0.0023069766,0.0015790531,0.0011287159,0.0028417276,0.0017633497,0.0021176864
2009-02-24,-0.0023990204,-0.0017113999,-0.0007622001,-0.0029680918,-0.0018233266,-0.0024494021
2009-02-25,0.0006758575,0.00041742518,0.0002791419,0.00078579405,0.00044754014,0.0006792887
2009-02-26,0.00023936316,9.829801e-05,-9.005452e-05,0.00023222413,0.00023139239,0.00015370398
2009-02-27,0.0013107785,0.0010047086,0.0005645519,0.0017351777,0.0010395936,0.0012243191
2009-03-02,0.004758917,0.0034836866,0.0018373401,0.006077434,0.003579706,0.004558159
2009-03-03,0.00059330266,0.00035586554,0.00034429418,0.0006920213,0.00054217846,0.0003584797
2009-03-04,-0.0036701595,-0.0026485845,-0.0015439352,-0.004570911,-0.0028991073,-0.0034991538
2009-03-05,0.003151834,0.0023822512,0.00085868686,0.0037675076,0.0023851842,0.0032705043
2009-03-06,-1.8609766e-06,-2.2399307e-05,-5.4251344e-05,-0.00010737015,-7.6166784e-06,-0.00011256628
2009-03-09,0.0018144912,0.0012165933,0.00080742355,0.0019530002,0.0012843019,0.0015742996
2009-03-10,-0.005238146,-0.0039285813,-0.0013777511,-0.005498308,-0.003844874,-0.005171618
2009-03-11,-0.0015386691,-0.0010486773,-0.0008326275,-0.0017612835,-0.0011300017,-0.0014207406
2009-03-12,-0.002434515,-0.0018703351,-0.0007819693,-0.0016592118,-0.0012451787,-0.0026577334
2009-03-13,-0.0008117699,-0.0005723643,-0.00040479744,-0.0007285557,-0.0004746155,-0.00076625834
2009-03-16,-0.00032215304,-0.00047306882,-0.00014276829,-0.00018036769,-7.660263e-05,-0.0007283669
2009-03-17,6.711841e-05,-0.00017182724,0.00022172126,0.000493277,0.0004118349,-0.0002133977
2009-03-18,-8.053595e-05,-0.00026917117,-0.00020770691,0.00022724114,0.00032184235,-0.0005208673
2009-03-19,-0.00043634608,-0.0002874541,3.1351083e-05,-0.00021418433,2.625151e-05,-0.00059475173
2009-03-20,-0.00043346322,-0.00029202327,-0.0002518074,-0.0006588556,-0.00051407726,-0.00036228824
2009-03-23,0.0022466816,0.0013169603,0.0016147869,0.003332507,0.002816757,0.0010836592
2009-03-24,-0.0010550196,-0.0006602925,-0.0007177605,-0.0013004256,-0.0010196875,-0.00069915515
2009-03-25,0.00016586474,-1.7233686e-05,3.107435e-06,0.00023887504,0.00013985681,0.0002273247
2009-03-26,0.0016948461,0.0011257605,0.0012639302,0.0021237587,0.0016604695,0.0012359224
2009-03-27,-0.001969016,-0.0013825885,-0.0014974799,-0.0023428744,-0.0018921369,-0.001328481
2009-03-30,-0.0033181577,-0.0023551804,-0.0026935588,-0.004201345,-0.003269797,-0.0024725234
2009-03-31,0.0010694282,0.0010074395,0.0009992205,0.0015185871,0.0011063042,0.000660662
2009-04-01,0.00082312885,0.0007436005,0.0006408823,0.0011742071,0.00091413263,0.0006711207
2009-04-02,0.0024141802,0.002381771,0.0020521777,0.003695802,0.0026267555,0.0023009009
2009-04-03,0.0006175607,0.0004082082,0.00039978378,0.00082270266,0.00070397195,0.000556753
2009-04-06,-0.00033341997,-0.00036386107,-0.00017489288,-0.0005477886,-0.00041452757,-0.0004151658
2009-04-07,-0.0016169798,-0.0012143959,-0.0011587678,-0.0020860664,-0.0016244364,-0.001476934
2009-04-08,-5.691575e-05,-3.9100454e-05,-0.00016567136,-5.2072068e-05,3.688619e-05,-8.952311e-05
2009-04-09,0.0026253713,0.0019856466,0.002089976,0.0033557278,0.0024988416,0.002045932
2009-04-10,8.931981e-05,9.77428e-05,9.892869e-05,0.00021978401,9.9386445e-05,0.00012282647
2009-04-13,0.00068565545,0.00074726087,0.0005803246,0.0011553857,0.0006945717,0.0009247422
2009-04-14,-0.00075937586,-0.0005543422,-0.00045777395,-0.00073988823,-0.0005880284,-0.00083860237
2009-04-15,0.0008598317,0.0006204023,0.0007119483,0.0011155697,0.0008240418,0.0006661294
2009-04-16,0.00027158923,0.00027046914,0.00018629502,0.0006547721,0.00041132496,0.00020929232
2009-04-17,0.00043701666,0.00025042114,0.00040710703,0.0005368596,0.00038778337,0.0001398155
2009-04-20,-0.0035812594,-0.002831864,-0.0030696015,-0.004627149,-0.0033535678,-0.0036685544
2009-04-21,0.00044484832,0.00050894264,0.00037073513,0.00077327323,0.00046454452,0.0007884676
2009-04-22,-0.00048360354,-0.00043180116,-0.00041496105,-0.00062734337,-0.00046257017,-0.00046355225
2009-04-23,-0.0002312398,1.451019e-05,-0.00023051605,-8.493591e-05,-5.4158372e-05,0.0003571889
2009-04-24,0.00061649905,0.0007090595,0.00052563805,0.001053118,0.0006893433,0.0011413717
2009-04-27,-0.0006719418,-0.00073188514,-0.0005720187,-0.0011569336,-0.0008291617,-0.0014499159
2009-04-28,-0.00080249296,-0.0008437194,-0.00062105985,-0.0011417024,-0.0007748235,-0.00092277315
2009-04-29,0.00077245454,0.0010483994,0.0006859721,0.0013725432,0.0009374779,0.0017824358
2009-04-30,0.00046805292,0.00063654827,0.00041761785,0.0008432204,0.000551941,0.0009813989
2009-05-01,0.00026637345,0.000255585,0.00027810098,0.0001871372,0.00037954052,0.00066172867
2009-05-04,0.0024523642,0.002266748,0.0020893624,0.0032364263,0.0025226753,0.0029496574
2009-05-05,-0.0002962426,-0.00012731987,-0.0001831313,-0.00015886057,-0.00023406323,-0.00021367549
2009-05-06,0.0018327248,0.0015768433,0.0016106253,0.002065354,0.0017598472,0.0018241757
2009-05-07,-0.00047497617,-0.00040199564,-0.0004092942,-0.0006866432,-0.00045150623,-0.0003519795
2009-05-08,0.0031689813,0.0025073339,0.002889538,0.003641709,0.0029088499,0.0029480911
2009-05-11,-0.0024769297,-0.0018417054,-0.0022223506,-0.0028016518,-0.0021636612,-0.0022357774
2009-05-12,0.00045963013,0.00038826469,0.00045220152,0.0005265869,0.0004207329,0.0004041314
2009-05-13,-0.002967589,-0.002422204,-0.002474465,-0.0037819177,-0.0026393314,-0.002931631
2009-05-14,0.0001302128,0.00018085654,7.443187e-05,0.00020169336,0.00011440105,0.00034603753
2009-05-15,-0.00135498,-0.0011385796,-0.00125679,-0.0018223948,-0.0012137707,-0.001384714
2009-05-18,0.0019071259,0.002104023,0.0015081228,0.0032001473,0.0017979073,0.003221926
2009-05-19,0.0011027029,0.0010746567,0.0010014056,0.0016951198,0.0010112532,0.001532102
2009-05-20,0.0008457585,0.00077449804,0.0008234483,0.0013482908,0.000794708,0.0008533515
2009-05-21,-0.0006719747,-0.00082689733,-0.00035589872,-0.0014142091,-0.00085153384,-0.00106061
2009-05-22,0.00095960585,0.0007393146,0.0008489156,0.0012245387,0.0007925974,0.0010169412
2009-05-25,-5.092252e-05,-1.661396e-05,-4.4123277e-05,6.560138e-05,2.426081e-05,-3.7420148e-05
2009-05-26,0.00045557038,0.00056546833,0.00019636475,0.00080814783,0.00061221,0.001059006
2009-05-27,-0.00012393299,-0.00011311024,0.00016515676,-0.00014149713,-7.452415e-05,-0.00020284687
2009-05-28,0.0007240306,0.00061711366,0.00047589466,0.00093655393,0.0006837157,0.0009299946
2009-05-29,0.0020055529,0.0018021063,0.0015611132,0.0026552363,0.0017060227,0.0023302038
2009-06-01,0.0033324899,0.003058027,0.0025702855,0.004428194,0.003256972,0.0039686263
2009-06-02,0.0007018597,0.0005682405,0.000550347,0.000979007,0.00058706006,0.0007670325
2009-06-03,-0.004413388,-0.0036264556,-0.0036729402,-0.004978935,-0.0037046878,-0.004452569
2009-06-04,0.0013494277,0.0010959058,0.0010530397,0.0016172949,0.0011639926,0.0013690124
2009-06-05,-0.0008770043,-0.00078252726,-0.000740751,-0.0011975339,-0.0006582482,-0.0009232123
2009-06-08,-0.0011030925,-0.0010586038,-0.0009546896,-0.0014322408,-0.0009748608,-0.0012286984
2009-06-09,0.0008677082,0.0009160802,0.0006880207,0.0012299424,0.00072572846,0.0011106571
2009-06-10,0.0006925356,0.00056308956,0.00067571085,0.00078695646,0.0006097697,0.00071038766
2009-06-11,0.0010816419,0.0011274675,0.0008655265,0.0017048881,0.0010903934,0.0016787251
2009-06-12,-0.0008245391,-0.0007812106,-0.0007237828,-0.0010151664,-0.0006969711,-0.0012018597
2009-06-15,-0.0032686405,-0.0032381045,-0.0026093258,-0.004465694,-0.003061008,-0.0043750317
2009-06-16,-0.00082601013,-0.00092757255,-0.0007471981,-0.0012637608,-0.00075196434,-0.0011908896
2009-06-17,-0.00042077908,-0.00042261617,-0.00043083043,-0.0005640905,-0.00036648358,-0.0005594136
2009-06-18,-2.542399e-05,1.6480286e-05,3.702702e-05,-0.00016908902,-7.372225e-05,8.842521e-05
2009-06-19,0.000102646576,0.00027644294,0.00010144806,0.0004168182,0.00020343497,0.0004169791
2009-06-22,-0.00018091206,-0.001059173,-0.00021093882,-0.001205776,-0.0005019375,-0.002663306
2009-06-23,-9.589211e-05,4.0851708e-05,-0.0001278781,1.0018151e-05,8.210828e-06,0.0002896766
2009-06-24,-0.0011253672,-0.0005162356,-0.00094206183,-0.0011434158,-0.0008465214,4.533852e-05
2009-06-25,-0.00075537513,-0.0001004689,-0.00064524746,-0.00034071965,-0.00033566673,0.0006834238
2009-06-26,9.923921e-05,0.0001758066,0.00012655786,0.00024922678,0.00017402723,0.00030768508
2009-06-29,0.00012256764,0.00032240426,0.00013575125,0.0004755044,0.0003133562,0.0007274442
2009-06-30,-0.00013551432,-0.00028241443,-0.00016139739,-0.0002777554,-0.00024618636,-0.00065800373
2009-07-01,-0.00042253747,-0.00020911991,-0.0004237493,-0.00039338553,-8.159781e-05,0.00025898463
2009-07-02,-0.00055737497,-0.00069437234,-0.0006261623,-0.00080890773,-0.0008415152,-0.0018127761
2009-07-03,2.8155922e-05,2.0735019e-05,2.0964908e-05,3.4737907e-06,9.479997e-06,0.00010183154
2009-07-06,0.0001039169,-0.00011537794,9.3279355e-05,1.25587685e-05,-3.9750183e-05,-0.00060570036
2009-07-07,0.0008336866,0.00032825422,0.0004948421,0.00075634586,0.0005991103,-0.00041640943
2009-07-08,0.0014504521,0.0008289137,0.0012608146,0.0015340884,0.0011121494,0.00029191838
2009-07-09,-0.0011425911,-0.0006172889,-0.0009261295,-0.0011173565,-0.000876634,-0.00023938293
2009-07-10,0.0010205632,0.000647626,0.0008242248,0.0012067447,0.00080860424,0.00038810057
2009-07-13,-0.0020074302,-0.0013955627,-0.0013970842,-0.0023075326,-0.001641503,-0.0012457919
2009-07-14,-0.0012286808,-0.0008443992,-0.0010364081,-0.001398378,-0.0009219596,-0.0004842832
2009-07-15,-0.002519127,-0.0014184881,-0.0020293184,-0.0027591074,-0.0017506916,-0.00045142218
2009-07-16,0.0005011824,0.0005014402,0.00048093163,0.0005222704,0.00047295808,0.00034412296
2009-07-17,-0.0001429736,-6.458443e-06,7.2261544e-05,-0.00022048254,1.6861783e-05,-0.00014792592
2009-07-20,0.001408558,0.0014548277,0.0014420263,0.001543962,0.0015414035,0.0013714909
2009-07-21,0.00015548318,0.00023696975,0.00011437599,0.00033953783,0.00014775516,0.00014183667
2009-07-22,0.00038645774,0.0003206841,0.00034346967,0.0003996213,0.00036289138,0.0002809194
2009-07-23,0.002348971,0.002020298,0.0023485145,0.003231485,0.0023057396,0.0016120999
2009-07-24,0.00076849986,0.00065821875,0.00070007145,0.0010880037,0.0006778812,0.00072559837
2009-07-27,0.0011292638,0.0009860132,0.0010999481,0.0014566879,0.0010435068,0.00092334364
2009-07-28,-0.0006873146,-0.00053842855,-0.00064388296,-0.0009445712,-0.00063582766,-0.0004943534
2009-07-29,-0.0020478677,-0.0016935103,-0.0019917344,-0.002669024,-0.0018089364,-0.0017538982
2009-07-30,0.002661863,0.0024310113,0.002727023,0.004293974,0.002552203,0.0022802502
2009-07-31,0.00093297946,0.0010024001,0.00094028964,0.0015936294,0.00079055625,0.0009886478
2009-08-03,0.0033368736,0.0029566358,0.003314907,0.00523953,0.0031445916,0.00277011
2009-08-04,0.0002748659,0.0002610893,0.00021588926,0.00044751345,0.00027888926,0.00027733739
2009-08-05,-0.0007037816,-0.0006440038,-0.0007194543,-0.0011522232,-0.0006250529,-0.000653334
2009-08-06,-0.0010728459,-0.0009581821,-0.0009881157,-0.0014250289,-0.0010006451,-0.00095415814
2009-08-07,0.0015468663,0.0014030555,0.0014442889,0.0023667084,0.001391565,0.0014341436
2009-08-10,-0.001021089,-0.0008946363,-0.0009556918,-0.0013236483,-0.00091287715,-0.0009225406
2009-08-11,-0.0025597038,-0.002333845,-0.0024810613,-0.003556229,-0.0022788476,-0.0024557633
2009-08-12,0.0011219896,0.0011633029,0.001090821,0.0018037917,0.000985895,0.0013101146
2009-08-13,0.0012217931,0.0014129676,0.0012024074,0.0021179952,0.0011816834,0.0016938016
2009-08-14,-0.0020271505,-0.0020408605,-0.0020140249,-0.0031761313,-0.001961133,-0.0023201446
2009-08-17,-0.004036183,-0.00433344,-0.00400494,-0.006706308,-0.0039298953,-0.0049846
2009-08-18,0.0006277221,0.0009769284,0.0006090196,0.0012094929,0.0006306425,0.0014417811
2009-08-19,0.00021960665,0.00018605984,0.0003008227,0.0005022384,0.0002067431,0.00042148665
2009-08-20,0.00048190827,0.00088391814,0.00036158136,0.0010966811,0.0005151633,0.0012128354
2009-08-21,0.00084212486,0.0013159206,0.00077657035,0.0017304661,0.0008687592,0.001909857
2009-08-24,0.00019828755,0.0005104707,0.00026293757,0.0004299807,0.00018429963,0.00060877297
2009-08-25,0.00027402947,0.0002032388,0.00031223008,0.00044769378,0.00025201237,4.030872e-05
2009-08-26,-0.00034746024,-0.00025865735,-0.0003764427,-0.00030532645,-0.00024044845,-0.0005179077
2009-08-27,0.00047128333,0.00036822626,0.00045061702,0.00048715388,0.00036859186,0.0005409419
2009-08-28,0.00031887973,0.0003566582,0.00034860996,0.0005016061,0.00025887138,0.00044703207
2009-08-31,-0.0008203815,-0.0010062817,-0.0008668749,-0.0011904216,-0.0009205776,-0.0013441882
2009-09-01,-0.0018921869,-0.00187331,-0.001967236,-0.0025446068,-0.001697065,-0.0023499592
2009-09-02,6.917682e-05,-4.96687e-06,-1.8873643e-05,-2.2214431e-07,5.0129882e-05,0.00011297259
2009-09-03,0.00016257202,0.0005140475,0.000157774,0.0004197684,0.0002485032,0.0008142901
2009-09-04,-0.000540792,6.316888e-05,-0.00036432777,-0.00027223854,-0.00043487764,0.00064778974
2009-09-07,0.00019442548,0.00036713394,0.00022946615,0.0004041032,0.00019259827,0.0005381587
2009-09-08,0.000506019,0.00079685025,0.00060998625,0.0010057081,0.0005323519,0.0014791406
2009-09-09,0.0003279069,0.00043878498,0.000340668,0.0006847266,0.00032658433,0.0006441016
2009-09-10,0.0010007984,0.0010323852,0.0011545296,0.0016595832,0.0009915078,0.0012637044
2009-09-11,0.0007548615,0.00075076235,0.000759755,0.001155019,0.00069436076,0.0007030975
2009-09-14,-3.0010813e-05,-6.139557e-05,-4.3220443e-05,1.8335213e-05,2.5251824e-05,-0.00012486368
2009-09-15,0.00067314407,0.00059066765,0.00071768044,0.0008121342,0.00051818154,0.0008077721
2009-09-16,0.002937212,0.0027475005,0.0029119286,0.0039224294,0.002735112,0.0031507257
2009-09-17,4.3883796e-05,0.000112290574,6.174178e-05,8.2184364e-05,2.6913076e-05,0.00022282136
2009-09-18,-9.794773e-05,-0.0002225947,-0.00017923856,-0.00024199956,-0.00012979723,-0.0002258629
2009-09-21,-0.0012579154,-0.001099568,-0.0012638605,-0.0018480805,-0.0011496012,-0.0012183499
2009-09-22,0.0024811393,0.0021778308,0.0025175773,0.0034906422,0.0021454778,0.002438964
2009-09-23,-0.0018766088,-0.0016163182,-0.0019194258,-0.0025659092,-0.0016396,-0.0017880986
2009-09-24,-0.0020341387,-0.002057078,-0.002041748,-0.0029784269,-0.0018386971,-0.002106402
2009-09-25,0.00012238225,-2.3109358e-05,8.23527e-05,-0.00018476139,-5.110007e-05,0.0001782547
2009-09-28,0.0008959372,0.0013981744,0.00083826494,0.002033554,0.0009340103,0.0015189932
2009-09-29,-0.00030090832,-0.00019809851,-0.00036392332,-0.0004322087,-0.0002362423,-0.00027368704
2009-09-30,-0.00020574043,6.265007e-06,-0.00019681136,-1.4421023e-06,-0.00023712266,0.00013047813
2009-10-01,-0.00207268,-0.0028253016,-0.0020839856,-0.0038616087,-0.0020350432,-0.0032742624
2009-10-02,-0.00055653247,-0.0007377494,-0.00059562497,-0.001116175,-0.00065716135,-0.00086129975
2009-10-05,0.00017418156,0.0008229698,0.00021249638,0.0008055608,0.0001349413,0.0012019179
2009-10-06,0.00051177025,0.0011691713,0.00060067646,0.0016268197,0.0006573593,0.0016949781
2009-10-07,0.000344479,0.0003750257,0.00030587352,0.000493663,0.0003110196,0.00049453584
2009-10-08,0.00064121163,0.0010242853,0.0006577643,0.0013200867,0.0008577812,0.0014393788
2009-10-09,-0.000608041,-0.00044282826,-0.00042700805,-0.0006720406,-0.00045067922,-0.000702769
2009-10-12,0.001360959,0.0013598456,0.0013281142,0.0018153896,0.0013216647,0.0014539349
2009-10-13,-0.00020260512,-0.00013227858,-0.00021817397,-0.00023312416,-0.00020559899,-0.00024660784
2009-10-14,0.0029833033,0.0029038237,0.0029757265,0.0033516134,0.0027287663,0.003303852
2009-10-15,-0.00032871944,-0.00019794467,-0.00024048169,-0.00024718308,-0.00017112681,-0.00044847958
2009-10-16,-0.0015683885,-0.0014179479,-0.0015322213,-0.0016866475,-0.0013441343,-0.0016175967
2009-10-19,0.0033175081,0.003117299,0.0031614369,0.004386523,0.0029228737,0.0033673549
2009-10-20,-0.002113728,-0.0017295999,-0.0020828086,-0.0024759963,-0.0016257802,-0.001776222
2009-10-21,0.0006291093,0.00036487775,0.00049970916,0.0007472154,0.0005509431,0.00044276507
2009-10-22,0.0002986944,0.00032868554,0.00026032198,0.0004908197,0.00028176393,0.00025088727
2009-10-23,-0.0017285169,-0.0016387108,-0.0017490085,-0.0029366594,-0.001582578,-0.0017560608
2009-10-26,-0.00257065,-0.0027557581,-0.0023557297,-0.0039875177,-0.0021233603,-0.0028540476
2009-10-27,-0.001506938,-0.0016117849,-0.0013781101,-0.0023725075,-0.0012989165,-0.0015250493
2009-10-28,-0.0027968804,-0.0038268764,-0.002671466,-0.0051298784,-0.0024209057,-0.00401198
2009-10-29,2.4949033e-05,0.0014577899,2.7287524e-05,0.0017093667,9.57295e-05,0.001533651
2009-10-30,-0.00029554727,-0.0016187123,-0.00035153033,-0.002187575,-0.0005690087,-0.0020350118
2009-11-02,-0.00017868477,0.00032356303,-0.00012498516,0.00042623043,-6.362878e-06,0.0003649764
2009-11-03,-8.0039164e-05,-4.5112178e-05,-5.5702694e-05,6.828789e-05,4.4949986e-05,-4.8712416e-05
2009-11-04,-0.00055029895,0.00031371808,-0.00054843765,0.00035397446,-0.000189507,0.00020739075
2009-11-05,-0.00090583414,-0.00032674233,-0.0008387261,-7.158146e-05,-0.00019068393,-5.2061594e-05
2009-11-06,-0.00011618139,-5.791753e-05,-0.00012974229,-8.7347435e-06,-4.416773e-05,5.231378e-05
2009-11-09,-0.0004660517,0.00088077143,-0.00034331868,0.0010730441,0.00072949904,0.0016339264
2009-11-10,-7.32369e-05,-0.00013783266,-8.681421e-05,-0.00018058966,-0.00016335853,-0.00014207647
2009-11-11,0.00013544512,0.00031105714,0.00015767002,0.00023804526,0.00027211572,0.00042831758
2009-11-12,-0.0013202438,-0.0013766866,-0.0012839388,-0.0015983925,-0.0013130489,-0.0017100958
2009-11-13,0.0011204793,0.0010683772,0.001028952,0.0013468204,0.0010183839,0.0013808435
2009-11-16,0.002303189,0.002525107,0.0022377097,0.0029918142,0.002187584,0.0028767043
2009-11-17,-0.0002791226,-0.00028360166,-0.00033626283,-0.0002906726,-0.00023962662,-0.00037357878
2009-11-18,-0.0006314002,-0.00041646292,-0.0005706249,-0.00071827247,-0.00048408814,-0.00043324934
2009-11-19,-0.0023132835,-0.0022567962,-0.0022405072,-0.0030765713,-0.0020004448,-0.0021835547
2009-11-20,-0.0006157401,-0.0006291857,-0.0005896713,-0.0009799225,-0.00053194846,-0.0005677021
2009-11-23,0.0016712752,0.0019353775,0.0016967446,0.0028945163,0.0014594009,0.0017082718
2009-11-24,-9.219433e-05,-0.00031923153,-3.588931e-05,-0.0004306163,-0.00019117494,-0.0003113102
2009-11-25,0.001970213,0.0020531933,0.0019309763,0.0029997523,0.0017550379,0.0023144735
2009-11-26,-0.0008661426,-0.0013815585,-0.0008276719,-0.0025793288,-0.0011868919,-0.0012090137
2009-11-27,-0.002411112,-0.002356929,-0.0023507336,-0.0035303698,-0.0019197062,-0.0024731364
2009-11-30,0.00032505926,0.00066330837,0.00022103835,0.0008748566,0.0003887288,0.00065877556
2009-12-01,0.0006027479,0.0014787867,0.0005323528,0.0022423058,0.00076788414,0.0013329439
2009-12-02,-0.00042016155,-0.00016331943,-0.00020820987,-0.00034586794,-0.00031063348,-0.00033178987
2009-12-03,-0.00085290073,-0.0008123638,-0.0008482578,-0.0012156571,-0.0006594103,-0.00091748196
2009-12-04,-0.0021845181,-0.0018600503,-0.0019770006,-0.0028758114,-0.0018077734,-0.0021293694
2009-12-07,-0.00012768866,-0.00018447747,-8.53665e-05,-0.00025206932,-0.00022736669,-0.00015439981
2009-12-08,-0.0015508041,-0.0017957094,-0.0014358563,-0.0025760038,-0.0014613485,-0.0018834874
2009-12-09,-0.00022027914,-0.0003326953,-0.0003366124,-0.0003611839,-0.00020268674,-0.00036597106
2009-12-10,0.00025536979,0.000434755,0.0002382857,0.0006476897,0.00032892768,0.0003862294
2009-12-11,0.00032014842,0.0003726088,0.00029062448,0.00036200107,0.00025175387,0.0002047716
2009-12-14,0.00046291068,0.0008508317,0.00048672289,0.0010877345,0.0005516548,0.0010146842
2009-12-15,-0.00016513295,-0.00039627613,-0.00014749129,-0.00058396434,-0.0002601713,-0.0006136379
2009-12-16,-6.833754e-05,0.00028816014,2.544317e-05,0.00024015368,0.00015933445,0.00024738078
2009-12-17,-0.0009235501,-0.0016558933,-0.0010455931,-0.0025081062,-0.0014330896,-0.0017039279
2009-12-18,-3.1300726e-05,7.186904e-05,1.3948966e-06,0.00017888375,0.00012186768,-0.0001184249
2009-12-21,0.0012457585,0.0009784473,0.001177464,0.0013170042,0.0008966626,0.00078969344
2009-12-22,0.0009607732,0.00095846504,0.0009199014,0.0013587695,0.00086354645,0.0009301491
2009-12-23,6.749347e-06,0.00051210565,0.00014847287,0.00063871534,0.00030561697,0.00031448193
2009-12-24,-4.19435e-05,0.00040257713,2.3129507e-05,0.00059569563,0.00023033806,0.00033930322
2009-12-25,-6.413701e-05,-7.431958e-05,-5.2291172e-05,-0.0001312502,-7.4004114e-05,-6.281561e-05
2009-12-28,0.0006102196,0.0008519822,0.00070123386,0.0011987196,0.00072034134,0.0008792224
2009-12-29,-0.00019229326,-2.0797299e-05,-0.00017107904,-0.00011813968,-9.6135685e-05,-0.0001266397
2009-12-30,-0.00077959435,-0.0006222977,-0.0007299273,-0.00082546996,-0.0005683844,-0.0008090639
2009-12-31,-0.0003964223,-0.00040023014,-0.00033139775,-0.00072087446,-0.00029833397,-0.00045025238
2010-01-01,-8.4872845e-05,-9.3824645e-05,-8.177386e-05,-0.0001240857,-7.558777e-05,-9.318033e-05
2010-01-04,0.0033105235,0.0035174757,0.003177327,0.0054533063,0.0031132107,0.0034674257
2010-01-05,-1.1778775e-06,0.00029166503,0.00017263921,0.00013784801,3.7737183e-05,0.00021537126
2010-01-06,0.0015514357,0.0014682403,0.0014495729,0.0024359815,0.0012392281,0.0015194655
2010-01-07,-0.0005313458,-0.0005507045,-0.00049330504,-0.0009271121,-0.0004393372,-0.00042528452
2010-01-08,0.0010192276,0.00108857,0.0010227564,0.0018999713,0.0008923799,0.0009943446
2010-01-11,-2.1676757e-05,0.00017461543,3.6795896e-05,0.00022161045,7.9703525e-05,-2.6595913e-05
2010-01-12,-0.0039983317,-0.0035721355,-0.0038554322,-0.006596638,-0.002948917,-0.0037833601
2010-01-13,0.0008556983,0.00094891683,0.00079088524,0.0015487031,0.0006900257,0.0009848947
2010-01-14,0.0009595557,0.0009319198,0.0009163646,0.001526922,0.00066650537,0.0009055026
2010-01-15,-0.0024406384,-0.0025794748,-0.0023948895,-0.0044782953,-0.0018878373,-0.0025576986
2010-01-18,0.00046435543,0.00047443018,0.000412616,0.00077240646,0.00037171878,0.00046332678
2010-01-19,0.0011836354,0.0015129318,0.0011836216,0.0022275343,0.0009367578,0.0014472498
2010-01-20,-0.0029203105,-0.0034626895,-0.0029000174,-0.0056921733,-0.0022800483,-0.0032968367
2010-01-21,-0.0020249125,-0.002972527,-0.0019883653,-0.0043608616,-0.0016275398,-0.002857949
2010-01-22,-0.0008384478,-0.0021171677,-0.0008531592,-0.0026330643,-0.0007591193,-0.0020114395
2010-01-25,-0.00013629578,2.6854295e-05,-0.00013716012,-5.4527456e-05,-0.00020436823,-2.2153034e-05
2010-01-26,0.0005925229,-0.0003295189,0.0005951615,-8.763337e-05,0.00036388106,-0.00013567352
2010-01-27,0.0006508453,-6.1966934e-06,0.00047402122,0.00024609832,0.00042196675,0.00025167872
2010-01-28,0.0011503104,5.6859066e-05,0.0009521136,0.000299754,0.0003862347,0.00064471125
2010-01-29,0.0014702459,0.00025675396,0.001280194,0.00081190007,0.0007073804,0.0009798931
2010-02-01,-0.00297937,-0.0009804209,-0.0024762738,-0.0021319517,-0.0016766259,-0.0020318094
2010-02-02,-0.0019440007,-0.000400607,-0.0013720287,-0.0008674587,-0.00076988834,-0.0011934936
2010-02-03,0.00046092502,0.00012547326,0.00027879144,6.6789784e-05,9.0087546e-05,0.00033082484
2010-02-04,0.0045123366,0.00084511907,0.004007036,0.0018856048,0.0015202471,0.002587822
2010-02-05,0.0020182554,0.00060399825,0.0015825236,0.0013325668,0.0009563231,0.0013869859
2010-02-08,0.00026201239,-2.7730082e-05,0.0003696066,-0.00015485648,-3.45833e-05,0.00010381017
2010-02-09,-0.0037756546,-0.001413977,-0.0030406476,-0.0024030241,-0.0016269702,-0.003119227
2010-02-10,-0.00017730052,-0.00016407971,5.1738254e-05,-0.00020925619,-0.00014984394,-0.00012411925
2010-02-11,-0.0018388316,-0.000310319,-0.0014382841,-0.00037241567,-0.00045046097,-0.0010240972
2010-02-12,0.00076397357,0.0004228241,0.00050151703,0.0004937235,0.0003055782,0.0006405836
2010-02-15,0.0001939032,0.0001743776,0.0002013167,0.0002690271,0.00016241988,0.0002408709
2010-02-16,-0.002641477,-0.00038958876,-0.0023670606,-0.00035046184,-0.00033462985,-0.002056612
2010-02-17,1.07072665e-05,0.00047355756,5.8567133e-05,0.0005898823,0.00031220325,0.0002158378
2010-02-18,0.0009081581,0.001032785,0.00069743587,0.0014262685,0.0007921436,0.0010120361
2010-02-19,-4.0000305e-07,-1.9951996e-05,0.0001060923,0.00010073563,-2.3599783e-05,-6.1212566e-05
2010-02-22,-0.00035702204,-0.00020654003,-0.00028120613,-0.0003692039,-0.00021041204,-0.0003461719
2010-02-23,-0.0017417455,-0.0020520529,-0.0016912008,-0.0034473257,-0.0016209278,-0.0010918038
2010-02-24,0.0005237432,0.0007281855,0.0005254786,0.0010963229,0.00042970412,0.00023164238
2010-02-25,-0.00023712154,-0.0006505381,-0.00034071045,-0.0010631063,-0.00038791535,-3.0176323e-05
2010-02-26,0.00047073723,0.000901064,0.00051975786,0.0014599783,0.00061565236,0.00034682153
2010-03-01,0.0019576012,0.0021612328,0.0018200154,0.003387091,0.0014601012,0.0019284051
2010-03-02,0.0009280075,0.0011112251,0.0008312868,0.001900436,0.0008016819,0.00085434254
2010-03-03,0.00038509915,0.0006326116,0.0004766459,0.0010619815,0.00037938103,0.00022961483
2010-03-04,0.00021093122,-2.0354466e-05,0.000119796285,-0.00017759699,-6.37907e-05,0.0003227857
2010-03-05,0.0015806676,0.0019252384,0.0015885248,0.0038023638,0.0013310113,0.0012853865
2010-03-08,0.0006638678,0.0006354149,0.00067615387,0.001097768,0.00047905362,0.0005469318
2010-03-09,0.0005057878,0.00041243,0.0004898761,0.00061286264,0.00034350136,0.00058965373
2010-03-10,0.00091711845,0.0009207858,0.00092341367,0.0017406237,0.0006601903,0.00070383627
2010-03-11,0.00020238504,0.00016889053,0.00016076678,0.0005504008,0.00010817473,0.00010417806
2010-03-12,-2.927048e-05,1.7830074e-05,-0.00014976645,0.0003497601,7.983029e-05,-9.339794e-05
2010-03-15,-0.0008592892,-0.0008507909,-0.00079480466,-0.0018283257,-0.0007253426,-0.00061545236
2010-03-16,0.0021026658,0.00221981,0.002051575,0.0042883437,0.0015756421,0.0018618894
2010-03-17,0.001995935,0.0020256038,0.0019107005,0.0038229434,0.0014216589,0.0019189253
2010-03-18,-0.00055665005,-0.00053906895,-0.0006255852,-0.0012953741,-0.00052003586,-0.00032547707
2010-03-19,-0.0014366979,-0.0013817509,-0.0013016924,-0.0029676072,-0.0011730152,-0.0011806499
2010-03-22,-0.0003214022,-5.596645e-05,-0.0003531094,-0.00016128954,-0.00019967028,-0.00017098234
2010-03-23,0.0016082523,0.0014971308,0.0016187867,0.0025131553,0.00088590116,0.001687882
2010-03-24,-0.0014403601,-0.0016113353,-0.0013755913,-0.0029394615,-0.0010350625,-0.0015157493
2010-03-25,0.0006738569,0.000341751,0.00058149424,0.00059591647,0.0003694641,0.00044254505
2010-03-26,-0.0005564046,-0.0003242319,-0.0006039311,-0.00028293426,-0.00037502678,-0.0005495494
2010-03-29,0.0009691492,0.00168491,0.000960297,0.0028208257,0.0008844081,0.0015290303
2010-03-30,0.00014145757,0.00027029228,0.00020665437,0.00038738275,0.00017575269,0.00020262931
2010-03-31,-0.00083004177,-0.0007463378,-0.0008941318,-0.0013744999,-0.0006178036,-0.0007280079
2010-04-01,0.0026064848,0.002845796,0.0026679228,0.005136206,0.0022738054,0.0028774522
2010-04-02,0.00025609112,0.00021044395,0.00019010481,0.00039382663,0.00019490697,0.00037792168
2010-04-05,0.002615256,0.0024459665,0.0026564882,0.0041561625,0.0019329425,0.0027121832
2010-04-06,0.0005024564,0.0006576559,0.0005712593,0.00094109523,0.00027185262,0.0008412577
2010-04-07,-0.0018480325,-0.0015970625,-0.0018267756,-0.0029591264,-0.0014227293,-0.0017712953
2010-04-08,-0.0003096128,-0.00046644942,-0.00037617373,-0.0008110291,-0.0002916061,-0.00033063072
2010-04-09,0.0013814948,0.0016988689,0.0013989498,0.003426512,0.0012684265,0.0016078827
2010-04-12,-0.0012203095,-0.00084103853,-0.0011697923,-0.0010949206,-0.00073778495,-0.0009899524
2010-04-13,-0.00062412064,-0.0004093653,-0.00055521645,-0.00077394274,-0.00044199094,-0.0004967335
2010-04-14,0.0034198486,0.0033553625,0.0034760379,0.0062385723,0.0026084988,0.0035360623
2010-04-15,-3.378019e-05,-6.9649386e-06,-3.5536043e-05,5.839443e-05,3.4367654e-06,-1.557279e-05
2010-04-16,-0.0052794535,-0.005053642,-0.0052068443,-0.0094245905,-0.004009311,-0.005617734
2010-04-19,-0.0021132876,-0.0019487139,-0.002046777,-0.0036898744,-0.0017023415,-0.0020171555
2010-04-20,0.002068967,0.002614852,0.0020913593,0.004211512,0.0015756366,0.0027789823
2010-04-21,0.00022838783,0.00020164791,0.00015851692,0.00027814286,0.00012706406,0.00015345603
2010-04-22,0.00034668928,0.00019519166,0.00042332814,0.00015825515,0.00017455063,9.612508e-05
2010-04-23,0.0005171038,0.001113105,0.00048635184,0.002044946,0.0006422483,0.001265864
2010-04-26,0.00024178613,0.00034564195,0.00017371245,0.0005303657,0.00022444465,0.00045317764
2010-04-27,-0.0041272696,-0.005248547,-0.0038699019,-0.009078875,-0.0038757122,-0.0060084336
2010-04-28,0.00036642782,0.00016922683,0.00033405033,0.0005050864,0.00014419299,0.00040071053
2010-04-29,0.0007591193,0.0017918494,0.000752386,0.0027876515,0.00082966324,0.0017823642
2010-04-30,-0.00074914464,-0.0011647091,-0.000658702,-0.0017817899,-0.00063120504,-0.0014672165
2010-05-03,0.001217669,0.0013826495,0.001175158,0.002188552,0.0008682317,0.0015907155
2010-05-04,0.00017094894,-0.0026152076,0.00015171022,-0.0042693773,-0.0012415171,-0.0025799174
2010-05-05,0.00080717786,-0.00071931176,0.0007380275,-0.0012913524,-0.00018260498,-0.0005720976
2010-05-06,0.004399332,-0.00021568037,0.003961556,0.0011277748,0.0020412002,0.0006516257
2010-05-07,0.00028601693,-0.0011384564,0.00016224236,-0.0011376097,-0.00045723663,-0.00036816573
2010-05-10,-0.008386329,-0.0011378635,-0.006735026,-0.0044235615,-0.0038577402,-0.0056664413
2010-05-11,0.0019835962,0.00069474214,0.0015812058,0.0012237368,0.0008576503,0.0017549685
2010-05-12,-0.0013345138,2.819132e-05,-0.0011485897,-0.00045584433,-0.00037851735,-0.0005295772
2010-05-13,0.0006101632,0.00016134848,0.0006340876,0.00015483235,9.322341e-05,0.00031080557
2010-05-14,0.0026436036,0.00032977402,0.0023579437,0.00077103,0.00048824475,0.001738358
2010-05-17,0.0005525182,-0.0005151321,0.0004928316,-0.0007637103,-0.000257105,7.921489e-05
2010-05-18,0.002267076,0.0010921496,0.0018409065,0.0013323536,0.00078215136,0.0021955005
2010-05-19,-9.9990764e-05,-0.0014405437,4.6448095e-05,-0.0015157324,-0.000638373,-0.0006428006
2010-05-20,0.005109277,0.0005116482,0.0038597065,0.0011445824,0.0013217378,0.003536212
2010-05-21,-0.0025840662,-0.00077870843,-0.0015065997,-0.0009865667,-0.00075139786,-0.0022562118
2010-05-24,0.0009793615,0.0003292796,0.00055897713,0.00040295816,0.0002450665,0.00091814774
2010-05-25,0.0020369277,0.00023406796,0.001254318,0.00046166114,0.0004650899,0.001692723
2010-05-26,-0.0006874571,1.6034439e-05,-0.0005024356,-8.17722e-05,-0.00015949694,-0.0003921923
2010-05-27,-0.0070442143,-0.0017449007,-0.0038878925,-0.0020175094,-0.0014916002,-0.005783308
2010-05-28,0.0009422442,0.00024594396,0.0005019591,0.00028310154,0.0001676816,0.0006165077
2010-05-31,-0.00018968292,-1.0926006e-05,-0.00011406168,-0.00013573539,-9.605947e-05,-0.000105298255
2010-06-01,0.001607701,7.546082e-05,0.0010686221,1.9614514e-05,0.00020657011,0.0011661949
2010-06-02,-0.00193733,-6.159689e-05,-0.0012134212,-5.820536e-05,-0.00019966159,-0.0014734702
2010-06-03,-0.00090846897,6.9580633e-06,-0.000759234,-0.00013185975,-0.00015576508,-0.0006584846
2010-06-04,0.0028432433,6.8342124e-05,0.0018614278,-9.4969924e-05,0.00025281808,0.0017719314
2010-06-07,0.0016963831,0.0002984915,0.0011207481,0.00023967071,0.0003567222,0.001294272
2010-06-08,-0.0014601784,-0.0005171063,-0.0007836477,-0.000560272,-0.0005072083,-0.0011973892
2010-06-09,-0.00069979805,-0.00013198992,-0.00047497646,-0.0001349075,-0.0001623661,-0.00060738716
2010-06-10,-0.0036569284,-0.00087473076,-0.0018878832,-0.00077754137,-0.0008432877,-0.0026076273
2010-06-11,-0.00014959683,0.00038822903,-0.00018522824,0.0005391167,0.00027940745,0.0002926409
2010-06-14,-0.0008779831,-1.726916e-05,-0.0006129522,0.00010464035,-2.748847e-05,-0.00057207816
2010-06-15,5.5623193e-05,0.0011021215,-0.00025640192,0.0015282154,0.0006159834,0.00031992278
2010-06-16,0.00010440742,0.00010346281,4.218112e-05,6.7853915e-05,-3.115909e-05,4.948933e-05
2010-06-17,0.0003342057,0.00030289977,0.000117658565,0.00051591033,0.00028807184,0.00027301363
2010-06-18,0.00041214438,0.00034958983,0.00039925502,0.0005788323,0.00025195317,0.0002131705
2010-06-21,0.00025611182,0.00050717185,0.00023078758,0.00083484023,0.00022475078,0.00023458913
2010-06-22,-0.0012184936,-0.0012575204,-0.00091143843,-0.0023562158,-0.0007485725,-0.00080458936
2010-06-23,-0.0002269005,-0.00026588066,-0.0003124886,-0.00059082883,-0.00011606446,-6.0575774e-05
2010-06-24,-0.0009740523,-0.0012488366,-0.00077320926,-0.0021288549,-0.0005737893,-0.0005276691
2010-06-25,0.000809458,0.00086424575,0.00066658296,0.0013275737,0.00045006804,0.0006899988
2010-06-28,0.0001655663,-2.404959e-05,4.1062936e-05,-0.00017971078,5.7441007e-06,0.00024940196
2010-06-29,-0.0010220268,-0.0025949504,-0.0011560036,-0.0041506155,-0.00072060456,-0.00080588565
2010-06-30,0.0001290374,-0.00022914604,0.00016655604,-0.00016838813,0.00021525737,0.00010139149
2010-07-01,0.00022212912,-0.00040190356,0.0001519997,-0.00031058516,8.7319626e-05,-0.00013242054
2010-07-02,0.00021675021,2.808338e-05,0.00026696073,3.64307e-05,0.0001676982,-4.406329e-06
2010-07-05,8.446246e-05,6.5383106e-06,0.0001181477,0.00010657869,6.602953e-05,7.034035e-05
2010-07-06,-0.0010761443,-0.00011368774,-0.0009816244,-0.000679078,-0.0007943557,-0.0009333831
2010-07-07,-0.0024005242,-0.00052058185,-0.0020749432,-0.001565055,-0.0013543987,-0.001997499
2010-07-08,-0.0011537259,-0.00027317932,-0.0010293858,-0.00087532116,-0.00066285743,-0.0010792782
2010-07-09,-0.0012932712,-0.00058439013,-0.0011631006,-0.00086576317,-0.000578392,-0.0010120183
2010-07-12,-2.5319365e-05,-6.828778e-05,-2.7347161e-05,-9.399454e-05,-2.7867529e-05,-4.622987e-05
2010-07-13,0.00042878784,0.00077213504,0.00034529058,0.0012668574,0.0006658845,-4.6441874e-05
2010-07-14,0.00068668247,0.0006664385,0.00053282094,0.001139184,0.0005778767,0.00069782283
2010-07-15,0.00064962014,0.00064053276,0.00068685686,0.00091458124,0.00043731762,0.00088452175
2010-07-16,-0.0016103494,-0.0016748827,-0.001376949,-0.0031012045,-0.0016845134,-0.0012276808
2010-07-19,-0.00059171533,-0.00037705185,-0.00047408132,-0.00063627714,-0.0003480209,-0.0006784564
2010-07-20,-0.00023585874,0.0002504891,-0.00022427556,0.0005493531,1.6833643e-05,-2.1458505e-05
2010-07-21,-0.00037356644,-0.00044569155,-0.00029655878,-0.0006117006,-0.00038027158,-0.0001858937
2010-07-22,0.0010186197,0.0016399217,0.0009217442,0.0026222616,0.0011540196,0.001269547
2010-07-23,0.0002235049,0.0005793649,0.00020951629,0.0008835529,0.00033819277,0.000300754
2010-07-26,0.0008682241,0.00082332996,0.00077880797,0.0013431916,0.0007537961,0.0007826981
2010-07-27,-0.00034717898,-0.00031026333,-0.0003428026,-0.00067386794,-0.00034110367,-0.0004411985
2010-07-28,-0.0004793674,-0.00032554407,-0.00039897594,-0.0006232183,-0.0003477496,-0.00014396434
2010-07-29,0.0005583341,0.0004739315,0.00045430256,0.00080576557,0.00043261482,0.0007623951
2010-07-30,0.00063384156,0.0007688312,0.00039687945,0.0013125015,0.00072257087,0.0008062173
2010-08-02,0.0037410469,0.0035107017,0.0030576973,0.005822591,0.0031881647,0.0034684748
2010-08-03,6.3225474e-05,6.0838658e-05,0.00013397256,-6.7352426e-06,3.3402741e-06,0.00012819453
2010-08-04,0.00053865125,0.0005922817,0.00037891092,0.000980038,0.00054795004,0.00056936045
2010-08-05,-0.000107214604,-8.483136e-07,-0.0002017111,6.918877e-05,1.6997874e-05,-0.00014509802
2010-08-06,-0.000718732,-0.0007152918,-0.0005964244,-0.0011847798,-0.0007246718,-0.00056236994
2010-08-09,0.0011125028,0.001018832,0.0010321236,0.0016569478,0.00090351404,0.0012822086
2010-08-10,-0.0015386628,-0.0014212246,-0.0013718533,-0.002513932,-0.0012973251,-0.0016695211
2010-08-11,-0.0045411726,-0.004348783,-0.0043719593,-0.007634091,-0.003771952,-0.004818291
2010-08-12,-0.002337514,-0.0017814642,-0.0021432952,-0.0032520567,-0.0016959959,-0.0022284926
2010-08-13,0.00013221531,0.0001840297,9.997928e-05,0.00030466175,0.00012539221,0.00029140007
2010-08-16,0.00060743716,0.0006361653,0.0006034611,0.0010316377,0.00048783034,0.0006527934
2010-08-17,-0.0002783136,0.00041362958,-0.00014804746,0.00027711576,-6.223189e-05,0.0006412132
2010-08-18,-0.00024259981,-3.2541127e-05,-0.00021472418,2.0937527e-05,-0.00017387718,-0.000114793256
2010-08-19,0.00043813197,-0.00023989253,0.00038105136,-0.00011516384,-1.9255505e-05,-0.0004909648
2010-08-20,0.00028125913,-0.00020719516,0.00021535822,-0.00029538883,-2.255844e-05,-0.0002527621
2010-08-23,0.0005877131,0.0003039064,0.00037357444,0.000549952,0.0003739431,0.0003805342
2010-08-24,0.0010120611,8.852004e-05,0.00073666597,0.0006691394,0.00036916172,2.4454135e-05
2010-08-25,-0.0002409663,-0.00038751843,-0.0002472116,-0.00080211635,-0.00036919137,-0.00057078863
2010-08-26,0.00032478062,0.00041478695,0.0001261965,0.0005438185,0.00025713543,0.000533129
2010-08-27,-0.002547889,-0.0010173592,-0.0018656346,-0.0024025608,-0.0015482969,-0.0013702484
2010-08-30,0.00046004317,0.00019139297,0.00015947115,0.00056339946,0.0003210732,0.00022890144
2010-08-31,0.0014065683,0.0008429168,0.0010994601,0.0013341208,0.0007769303,0.0010181929
2010-09-01,-0.0028595224,-0.0003821937,-0.0020496238,-0.000941657,-0.0008768402,-0.00088210806
2010-09-02,-0.0008548872,-0.00013006025,-0.0005570293,-0.00017622256,-0.000235942,-0.0003832975
2010-09-03,-0.00053423364,2.8039789e-05,-0.00044650197,-0.0001494246,1.7462606e-05,-8.405426e-06
2010-09-06,-0.00020553976,7.6708406e-05,-0.00011469715,0.00017753012,8.1852995e-05,4.3402353e-05
2010-09-07,0.00017041244,-8.026326e-05,0.000112693124,3.125011e-05,-0.00012113542,6.938606e-05
2010-09-08,9.864494e-05,0.00017423449,-2.8169881e-05,8.526482e-05,4.101237e-05,0.00017106277
2010-09-09,0.00015507285,0.00013531448,0.000112720336,0.00017307815,0.00018146248,-2.172186e-06
2010-09-10,0.00038663603,0.0003751766,0.00040778652,0.0006519709,0.00036697648,0.00019944254
2010-09-13,0.002300008,0.0024036323,0.002037187,0.0038268822,0.0021496546,0.0022856873
2010-09-14,0.0009082483,0.000986291,0.0007852649,0.0017693264,0.00088021846,0.0010554671
2010-09-15,0.00023512043,0.00020586886,0.00052438746,0.000536076,7.627205e-05,0.00018017534
2010-09-16,-0.0011483602,-0.00078431127,-0.00074236904,-0.0012470061,-0.0005840561,-0.0012956175
2010-09-17,9.1721646e-05,0.0003208278,0.00015576239,0.0005820289,0.0001667977,0.00016910369
2010-09-20,0.0026341274,0.002461585,0.0025202956,0.0045673237,0.0020461974,0.0025034726
2010-09-21,0.00047682555,0.0005330558,0.00053915393,0.000857228,0.00047579466,0.0006522786
2010-09-22,0.0005031679,0.00015513554,0.00031781493,0.0003690878,0.0003069256,0.00040219905
2010-09-23,-0.0011235498,-0.0011089053,-0.0010564607,-0.0021634598,-0.00094356167,-0.0009546678
2010-09-24,0.0028048777,0.0029330738,0.0026586552,0.005572924,0.0023770763,0.0027929374
2010-09-27,0.00069495436,0.0006530379,0.00052655156,0.0010270166,0.00051169033,0.0008643726
2010-09-28,0.0008378376,0.0007430069,0.00085639936,0.0014982843,0.0007243005,0.0008831267
2010-09-29,0.00076069357,0.00043950474,0.0007160033,0.0006927545,0.0004887087,0.000592738
2010-09-30,0.0002577861,0.00019725921,0.00010787126,0.000301983,0.00020838392,0.00024072993
2010-10-01,0.0010888942,0.0009369931,0.0011588626,0.0019539301,0.0009571342,0.00089018594
2010-10-04,-0.0003731594,-0.00062707294,-0.0004824972,-0.00118954,-0.0005399023,-0.00047066144
2010-10-05,0.0029249238,0.0031814054,0.0028487393,0.0059059737,0.0026096501,0.0035420768
2010-10-06,0.0019027755,0.0015183146,0.001673224,0.0027231036,0.0014401252,0.0018788398
2010-10-07,-0.00073126575,-0.00075923937,-0.0008514099,-0.0014918284,-0.00063746143,-0.00057210604
2010-10-08,0.0018129268,0.0021580684,0.0015760408,0.0040622214,0.0018707156,0.0025125246
2010-10-11,0.0008752012,0.0006637785,0.0004994769,0.0012214542,0.00064343755,0.0009784176
2010-10-12,-0.0009497996,-0.0006511048,-0.0007325266,-0.0012367179,-0.0006090557,-0.0008575559
2010-10-13,0.0034138958,0.003148483,0.0030887537,0.0056721386,0.0028268946,0.0035408593
2010-10-14,0.00034650954,0.00020289092,0.00017437291,0.00042335255,0.00025745525,0.00034706952
2010-10-15,-0.00028439687,-0.00037869418,-0.00039406735,-0.0006935355,-0.00026285945,-0.00028685926
2010-10-18,0.0004895128,0.000590606,0.00048282646,0.0010439256,0.0003963676,0.0005396321
2010-10-19,-0.0047858055,-0.004175953,-0.0041403533,-0.008018716,-0.0037986296,-0.004865314
2010-10-20,0.0014915745,0.0019418586,0.0017265114,0.0036765898,0.0014966791,0.0018555524
2010-10-21,0.0008221011,0.00047076552,0.00044273518,0.00043791102,0.0003623903,0.0006740313
2010-10-22,0.00026450292,0.00043563635,0.00030765854,0.0008203439,0.00032527253,0.00035814662
2010-10-25,0.0015962163,0.0018241217,0.0012973491,0.0032068288,0.0014953593,0.0022436066
2010-10-26,-0.00048329035,-0.0006385881,-0.00043120436,-0.0010364397,-0.00051788555,-0.0006304755
2010-10-27,-0.0020092232,-0.001965477,-0.0015671914,-0.003688481,-0.0017777545,-0.0026291348
2010-10-28,-9.9285055e-05,0.00038357588,4.519824e-05,0.00089432613,0.00038021916,0.0001647313
2010-10-29,0.00021043811,0.00034960263,2.812089e-05,0.0006969944,0.00028665696,0.00043530954
2010-11-01,0.00068139116,0.00080797274,0.00050269533,0.0013800999,0.0006986021,0.0013274598
2010-11-02,0.0012004015,0.0016847149,0.0009694727,0.0029256174,0.0013250015,0.001884489
2010-11-03,0.0001659802,0.00031073648,0.0001932306,0.000527511,0.00025513483,0.00071393466
2010-11-04,0.004733674,0.005017166,0.0039548054,0.008139448,0.0044164904,0.0064480053
2010-11-05,0.00035527162,0.00031260515,0.0003149295,0.00036028193,0.00022283672,0.00045290374
2010-11-08,-0.00014679538,-5.313961e-05,-7.69073e-05,-9.0018504e-05,-7.780577e-05,-0.00025847045
2010-11-09,-0.0019568135,-0.0016870633,-0.0015985782,-0.0028649375,-0.0015478239,-0.0020763627
2010-11-10,-0.0006634836,-0.00043665798,-0.00048162678,-0.00042526764,-0.00039451872,-0.0006578018
2010-11-11,-0.00071448,-0.00096097763,-0.0007152611,-0.0016057676,-0.00067968905,-0.0010760253
2010-11-12,-0.0050607724,-0.00474578,-0.004076399,-0.007901424,-0.003904984,-0.0054795532
2010-11-15,5.147012e-05,-4.5556706e-05,4.3246837e-05,-0.00029048655,-0.00012675604,-0.00014013506
2010-11-16,-0.0022269338,-0.003370598,-0.0019227897,-0.0054329047,-0.0023476826,-0.0046039335
2010-11-17,-0.00023831558,-5.571492e-05,-0.00034455588,-0.00012810084,-0.00017440502,-0.0001909897
2010-11-18,-0.00047436418,0.0016510162,-0.00041276225,0.0020244587,0.00058056816,0.0021537628
2010-11-19,0.0006338369,0.0005280128,0.00044880444,0.0009540795,0.00046354524,0.00068006647
2010-11-22,-0.00046601676,-0.00027373913,-0.00040285036,-0.00042892987,-0.00029712444,-0.00053642655
2010-11-23,-0.0003523302,-0.0018932835,-0.00018993746,-0.0027405801,-0.0014887324,-0.0027179385
2010-11-24,1.1167345e-05,0.0011265808,2.1018106e-05,0.0014323837,0.00056808576,0.0008846831
2010-11-25,2.8259563e-05,0.000140142,7.559128e-05,0.0002854647,8.791078e-05,0.00026590706
2010-11-26,0.00041506358,-0.00069290516,0.00040857441,-0.0008397724,-0.00034879378,-0.0007455545
2010-11-29,0.00039305518,0.00019124377,0.0003115484,0.000272792,0.0002069447,0.00024066049
2010-11-30,0.0006921706,-9.449306e-05,0.0006580727,4.5340686e-05,0.00010884952,-6.574163e-05
2010-12-01,-0.0009501974,0.0012205391,-0.00097322185,0.0016248383,0.0008519293,0.0009280212
2010-12-02,-0.0009852707,0.00068737235,-0.0009535341,0.0006761475,0.00032522896,0.00054384366
2010-12-03,-0.0001632126,0.00036876494,-0.00029574888,0.00031158375,0.0002442044,0.00035151932
2010-12-06,-0.0005977041,-1.5935582e-05,-0.0005383311,-5.7990514e-05,-9.775378e-05,-0.00029413356
2010-12-07,-2.6619122e-05,-0.0003844813,0.00011412384,-0.00073861104,-0.0003797128,-8.0445534e-05
2010-12-08,-0.00016689152,-0.00032697176,-0.00013279144,-0.0006863823,-0.00038070648,-0.00012084259
2010-12-09,0.00021760036,0.00020095338,0.000257667,0.00030417496,0.00012729352,0.00014906742
2010-12-10,0.00046752894,0.0003879195,0.0004340546,0.0005399836,0.00022644814,0.00044116259
2010-12-13,0.0007251044,0.0010189248,0.0005387501,0.0016359654,0.0008224694,0.00089563866
2010-12-14,0.00033448986,0.00011413481,0.00027358337,-2.9651108e-05,2.3375336e-05,0.00011699256
2010-12-15,-0.00022880196,-0.0006832871,-0.00017826838,-0.0012220354,-0.0005024652,-0.0004111165
2010-12-16,0.00045646215,0.00040247006,0.00039786357,0.000788249,0.00026877446,0.00037809357
2010-12-17,1.9985597e-05,0.00041448817,-6.192513e-05,0.00079046865,0.00031107684,0.00013046218
2010-12-20,0.0005367528,0.0005486295,0.0003972107,0.00090800907,0.00036695553,0.00057367433
2010-12-21,0.0015156112,0.0017858522,0.0012840776,0.003271466,0.0013635888,0.0015656376
2010-12-22,0.0011765166,0.0009087607,0.0009465243,0.001562378,0.00074770517,0.0011325403
2010-12-23,0.0004902319,0.00024122382,0.0002950532,0.000447578,0.0002387043,0.00038186237
2010-12-24,-0.00039769677,-0.00021856274,-0.0002456009,-0.00044663763,-0.00022141227,-0.00038761913
2010-12-27,-0.00044087417,-0.00028759136,-0.00034562,-0.00040769237,-0.00021104916,-0.00039945624
2010-12-28,0.0009651142,0.0007307403,0.0008117032,0.0010984166,0.0005602586,0.0009368524
2010-12-29,0.0011038654,0.001330195,0.0008968192,0.0023463862,0.0011706733,0.0011817957
2010-12-30,-0.00065709325,-0.0005491365,-0.00062685774,-0.0011415461,-0.00049220584,-0.0007865093
2010-12-31,0.0011264513,0.0011384885,0.00080618117,0.0020662327,0.0010217438,0.0011714316
2011-01-03,0.0018188012,0.0017968097,0.0015434206,0.0027126132,0.0013318743,0.001929064
2011-01-04,-0.002106095,-0.0017349718,-0.0010217685,-0.0032335867,-0.0014446451,-0.0019583267
2011-01-05,-0.001017107,-0.0006359914,-0.00027943356,-0.00083951396,-0.00044788144,-0.00070875866
2011-01-06,-0.001941846,-0.0014100686,-0.0006245975,-0.002385718,-0.0010396583,-0.0018897494
2011-01-07,-0.0011423015,-0.0011612024,-0.0006214298,-0.0018189148,-0.0007467784,-0.0011431051
2011-01-10,-0.00032993784,-0.0004227394,-0.0004523792,-0.00060697127,-0.00023277014,-0.000108913744
2011-01-11,0.000704832,0.0012481143,0.00059814,0.0018887052,0.000716738,0.001244812
2011-01-12,0.0009924341,0.001988297,0.0005969247,0.0028945832,0.00091994077,0.0016256276
2011-01-13,-0.0008796407,-0.00048442057,-0.00033360388,-0.0010250666,-0.0006149635,-0.00080226915
2011-01-14,0.0005663172,0.00057127845,0.00042471467,0.0012011098,0.00053346815,0.00040438763
2011-01-17,4.520819e-05,-0.0001835235,-3.6802507e-05,-0.00016294057,-8.3195395e-05,-2.9397866e-05
2011-01-18,0.0009432563,0.0012960548,0.00072528684,0.001872113,0.00085639744,0.0013017433
2011-01-19,-0.0019621076,-0.0017624679,-0.001222265,-0.0032145865,-0.0013584197,-0.002153994
2011-01-20,-0.0016195623,-0.002073719,-0.00097121747,-0.0030313213,-0.001409883,-0.0018849216
2011-01-21,0.0006135812,0.000600035,0.00045154916,0.0009834672,0.0006498169,0.0003949556
2011-01-24,0.0007947605,0.0009936331,0.00067943404,0.0014307073,0.0005992083,0.00093182985
2011-01-25,-0.00086427137,-0.00082552613,-0.00055331277,-0.0014613745,-0.0006964494,-0.001001685
2011-01-26,0.0007513894,0.0013503213,0.00057995494,0.002063715,0.0008640897,0.0017100219
2011-01-27,0.00053927506,0.00041875624,0.0003075426,0.000757987,0.00028912464,0.0005305493
2011-01-28,-0.0026167382,-0.0028860548,-0.0020101247,-0.0050219293,-0.002197485,-0.003355061
2011-01-31,0.0006337919,0.0008718921,0.00044220872,0.0015476013,0.00055635493,0.0010207187
2011-02-01,0.0016921875,0.0029278828,0.0012742592,0.0039862394,0.0018030817,0.002904958
2011-02-02,6.3263695e-05,2.941615e-05,-7.599536e-05,0.00011281461,5.7582874e-05,0.0003121338
2011-02-03,-0.0007146036,-0.0003370422,-0.00035149543,-0.0006542061,-0.00029937478,-0.000554653
2011-02-04,-0.00041070007,-0.0004180085,-0.0003307776,-0.0006834669,-0.00032461615,-0.00036851867
2011-02-07,0.00053406385,0.00071923743,0.00066297007,0.0012169371,0.00055528333,0.0006572023
2011-02-08,0.0012674934,0.0010684694,0.0009323308,0.0018274226,0.0008970373,0.0013245525
2011-02-09,-7.837477e-05,-0.00036021028,-0.00015425718,-0.0005310626,-0.00031742075,-0.0003221762
2011-02-10,-0.00012364838,-0.0006839969,-0.0003083312,-0.00072057213,-0.00039733894,-0.00050415966
2011-02-11,-0.00031020606,0.00033891556,0.0001627098,0.0005572994,0.00030207686,-0.0003507422
2011-02-14,0.000105154606,0.0005894945,0.0003095586,0.0010654752,0.00040516615,0.0002790376
2011-02-15,-0.0005772489,-0.0006520259,-0.00051014696,-0.0011417634,-0.0005716551,-0.0006816483
2011-02-16,0.0014216622,0.0017509827,0.0009818069,0.0028647813,0.0014322262,0.0017339143
2011-02-17,0.0006140975,0.0010630789,0.00057826005,0.001714192,0.0006560054,0.0009785326
2011-02-18,2.3503817e-05,0.00039729828,8.711756e-05,0.00052978896,0.00021964214,0.000155003
2011-02-21,-0.00080291374,-0.0007474153,-0.00041525392,-0.0013508865,-0.0006927744,-0.0007421832
2011-02-22,-0.0039893673,-0.0045776763,-0.0027225402,-0.0077659977,-0.0034459506,-0.0048814546
2011-02-23,-0.00023052208,-0.0006033795,-0.00027822983,-0.0008900249,-0.00025719256,-0.000600699
2011-02-24,8.2445054e-05,-0.00031336903,4.039486e-05,-0.0006341663,-0.00016448491,-0.0001552398
2011-02-25,-0.0002078306,0.0016127045,0.00013701363,0.0017303454,0.0004903555,0.00095085363
2011-02-28,-2.2582972e-05,0.0007483972,5.6596287e-05,0.0010120366,0.000293815,0.0007738412
2011-03-01,-0.00016671378,-0.00070677,-0.0004954425,-0.0010227418,-0.0006463328,-0.0008210328
2011-03-02,0.0005980005,0.00042188368,0.00027225437,0.00074530503,0.0003138388,0.00062947016
2011-03-03,0.00031965002,0.001464102,0.00013903379,0.0016056078,0.0007925071,0.0014995049
2011-03-04,-8.496988e-05,0.0001446812,0.000108696004,0.0002679413,-3.0755058e-05,-0.00023769523
2011-03-07,-0.00026475283,-0.0010435681,-0.00019907733,-0.001103673,-0.0006036494,-0.0010623047
2011-03-08,-0.00038337303,0.00019673021,-0.00019931956,-9.571577e-05,-6.789127e-05,0.00016247715
2011-03-09,7.5469696e-05,-8.8885325e-05,3.727147e-05,-4.945094e-05,-6.5873995e-05,-0.000104649735
2011-03-10,-0.0012788973,-0.0027715322,-0.0011082081,-0.0037215953,-0.0017032408,-0.002698452
2011-03-11,-0.0013022461,-0.00083434593,-0.0006886386,-0.0014379339,-0.00082901376,-0.0011263818
2011-03-14,0.0005609394,-0.00050155836,0.00031673245,-0.00019729839,-3.7115067e-05,-0.00027030188
2011-03-15,0.00077022146,-0.002316536,0.0003366011,-0.0023763096,-0.00051842816,-0.0008700538
2011-03-16,0.0022912237,1.7718666e-06,0.0009363912,0.0009254941,0.0006961673,0.0010843403
2011-03-17,-0.0011735173,0.0010744664,-4.1710205e-06,0.0006173916,0.00031789445,-0.00044771045
2011-03-18,-0.0012016611,0.00027063373,-0.0003790175,-0.0002780155,-0.00023793778,-0.00046681694
2011-03-21,-0.0033317262,-4.3565838e-06,-0.00073059474,-0.0011750971,-0.0008277039,-0.0019171471
2011-03-22,-0.0005369911,-7.522276e-05,-5.8413112e-05,-0.00032042174,-0.00025367326,-0.0004195615
2011-03-23,-0.0008595206,-3.769096e-05,-0.00033562756,-0.00038405208,-0.00018781952,-0.000619032
2011-03-24,-0.0010828917,0.00015726592,-0.00037635744,-0.00022543609,-5.9586044e-05,-0.0004969262
2011-03-25,-0.00051164004,-0.00017529263,-0.000248463,-0.00034789453,-0.00016792798,-0.00038149563
2011-03-28,-0.0009808841,-0.0009745614,-0.00047283224,-0.0011975231,-0.00059908046,-0.0011849073
2011-03-29,0.00052013126,0.0006775798,0.00029669315,0.0008257227,0.00038981927,0.00069629675
2011-03-30,0.0010003583,0.0015846973,0.0008029017,0.0020569677,0.0010851132,0.0013980197
2011-03-31,0.0007920752,0.0009625341,0.0005676104,0.0012824421,0.00060420675,0.0010567204
2011-04-01,0.0017127078,0.0017023274,0.0013289383,0.0026116483,0.0012604257,0.001781516
2011-04-04,0.0014170834,0.0013556505,0.001055781,0.0020155392,0.0010366453,0.0013512871
2011-04-05,0.00015327132,8.227776e-05,9.546174e-05,0.00019980747,6.242277e-05,0.00022445597
2011-04-06,0.00091866014,0.00091651024,0.0009038287,0.001539088,0.00078572345,0.00089618773
2011-04-07,0.00011599164,-5.6519115e-05,-0.00035320202,-0.00020552191,6.557989e-05,0.00010020943
2011-04-08,0.0010242241,0.00093336374,0.0006930172,0.0016208276,0.0006875054,0.001028241
2011-04-11,-0.00072559796,-0.0008132395,-0.0006244193,-0.001557987,-0.0005058059,-0.00066532154
2011-04-12,-0.00381505,-0.0034924783,-0.0025716196,-0.0063230214,-0.002412884,-0.0039562886
2011-04-13,0.0005462418,0.00074815075,0.00045973907,0.0011706285,0.00023968719,0.0007351999
2011-04-14,0.00043792365,0.00042999326,0.0002815022,0.00076013524,0.0003099605,0.0003874327
2011-04-15,0.0004845912,0.0008364614,0.00021362641,0.0010845005,0.00039939673,0.00070826366
2011-04-18,-0.0012341278,-0.0021989916,-0.0011833722,-0.0030543995,-0.001167758,-0.0019623723
2011-04-19,-0.00095882814,-0.00023540053,-0.00018286475,-0.0008401161,-0.00052725786,-0.0007590227
2011-04-20,0.0013664943,0.0030030084,0.0007364699,0.0034665323,0.0011697233,0.0021463223
2011-04-21,0.0015605912,0.0019557972,0.0008603554,0.0026410047,0.0011482656,0.0018936816
2011-04-22,0.00020960835,0.00013086299,5.8383674e-05,0.00022263375,7.8776975e-05,0.00015892011
2011-04-25,7.703493e-05,-0.00012215239,-2.9530165e-06,-6.286333e-05,-6.43653e-05,-7.126545e-05
2011-04-26,0.00082244846,0.000941591,0.00071971904,0.0012559824,0.0007664606,0.00084414246
2011-04-27,0.0021224862,0.0018161625,0.0011320303,0.0030910347,0.0014308954,0.0021401618
2011-04-28,0.001188031,0.001271243,0.0008126695,0.0022171868,0.0010511175,0.0012387334
2011-04-29,0.0014319964,0.0015693383,0.0010146195,0.0024228932,0.0010429659,0.0014858795
2011-05-02,-0.00044662604,-0.00074920076,-0.0003173643,-0.0011104766,-0.0004668027,-0.00069957844
2011-05-03,-0.0016969097,-0.002060413,-0.001262266,-0.0032272886,-0.0013918445,-0.0021330456
2011-05-04,-0.002142037,-0.0026533569,-0.0016242466,-0.004122352,-0.0017503018,-0.002680609
2011-05-05,-0.002777695,-0.0036605666,-0.0020571693,-0.0056272405,-0.002357297,-0.0038263164
2011-05-06,-0.0008434768,-0.0004472925,-0.0002346819,-0.0004441526,-0.0002130603,-0.0009148422
2011-05-09,-0.001039036,0.00026439258,-0.0002536177,-7.074313e-05,-0.0004761188,-0.00015363049
2011-05-10,0.00014583212,0.00095474656,0.00013927753,0.0010715902,0.00035058532,0.0011040597
2011-05-11,-0.00036970264,-0.0013848812,-0.00029552227,-0.0019112286,-0.0009695029,-0.0013523742
2011-05-12,0.00029445748,-4.032518e-05,-9.163176e-05,0.00018838534,8.087374e-05,-0.0003406201
2011-05-13,-0.0002941165,-0.00092134107,-0.00026628264,-0.001205181,-0.0006011428,-0.0007484014
2011-05-16,0.00022936593,-0.00049730553,-0.00020674239,-0.00036571256,-0.00013153946,-0.00065596483
2011-05-17,-0.00030897802,-0.00018222228,-0.0002627966,-0.00023490697,-0.00014717146,-0.00031397177
2011-05-18,-0.0018307421,0.00032572675,-0.00087678165,-0.00043381465,-0.00037821048,-0.00037590854
2011-05-19,0.00018194834,0.00025891603,-1.6029e-05,0.00025258376,0.00015014513,0.0003894485
2011-05-20,-0.00018125826,-0.00057561864,0.00011145577,-0.0005175209,-0.00036117109,-0.00051884085
2011-05-23,0.0013646919,-0.0014829802,0.0006692987,-0.0013522365,-0.0009326348,-0.0005931672
2011-05-24,-0.00026495685,0.00013361909,-7.9675956e-05,0.00022613004,0.0001337234,-0.00023550213
2011-05-25,-0.0005668605,0.00038700615,-0.00029913252,0.00022476076,0.00010396114,-3.0584197e-05
2011-05-26,-0.0002969294,0.00071146194,-0.00025953545,0.0006527594,0.00035571307,0.00027275304
2011-05-27,-0.00031620177,0.00062380935,-0.00013719144,0.00049885083,0.0002105508,0.00050287344
2011-05-30,9.588292e-05,0.00013286568,2.2468059e-05,0.00013259538,8.753011e-06,0.00036694406
2011-05-31,-0.0016090471,0.00064054644,-0.0009969001,0.0004227046,0.0003048616,-0.00017965748
2011-06-01,-0.00050217885,-0.0018251389,-0.0003690666,-0.0012537627,-0.0008828127,-0.0014922617
2011-06-02,0.0002699393,-0.00024918964,-5.839262e-05,-0.0005629765,-0.00027712827,5.4671727e-06
2011-06-03,0.0003417336,-1.2853726e-05,0.0005890782,0.00028027748,0.000117281226,-0.00010968879
2011-06-06,0.00066287856,-0.0005376632,0.00041041424,-0.00038514278,-0.000101548285,0.00011682147
2011-06-07,0.0001495375,0.00046495238,0.00016050025,0.0004995823,0.00017023973,0.0003405242
2011-06-08,0.0008695824,4.818875e-05,0.0005825528,0.00024506648,7.0559145e-05,0.0005319729
2011-06-09,-0.0012009247,-0.00028992438,-0.00081003446,-0.00069405447,-0.00034818618,-0.0009222493
2011-06-10,0.00091255683,-0.0011034888,0.00010159852,-0.0012552516,-0.00064886705,0.00024576328
2011-06-13,-0.00051480276,-0.0007416535,-0.0005202913,-0.0011206542,-0.0005068184,-0.00044782745
2011-06-14,-0.0027816198,-0.00033274837,-0.0011975205,-0.00086830993,-0.000300478,-0.0023616536
2011-06-15,0.0013523533,-0.00074093486,0.00046518698,-0.0007469404,-0.00046380065,0.00084662036
2011-06-16,0.0002706067,-0.000581533,0.00017699742,-0.0006333204,-0.00031521614,5.6317087e-05
2011-06-17,-0.00032517608,0.00014888008,-3.298053e-06,0.000169204,6.7714245e-05,-0.00010764807
2011-06-20,0.00027982978,0.00015325767,0.0002529386,0.00023890968,9.991201e-05,0.0005066979
2011-06-21,-0.0023932164,0.00042296769,-0.00055145315,0.00025031046,0.00012714253,-0.0015275257
2011-06-22,0.00039447282,-0.00038454478,-0.00012697512,-0.00042980723,-0.00025615064,-1.2523983e-06
2011-06-23,0.0009778254,-0.00040111347,0.00025868692,-9.8762284e-05,1.125215e-05,0.00069775234
2011-06-24,0.00070666,-0.000124483,0.0004818716,-8.220634e-05,-8.816368e-06,0.0004892633
2011-06-27,-0.0006761168,-0.0001690964,-0.00037700668,-0.00031811727,-0.00013160173,-0.0004989187
2011-06-28,-0.0019373617,4.6841604e-05,-0.0008066141,-0.00016672513,-0.00017011346,-0.0013823656
2011-06-29,-0.0013092649,0.00061743666,-0.00038632948,0.0006651757,0.00035978382,-0.00068521115
2011-06-30,-0.00013982387,0.0006135765,-6.0184586e-05,0.00079324906,0.00029667647,0.00038464792
2011-07-01,0.000969166,0.0011906055,0.0011144695,0.0013363583,0.00053854,0.00086496706
2011-07-04,3.5752502e-05,0.00022891293,0.00012185577,0.0003282664,0.00025365344,-6.9412694e-05
2011-07-05,-0.0008136658,-0.000116176416,-0.00042792506,-0.00034363358,-0.00029257627,-0.0004272873
2011-07-06,-0.00047720276,-0.0003437796,-0.0002583942,-0.00041701616,-0.00035698962,-0.0001778275
2011-07-07,0.0019010676,0.0018510757,0.0017530293,0.0029349455,0.0009937488,0.0018915494
2011-07-08,-0.0010705946,-0.00084595394,-0.0010469239,-0.001318633,-0.00033131478,-0.00068378914
2011-07-11,-0.0039198264,-0.003875957,-0.0033919273,-0.006277153,-0.00208125,-0.0033900416
2011-07-12,-0.0019750702,-0.0017661295,-0.0015839075,-0.002863299,-0.0010668093,-0.0016823626
2011-07-13,4.823124e-05,0.00093307,0.00039601876,0.0010482532,0.000114403796,6.855863e-05
2011-07-14,-5.191543e-05,-0.00059032376,-0.00023347109,-0.0006845466,1.6233438e-05,0.00013404283
2011-07-15,0.0005802465,0.0007107424,0.000584767,0.0010567862,0.0003260468,0.00055439473
2011-07-18,0.00040058192,-0.00089929777,-0.00014940786,-0.0008888979,-6.27542e-05,0.00015473591
2011-07-19,0.00020960894,0.0013458814,0.00044313914,0.0013672637,0.00015999984,0.00026979958
2011-07-20,-0.0007955261,3.052176e-05,-0.00038371378,-0.00015807082,-0.00022218365,-0.000726233
2011-07-21,-0.0002880703,0.00065756636,0.000118516815,0.00054559234,0.0001073339,-7.5755524e-05
2011-07-22,1.0588325e-05,0.00071721163,0.0005026877,0.00095078885,0.00037657403,0.00026551474
2011-07-25,-0.00012901386,-0.00072275085,-0.00049351633,-0.0006760676,-0.00026707345,-0.00013620978
2011-07-26,0.0006034834,0.0006934577,0.00055223453,0.0010015247,0.00035764108,0.00071128836
2011-07-27,-0.001597475,-0.0022060147,-0.0017362969,-0.00303268,-0.0012451775,-0.0015825718
2011-07-28,-0.00011551119,-0.000303856,5.9817007e-06,-0.0002917882,-0.00013297747,-6.594411e-05
2011-07-29,0.00065068156,0.0002781373,0.0006914858,0.0008404464,0.0005386075,0.00063866115
2011-08-01,0.0018598858,0.0008662374,0.001055031,0.0014824385,0.00076527445,0.0015343894
2011-08-02,0.0026050366,-8.9106055e-05,0.0012869082,0.0012133367,0.0009398775,0.0016628815
2011-08-03,0.00026351705,-0.0005810236,-0.0002901877,-0.0008606848,-0.0004197993,-6.687501e-05
2011-08-04,0.0054271854,-0.0009950015,0.0009644669,0.0015860331,0.0019908943,0.0032162215
2011-08-05,-0.00029524075,-0.0011608816,-0.00025747882,-0.0017322894,-0.00051541574,-0.000798914
2011-08-08,0.01151464,0.0023572461,0.0026573066,0.007369597,0.0045247558,0.009653298
2011-08-09,-0.0023617651,0.0005715266,0.0010277473,-7.756219e-05,-0.00015016542,-0.0024589924
2011-08-10,0.004072233,0.0015032645,0.00013567357,0.0027546037,0.0011401937,0.0042683715
2011-08-11,-0.0043664654,-0.0011030893,-0.00012568575,-0.002919218,-0.0011339891,-0.004324346
2011-08-12,-0.002958935,-0.0009019661,-0.00043562189,-0.0012489618,-0.00068503106,-0.002600715
2011-08-15,-0.0034976404,-0.0011042199,-0.00032449022,-0.0021633974,-0.0009364326,-0.0031303207
2011-08-16,0.00047976666,0.00023069854,3.187833e-05,0.00042735145,8.186783e-05,0.000515306
2011-08-17,-0.0001772872,0.00033332015,1.4609713e-05,0.00040675126,0.00029809034,-0.00018922692
2011-08-18,0.0027429308,2.4964185e-05,-7.603096e-05,0.00023720447,-0.00022925236,0.0028413646
2011-08-19,0.002049173,0.0007920168,0.00036736077,0.0012067806,0.00049433863,0.0020063939
2011-08-22,5.706044e-05,0.00028021223,4.4396445e-05,0.0003892452,0.00022249587,-2.2795135e-05
2011-08-23,-0.0029303,-0.0005662288,-0.00015867047,-0.00097206543,-0.0003037431,-0.002614983
2011-08-24,-0.0014405331,-0.0011594419,-0.00047964448,-0.0018088309,-0.00082907674,-0.0014331474
2011-08-25,0.00048782816,5.652161e-05,3.620344e-05,3.2500426e-05,4.236807e-05,0.00035634846
2011-08-26,-6.695851e-06,0.00068637595,0.00037366519,0.0010227845,0.0004805251,0.00018845723
2011-08-29,-0.0013321178,0.00014942954,0.00016680513,0.00044879963,0.00025918317,-0.0012022087
2011-08-30,-0.0001822459,0.00029031895,-3.4680048e-05,0.0006561258,0.00029602853,-0.00010385579
2011-08-31,-0.00073842454,-7.044828e-05,-3.9907896e-05,1.8295454e-05,3.474893e-06,-0.00062916457
2011-09-01,-0.00078171556,-0.00082017976,-0.00047890996,-0.0012128889,-0.0005397283,-0.000611611
2011-09-02,-0.00036281635,-0.0005847211,-0.0001519284,-0.0007233265,-0.00025589345,0.00026556654
2011-09-05,-5.9005244e-05,-0.00031100033,-0.00020574949,-0.00065505086,-0.00026622918,0.00035383267
2011-09-06,-0.001065518,-0.0011820322,-0.0006256395,-0.001907182,-0.0008301432,-0.0010786556
2011-09-07,-0.001019789,0.00085535884,7.508517e-05,0.00048661753,8.390077e-05,-0.0017820509
2011-09-08,0.00036981655,-2.4681249e-05,0.00017506626,0.0002594693,0.00016204931,0.00043884656
2011-09-09,0.00044894495,-0.00086515007,-0.0003040645,-0.00075521466,-0.00016698505,0.0008977519
2011-09-12,0.00016512317,-0.0005976111,-0.00044381892,-0.0007362905,-0.00038469041,-2.5615702e-05
2011-09-13,-0.00058648287,-2.0694399e-05,-0.00018748356,-0.00026704755,-0.00015676531,-0.00072344753
2011-09-14,-0.00031074794,-6.593194e-05,4.544896e-05,-0.00010178074,-6.5639804e-05,-0.0005862347
2011-09-15,-0.0012550969,-0.00016760078,-0.00030346372,-0.000797558,-0.00043507866,-0.0014225722
2011-09-16,-0.000630114,-0.00010325792,-0.00024819621,-0.00034462,-0.00020248328,-0.00054491305
2011-09-19,0.0018222175,-0.00010552213,0.00034527594,0.00075139076,0.00040471027,0.0016195539
2011-09-20,0.0009047952,0.00085002516,0.00018436319,0.0013602396,0.0007487993,0.0008885372
2011-09-21,0.0005102221,-0.000637941,0.00014491084,-0.000116931966,0.0001286761,0.00063774135
2011-09-22,0.0048986003,-2.1852022e-05,0.0010677399,0.0023502766,0.0015398744,0.004265954
2011-09-23,0.0011096974,3.0091773e-05,0.00050846307,0.00042676335,0.00025921947,0.00049633393
2011-09-26,-0.0017845596,-0.0006998962,8.6210544e-05,-0.0018286873,-0.0011548911,-0.0017011354
2011-09-27,-0.0036623068,-0.0006262656,-0.0005711445,-0.0022304147,-0.0013830635,-0.00333093
2011-09-28,0.0016740287,-0.00017976858,0.00013201144,0.00039596893,0.0003511997,0.0014134706
2011-09-29,0.00022609394,0.00056928565,-2.694582e-05,0.0006485886,0.00032928554,0.00019649
2011-09-30,0.0028280814,0.00046962648,0.00024058227,0.0015987933,0.0009137736,0.0026425559
2011-10-03,0.003203896,0.0007562208,0.00029378396,0.0018779617,0.0010390026,0.0031168524
2011-10-04,6.6871944e-05,-0.00031916532,-0.0002224401,-0.00058902916,-0.000541428,0.00025135357
2011-10-05,-0.0028664751,-0.00060600095,-4.4766075e-05,-0.0016563659,-0.0008594689,-0.0029238919
2011-10-06,-0.0032723928,-0.0006359156,-0.00025846105,-0.0015408298,-0.0007265866,-0.0030442302
2011-10-07,-0.00022773266,-0.00036633844,-9.523387e-05,-0.00071559974,-0.0004410441,-0.0002486191
2011-10-10,-0.0024304627,-0.00021195109,-0.00022920503,-0.0006671938,-5.2707594e-05,-0.0025694491
2011-10-11,-0.0017265397,-0.00060235744,-5.8163972e-05,-0.0009424609,-0.00041630887,-0.0015700904
2011-10-12,-0.00025342923,0.00029007156,-0.00016301719,0.00040407607,0.0003773661,-0.0006394466
2011-10-13,-0.00060627,-0.0002136843,-0.00010610366,-0.0004016339,-0.00023855305,-0.0005926904
2011-10-14,0.00049482164,0.00077526754,0.00020611902,0.0012675114,0.0007955228,0.00038343764
2011-10-17,-0.0011189815,-0.0010706554,-0.00031238093,-0.001766308,-0.0009947466,-0.0010974121
2011-10-18,0.00044550767,0.0005902505,8.806339e-06,0.00078312616,0.00040650176,0.00066972646
2011-10-19,-0.00043048806,-0.0006070615,-8.087717e-05,-0.00090306805,-0.00046445607,-0.0003485961
2011-10-20,8.215691e-05,-9.3736744e-05,6.463823e-05,-0.00023936656,-0.000170368,0.00022279796
2011-10-21,0.00088352454,0.0012932024,0.00022292144,0.001877206,0.0009434472,0.00072890497
2011-10-24,0.0007363726,0.0012097518,0.00038126277,0.0018955297,0.0008961101,0.00033146853
2011-10-25,-0.0010963975,-0.0007583862,-0.0002315708,-0.0013858163,-0.00071387424,-0.0011432329
2011-10-26,0.00042700281,0.00041240602,0.00016632254,0.00078134454,0.00038260306,0.0003707561
2011-10-27,0.0031149674,0.0029353607,0.000800822,0.004998726,0.002549727,0.0022573338
2011-10-28,0.00045924127,0.00026866293,-3.4041565e-05,0.0006570917,0.0002493332,-0.00021814439
2011-10-31,-0.003628664,-0.0030114325,-0.00090787816,-0.0051918826,-0.002713946,-0.0031792896
2011-11-01,-0.003578722,-0.00248245,-0.00034951547,-0.004705813,-0.002476337,-0.0030193229
2011-11-02,0.00018364379,0.0007622777,0.00024376494,0.0011458668,0.00056168553,0.00053601986
2011-11-03,0.00045895585,0.0008673027,4.4934233e-05,0.0010612252,0.00047870746,0.0007316115
2011-11-04,0.00038277378,0.00013447352,0.00012867303,0.00037983205,9.450335e-05,-4.555137e-06
2011-11-07,0.0004016842,0.00054828357,0.00017892719,0.0006632596,0.0002534456,0.00062053336
2011-11-08,0.00011687862,0.0003972697,-0.00015852656,0.00043451934,0.00032108458,0.0004160486
2011-11-09,-0.0023798128,-0.002692932,-0.0003149686,-0.0039330795,-0.002195896,-0.0028456964
2011-11-10,-0.00039674877,-0.00034413367,-0.0004642355,-0.0005347049,-4.587491e-05,-0.0002244619
2011-11-11,0.00012825597,0.00091727095,6.3726e-06,0.0008034644,0.0002836149,0.000898967
2011-11-14,-0.00030299308,-0.0004933994,-7.987403e-05,-0.0005362956,-0.0003780516,-0.00053194753
2011-11-15,0.00057163945,0.0003954389,0.00016661371,0.00054591586,0.00047542428,0.0004054679
2011-11-16,-2.064594e-05,-0.0006113096,-6.3198255e-05,-0.0005092569,-0.00023140166,-0.0004884495
2011-11-17,-0.00021405231,-0.0011678938,-0.00038761742,-0.0010879548,-0.00042626224,-0.0010142761
2011-11-18,0.00040667108,0.00011064923,0.00015906866,0.00033594863,0.00021045275,0.00021561897
2011-11-21,0.0013920269,-0.0004778129,0.00019628918,0.0008297849,0.0006780232,2.0150688e-05
2011-11-22,0.00061230577,0.0004783313,0.0001417385,0.0006192128,0.00024557835,0.00034910513
2011-11-23,0.002609611,0.00012211598,0.00060780626,0.0020606755,0.001471549,0.0011613542
2011-11-24,0.0007701806,0.00043032638,0.00023853072,0.00064357225,0.00034969684,0.00059433695
2011-11-25,0.0005058406,-0.00024837544,7.8359335e-05,0.0002118672,0.0003255374,0.00014068559
2011-11-28,-0.004553192,-0.0006276139,-0.0007067125,-0.0038592166,-0.0025881196,-0.0030447277
2011-11-29,-0.0017147129,-0.0007142672,-0.0005170259,-0.001534603,-0.00079800916,-0.0013720201
2011-11-30,-0.0043193204,-0.0004924927,-0.00048634096,-0.0028744037,-0.0016770861,-0.0026013544
2011-12-01,-0.0014480562,-0.0008064632,-0.00036574763,-0.0014802371,-0.00078267034,-0.0012728012
2011-12-02,-0.00021920602,-1.0029253e-05,-1.47193905e-05,-0.00018744828,-0.00013007199,-6.699336e-05
2011-12-05,0.0001473678,0.00021557677,-8.583935e-05,5.278589e-05,0.0001989098,0.00016274255
2011-12-06,-1.8434366e-05,-7.47774e-05,-6.683708e-05,-0.00012467355,-0.000114630595,7.079652e-05
2011-12-07,0.00021434919,0.00015605356,6.9752256e-05,0.00015570897,7.260615e-05,0.00024314036
2011-12-08,-0.0008041206,-0.0012545249,1.4158201e-06,-0.0014510024,-0.0011470395,-0.00090954517
2011-12-09,0.00048026317,0.0007755323,-7.106136e-05,0.00054544094,0.00042917332,0.00049790257
2011-12-12,-0.00017043341,-0.00088436366,9.8180775e-05,-0.0008815904,-0.0007375819,-0.00014595028
2011-12-13,0.00017824504,-1.3356823e-05,0.00010552484,-2.6503349e-05,-7.563551e-05,0.00038934904
2011-12-14,0.0013102258,-7.04653e-05,0.00057329953,0.00014359214,-4.5684108e-05,0.0009931682
2011-12-15,0.0003202398,0.00025155992,5.245069e-05,0.00037511162,0.00025052464,0.00036005556
2011-12-16,-0.0007191165,-0.00028153785,-0.0001875567,-0.0005427055,-0.00026174498,-0.00063875946
2011-12-19,0.00031737788,-0.00016099577,0.00019077891,0.00015819693,0.00014847152,0.00013141414
2011-12-20,-0.0019777794,0.00011313549,-0.0005212683,-0.0010006111,-0.0004955057,-0.00150608
2011-12-21,-0.0011086871,-0.00061808486,-0.00050850597,-0.0010295656,-0.0004948767,-0.0010566724
2011-12-22,7.2924544e-05,0.00050283206,0.00016873339,0.00036911934,0.00021918963,0.00016293486
2011-12-23,-0.0001697041,0.00020532108,-0.00016020174,-4.4001274e-05,6.577879e-05,-0.00020265169
2011-12-26,6.7599467e-06,-6.357314e-06,-1.1904509e-05,-8.726801e-06,-2.17354e-05,1.3278715e-05
2011-12-27,0.0003702458,0.00033632698,0.00012804818,0.00045860343,0.0003284224,0.00029866374
2011-12-28,-0.00033964077,-0.0006862707,-0.00020570922,-0.00069923553,-0.00065089966,-4.250218e-05
2011-12-29,0.00062288495,0.00058880163,0.0002554388,0.0006591011,0.0004374851,0.00069256173
2011-12-30,3.9275343e-05,0.0002667,0.0002526164,0.00034154288,0.00018013414,-9.854236e-05
2012-01-02,1.9138799e-05,1.9879139e-05,-0.000119292345,-4.882397e-05,-1.9432075e-05,-9.061368e-05
2012-01-03,0.00013603929,0.00089773716,0.00014281223,0.00092191296,0.0008955038,-0.00015943464
2012-01-04,-0.0003424124,-0.00028171798,-9.683483e-05,-0.00044596515,-0.00023484789,-0.00034521692
2012-01-05,-0.00015826453,-0.00043277687,-0.00047873007,-0.0008259821,-0.000592415,0.00023579418
2012-01-06,-0.0001629544,-0.00015348771,-0.00019043735,-0.00033133922,-0.00026562702,8.577451e-06
2012-01-09,0.0005819751,0.000530458,0.00042368568,0.0008824064,0.00045398495,0.00051610585
2012-01-10,0.00068324344,0.0009191786,0.0006397447,0.0015614871,0.0008956778,0.00039766758
2012-01-11,0.00034842125,5.861979e-05,-0.00010666225,-4.2398457e-05,3.2635755e-05,0.00038387938
2012-01-12,7.622022e-05,-0.00014366803,5.563883e-05,-6.9365325e-07,5.8169833e-05,8.750619e-05
2012-01-13,-0.0009340684,-0.00070577767,-0.00040274023,-0.0013552192,-0.0007239187,-0.0009506868
2012-01-16,0.0007107295,0.0004032931,0.00021338998,0.0006692879,0.00033921722,0.00079161423
2012-01-17,0.0012851806,0.0012363696,0.00084050524,0.00195361,0.0010252413,0.0011629987
2012-01-18,0.0006516676,0.00057150883,0.0005401723,0.0013198706,0.00070834137,0.00055043516
2012-01-19,0.00013758635,0.00031809902,0.0002926067,0.0005047581,0.00032643968,1.9033776e-05
2012-01-20,-0.0006854911,-0.0004518673,-0.00012162193,-0.00060231035,-0.00032797857,-0.00081546145
2012-01-23,0.0005040434,0.0006762654,0.000524804,0.0012304162,0.0006408833,0.00063712266
2012-01-24,2.0038964e-05,-0.00015430152,-0.00024122417,-0.00020139036,-2.844397e-05,-0.00017737548
2012-01-25,0.0008396824,0.0011165645,0.00072313007,0.0019782616,0.0010231152,0.00090981286
2012-01-26,0.00087114616,0.0007909523,0.00051828165,0.0011477465,0.00062742125,0.0009517433
2012-01-27,0.00012943998,0.00022203814,3.549593e-05,0.00028333496,9.107962e-05,0.00012412417
2012-01-30,-0.0012726058,-0.0014664488,-0.0012052067,-0.002495481,-0.0012983129,-0.0016097963
2012-01-31,0.00041744983,0.0006001554,0.0005310126,0.00088554074,0.0004085739,0.0005667826
2012-02-01,0.0017564634,0.0015814217,0.0008144734,0.002982389,0.0013734427,0.002266558
2012-02-02,0.0011243675,0.0007591043,0.00064934604,0.0016781163,0.00081249967,0.0010003371
2012-02-03,0.0010874065,0.0010291442,-3.1607484e-05,0.0019775725,0.0009469198,0.0015535215
2012-02-06,0.00013856063,4.7269667e-05,0.00022751869,-5.393067e-05,1.1819068e-06,0.0001367879
2012-02-07,7.742935e-05,0.00017790259,-1.1207027e-05,0.0003225821,0.00016843181,0.000104147104
2012-02-08,0.00080156175,0.0006335507,0.00033400115,0.0013578972,0.0006693442,0.0006012971
2012-02-09,7.2372095e-05,3.4269494e-06,2.5129224e-05,3.8476028e-05,6.9412534e-05,2.3210605e-05
2012-02-10,-0.0023928054,-0.0019712658,-0.0009139663,-0.0039352668,-0.0019716402,-0.0025946684
2012-02-13,0.0012943348,0.0013383706,0.000414576,0.0023735533,0.0011651078,0.0016277722
2012-02-14,-0.0005865325,-0.00053626794,-0.00020515804,-0.00088336633,-0.00045127555,-0.0005534469
2012-02-15,0.0007167869,0.0006371969,0.00055713515,0.0010149122,0.0005418411,0.00075923535
2012-02-16,0.00038480706,0.00069302565,9.430781e-05,0.0011165955,0.00053409906,0.0009377632
2012-02-17,0.00077305076,0.0007554496,0.00042493583,0.0013399307,0.0007199921,0.0009721485
2012-02-20,0.0009046924,0.0007441873,0.00037584626,0.0012080107,0.00064026867,0.0010470481
2012-02-21,-6.8227506e-05,8.055939e-05,0.00022644193,8.2753235e-05,3.6337588e-05,4.625657e-05
2012-02-22,-0.00018220601,-0.00013313752,0.00010260061,-0.00024018514,-0.0001334762,-0.00025031148
2012-02-23,0.00031368574,0.00035442555,0.00015980208,0.0005926869,0.0002893146,0.00030654413
2012-02-24,0.0011375991,0.00086730625,0.00031978058,0.0016051334,0.00088114484,0.0012765955
2012-02-27,8.074483e-05,1.4259847e-05,-0.00033669942,-3.9624007e-05,8.175111e-05,-0.00038764367
2012-02-28,0.00017147638,0.00046136187,0.00031296298,0.00063806796,0.00033111745,0.0007483701
2012-02-29,-0.00092857215,-0.00090894435,-0.0006473412,-0.0016946989,-0.00084244757,-0.000908535
2012-03-01,0.00063350756,0.0011968974,-5.37395e-05,0.0019177728,0.00080008974,0.0014085625
2012-03-02,-0.0006429347,-0.00046733065,-0.00024079789,-0.0010747941,-0.0005431271,-0.0005288168
2012-03-05,-0.001709019,-0.0014820676,-0.00068116793,-0.0023420425,-0.0012425247,-0.0021683269
2012-03-06,-0.0032215517,-0.0036213957,-0.0013577123,-0.005893411,-0.0031293356,-0.0049990606
2012-03-07,-0.0007895245,-5.786799e-05,-0.00022515308,-0.00056448806,-0.0005008752,-0.00020981778
2012-03-08,-0.0001151659,0.0011607072,-7.1431723e-06,0.0008041185,5.703995e-05,0.0018130171
2012-03-09,3.777005e-05,0.00030294087,-2.8313041e-05,0.00035804108,-2.7196269e-05,0.0008290076
2012-03-12,0.00032496388,0.00011960139,0.00020047043,0.0003014309,0.00024106306,-0.00012198215
2012-03-13,0.00065534626,0.0015172943,0.0002518916,0.0018710754,0.00085770193,0.0022510367
2012-03-14,0.00037247027,-0.00026702898,0.00021442064,-0.00017938054,0.00010356608,-0.00012544694
2012-03-15,0.00047125533,0.00068306056,3.2295625e-06,0.0009130868,0.00057613855,0.00041780272
2012-03-16,-0.00022250715,0.0001238184,-0.0001665733,-8.2699546e-05,-0.00017148626,0.00027540443
2012-03-19,-0.00013488448,-6.784718e-05,-0.00016664926,-0.00012899259,-9.251168e-05,8.02434e-05
2012-03-20,-0.00086910906,-0.0013436162,-0.0005350138,-0.0017794656,-0.0010654202,-0.0015871766
2012-03-21,-0.00040581494,-0.00022386291,-0.00018254189,-0.00033956626,-0.00023419842,-0.00049965887
2012-03-22,-0.0009437239,-0.0012987376,-0.00023988976,-0.0016710263,-0.00097278197,-0.0015807429
2012-03-23,-0.0004870759,0.00013805927,-8.677641e-05,-8.558244e-05,-0.00010873105,-0.00012149284
2012-03-26,0.0008041702,0.0015043464,0.00019888728,0.0019406376,0.0009382841,0.0015011056
2012-03-27,-0.00028934624,-7.65592e-05,-0.00020164046,-0.0001833242,-5.8628386e-05,-0.00019088168
2012-03-28,0.00018284832,-0.00074027356,0.00031311714,-0.00069830543,-0.00037531616,-0.0008815411
2012-03-29,0.00020700903,-0.00049803796,0.0003792757,-0.00043886108,-0.00018337287,-0.00079269084
2012-03-30,-0.00010961529,0.00037839424,-0.00028869422,0.0002143437,-0.00010338361,0.00031490557
2012-04-02,6.629877e-05,0.0010714509,-0.00022781164,0.0013888982,0.0006611801,0.001185329
2012-04-03,-0.00034950348,-0.001048132,-1.9891113e-05,-0.0014325546,-0.00089451746,-0.001280765
2012-04-04,-0.0006004746,-0.0016420444,-5.0037637e-05,-0.0020975475,-0.0011685845,-0.0019859807
2012-04-05,-0.00034979632,8.2993e-06,-0.00023787438,-0.0002949905,-0.00017642207,-0.00037675517
2012-04-06,-0.00027168513,-0.00013980063,-4.0433868e-05,-0.00032514188,-0.00016291307,-0.00028701112
2012-04-09,-0.0003460636,-0.00084993255,-0.00013010528,-0.0010247134,-0.00046450438,-0.00088217255
2012-04-10,0.0017398598,-0.00036129833,0.0012985778,0.000370342,0.00074754766,0.00033645684
2012-04-11,-0.00048600396,0.00015737464,-0.00069866265,-0.00022864039,-0.00038230457,-0.00016040033
2012-04-12,-0.0029757603,6.2016974e-05,-0.0017889872,-0.0012729156,-0.0011652745,-0.0013887173
2012-04-13,0.0011734436,-0.00019112296,0.0011517401,0.00042974987,0.00048645347,0.00018324885
2012-04-16,0.00037821537,-4.2164582e-05,3.568111e-05,3.333957e-05,-2.4371699e-05,-2.3443816e-05
2012-04-17,-0.002128112,-6.0597693e-05,-0.0011291363,-0.0007793206,-0.000782114,-0.0008516858
2012-04-18,0.00045249343,4.819782e-06,0.0005261443,0.00019584542,0.00021632187,0.00035540856
2012-04-19,0.00044951806,0.0001491807,0.00016210112,0.00014057649,0.00012801665,0.00025914394
2012-04-20,-0.00040295013,0.00021752997,-0.00018042047,0.000113650654,3.516555e-05,5.1519368e-05
2012-04-23,0.00076616346,-0.0005199455,0.0003824789,-0.0002935818,-0.00022993401,-0.00013988519
2012-04-24,0.0001404303,0.0002813804,6.627213e-06,0.00020598418,0.0001753945,0.00021200367
2012-04-25,-0.001022347,0.00041378595,-0.00020200062,0.0002765293,0.00013076329,-0.00017527913
2012-04-26,8.032732e-05,0.00055112457,0.00015074806,0.0006268842,0.00038791736,0.000327365
2012-04-27,-0.00014260257,0.00024169662,-0.00022034899,0.00030091405,0.0002144135,-2.555828e-05
2012-04-30,0.00014352136,-3.6971403e-05,-6.300356e-05,2.3821123e-05,-0.00010934686,6.702939e-05
2012-05-01,0.0005610081,0.00035516362,0.00025872406,0.00057576963,0.00033625806,0.00042573834
2012-05-02,0.00019836727,4.979849e-06,0.00019620416,7.629093e-05,-0.00016116812,0.00033523413
2012-05-03,-0.0002734323,-0.0006741729,-0.00032638607,-0.000746853,-0.00044820725,-0.00040315656
2012-05-04,-0.00019004734,-0.0009770218,-0.00038877904,-0.00122325,-0.0006508352,-0.00056735135
2012-05-07,-0.0003923986,-0.00036280623,-0.00050909165,-0.0006411941,-0.0003897278,-0.00024430495
2012-05-08,0.000511796,-0.00024463361,0.00058734237,0.00019293082,0.00018913399,0.00022013288
2012-05-09,0.00136578,0.00012630293,0.00075570133,0.0005540024,0.0005504652,0.00083145517
2012-05-10,0.0003133285,0.00036025493,8.718798e-05,0.00045081353,0.00025072062,0.0004631417
2012-05-11,0.0010354581,0.00014743044,0.00081641163,0.00082503323,0.00065192184,0.0006992178
2012-05-14,0.003273706,0.00078083086,0.002141407,0.002222158,0.0015777479,0.002284142
2012-05-15,0.0020471988,0.0007667272,0.0011394699,0.001806491,0.001183933,0.0015809225
2012-05-16,0.0025038016,0.00069208565,0.0012315051,0.0020927882,0.0014988888,0.0018361182
2012-05-17,0.00225489,0.00047456758,0.00080074166,0.0014555064,0.0010532171,0.001573422
2012-05-18,0.0022356804,0.000367974,0.00081143173,0.001506477,0.0010149054,0.0014889607
2012-05-21,-0.0032425504,-0.0007538701,-0.00069994066,-0.002533699,-0.0016000805,-0.0026248235
2012-05-22,-0.0013254615,-0.000657715,-0.00069113565,-0.001367871,-0.00067161827,-0.0012233888
2012-05-23,0.0043037245,0.0018457681,0.001215191,0.004252374,0.0022058333,0.0038712658
2012-05-24,1.8908951e-05,-2.3896304e-05,-4.817262e-05,0.00024610106,0.00016934487,-2.215745e-05
2012-05-25,-1.9861292e-05,0.00011786263,0.00017642413,0.00017870784,0.00013172314,-8.0353595e-05
2012-05-28,-0.0009796252,-0.00047120152,-0.00019324922,-0.001053601,-0.0006056932,-0.00090633245
2012-05-29,-0.0018062136,-0.00032179552,-0.00042874872,-0.0010740461,-0.00065533456,-0.0014031456
2012-05-30,0.0036471558,0.0012559606,0.00060239516,0.0025827948,0.0012896385,0.0032534075
2012-05-31,0.001986329,0.0009925338,0.00044772134,0.0018532741,0.0007854706,0.0019494232
2012-06-01,0.0040594796,0.00082999334,0.00076341006,0.0018688517,0.00088068965,0.0031923412
2012-06-04,-0.000680347,-0.0006513605,-0.00070908095,-0.0012494561,-0.0008639218,-0.00044732972
2012-06-05,-0.002354233,-0.0008958937,-0.00036585203,-0.0016819135,-0.00076985185,-0.0022121575
2012-06-06,-0.0055455114,-0.0016046237,-0.0007119364,-0.0026182039,-0.0013571406,-0.0047951443
2012-06-07,-0.002225622,-0.0008352057,-8.8681816e-05,-0.0015241024,-0.0008191058,-0.002270512
2012-06-08,0.0002614543,0.0003676385,6.933439e-05,0.00029587225,0.00018352216,0.00042518572
2012-06-11,-0.00015275896,-0.0007115447,5.7632784e-05,-0.00071903504,-0.0004511241,-0.00018519443
2012-06-12,-3.148075e-05,0.0006677581,-5.8856876e-05,0.0008738252,0.00048871996,0.00030873128
2012-06-13,0.0002637726,-0.00018621444,0.00012125163,-7.300028e-05,-3.781665e-05,4.5154167e-05
2012-06-14,-0.0007979456,-0.00011018945,-0.00045160725,-0.00044014602,-0.00036307797,-0.0008864094
2012-06-15,-0.00015338194,0.00046112502,0.00018391259,0.0007357541,0.000618211,-0.0005069051
2012-06-18,-6.256651e-05,0.00012133352,-0.00010956763,0.00010836473,3.7270478e-05,-0.00021411029
2012-06-19,0.00035878617,0.000858797,0.0001756678,0.0011386458,0.0009112926,-0.00015462964
2012-06-20,0.00029111432,-0.0001394945,-0.00021654215,-0.0002933471,-8.112696e-05,-9.062813e-05
2012-06-21,-0.0022180544,-0.0023756945,-0.0014316923,-0.003912088,-0.0022682496,-0.00072881335
2012-06-22,-0.0004950796,8.336229e-05,0.0002212635,-0.00020771407,-0.00029122765,-0.00013174818
2012-06-25,-0.0011661341,-0.00085343193,-0.000595876,-0.0017630599,-0.0008150128,0.00017279714
2012-06-26,2.9427223e-05,9.968007e-05,0.0002339148,0.00023563426,8.973314e-06,6.2358056e-05
2012-06-27,0.0004485129,0.00073090557,0.00032392977,0.0010933356,0.0003911367,5.8076344e-05
2012-06-28,0.00058734266,0.00011037681,0.00014171872,0.0003838573,0.0002572807,0.0006793269
2012-06-29,-0.00057577755,0.0013278305,0.00019314686,0.0014833177,0.0002912378,-0.0018612444
2012-07-02,0.0005440096,0.0004960635,0.00022270437,0.0010735964,0.0005418713,0.0001499683
2012-07-03,0.0017532546,0.0015753199,0.0011758873,0.0026406907,0.0015161403,0.0010539776
2012-07-04,0.0002782399,0.00018072901,8.362444e-05,0.0002868538,0.00022208187,0.00011298545
2012-07-05,0.00022061635,6.250538e-05,-0.00028447472,0.00020250451,-5.5526383e-05,0.00075743854
2012-07-06,-0.0014580064,-0.0013632936,-0.0011261103,-0.0022448034,-0.0013971874,-0.000587026
2012-07-09,-0.00015862408,5.0981213e-05,-0.00026201835,8.077507e-06,-0.00014946825,0.00020702812
2012-07-10,-0.0009906334,-0.0008548257,-0.00061824155,-0.0014246529,-0.0007566665,-0.00069754006
2012-07-11,0.00041940765,0.00032731346,0.00030213242,0.0006079093,0.0003074641,0.00026638614
2012-07-12,8.8305664e-05,-0.00023381673,-0.00025612977,-0.000120354576,-2.5844862e-05,0.00021575361
2012-07-13,0.00042555123,0.0009687161,0.00035067528,0.0011436399,0.00034675506,0.00052838
2012-07-16,0.0009106731,0.0004975347,0.00015369103,0.001115814,0.00049194944,0.0008018319
2012-07-17,0.000108102206,0.00020018216,0.00012374963,0.00029282726,2.8335759e-05,1.9695513e-05
2012-07-18,0.001282922,0.0012027973,0.00091573776,0.0020191907,0.0011424706,0.0012981402
2012-07-19,0.0011803743,0.0011104968,0.0004973724,0.0019040453,0.0010329707,0.0010116138
2012-07-20,-0.00040531956,-0.00059275667,-0.0006161038,-0.0009955282,-0.00062930177,-0.00027657533
2012-07-23,-0.0020281882,-0.0019914433,-0.0014167267,-0.003526228,-0.001969292,-0.0017489311
2012-07-24,-0.0011464296,-0.0011213637,-0.00027864458,-0.0016455337,-0.0007442318,-0.0012642192
2012-07-25,0.00015853852,0.000304715,-0.00020088781,0.00047247976,0.00019532102,0.00023614176
2012-07-26,-0.00143503,-0.00019234353,-0.0011888676,-0.0012054872,-0.0011282938,-0.0003357156
2012-07-27,-0.001832388,-0.0003091755,-0.0012376062,-0.0014823595,-0.0011353946,-0.0005645072
2012-07-30,0.00038475584,0.0006913937,0.0002548717,0.0009663807,0.00035939392,0.00094837445
2012-07-31,-0.00035570597,-0.00044588745,-0.00043887584,-0.0006407497,-0.00046151123,-0.00031437533
2012-08-01,-0.00073833123,-0.0006627397,-0.00045571467,-0.0010583249,-0.00061275583,-0.0007581415
2012-08-02,-0.0011086897,-0.0011967907,-0.0009026623,-0.0018624675,-0.0012509458,-0.00088658405
2012-08-03,0.0022242202,0.0023560226,0.0016127122,0.003451264,0.002145442,0.0020612832
2012-08-06,0.00011951283,0.00023375661,0.00015383969,0.00036039262,0.00046932974,-0.00028325597
2012-08-07,0.0008401529,0.0005877548,0.00043988883,0.00088289665,0.0007013016,0.000635262
2012-08-08,-0.0001751696,-2.4152234e-05,-1.3580474e-05,-7.848529e-05,-1.8756966e-05,-0.00013606325
2012-08-09,0.00033672346,0.00033786116,0.00015920028,0.0005545135,0.00033263688,0.0003990347
2012-08-10,3.8981987e-05,5.8117592e-05,2.8601304e-05,8.7326844e-05,-4.755741e-05,0.00032856376
2012-08-13,-0.0008442017,-0.00084366737,-0.00033049233,-0.0014210414,-0.0008613533,-0.00082425686
2012-08-14,0.00015467255,0.00013622425,0.00023673638,0.0003302759,0.00031279182,-0.00017636913
2012-08-15,0.0006174372,6.6113564e-05,0.00053474854,0.00039083968,0.00026922082,0.00013299935
2012-08-16,0.0015113378,0.0012770316,0.00089250936,0.0022431652,0.0012822027,0.0013932452
2012-08-17,0.00019781463,0.00031542953,0.0002596465,0.0004870607,0.0002742683,3.3122204e-05
2012-08-20,-0.00019445633,-6.139841e-05,-2.2819092e-06,-0.00020711432,-0.00011802996,-0.00024951177
2012-08-21,0.00043451687,0.0005552744,0.0002586882,0.0007893684,0.0005263161,0.00042153776
2012-08-22,-0.00071688753,-0.00032639466,-0.00019440497,-0.00091601984,-0.00043506315,-0.00083330687
2012-08-23,-0.0011617166,-0.0009659801,-0.00035320164,-0.0017733251,-0.00087624445,-0.0013113982
2012-08-24,-3.7918286e-05,-2.5336547e-05,-2.4003433e-05,-7.119067e-05,-9.420745e-05,-0.0001364011
2012-08-27,-0.00011167513,-0.00012068469,-0.0001548382,-3.1223237e-05,-7.517738e-05,-7.5637713e-06
2012-08-28,-0.00013953976,-0.000183893,-0.00022107181,-0.00027821425,-0.00012811359,-0.00029226986
2012-08-29,7.557642e-05,-1.9227678e-05,4.388945e-05,-2.3556362e-05,-2.3461667e-05,-9.708752e-05
2012-08-30,-0.00095344824,-0.0012388133,-0.00077035313,-0.0018977796,-0.0009315196,-0.001752556
2012-08-31,0.0012663803,0.0014542617,0.0009542456,0.002343877,0.0011232246,0.0017218357
2012-09-03,0.00021221644,0.00012586928,-6.8976765e-06,0.00029347854,0.000112465044,0.00029291227
2012-09-04,0.00026052055,-0.00020574655,4.0254276e-05,0.000117885764,6.590651e-05,-0.00020901069
2012-09-05,4.332362e-05,-0.00026845103,1.7217099e-05,-0.00016478392,-6.570542e-05,-0.00030113405
2012-09-06,0.00023952781,0.0016449246,0.0004014243,0.0018377724,0.00067535136,0.0020095257
2012-09-07,-2.380805e-05,0.0012257055,0.0005671931,0.001052676,0.00047145778,0.0010527705
2012-09-10,-0.000864279,-0.0009620851,-0.00069208187,-0.0015614477,-0.00086902844,-0.0011369649
2012-09-11,0.000995675,0.0009898035,0.00067274587,0.0015593257,0.00095454085,0.0011514742
2012-09-12,0.0007377532,0.0008208168,0.0005214903,0.0011490312,0.00070347264,0.0008968514
2012-09-13,0.0027427042,0.0028628677,0.0020913703,0.004697322,0.002409926,0.0031446149
2012-09-14,0.0024644302,0.002204325,0.0016007943,0.0037683803,0.002177868,0.002698711
2012-09-17,-0.0012946327,-0.0014846221,-0.0008694153,-0.0025235503,-0.0013444092,-0.0015453617
2012-09-18,-0.0011325658,-0.00092244643,-0.00067061634,-0.0017039222,-0.0009432606,-0.0011436428
2012-09-19,0.00020679012,0.00030204182,0.00034842367,0.0003952257,0.00025274453,0.0001378919
2012-09-20,-0.0014153013,-0.0013867173,-0.0010510484,-0.0024955708,-0.0012739891,-0.0013481737
2012-09-21,0.00019042433,0.00053431984,0.00047707843,0.0008096991,0.00039356103,0.00034505918
2012-09-24,-0.00089855376,-0.0009899137,-0.000582418,-0.001702314,-0.0007567526,-0.0012173336
2012-09-25,-0.0017415142,-0.0016208985,-0.0013059033,-0.0028891193,-0.0013188132,-0.0019736316
2012-09-26,-0.0013251747,-0.001717014,-0.0011331663,-0.002870721,-0.0013097131,-0.0019304103
2012-09-27,0.0008042219,0.0016809667,0.00073063123,0.0023100271,0.0009695512,0.0017071357
2012-09-28,-0.0004705458,-0.0005570714,-0.0004027205,-0.00096185115,-0.0004575719,-0.00095230463
2012-10-01,0.00035027377,0.00049775816,0.00031709863,0.0008021799,0.00032587192,0.0007655777
2012-10-02,0.00034175834,0.00039858976,0.00026965814,0.0006798669,0.00026127568,0.00055404607
2012-10-03,0.00024444459,-8.166583e-05,0.00010122493,0.00022311702,4.653374e-05,9.086223e-05
2012-10-04,0.00011323729,0.0010509962,0.00024355609,0.0010036958,0.00040746047,0.00095967023
2012-10-05,5.1250776e-05,2.242187e-05,3.892152e-05,1.6449392e-05,-2.6971018e-05,0.00023943675
2012-10-08,-0.00044724418,-0.00082866894,-0.0005496766,-0.0013146393,-0.00074711634,-0.00083384063
2012-10-09,-0.0016344956,-0.0015263438,-0.00091568445,-0.0021257824,-0.0012633669,-0.0022502427
2012-10-10,-0.0009779086,-0.0010939052,-0.0006206632,-0.0014786212,-0.0008260612,-0.0014824265
2012-10-11,-1.3073252e-05,0.00053179223,0.00024684996,0.00065344386,0.0003194487,0.0003413302
2012-10-12,0.000101834594,-0.00040237932,4.6011577e-05,-0.0004104723,-0.00027614718,-0.0002778977
2012-10-15,-8.921734e-05,0.0003809744,-6.5905544e-05,0.00030358206,5.2684343e-05,0.00061389984
2012-10-16,-0.00094104826,0.0004911188,-0.00044018604,0.00015912959,-2.3120779e-06,0.0006391248
2012-10-17,0.00016418933,0.0007675378,0.00023494675,0.0007075519,0.00049252657,0.001196685
2012-10-18,-0.00014711253,-0.00015166459,1.27553385e-05,-8.179085e-05,-1.0075594e-05,-0.00046414198
2012-10-19,-0.001370947,-0.0021700456,-0.0014116012,-0.0023827292,-0.0015210363,-0.0024394058
2012-10-22,-0.00033932694,-0.00028874268,-0.0001654384,-0.00033144807,-0.00016658545,-0.00026724156
2012-10-23,-0.00040560542,-0.0014697268,-0.00073045265,-0.0015614225,-0.0007031298,-0.0013098303
2012-10-24,-4.8486138e-05,-0.00011659121,0.00020580772,-9.4653245e-05,-2.8814566e-05,-0.00031379683
2012-10-25,-0.00028238073,0.00013942586,-6.863294e-05,-3.8870658e-06,2.3934963e-05,0.0002323911
2012-10-26,-0.00042540862,-0.00028181437,-0.00022592799,-0.000596908,-0.00029468437,-0.0004638177
2012-10-29,-0.00010878243,-0.00026854064,-3.0547046e-05,-0.00031200855,-0.00017644868,-0.0002438927
2012-10-30,-0.0002865933,-2.5716276e-05,-0.00012956031,-0.0001043931,-7.873901e-05,-0.00015353272
2012-10-31,-6.317251e-05,0.00014807247,-8.31634e-05,0.00015654847,-8.711535e-06,0.00024351236
2012-11-01,-0.0009070717,5.2622425e-05,-0.0007548076,-3.5705285e-05,2.3139832e-05,-0.0001306912
2012-11-02,0.0009777384,-0.00040819583,0.0005109104,-8.1331316e-05,-9.5521675e-05,-0.00024650525
2012-11-05,-0.0007486115,-0.0003266737,-0.00040754542,-0.00060102623,-0.00037111132,-0.0007870688
2012-11-06,-0.0010660155,0.00021055773,-0.00027750054,-0.00018610262,3.7072394e-05,-0.00042601666
2012-11-07,0.00086194585,-0.00081237196,0.0005000602,-0.0006157419,-0.000572003,-0.0006563955
2012-11-08,0.00016142325,-0.00050216157,0.00024667228,-0.0008363382,-0.0004832805,-0.00050522404
2012-11-09,-0.0006978897,-0.0004493568,-0.00035064103,-0.00075553637,-0.0004174231,-0.00081470044
2012-11-12,0.00033015045,-2.1196856e-05,0.00017557533,8.852818e-05,4.3839053e-05,0.00025667006
2012-11-13,0.0006318654,0.0002137201,0.0004143887,0.00033890197,0.00022288103,0.00038852374
2012-11-14,0.0014188779,8.736224e-05,0.00085928215,-4.6922385e-05,-2.064232e-05,0.00086831074
2012-11-15,-0.000102110054,-0.0003637615,-0.00021285248,-0.0007963181,-0.0005926351,-0.0002612306
2012-11-16,-0.00075798156,-0.00019670825,-0.00020022967,-0.0004945444,-0.00033569353,-0.00052376476
2012-11-19,-0.0035514855,-0.0002726463,-0.0014297828,-0.0008997896,-0.0004216702,-0.0025708787
2012-11-20,-0.00036077583,-0.00023698759,-0.00031146884,-0.00044592595,-0.00025502095,-0.00016162319
2012-11-21,2.2704315e-05,0.00028814928,-6.0600283e-05,0.00031329048,0.0003431844,0.00017118837
2012-11-22,0.00032179832,0.00051727257,0.00022942867,0.00067269284,0.00048439697,0.00044863
2012-11-23,-0.00094837655,0.0005984735,-0.0003719807,0.00045863652,0.00049315713,-0.00034589475
2012-11-26,0.00021831434,0.00017997493,5.465515e-05,0.00018821773,0.00014130033,0.0003175712
2012-11-27,-0.00060688134,-0.0005030687,-0.00031633483,-0.0007926641,-0.00043711357,-0.0005805043
2012-11-28,-0.00031991384,0.00016206267,-7.346544e-05,-6.2001336e-06,-0.00015063953,-5.9502014e-05
2012-11-29,0.0012344226,0.0015134136,0.001040323,0.0020259814,0.001214694,0.0013162784
2012-11-30,-0.00024410062,-0.00021996706,-7.8464094e-05,-0.00034542952,-0.00017802288,-0.00025014035
2012-12-03,0.0004054089,0.00030046236,0.00015889508,0.00043472857,0.0002679083,0.00034611518
2012-12-04,-0.00014573695,-0.00012225659,4.1018964e-05,-0.00027865605,-3.0306303e-05,-0.00013907996
2012-12-05,0.00021480008,0.0005099236,0.00041199595,0.00074384693,0.0004560686,0.0002959362
2012-12-06,0.0004341001,0.0005563067,0.00030630015,0.0008146951,0.0003256588,0.000568229
2012-12-07,-0.0007119159,-0.00028954688,-0.0003930549,-0.0006747479,-0.0005120359,-0.0005020442
2012-12-10,0.00034985604,0.00047139183,0.00035484444,0.000745307,0.00028897353,0.00035955355
2012-12-11,0.0010386633,0.0010660768,0.0010021037,0.0016725281,0.0007785116,0.0010856398
2012-12-12,0.0011448476,0.0009770349,0.00084165274,0.0014493723,0.0008158137,0.0010264433
2012-12-13,-0.0003692274,-0.000715874,-0.00078338716,-0.0010187848,-0.00030845345,-0.00037303413
2012-12-14,0.00048211848,0.00056325714,0.00021675513,0.0008863312,0.00050292426,0.00051127095
2012-12-17,0.0016094897,0.0015064699,0.0010583353,0.0023540067,0.0011792185,0.0017699628
2012-12-18,0.0018787179,0.0016421401,0.0017077753,0.0029094869,0.0013576545,0.001856269
2012-12-19,0.00031072766,0.00018000859,-3.9554383e-05,0.00031291373,0.00034955988,0.00023163225
2012-12-20,0.00073736557,0.0003562508,0.0009278454,0.0011373197,0.0006131555,0.0005378655
2012-12-21,-0.0023258536,-0.001912368,-0.0019078574,-0.0036770254,-0.001732583,-0.00233103
2012-12-24,-0.00089961704,-0.00091338303,-0.0005891463,-0.0014354818,-0.0005770184,-0.0010679527
2012-12-25,0.0003236842,0.00029724784,0.00015899561,0.00052406127,0.00026912955,0.00032428512
2012-12-26,0.00030730537,0.0001735758,-7.152062e-05,0.0003627671,0.00025638432,0.00028307183
2012-12-27,0.0010051482,0.0008123626,0.00041763252,0.0013022206,0.00069212,0.000942882
2012-12-28,-0.00020374532,-0.00054535526,-0.0005929097,-0.00075193454,-0.0002126385,-0.0003253533
2012-12-31,0.00023890602,0.0009970091,0.0003296448,0.001148264,3.755476e-05,0.00078596536
2013-01-01,-9.058523e-05,9.025986e-05,-0.00014192534,8.5283515e-05,-9.821375e-05,8.720718e-06
2013-01-02,0.0028468287,0.0037972059,0.0020617053,0.005479599,0.002181323,0.0038029803
2013-01-03,-0.0004988915,-0.0005759058,-0.0008257869,-0.0007077858,-0.00050262455,-0.0003882141
2013-01-04,-0.00011047307,-9.176867e-07,0.00017483039,0.00010756765,-9.555476e-05,-6.500946e-05
2013-01-07,-0.0007207936,-0.0005870561,-0.00086745335,-0.0009937144,-0.00057603157,-0.0006662302
2013-01-08,-0.0018024277,-0.0014628851,-0.0009373763,-0.0024388817,-0.0012281185,-0.001763042
2013-01-09,0.0008626433,0.00077850174,0.00077403005,0.001393055,0.000624241,0.0008488759
2013-01-10,0.0016887643,0.0019287001,0.0009987176,0.0028308548,0.0012965167,0.0021156718
2013-01-11,0.0001152111,0.0002715801,-0.00054480485,0.00014549374,-8.789083e-05,0.0005331414
2013-01-14,-3.6551246e-05,0.0003988045,-8.78327e-05,0.00026636868,0.00011680037,0.00012366065
2013-01-15,9.706382e-05,0.00017621346,9.05077e-05,0.00038640015,0.0002573624,-0.00010585331
2013-01-16,-0.0010770068,-0.0008069475,-0.0004819937,-0.0011514857,-0.0005546234,-0.0011712677
2013-01-17,0.0020143022,0.0016504306,0.0012780669,0.0027115457,0.0012938202,0.0018733843
2013-01-18,0.0013951659,0.0014037138,0.0005524668,0.002127384,0.0010842658,0.0014714432
2013-01-21,0.00018763855,8.307772e-05,-4.875105e-05,0.00015710697,0.000100538804,5.8929716e-05
2013-01-22,0.00018646805,0.0004450854,0.00062820467,0.00095149677,0.000424683,0.00024883548
2013-01-23,-0.00045638016,-0.00050077884,-0.00017036295,-0.0006266787,-0.0003086994,-0.00054121
2013-01-24,0.0009274141,0.0007288399,0.00047360928,0.0012652535,0.0005585201,0.00096236286
2013-01-25,0.0017318893,0.001540973,0.000566026,0.0023070078,0.0009677176,0.0017588461
2013-01-28,0.00028792166,0.0002156215,0.000116316885,0.00023087836,0.00015403121,0.00028768668
2013-01-29,0.0011467468,0.0012019293,0.0006090193,0.0019581716,0.0009892789,0.0012636234
2013-01-30,5.2965304e-05,-0.000109233835,0.00020867278,-0.00046373942,-0.00011229595,-4.5162178e-05
2013-01-31,-0.000851296,-0.0009311278,-0.0003415906,-0.0013709683,-0.00066856545,-0.00092557684
2013-02-01,0.0026638287,0.002560347,0.0011581916,0.0036183458,0.0016274045,0.003098474
2013-02-04,-0.002060102,-0.0024630185,-0.0010787671,-0.0038481432,-0.001730958,-0.0024855763
2013-02-05,1.6687018e-05,0.00033492243,0.00025414285,0.0004538738,2.9539777e-05,0.00021848489
2013-02-06,0.0013148638,0.00080462993,0.00021076047,0.0014423011,0.0008074512,0.0012145045
2013-02-07,-0.0014265997,-0.0016937965,-0.00057471026,-0.0023227504,-0.0010832085,-0.0019064585
2013-02-08,-0.0006646339,0.00025529412,6.14299e-05,0.00037787674,-2.8442197e-05,0.00010466162
2013-02-11,-0.00067921274,-0.0006754896,-0.000121602,-0.0009755769,-0.00048357865,-0.00051446725
2013-02-12,0.001543983,0.0015167788,0.00046326517,0.0021265498,0.00090015813,0.0019564372
2013-02-13,4.9377784e-05,6.774079e-05,2.455638e-05,5.222654e-05,-6.173739e-05,0.0003011143
2013-02-14,0.00019326729,-0.00011603058,-0.00011892412,-0.0001413199,-6.9969033e-06,6.257873e-05
2013-02-15,-0.00035876525,-0.00066342286,-0.00010338761,-0.00087746826,-0.0003935182,-0.000703171
2013-02-18,0.00011170518,0.00013208226,7.492591e-07,0.0001898773,7.037608e-05,0.000149478
2013-02-19,0.0007145648,0.0012144506,0.0003036819,0.001613198,0.00072492444,0.0013247201
2013-02-20,-0.0006688312,-0.0016462827,-0.0004058715,-0.0019177508,-0.0008360159,-0.0015620395
2013-02-21,-0.0013657928,-0.0025680247,-0.00070850475,-0.003006359,-0.0011080285,-0.0030035547
2013-02-22,0.00016649519,0.0010919281,0.00040741218,0.0014368112,0.00059724704,0.00067898084
2013-02-25,0.0001303732,-0.0008822076,-0.000325817,-0.0010926758,-0.00032125207,-0.0010401551
2013-02-26,-0.00057802245,-0.0008971886,-4.861936e-05,-0.0011570419,-0.0004976838,-0.00119521
2013-02-27,-0.0008420272,0.0005179881,-0.0002075806,0.0005714405,4.2714604e-05,0.00042990776
2013-02-28,0.00029547332,0.0004925654,0.00014517904,0.00080707844,0.00033897994,0.00062068267
2013-03-01,0.0009761889,0.0007266994,0.00035054117,0.0011970645,0.00060216273,0.0009535765
2013-03-04,0.0003370882,1.5678047e-07,6.5987e-05,5.7145477e-05,9.117885e-05,0.00030461018
2013-03-05,-0.0003849328,0.0011399919,0.00013096294,0.00086464826,0.00021104071,0.0007563579
2013-03-06,-0.00015159952,8.5984575e-05,-0.0003643664,0.00013336941,-6.594585e-05,0.00036187287
2013-03-07,-0.00020408575,0.00035171653,-0.0001484289,8.7213826e-05,5.119862e-05,0.00015032126
2013-03-08,0.0005445289,0.0010273781,0.00036796776,0.0012892858,0.00054717396,0.0012979262
2013-03-11,0.0007664618,0.0005403105,0.00033836416,0.0007518695,0.00045139,0.0006674121
2013-03-12,-0.0005498926,-0.0003983249,-0.00036642066,-0.000565802,-0.00031306935,-0.0004817844
2013-03-13,2.4200548e-05,-0.0005039653,-0.00018371067,-0.00041745775,-0.00014269099,-0.00014216582
2013-03-14,0.00090737577,0.0012324353,0.00047298917,0.0017460063,0.0007450316,0.0007184277
2013-03-15,-0.00066011277,-0.00047372447,-0.00043229992,-0.0007288465,-0.00040888676,-0.00056550035
2013-03-18,-0.0015597051,-0.0020410228,-0.0006878545,-0.0028216376,-0.0013182134,-0.0015901526
2013-03-19,5.46679e-05,-0.0002860173,7.2823814e-06,-0.00041399925,-4.088681e-05,0.00018386041
2013-03-20,0.00074824545,0.0010213885,0.0002213376,0.0017900232,0.00069311645,0.00060715264
2013-03-21,-0.0011586391,-0.0012042839,-0.0004938146,-0.0018526268,-0.00070558395,-0.0011373272
2013-03-22,0.0004046028,0.0005823312,0.00017439513,0.00089546054,0.0004666698,0.00038092592
2013-03-25,-0.0011206872,-0.00093299616,-0.00039059925,-0.0015247467,-0.0008401739,-0.0010281154
2013-03-26,0.00080161664,0.0011857634,0.00016232593,0.0018371489,0.0008956188,0.00097303186
2013-03-27,0.00045426702,0.0005167247,0.000279325,0.00066931755,0.00035740534,0.00048370517
2013-03-28,0.00017209548,6.1822255e-05,-5.22423e-05,6.750332e-05,1.0663386e-05,0.00034756775
2013-03-29,-0.00035012135,-0.00021364525,-0.00013052479,-0.00036759613,-0.00020114753,-0.00038774972
2013-04-01,-0.0011793739,-0.00089587073,-0.0004273711,-0.0013548468,-0.000613613,-0.0013290164
2013-04-02,0.00031413775,0.0005455813,0.00024731553,0.00061158725,0.00013502486,0.0006991048
2013-04-03,-0.0006714644,-0.0013698478,-0.0003988617,-0.0018616269,-0.0009195575,-0.00084525795
2013-04-04,0.00035268534,0.00026783362,0.00034777942,0.0003429504,0.0001176664,0.00037490818
2013-04-05,-0.00041209967,-6.9161375e-05,0.00020013629,-0.00013125777,-2.7960637e-05,-0.0003185089
2013-04-08,-0.0012045389,-0.00017182446,-0.00035085666,-0.0005827097,-0.0005949327,-0.0007137594
2013-04-09,-0.00073704496,0.00029199632,0.000120611345,0.00011896441,-0.00010907987,-0.00035113937
2013-04-10,-3.763895e-05,0.0010522624,0.00010953372,0.001240515,0.00039785443,0.00097553525
2013-04-11,0.0009537517,0.0011626958,0.00041382463,0.001608628,0.00077644084,0.0012313562
2013-04-12,0.0015806683,0.00029918182,0.00066300045,0.00091230974,0.00042464575,0.0011403734
2013-04-15,-0.0018855613,-0.0036892456,-0.00076335686,-0.005175219,-0.002399673,-0.002523685
2013-04-16,-0.0009501868,0.00052663917,-0.00016901358,0.00011571925,-7.5903175e-05,-0.0007299214
2013-04-17,0.0011934522,-0.0003259397,0.00035820785,0.0002806256,0.00039105132,0.0005927703
2013-04-18,-0.0005848663,-0.00041073113,-0.00025767827,-0.00097274693,-0.00041422725,-0.0006058138
2013-04-19,-0.00067991315,0.00035027275,-0.0001656831,0.00026416933,-9.1533795e-05,-0.00023306417
2013-04-22,-0.00031112516,0.00017985613,8.320198e-05,0.00018352213,-8.8236164e-05,1.0548392e-05
2013-04-23,-0.00079332653,7.3397474e-05,-0.00010933181,0.00015689459,-0.00013354172,-6.056741e-05
2013-04-24,-0.0009514329,9.2851755e-05,-2.5099847e-05,-2.0815796e-05,-9.784751e-05,-0.00042105286
2013-04-25,-0.000687867,0.00020539231,-4.0632287e-05,0.0004238221,0.000118197895,-0.00040594215
2013-04-26,-0.00018257437,-0.00022820324,-0.0001209106,-0.00023570833,-9.145122e-05,-0.00014078048
2013-04-29,0.00052297546,0.0011116731,0.00051578454,0.001694924,0.000899782,0.00069405074
2013-04-30,0.0005313197,0.00080157566,0.00041837335,0.0010530198,0.00046878995,0.00058639643
2013-05-01,-0.0011743642,-0.0015529322,-0.00078749855,-0.0023679314,-0.0012530677,-0.0012585747
2013-05-02,0.000553391,0.00080955285,0.0005913926,0.0013975016,0.00065363257,0.00052264944
2013-05-03,9.274153e-05,0.00054505555,5.68075e-05,0.0007452104,0.00036805955,0.00023475885
2013-05-06,0.00059186126,0.00063039287,0.0004823371,0.001277425,0.00054746,0.00067146245
2013-05-07,0.0012696808,0.0011849965,0.00066842657,0.0017730639,0.00089294644,0.0012263977
2013-05-08,0.0016893402,0.0015927216,0.0011947592,0.0028543102,0.0013286818,0.0016306929
2013-05-09,-0.00071171654,-0.0008429867,-0.0003728955,-0.0015663499,-0.00073565927,-0.00082962855
2013-05-10,0.0008321057,0.00045311937,0.00027536758,0.0007535298,0.00045059607,0.0006592392
2013-05-13,-0.00045428873,-0.0005480438,-0.00058752974,-0.0012317654,-0.00040189712,-0.00061250356
2013-05-14,0.0014179165,0.0011753867,0.0009003693,0.0022611362,0.00088916376,0.0013677905
2013-05-15,0.0006930906,0.00071012083,5.7205165e-05,0.0010877675,0.00035411073,0.00080818293
2013-05-16,-0.0007471093,-0.00050699594,-0.0002803996,-0.0011518209,-0.0005676644,-0.0006916335
2013-05-17,0.002571181,0.0018458113,0.001127165,0.0035316364,0.0017305317,0.0022749181
2013-05-20,0.00031671365,0.00061337015,0.0002464572,0.00091242924,0.00038445773,0.00032542078
2013-05-21,0.0002442168,0.00031237496,0.00015705959,0.00030511743,0.000119735225,0.0003619452
2013-05-22,-0.00034244012,-0.0010359171,-5.1688505e-05,-0.0015962004,-0.0006770679,-0.00074956747
2013-05-23,-0.0028409474,-0.0026334636,-0.0020045263,-0.0047486136,-0.0020205914,-0.0028364563
2013-05-24,-0.0007119732,-0.00074390677,-0.00028440802,-0.0011010569,-0.00047706865,-0.00094845874
2013-05-27,7.994225e-05,-3.513875e-05,0.00018596926,-0.00010591571,-0.00014899574,4.4313347e-05
2013-05-28,0.0024055117,0.0018061743,0.0009924206,0.0029879925,0.0013861987,0.0022677912
2013-05-29,-0.0005006853,-0.00097437995,-0.0004710848,-0.0010482791,-0.00028541987,-0.0009598805
2013-05-30,-9.7093936e-05,-0.00010293145,-0.00014482767,0.000111346635,-6.4323046e-07,-0.00024857017
2013-05-31,-0.0003850699,-0.0017646888,-0.00023836427,-0.0020538676,-0.0007515936,-0.0013950224
2013-06-03,-0.0005497056,5.7404992e-05,-0.00036837577,-9.602338e-05,-1.7272538e-06,-0.00051086606
2013-06-04,-0.0005958249,-0.00066137593,-0.00016486635,-0.0010556399,-0.00050325406,-0.0008254303
2013-06-05,0.0013484132,-0.00080725714,0.00012213034,-0.00020714021,0.00035953778,-8.0579164e-05
2013-06-06,0.0007213587,0.000675994,8.887423e-05,0.0012016606,0.0006397702,0.0007033666
2013-06-07,0.00033988027,0.00048669212,-0.00020427954,0.00023031246,-8.286719e-05,0.00078754686
2013-06-10,0.0009950344,0.00036615107,2.3552038e-05,0.00035544715,4.0292653e-05,0.001102054
2013-06-11,0.0016759604,1.9040886e-05,0.00065008644,0.0009961505,0.0007207959,0.00052781525
2013-06-12,0.0018767554,2.583031e-05,0.00033900214,0.00075334695,0.00067806215,0.0007593588
2013-06-13,-0.0017815796,3.2089614e-05,-0.00030520017,-2.5449186e-05,-0.00013184552,-0.0009995125
2013-06-14,-0.001275015,-0.0007481319,3.8134174e-05,-0.0013103262,-0.00048569142,-0.0015240811
2013-06-17,-0.00064432196,1.5719486e-06,-0.0002995908,-0.00021422253,-0.00019300792,6.426201e-05
2013-06-18,0.00017577104,0.0006911821,3.5128e-05,0.0008085374,0.00026478877,0.0008065203
2013-06-19,0.0008371657,-0.00070351333,-0.00031188136,-0.0011967015,-0.00054262386,-0.00011003944
2013-06-20,0.0032510543,-0.0013210425,-7.5077434e-05,-0.0017488152,-0.00088687317,0.0014054738
2013-06-21,0.00085753977,0.00032776865,-6.375282e-05,0.000512933,0.00022361717,0.00095391023
2013-06-24,0.002036573,0.0001339389,0.0005300665,1.3747047e-05,0.00040098323,0.0014908008
2013-06-25,-0.0012114807,-8.8840214e-05,-0.00015455412,-0.00010860457,-0.00013392014,-0.00083827134
2013-06-26,-0.0018853778,-0.0003361891,0.00013896458,-0.0003253317,-0.00013888544,-0.0014753526
2013-06-27,-0.0022347416,-0.0004370035,-6.7144814e-05,-0.00057620805,-0.00037170935,-0.0016130271
2013-06-28,-0.0006486188,-0.0002450302,8.889961e-05,-0.00037677167,-0.00019787092,-0.0006351195
2013-07-01,-0.0006295017,9.4499235e-05,-0.00021055575,-6.708164e-06,-0.00010700591,-0.00014506392
2013-07-02,-8.976154e-05,7.452629e-05,4.282897e-05,2.2911161e-05,1.5214084e-05,-0.00018025789
2013-07-03,0.0004184311,9.920591e-05,-8.130899e-05,6.388046e-05,-9.097823e-06,0.0004159215
2013-07-04,-0.00042577906,0.00014758907,-6.0267077e-05,0.00038313842,0.000105795654,-9.696134e-05
2013-07-05,0.0014618331,0.0006761943,0.0005817523,0.0009251739,0.0006207209,0.0011483617
2013-07-08,-0.0003761269,0.00048347056,-6.339502e-05,0.0008228986,0.00039678454,7.662641e-05
2013-07-09,-0.00013235607,0.0005827361,0.00024076409,0.0009069037,0.0004296661,0.000104845036
2013-07-10,6.6602566e-05,0.00017402078,0.00015145223,0.00028305853,0.00018461942,-4.638778e-05
2013-07-11,-0.0020901794,0.00029875906,0.00047305724,0.00040875442,-0.00010506533,-0.0008320105
2013-07-12,0.0007770504,0.00041170156,0.0004490954,0.0005847934,0.00023883309,0.0008152598
2013-07-15,-0.00026004712,-8.02223e-05,1.1423048e-05,-4.7018424e-05,-0.00012236065,-9.600231e-05
2013-07-16,-0.0009789661,-0.00068228535,-0.00058467936,-0.0010722032,-0.0003392901,-0.0010610662
2013-07-17,0.00030955515,0.0003129009,0.00043383002,0.00069123175,0.0002158273,-0.00013871271
2013-07-18,0.00059660635,0.00083136465,0.0007245938,0.001361241,0.00042097928,0.00078695815
2013-07-19,2.3558758e-05,0.00020352575,6.1978535e-05,0.00021948431,7.7695164e-05,0.00010118129
2013-07-22,0.00028120526,0.0003561227,0.00017548351,0.0006588871,0.00025851585,0.000121927675
2013-07-23,0.00018879262,0.00019070499,1.3900013e-05,0.00021486882,0.00017043417,3.5728568e-05
2013-07-24,-0.0005219025,-0.0007502427,-0.0002493299,-0.0013720293,-0.00063221157,-0.0005850798
2013-07-25,0.00044946888,0.0004087559,0.00018906905,0.00057501224,0.00027302286,0.00064396457
2013-07-26,-0.0002935116,-0.00044578293,-0.0003010996,-0.00066838076,-0.00013348932,-0.00052096765
2013-07-29,-0.00084092707,-0.0010352114,-0.0008180821,-0.001680723,-0.0006598709,-0.00081448717
2013-07-30,-0.0001699694,-0.00016062795,-3.9391864e-05,-0.0003128747,-0.00021789774,2.4747915e-05
2013-07-31,2.1350508e-05,0.00017842594,-7.675201e-05,0.00014763966,8.140874e-05,0.00032821676
2013-08-01,0.00189514,0.0018255276,0.001232507,0.003028536,0.000932055,0.0024014206
2013-08-02,-0.00010896251,0.000492952,0.00036228792,0.00059168495,5.36544e-05,2.1469174e-05
2013-08-05,-9.369878e-05,-0.00029310037,-0.00014717967,-0.0003587444,-0.00012638184,-0.00013746621
2013-08-06,-0.0009927588,-0.001281899,-0.0009838577,-0.0020277156,-0.0007213973,-0.0012847726
2013-08-07,-0.0005794211,-0.000730535,-0.00035369603,-0.0010819255,-0.0003073492,-0.00086451607
2013-08-08,0.0007779761,0.0013623834,0.0008505894,0.0018413678,0.0006250145,0.00079859566
2013-08-09,-0.0005829045,-0.00027337534,-0.00032205167,-0.0006071441,-0.00031629804,-0.00046542333
2013-08-12,-0.0007765914,-0.0002665499,-0.0001099208,-0.0005672672,-0.00031235014,-0.0006019688
2013-08-13,7.867628e-05,0.00040811635,9.6970674e-05,0.00046034166,-0.0001947113,0.0006424038
2013-08-14,-0.00026920237,6.8437193e-06,-4.7210287e-05,-0.00015588517,-3.7551556e-05,-0.00039374875
2013-08-15,-0.0010306884,-0.0015085702,-0.0011059501,-0.0025921792,-0.0008135672,-0.0018061891
2013-08-16,0.000947185,0.000304681,0.0004191366,0.00074724946,0.00045912756,0.00085785624
2013-08-19,-0.0001454536,-0.0005880059,-0.00017128908,-0.0006516507,1.3261947e-05,-0.0007221883
2013-08-20,-0.0007635088,-0.00054139097,-0.0007311354,-0.0013256986,-0.0007034787,-0.00030999279
2013-08-21,0.00016805444,-0.00076763716,-1.7742586e-05,-0.0004688313,7.84689e-05,-0.00054142746
2013-08-22,-9.145479e-05,0.0008408812,8.021775e-05,0.00064492534,-9.126934e-05,0.0009073292
2013-08-23,-0.00082825974,0.00035712772,-0.00025506085,9.15194e-05,-0.00020824482,-0.00022427212
2013-08-26,-0.0003010759,-0.00031279126,-0.00014667527,-0.00028737757,-4.2295715e-06,-0.000685164
2013-08-27,0.0005727114,-0.0009090144,7.4983385e-05,-0.0005669614,0.00012374477,-0.000713034
2013-08-28,0.00060482393,0.00023568279,-3.5338227e-05,0.00046954377,0.00019939299,0.00042489072
2013-08-29,-0.0017863663,-0.0008709103,-0.00089440163,-0.001558932,-0.0009645113,-0.0013638037
2013-08-30,-0.00023375243,-0.0005420843,5.679669e-05,-0.00053079927,-0.00023712569,-0.0007086546
2013-09-02,-0.00059204537,-4.9613405e-05,-0.00034184213,-0.00046044475,-0.00036831672,-0.00013148345
2013-09-03,-5.0705083e-05,0.0005527771,1.6439413e-05,0.00045831717,0.000111319925,0.00051067997
2013-09-04,-0.00083469955,-0.00015318298,-0.00062195037,-0.0005361752,-0.00033369055,-0.00024378988
2013-09-05,-4.011828e-06,0.00011782957,0.0002654529,-2.3228791e-05,9.0015186e-05,0.00013577686
2013-09-06,-0.00061149563,0.00025768805,-0.00035242477,0.00018379801,-5.725576e-05,-0.00024807858
2013-09-09,-0.0004976965,0.00038279852,0.00018607914,0.00025982098,0.00021523103,0.0001722333
2013-09-10,2.8427714e-05,0.0005631569,0.00045744507,0.00049706205,0.00033795065,0.000562363
2013-09-11,0.00037881982,0.0006577992,0.0003952028,0.0009901167,0.00058460556,0.0005518348
2013-09-12,-0.0007508388,-0.0007996461,-0.00066241226,-0.0011271288,-0.0005112587,-0.0009708203
2013-09-13,0.00018258925,0.00022730406,0.00023685097,0.00043736552,0.00018737491,0.00036753918
2013-09-16,0.0012656214,0.0012903796,0.0010972882,0.0022177766,0.0011164856,0.001359311
2013-09-17,0.00013833081,2.1766189e-06,0.00022958488,0.00012881611,7.5761774e-05,4.9706894e-05
2013-09-18,0.0031300504,0.0035296255,0.0025089183,0.0058527538,0.0026871427,0.0033798905
2013-09-19,0.0006671802,0.00036930243,0.0003408574,0.0009938974,0.0005000895,0.00040077558
2013-09-20,-0.001517029,-0.0017158437,-0.0009490469,-0.0029970687,-0.0013232237,-0.0016397783
2013-09-23,-0.0009999204,-0.00082367007,-0.0007345497,-0.0017081348,-0.0006138343,-0.001081079
2013-09-24,-0.00066102215,-0.00049876363,-0.00047132812,-0.0009832032,-0.00047102847,-0.00059154973
2013-09-25,-0.0008725695,-0.00047406708,-0.00031547283,-0.0012046312,-0.0005075027,-0.00080259785
2013-09-26,0.00016758725,0.00036714834,0.00018243135,0.0005257289,8.762873e-05,0.000241867
2013-09-27,-1.46993625e-05,-0.00019376767,-0.00013404696,-0.0002155299,-2.656403e-05,-5.2186297e-05
2013-09-30,-0.00093685504,-0.0014423863,-0.0008460368,-0.0021916144,-0.0007232735,-0.0012428786
2013-10-01,0.0012717451,0.0014983194,0.0007880686,0.0022407572,0.00080711354,0.0014792036
2013-10-02,-0.00028210762,-6.7967354e-05,-0.00013779978,-0.00016548148,9.236292e-06,-0.00019617089
2013-10-03,-0.0004826165,-0.00091755035,-0.000502402,-0.0012778763,-0.000494594,-0.0007553804
2013-10-04,-0.00024526147,0.00022181951,8.158894e-05,9.8855104e-05,-0.0001236824,0.00014839447
2013-10-07,-0.0010333597,-0.0010643738,-0.0006545034,-0.0015513914,-0.0005805665,-0.0012801122
2013-10-08,-0.00010790186,-0.00084967597,-7.381597e-05,-0.0008977877,-0.00014936039,-0.00093338743
2013-10-09,0.00020317882,-4.1074993e-05,0.00015572415,3.0470384e-05,5.0807997e-05,0.00012410422
2013-10-10,-0.0018169093,0.00079879235,-0.0012811885,-0.00029239187,-0.0010018235,0.00013478874
2013-10-11,0.0003737066,0.00092132494,7.0746704e-05,0.0008040419,0.00020389765,0.0009866077
2013-10-14,0.00018674493,0.00028462044,0.00018686346,0.00039220165,0.00019561277,0.000405794
2013-10-15,-0.00026696298,-0.0003307087,-0.00035437074,-0.0005253979,-0.0003131743,-0.0002750272
2013-10-16,0.00090892747,0.0013450974,0.00077344466,0.0015868437,0.0008578253,0.0013769511
2013-10-17,0.0010164715,0.0014165037,0.0009072508,0.0015214992,0.0007713486,0.0014618755
2013-10-18,0.0014342444,0.0015253776,0.0011231971,0.0022176702,0.0011220161,0.0018189105
2013-10-21,0.00037095015,0.00019365684,9.423018e-05,0.000385778,0.0001388627,0.00045850404
2013-10-22,0.0017111102,0.0018130585,0.0014179469,0.002562706,0.0013087174,0.0016851448
2013-10-23,-0.0012449018,-0.0015323298,-0.0009518352,-0.0025009238,-0.0012563942,-0.0012956962
2013-10-24,0.00040006544,0.00051649247,0.0004857118,0.0009782609,0.0003689244,0.0002446518
2013-10-25,-1.6135553e-05,0.000158009,0.00022388027,0.0001847566,0.00010707811,-4.9745067e-05
2013-10-28,-6.492807e-05,-5.7596637e-05,5.934794e-05,4.34291e-06,-7.07538e-05,-0.000106636784
2013-10-29,0.0002115276,0.00037118347,0.00036017524,0.0007559097,0.00018774263,0.00029751778
2013-10-30,-0.0013046528,-0.0010167084,-0.0008353384,-0.0019469085,-0.0008849363,-0.0012123572
2013-10-31,-0.0010139334,-0.0011408111,-0.00080036174,-0.0018888991,-0.00084529014,-0.0010699558
2013-11-01,-0.0014254736,-0.0013445024,-0.0005429936,-0.0022260605,-0.0010138695,-0.0015400092
2013-11-04,0.0004658407,0.00054889976,0.00051548536,0.0009800103,0.00040675886,0.00069901516
2013-11-05,-0.0007112837,-0.0010174763,-0.0005997958,-0.0014185186,-0.00065434375,-0.0011186575
2013-11-06,0.0008195741,0.0011933066,0.00078738434,0.0018848189,0.0008092301,0.0012036844
2013-11-07,-0.001368993,-0.0019892908,-0.0011834429,-0.0031241956,-0.0013197564,-0.002052513
2013-11-08,0.00071055937,0.0004699499,0.0006267195,0.0012522211,0.0005127918,0.0002287572
2013-11-11,0.00012981895,0.00021030665,0.00024958773,0.00033728048,0.00021655891,8.527803e-07
2013-11-12,-0.00024147735,-0.0005334979,-0.00017936532,-0.0007034791,-0.00029251722,-0.0006649327
2013-11-13,-0.00017365845,8.977752e-05,0.0001311298,4.660923e-05,-2.7214697e-05,4.9819388e-05
2013-11-14,-0.00022370645,0.000805017,7.8680016e-05,0.0006431903,0.000100476296,0.00057086954
2013-11-15,-6.494963e-05,0.00076823955,9.901231e-05,0.00084741827,0.00029738693,0.0004657963
2013-11-18,-0.00077854254,-0.00028702538,-0.0005198802,-0.0004929846,-0.0003703173,-0.00022317134
2013-11-19,-0.0010263076,-0.00115735,-0.0006882305,-0.0017425233,-0.0008958821,-0.0013415968
2013-11-20,-0.00016206063,-0.0004685723,-9.89599e-05,-0.0005411201,-0.00015362163,-0.00035230909
2013-11-21,0.0008085933,0.00079353707,0.00063976273,0.0015030997,0.00080648006,0.0007265893
2013-11-22,0.0012370625,0.0013557707,0.0010250128,0.002010404,0.0009863892,0.0013862064
2013-11-25,-4.5752877e-06,2.3811794e-05,6.4042375e-05,6.2398714e-05,-4.771728e-05,4.8688406e-05
2013-11-26,-0.0002029331,-9.908098e-05,-6.900026e-05,-0.00025832208,-0.0001102408,-0.00020656199
2013-11-27,0.0013896842,0.0011149592,0.0009711376,0.0018269286,0.0010555414,0.0014748438
2013-11-28,0.0009861984,0.0009806291,0.0007015871,0.0014464284,0.00075907266,0.001118863
2013-11-29,0.00018543996,0.0003898279,0.00021930385,0.0004237075,0.00024073341,0.00023822341
2013-12-02,-7.930439e-05,-0.00062594,-0.00028982467,-0.00074756437,-0.0002869066,-0.00030768805
2013-12-03,-0.0012127775,-0.001233722,-0.0007785373,-0.0019586792,-0.0008930001,-0.001527656
2013-12-04,-0.00042402654,-0.00058169884,-0.00022637096,-0.0010233944,-0.0004530783,-0.0007688906
2013-12-05,0.0010909571,6.550591e-05,0.0004598912,0.0004973019,0.0005195554,0.0004537032
2013-12-06,1.6898783e-05,0.00091381714,0.00030647745,0.0010325115,0.00019576534,0.0007254129
2013-12-09,0.00045651942,0.000777924,0.00041453732,0.0014058503,0.0004758376,0.00071193825
2013-12-10,0.00018342255,1.6526761e-05,-3.745293e-05,0.00015050329,2.2160833e-05,-0.000117146694
2013-12-11,-0.00072983454,-0.0017321348,-0.000668157,-0.0023032092,-0.0011222321,-0.0015399778
2013-12-12,0.0005692,-0.00052464317,7.482492e-06,-0.0007234166,-0.0002509122,0.00012785023
2013-12-13,0.00035269134,0.00039319275,0.00010442981,0.0005164177,0.000278764,0.0005131308
2013-12-16,-0.0015712085,-0.00020566993,-0.00062303443,-0.0006802211,-0.0005274635,-0.0010473949
2013-12-17,0.0006634081,-0.00011698603,0.00020530877,0.00010601459,0.0001079098,0.0003139995
2013-12-18,-0.0006379936,0.0008673023,-0.0005236785,0.0009225728,0.0003162493,0.0008350267
2013-12-19,0.0002521824,0.0005962097,0.00018426593,0.000756327,0.0004670275,0.0007836599
2013-12-20,-0.0005638936,0.00042948834,0.00015611164,6.888144e-05,0.000104494975,-0.00025940573
2013-12-23,0.00023285479,0.00077412766,0.0006023039,0.0008542275,0.00048769472,0.00059431494
2013-12-24,0.0006928508,0.00077447155,0.0006171972,0.0008814603,0.0004904144,0.00086887466
2013-12-25,-9.4629984e-05,-5.1675488e-05,-8.534305e-05,-0.00011639446,-6.888691e-05,-6.1022918e-05
2013-12-26,0.00090236496,0.00085436075,0.0007007727,0.0011815929,0.000612663,0.000961974
2013-12-27,0.00078483816,0.001080884,0.00056915794,0.0013221586,0.0006644473,0.0011629274
2013-12-30,0.0007894533,0.0007417394,0.0003264673,0.0011408797,0.000533458,0.0011614057
2013-12-31,8.260584e-05,7.440217e-05,0.0003663301,0.00015937907,1.3243287e-07,-0.00011303387
2014-01-01,-0.00013169963,-5.0531253e-05,-4.4459985e-06,-4.9442686e-05,-3.381761e-05,-0.00010291778
2014-01-02,-0.0031179471,-0.0032398046,-0.0030937637,-0.0047772136,-0.0023256647,-0.0031931526
2014-01-03,-0.0013877479,-0.0009894811,-0.00041069946,-0.0014167572,-0.0007911795,-0.001424279
2014-01-06,-0.0011996081,-0.0010182381,-0.00072392967,-0.0016102708,-0.0008066861,-0.0012616587
2014-01-07,0.0009132045,0.00116455,0.0010316835,0.0016836419,0.0007736745,0.0011664568
2014-01-08,0.0008559221,0.0005809999,0.00028339124,0.00074892037,0.0005667014,0.000876715
2014-01-09,0.00039459183,0.00010685688,5.860941e-06,0.0001856442,0.00024638913,0.00027440453
2014-01-10,-0.00016705309,0.00092209247,0.00034534326,0.0010546161,0.0003233894,0.00026243145
2014-01-13,-0.001594646,-0.0015935585,-0.0011377101,-0.00256452,-0.0013611729,-0.0018778031
2014-01-14,7.665194e-05,0.0003976643,0.00036573882,0.00066302647,0.000113287424,0.00040755162
2014-01-15,0.0017691058,0.002042468,0.001413121,0.003266918,0.0014347944,0.0022589928
2014-01-16,-0.000114943905,4.6497134e-06,-6.745232e-05,-0.0001034181,-1.3542569e-05,-0.00017989702
2014-01-17,0.0002631842,-0.00012277639,-1.4114325e-05,-2.799245e-05,-5.48634e-05,0.0001103767
2014-01-20,-5.1836316e-05,-0.00011262163,5.9718545e-06,-0.00015111982,-5.144245e-05,-0.00016322623
2014-01-21,0.0005126554,0.00069430575,0.0003359203,0.0009493016,0.00052251207,0.0006919148
2014-01-22,-0.00011418991,0.00037483446,0.000114992785,0.0005036119,0.000110102075,0.00021072142
2014-01-23,-0.00050464796,-0.000763297,-0.0010168632,-0.00094225694,-0.00039352197,-0.0009060171
2014-01-24,-0.0022410816,-0.0036692761,-0.0025475575,-0.0052981665,-0.0024495514,-0.003217173
2014-01-27,-0.00091121736,-0.00198755,-0.0005794712,-0.0024572904,-0.0011534328,-0.0016221518
2014-01-28,-0.0005742065,0.0006871411,-0.00011181774,0.00021761586,-0.00018707047,4.76077e-05
2014-01-29,0.0013134861,0.0002527404,0.00038509144,0.00091483834,0.00086540583,0.0006292593
2014-01-30,-0.00018501598,0.0003107252,9.60342e-05,0.00018621658,-7.018138e-05,4.5064047e-05
2014-01-31,9.075842e-05,-0.0005165929,4.5366865e-05,-0.00033953352,0.000106301064,-0.00034497498
2014-02-03,0.002809169,-0.000472489,0.0006486469,0.00022289078,0.0006612563,0.0010491756
2014-02-04,-0.0010283086,-0.000497229,-0.0003339504,-0.00076347234,-0.00043010063,-0.0010408016
2014-02-05,-0.0015943886,-0.0010275643,-0.0009741315,-0.0017951101,-0.0011266776,-0.0013731585
2014-02-06,-0.0028882928,-0.0003046913,-0.0005165769,-0.0009502263,-0.0006686534,-0.0020306036
2014-02-07,-0.0017160401,0.0005154824,-6.0671668e-05,0.000381934,0.00025527092,-0.0008256692
2014-02-10,-0.00034691236,-7.892011e-05,-0.00021233429,-0.00016506476,-0.00010275601,-0.00024482343
2014-02-11,-0.00059601385,0.0009074403,8.428863e-05,0.00094073504,0.00062672514,5.5913042e-05
2014-02-12,-0.00048089525,-5.0996037e-05,-9.527274e-05,-7.812564e-05,-9.434909e-05,-0.00038712905
2014-02-13,0.0007082646,0.0010063263,0.00066574116,0.0013768772,0.0008021972,0.0011217898
2014-02-14,0.0006020901,0.000999246,0.00064916525,0.0014161614,0.00079361413,0.00079003273
2014-02-17,0.00032046268,0.0001802252,0.0002115133,0.000391995,0.00024068811,0.00023647833
2014-02-18,0.0013450809,0.0016248766,0.000943512,0.0024161416,0.0013682361,0.0014453916
2014-02-19,-0.00044691397,-0.00034348114,-0.0006254736,-0.0005787353,-0.00035110855,-0.0005074334
2014-02-20,0.00045400858,0.0006065209,0.00038718374,0.0009493394,0.00040441632,0.0006543576
2014-02-21,0.00011580638,0.0003329566,0.00012498796,0.0003715523,0.00024111268,0.00029241404
2014-02-24,0.0012411794,0.0012091738,0.001128022,0.0021700864,0.0010782414,0.0011653645
2014-02-25,-0.00026294318,-0.00027822208,-0.00027090896,-0.0005620065,-0.00026125056,-6.736145e-05
2014-02-26,-8.612362e-05,-0.00010067964,-0.00022895995,-0.0004157763,-0.00018389344,7.9902005e-05
2014-02-27,0.0003473597,0.00064409187,0.0005436638,0.0008983678,0.00042807133,0.00048362554
2014-02-28,0.0011629225,0.0010771846,0.00073253596,0.0018496009,0.0008100504,0.0012091977
2014-03-03,-0.0018834588,-0.0020071403,-0.001902428,-0.0035358928,-0.0015870429,-0.0017104285
2014-03-04,0.0021378498,0.0025616542,0.0019312424,0.0045302683,0.0019410308,0.0021377648
2014-03-05,2.680059e-05,8.091149e-05,0.00019079151,0.00011770729,5.891148e-05,1.7174909e-05
2014-03-06,0.0008757611,0.0010794307,0.00081204844,0.0016320407,0.0008307682,0.00091250107
2014-03-07,-0.00035711806,-0.0005618454,-0.00014078872,-0.00092845544,-0.0005567964,-0.00045666084
2014-03-10,-0.00045829525,-0.000632161,-0.00043535716,-0.0010835452,-0.0005735268,-0.00041558236
2014-03-11,-0.00051877426,-0.0005897504,-0.00057955703,-0.0009976035,-0.00041241228,-0.0005733176
2014-03-12,-0.00048424074,-0.00043341235,-0.00045541732,-0.0006911486,-0.000408464,-0.00027808448
2014-03-13,-0.00029212155,-0.0010437908,-0.00043263487,-0.0014327214,-0.00050790294,-0.00085022894
2014-03-14,-0.0007789466,-0.00082339434,-0.00051183946,-0.0012207786,-0.00058969675,-0.00082823186
2014-03-17,-9.746768e-05,0.00055429107,8.784561e-05,0.00052724255,-6.327073e-05,0.0004802034
2014-03-18,-0.00018924208,0.00092233095,4.9154194e-05,0.0009316765,0.0002441923,0.0005917206
2014-03-19,-0.0006537973,-0.0014618408,-0.00074304815,-0.0015910189,-0.0009756911,-0.0012297052
2014-03-20,-0.00083194237,-0.00040733084,-0.0003778295,-0.0009530361,-0.00039476732,-0.0008620226
2014-03-21,-0.00077519467,-0.00033829705,-0.00039503237,-0.000596572,-0.00043799882,-0.0006956659
2014-03-24,-0.00027536933,-0.00044293603,-0.0002026704,-0.00056688697,-0.0004250937,-0.00050354603
2014-03-25,-0.00010451553,0.0006361918,9.84319e-05,0.0007027069,0.00035546962,0.0003837945
2014-03-26,-0.0008647552,-0.00066825014,-0.0005536436,-0.0009815414,-0.0006028115,-0.0008564891
2014-03-27,0.00018223643,0.00034319103,0.00011018449,0.0005173389,0.00039406368,0.00022166996
2014-03-28,0.0001741334,0.00049139006,0.00028848008,0.00070462417,0.0004426171,0.00063252065
2014-03-31,0.00024090211,0.0010122748,9.200291e-05,0.0010840868,0.0006615424,0.00089529797
2014-04-01,0.0003303544,0.0006235027,0.00050805765,0.0009094729,0.0006011532,0.00077006116
2014-04-02,-0.00017957142,3.4243462e-06,0.00013270865,-0.00016037056,6.1283135e-06,-0.00021685696
2014-04-03,-0.0001445977,4.925026e-06,-3.0147005e-05,-2.6230163e-07,-4.2561987e-05,-0.000158331
2014-04-04,-0.0011224393,-0.0008025221,-0.00088781177,-0.0013970427,-0.00088783127,-0.001361611
2014-04-07,-0.0009412275,-0.001556568,-0.0014289881,-0.0021631094,-0.0011771771,-0.0012707731
2014-04-08,-0.0001246158,0.0007685084,9.4082774e-05,0.0006438175,0.00029692898,0.0003883415
2014-04-09,0.0010881224,0.0015299928,0.00070841535,0.0022257322,0.0011676543,0.0015588703
2014-04-10,-0.00061940483,-0.0013521481,-0.00072269264,-0.0019210771,-0.0010983541,-0.0011805082
2014-04-11,-0.0010932137,-0.0013581025,-0.000755752,-0.0020137941,-0.0010535576,-0.0013988046
2014-04-14,-0.00039274775,0.0002923268,-0.00031917734,5.5050095e-05,-8.118942e-05,5.733079e-05
2014-04-15,-0.0005701756,-0.00040956406,-0.0005003134,-0.0007501128,-0.00041227235,-0.00036607566
2014-04-16,-0.0005122727,0.0006446347,-4.7896763e-05,0.00057869265,0.00018049021,-0.00018851226
2014-04-17,0.00028196667,0.0006205878,0.00020405215,0.0006533711,0.0003280506,0.0004954172
2014-04-18,-0.00013592873,-6.243887e-05,-1.9571002e-05,-0.00013011554,-9.0680514e-05,-0.00019246816
2014-04-21,-0.0003941073,-0.0003987832,-0.00029325797,-0.00048814222,-0.00036426686,-0.00036909478
2014-04-22,3.3667043e-06,0.00070452085,7.160453e-05,0.00064006675,0.00035043954,0.00038096213
2014-04-23,-0.00043659413,-0.00027225577,-0.00022678587,-0.0004952854,-0.00027064906,-0.00033858296
2014-04-24,-4.938077e-06,0.00021623899,9.0982685e-05,0.00023101282,0.0001085566,7.842698e-05
2014-04-25,-0.0013302094,-0.0016969097,-0.0009967443,-0.0024716984,-0.001375947,-0.0017530033
2014-04-28,0.00015662868,0.00016376657,0.00017117373,0.00022321739,8.431639e-05,0.0003222322
2014-04-29,0.00051768305,0.0010282132,0.00024541875,0.00091295067,0.00050506956,0.000872817
2014-04-30,0.0003329976,0.00033506932,0.0002789513,0.0005295757,0.0003395245,0.0003882802
2014-05-01,-0.0002290078,-0.0003435813,0.00012656368,-0.00029487573,-0.00019007864,-0.00028737044
2014-05-02,-0.00014269233,0.00020415169,-0.00011410046,0.00011661139,3.3136068e-05,0.0001360005
2014-05-05,-0.00017507405,-0.00023582939,-0.00019325303,-0.00030910544,-0.00020923575,-0.00022778765
2014-05-06,-0.00012033349,-0.00021787576,-0.00014384449,-0.00040127203,-0.0001367163,-0.0001091866
2014-05-07,0.0008134726,0.0005100901,0.0004193569,0.0009432687,0.00047418027,0.0008597699
2014-05-08,-0.0002351349,-8.197158e-05,-0.0001246984,-0.00031137816,-0.00017271607,-8.338242e-05
2014-05-09,-0.00121382,-0.0011262646,-0.0008881673,-0.001668219,-0.00095115823,-0.00088363636
2014-05-12,-0.00033043162,0.0008440849,-1.1050247e-05,0.0007532105,0.0002850638,0.00035713316
2014-05-13,0.00026658562,0.00063286466,0.00026845993,0.00071585196,0.00044109332,0.00054042105
2014-05-14,0.00033982692,0.00042579533,8.947812e-05,0.0005623908,0.0003404381,0.00042418917
2014-05-15,-0.0017847043,-0.0019415768,-0.0011954792,-0.002905323,-0.0016403523,-0.0019258297
2014-05-16,0.00062094664,0.00068681955,0.000438885,0.0010163073,0.00053419796,0.00062198745
2014-05-19,0.00046460994,0.00023339658,0.00019222073,0.00039756918,0.0002544056,0.0005279541
2014-05-20,-0.0008650671,-0.0009786027,-0.0007546625,-0.0014671654,-0.0007958455,-0.0012775471
2014-05-21,-0.00019364752,0.0005163485,0.00017505545,0.00035962206,6.444941e-05,0.00030517727
2014-05-22,0.00043322952,0.00063372444,0.00017680839,0.00081765815,0.00042136686,0.000683137
2014-05-23,0.0009051679,0.00094902754,0.0003375088,0.0013958298,0.00075388903,0.0010299424
2014-05-26,1.7032176e-05,0.00020623383,8.7141445e-05,0.0002078988,0.00014747004,0.00012972986
2014-05-27,0.0003404324,0.00036651222,0.00029551247,0.0004513538,0.00023119799,0.0004718525
2014-05-28,0.00044154123,0.00055384997,7.7516524e-05,0.00090701506,0.0005109237,0.0005190822
2014-05-29,0.0008003332,0.00065363845,0.0006395788,0.0011048468,0.00057788595,0.0008729552
2014-05-30,-0.000268981,-0.00048938993,-0.0001980352,-0.00066243124,-0.00039429247,-0.00028213652
2014-06-02,-7.539623e-05,-3.42477e-05,-4.8049747e-05,-0.00012555547,-2.5650415e-05,-0.00021965952
2014-06-03,-0.00060954725,-0.0003847618,-0.0002609511,-0.00066815765,-0.0003613659,-0.0006188453
2014-06-04,-0.0001236345,-0.00017424463,7.007189e-05,-0.000215538,-9.7640754e-05,-0.00029736815
2014-06-05,0.0012802649,0.001777972,0.001013834,0.0027369664,0.0011758158,0.0016485285
2014-06-06,0.000450733,0.0011512393,0.0008212361,0.0018621013,0.0008217026,0.000948465
2014-06-09,0.00048533114,0.0005910217,0.00046425074,0.00095266674,0.00036184298,0.0005989291
2014-06-10,0.00019677632,0.00019765363,2.8792965e-05,0.0003353583,0.0001421613,0.00029800876
2014-06-11,-0.0012415407,-0.0013034459,-0.0011130279,-0.0023684327,-0.00114526,-0.0012291773
2014-06-12,-0.0013442409,-0.0006883971,-0.0010029974,-0.0018596674,-0.00084053335,-0.0012780854
2014-06-13,0.00047097623,0.00066414254,0.00021028217,0.0010570268,0.0005241616,0.00056015776
2014-06-16,-0.00045911863,-0.00034569608,-0.00037454776,-0.00074879226,-0.00037184617,-0.00047486485
2014-06-17,0.00011646185,5.4048727e-05,0.00020869095,0.0002160073,4.1806812e-05,-3.234226e-05
2014-06-18,0.0007015577,0.0015729425,0.00074469665,0.00212757,0.0009686698,0.0014006466
2014-06-19,0.00070946635,0.0010376938,0.000689363,0.001957598,0.000854255,0.00076459284
2014-06-20,0.00018428706,0.00012720097,0.00027954986,0.0002740898,0.00018904841,9.615957e-05
2014-06-23,-0.0008332932,-0.00090624957,-0.0007466714,-0.0015314894,-0.000791078,-0.00079571584
2014-06-24,-0.0011507357,-0.0011020501,-0.00093272654,-0.0019127363,-0.0010179502,-0.00087983964
2014-06-25,-0.00024571834,-0.00012250256,-5.9893337e-05,-9.098504e-05,-0.00017109599,-0.00025039873
2014-06-26,0.00010045675,0.00024921793,-8.668525e-06,0.00037688523,0.00020139404,0.00026788533
2014-06-27,0.0005534298,0.00057222665,0.00031933657,0.0009110463,0.0004714651,0.00076912827
2014-06-30,0.0003547423,7.384317e-06,0.000112460664,0.00032469668,3.2986034e-05,0.0002742993
2014-07-01,0.000553525,0.0010743868,0.00064554176,0.00170327,0.0006826416,0.0010625753
2014-07-02,0.00025489175,0.0003914437,4.7292477e-05,0.00052314164,0.00036449777,0.00061920856
2014-07-03,0.00030968696,0.000912622,0.00029376254,0.0013403397,0.0005898814,0.0008802366
2014-07-04,0.00016642358,-2.7157124e-05,6.5399574e-05,0.000110732406,7.761177e-05,0.00015153566
2014-07-07,-0.0009723767,-0.0013460343,-0.0011718783,-0.0023059184,-0.0011151,-0.0010764874
2014-07-08,-0.0019403714,-0.0021036477,-0.0016522935,-0.0033429575,-0.0016850514,-0.0021069965
2014-07-09,0.00061452534,0.00043381465,0.00029597705,0.00092961057,0.0004190076,0.00073147553
2014-07-10,0.00023467303,-0.000670437,-8.2033446e-05,-0.0009305756,-0.00022765562,-0.00018717966
2014-07-11,0.00053944037,-0.0001361818,-4.454646e-05,3.367585e-05,9.664463e-05,0.00037885897
2014-07-14,-0.0009355669,0.00036742596,-0.00057355996,0.00010425232,-0.00022013765,-0.0004769113
2014-07-15,0.00062650605,-0.0005484619,-0.00021144525,-0.00052576675,-0.00022678621,0.00035323945
2014-07-16,-0.00050613115,0.00059400115,-1.2814303e-05,0.000633792,0.0002294277,5.213105e-05
2014-07-17,-0.0009925419,-0.001648536,-0.00045072188,-0.0027958653,-0.0013489369,-0.0015984245
2014-07-18,0.00086156995,0.001285303,0.00029138214,0.0019712655,0.00087813794,0.0011601355
2014-07-21,0.00018054472,-8.973441e-05,-1.12256275e-05,-0.00014231072,-7.0908674e-05,0.00019190152
2014-07-22,0.0007156509,0.0012482574,0.0004241722,0.0018044425,0.0010184192,0.0011749717
2014-07-23,0.00056753284,0.0007891294,0.0004707294,0.0011156673,0.0007057787,0.00070724066
2014-07-24,1.3158343e-05,1.1100637e-05,-5.2985568e-05,0.0001487616,0.000102382226,-0.00020028999
2014-07-25,-0.00045489223,-0.00062562275,-8.388678e-05,-0.00087415933,-0.00050833926,-0.0008813716
2014-07-28,0.0007931031,0.0005822832,0.00034113592,0.0009304756,0.0005544243,0.0006728613
2014-07-29,0.00013646609,-0.00020019476,0.0002694305,-0.00025156935,-0.0001498452,-9.2223534e-05
2014-07-30,0.0006363098,-0.00014974528,0.0003884579,-4.4513687e-05,7.148629e-05,0.00027311867
2014-07-31,-0.001040907,-0.0028779516,-0.0005546597,-0.004034597,-0.0020732894,-0.0025380517
2014-08-01,-0.00045892506,-0.0010134008,-0.00075117685,-0.0017014516,-0.00089867564,-0.0006854735
2014-08-04,-0.00092528405,0.00023228812,-6.924149e-05,6.892593e-05,-0.00013345743,-0.00053611444
2014-08-05,0.001127949,-0.00059763197,7.1206177e-06,-0.0004686916,-1.5349882e-05,0.00029396167
2014-08-06,-1.3502329e-05,8.036175e-05,-8.386151e-05,-8.705977e-05,-4.180194e-05,-0.00012221237
2014-08-07,0.00042403402,-0.0005425208,-1.2721675e-05,-0.00085504947,-0.0002936191,6.314372e-05
2014-08-08,-0.0009298009,-0.00033744556,-0.00013559268,-0.0004956503,-0.00021530912,-0.0008648786
2014-08-11,-0.0013892346,0.00039949073,-9.481021e-05,0.00036064768,4.9654347e-05,-0.0005603474
2014-08-12,0.0001493223,-0.00039689091,-0.00021960314,-0.00061362865,-0.0004056906,0.000113051836
2014-08-13,-0.00026008268,0.000804211,0.00029738402,0.001019967,0.00066013314,0.0004452511
2014-08-14,-0.0001374948,3.953907e-05,-3.4186563e-05,2.9918878e-05,-1.1531502e-05,0.00014213625
2014-08-15,-0.00017427387,-0.00010384802,0.00016042442,-0.00013045999,-0.00012552163,1.956252e-05
2014-08-18,0.0002251042,0.0007910968,0.00021522418,0.0009428666,0.0005786153,0.0007453173
2014-08-19,0.00046252765,0.0007913997,0.00026965849,0.00090100226,0.0005634838,0.00086608116
2014-08-20,0.00041130043,0.00028524915,0.0002788707,0.00023478911,0.0001236366,0.0004527738
2014-08-21,0.00023859147,0.00078344013,0.00039229816,0.0008760561,0.0006228625,0.0005705654
2014-08-22,6.81286e-05,-0.00011209687,-0.0002308449,-0.00020081866,-0.00010023378,-0.000116718955
2014-08-25,0.0015526075,0.0016383452,0.0009884692,0.0022643446,0.0013000743,0.0019769259
2014-08-26,0.00025286598,0.00040978796,0.00031061482,0.00045244335,0.00023116474,0.00033463092
2014-08-27,0.00053852325,0.0008718559,0.0007138477,0.0012371228,0.00069998216,0.00070525694
2014-08-28,-0.001058837,-0.0009807532,-0.0004906538,-0.001562875,-0.0007663872,-0.0011292491
2014-08-29,0.00076461525,0.00068909425,0.00033177255,0.0011522297,0.00048426248,0.0007054743
2014-09-01,0.0006002875,0.00055389205,0.00037441144,0.00086550775,0.0004554657,0.0006664596
2014-09-02,-4.2891214e-05,-0.0005333106,-0.00033823503,-0.00076374284,-0.00048027327,0.0001899234
2014-09-03,0.0003602431,0.0011333574,0.0004878457,0.0013576135,0.00063842424,0.0007316387
2014-09-04,0.0010282128,5.1340536e-05,-5.7217723e-05,-0.00013757148,-4.435418e-05,0.00070133945
2014-09-05,0.0024839055,0.0017976966,0.0007408099,0.0031188228,0.0014261667,0.0022218695
2014-09-08,-0.00037808937,-0.001206733,-0.0008647329,-0.0017917798,-0.0009166674,-0.00051717635
2014-09-09,-0.0008971926,-0.001350403,-0.0009243135,-0.0022874456,-0.0009939877,-0.0010490078
2014-09-10,-0.0007607491,-0.00071257673,-0.00059972634,-0.0012311818,-0.00068997813,-0.0006147656
2014-09-11,0.00033183163,7.607547e-06,-5.219214e-05,0.00028095188,0.00013215127,0.0003359192
2014-09-12,-0.0004383889,-0.0010893395,-0.00042133578,-0.001100326,-0.00024985848,-0.0010698849
2014-09-15,-0.0010260888,-0.0011526172,-0.0001671476,-0.001606065,-0.0007335408,-0.0011748009
2014-09-16,-0.0006973191,0.0003676103,-0.00015172556,0.00010662127,-9.397033e-05,-0.00038596703
2014-09-17,0.0010610184,0.00056530576,0.0002587135,0.0008023858,0.00044397928,0.0011603499
2014-09-18,0.0025747444,0.0021087097,0.0009083487,0.0031847525,0.0016456095,0.002807795
2014-09-19,0.0007704,0.00034421572,0.0005730822,0.00052378373,0.00038009702,0.0007719768
2014-09-20,0.0,0.0,0.0,0.0,0.0,0.0
2014-09-21,0.0,0.0,0.0,0.0,0.0,0.0
2014-09-22,0.000336679,-0.0013790941,-0.00089291827,-0.0015889404,-0.0007465403,-0.00029998814
2014-09-23,-0.0005666177,-0.001024843,-0.00063249056,-0.0012300158,-0.00039223058,-0.0008739853
2014-09-24,-5.5224576e-05,0.00081080047,0.0001788984,0.0007808906,0.00020765964,0.00049517007
2014-09-25,0.0012948033,-0.00094427913,-0.00037504718,-0.0008001199,-0.00011569942,0.00025439006
2014-09-26,0.0005508291,0.0007183606,-0.00022045017,0.00065871264,0.0002211206,0.0010791916
2014-09-27,0.0,0.0,0.0,0.0,0.0,0.0
2014-09-28,0.0,0.0,0.0,0.0,0.0,0.0
2014-09-29,0.0016043731,0.00044755498,0.00020914976,0.0010509025,0.00065952004,0.0010978625
2014-09-30,0.0018832888,0.00054035924,0.00025438433,0.00062877807,0.00034793915,0.0019893337
2014-10-01,0.0006882646,-0.0006866358,0.0002662922,-0.0007606318,-0.00028946245,6.153296e-08
2014-10-02,0.00011170354,-0.0009973466,-0.00026879707,-0.001034964,-0.0004130288,-0.0006099348
2014-10-03,-0.0005949437,0.00019056351,-0.00046445383,-0.00042219416,-0.0005092239,4.248145e-05
2014-10-04,0.0,0.0,0.0,0.0,0.0,0.0
2014-10-05,0.0,0.0,0.0,0.0,0.0,0.0
2014-10-06,-0.00040147395,0.0007452449,2.4127552e-05,0.0014736038,0.00062017253,-0.00025042405
2014-10-07,0.00095309137,-0.00080167514,0.00080579566,-0.0009552395,-0.0001733004,-0.00022307914
2014-10-08,-0.0014472981,0.00015512525,-0.00021934982,0.0002589575,0.00018600746,-0.0010063285
2014-10-09,0.0013710426,-0.0007579436,1.3031758e-05,-0.0010996999,-0.00058588316,0.0005801248
2014-10-10,0.0033231745,4.524753e-05,0.00046043997,0.00022706292,0.00015496735,0.0020781662
2014-10-11,2.1151543e-06,1.7936476e-07,0.0,9.4413804e-07,1.0908963e-06,5.106045e-07
2014-10-12,-7.0350548e-06,3.9359784e-06,0.0,-2.4155474e-06,-3.060748e-06,-4.0076984e-06
2014-10-13,0.0014839651,7.1527495e-05,0.00012956063,0.00022253596,0.00014949472,0.0009352866
2014-10-14,0.00016075422,-1.3846352e-05,7.485777e-05,0.00016802049,7.904857e-05,1.9580662e-05
2014-10-15,0.0023955763,0.00024602923,4.648596e-05,0.00065890467,0.0005064513,0.0020565495
2014-10-16,-0.0003901998,-0.00068858,-5.618915e-05,-0.0007541895,-0.00035892878,-0.0008910883
2014-10-17,-0.0033055965,-0.00028401098,-0.0001966841,-0.00074203487,-0.00045698078,-0.002550729
2014-10-18,6.458818e-07,5.4795228e-06,0.0,3.406034e-06,-8.2363357e-07,1.9037543e-06
2014-10-19,5.12372e-08,-2.9975658e-06,0.0,-1.6712645e-06,1.1811808e-06,-1.6966076e-06
2014-10-20,-0.0009829532,0.00041989953,0.00016178541,0.0005231412,0.00024461508,-0.000547824
2014-10-21,-0.0024084172,-8.38411e-05,-0.00015391264,-2.8694943e-05,2.7380836e-05,-0.0017289585
2014-10-22,-0.0002866253,-0.0005305325,-9.545856e-06,-0.00076092203,-0.00054230046,5.1475297e-05
2014-10-23,-0.0008536839,0.00016726337,-0.00014756472,7.504232e-05,6.936223e-05,-0.0002362476
2014-10-24,-0.0003994394,0.000196711,-1.3645873e-05,2.5021714e-05,2.9103636e-05,-0.00021811701
2014-10-25,1.0171748e-05,-2.778938e-06,0.0,2.313003e-06,4.0436043e-06,5.485724e-06
2014-10-26,-1.31870975e-05,3.847102e-08,0.0,-6.8809054e-06,-6.1616192e-06,-7.864461e-06
2014-10-27,0.00046418764,5.7454425e-05,8.5698055e-05,0.00016281276,7.744648e-05,4.058585e-05
2014-10-28,-0.00041408584,0.0008785778,5.9074166e-05,0.0012695048,0.0005313952,-2.8253166e-05
2014-10-29,-0.0007569437,-0.0004454183,-0.00017536426,-0.0004444661,-0.0002507092,-0.00073744997
2014-10-30,0.0010738737,0.0010337931,0.00036634627,0.0015808829,0.000695667,0.0016643751
2014-10-31,0.0017673069,0.0016851767,0.00097493146,0.002813621,0.0013945526,0.0016714742
2014-11-01,2.7959988e-05,-3.238081e-09,3.630583e-06,9.73508e-06,7.0306633e-06,2.2313394e-05
2014-11-02,-1.9162683e-06,-1.0705388e-07,-3.9486957e-07,-7.613174e-07,-6.541527e-07,-2.114652e-06
2014-11-03,0.0007973546,0.00086132437,0.00030543582,0.0009898237,0.0006343679,0.0015426597
2014-11-04,-0.000433117,-0.00036819224,-0.00029037488,-0.0008681914,-0.00042405084,0.00013693864
2014-11-05,0.00079175836,0.0005225272,0.0002968877,0.0010414111,0.00057580863,0.00064379536
2014-11-06,0.0010462551,0.0005283538,0.00018269119,0.0009832224,0.00062269863,0.0012633657
2014-11-07,-0.0008862805,8.236844e-05,-0.0002758057,-0.0002232865,-0.00031044352,-0.00078862254
2014-11-08,-3.3613965e-06,4.700908e-07,-1.2863339e-06,-5.263577e-07,-9.692262e-07,-2.3669247e-06
2014-11-09,-2.7312464e-05,5.909081e-06,-8.137024e-06,-3.667543e-06,-8.894239e-06,-2.0776464e-05
2014-11-10,0.0005149739,0.00015231328,0.00047997342,0.00056629255,9.310473e-05,0.00034444092
2014-11-11,6.8532325e-05,0.0003436223,-5.752244e-05,0.0005301418,0.00023582547,1.5820015e-05
2014-11-12,3.9907023e-05,-2.8747521e-05,0.000106082545,-2.2120366e-05,-8.2154605e-05,0.00020468123
2014-11-13,0.00064516236,-2.7627908e-05,7.131379e-05,9.547343e-05,-2.3578066e-05,0.0006470838
2014-11-14,-0.000776252,-5.63964e-05,-2.074648e-07,-5.975214e-05,-7.914983e-05,-0.0008808665
2014-11-15,-5.0396695e-05,-4.8724476e-05,-1.7601964e-05,-6.1283754e-05,-3.3700802e-05,-3.3923854e-05
2014-11-16,1.614659e-05,1.7935614e-05,6.6846915e-06,2.0376658e-05,1.1893134e-05,8.307759e-06
2014-11-17,0.00050270476,0.00011321841,-0.0002079517,0.00051700446,0.00024683954,0.0004640928
2014-11-18,0.00047349802,0.0006627889,0.00026402713,0.0009918336,0.00039051461,0.00049951964
2014-11-19,-0.0003300037,-0.00039980802,-0.00021618586,-0.00069890433,-0.0003434387,-0.00042915804
2014-11-20,-0.00024976142,0.000324631,-5.0978928e-05,0.00059102813,6.966398e-05,-2.2085871e-05
2014-11-21,0.0007185563,0.0014642709,0.00046308397,0.0021660281,0.001006823,0.0006835143
2014-11-22,-4.0550435e-06,6.784346e-07,-5.9689006e-07,-2.4532003e-06,-1.1440648e-06,-4.7637036e-06
2014-11-23,-1.825166e-05,4.9626638e-06,-3.1929703e-06,-1.1147522e-05,-2.8173627e-06,-1.57289e-05
2014-11-24,8.5005486e-05,0.00015206484,0.00010160871,6.508077e-05,-0.0001748591,0.00028865025
2014-11-25,0.00080068386,0.00081996736,0.00017660545,0.0011591224,0.0006910625,0.00087404833
2014-11-26,0.00012449504,0.00045966447,0.0004187694,0.0005500516,0.00024885876,0.00027535757
2014-11-27,0.00018366522,0.00013609101,3.059941e-05,0.00024582,0.00015079032,0.00012166078
2014-11-28,0.0010897093,-0.00017828755,0.00010452361,-0.000278868,-0.00041497202,0.0015601229
2014-11-29,2.67084e-06,-1.0433399e-07,1.2081026e-06,1.2085674e-06,1.2173876e-06,1.7562438e-06
2014-11-30,2.1284943e-06,2.57834e-06,1.6217615e-07,1.3342491e-06,1.1582785e-06,3.1326206e-06
2014-12-01,-0.0020796047,-0.0015521914,-0.0011120313,-0.0027019477,-0.0012454144,-0.0020239481
2014-12-02,0.0011551714,0.000510202,3.5558332e-05,0.0011794565,0.00041157857,0.0013208764
2014-12-03,0.00072883745,0.00090010714,0.00021062273,0.0013305761,0.00051393994,0.0009713304
2014-12-04,0.0005021743,0.00036385312,0.00012032833,0.0006274524,0.00043526187,0.00032724364
2014-12-05,0.0011621545,0.00081871764,0.00018076938,0.0014013659,0.00048241584,0.0014497775
2014-12-06,-2.1546849e-07,-1.7488738e-06,0.0,-5.34303e-07,-3.2591925e-07,-1.0802363e-06
2014-12-07,-7.3625674e-06,1.7139455e-06,0.0,1.1951051e-06,-4.162563e-07,-1.4699297e-05
2014-12-08,0.0015660223,0.00040299664,-0.00016724197,0.00074213045,0.0006468659,0.0009556238
2014-12-09,-0.0017901472,-0.0013619048,-0.0005414231,-0.0027064865,-0.0012497876,-0.0020030837
2014-12-10,-4.174814e-05,-0.0013562886,-0.0002479951,-0.0020512661,-0.0005664614,-0.00080474926
2014-12-11,0.00022106808,-1.3220494e-05,6.8299654e-05,6.470921e-07,-4.0915173e-05,0.00039579326
2014-12-12,0.0024680798,0.00017221969,0.00054570026,0.0009740438,0.0011914546,0.0010995768
2014-12-13,1.2774081e-05,1.6627966e-06,3.9138454e-06,7.266564e-06,6.661676e-06,8.278476e-06
2014-12-14,-1.0956945e-05,-1.3010482e-06,1.6536201e-07,-5.870336e-06,-5.576332e-06,-7.510575e-06
2014-12-15,0.0020426158,-0.00043665513,7.1465445e-05,0.00017414009,0.0006753667,0.00079901045
2014-12-16,0.0010742466,0.00023348081,0.00029114936,0.00056328054,0.00037427314,0.0004582853
2014-12-17,-0.0022583832,-0.00017491967,3.7299094e-05,-0.001075697,-0.001235066,-0.0012291843
2014-12-18,-0.0034223818,-7.4644995e-06,-0.00012659088,-0.0016962689,-0.0020186023,-0.0015703975
2014-12-19,-0.0022655535,-0.00043963842,-0.00037213028,-0.0010816242,-0.0007311792,-0.0016829538
2014-12-20,-5.1209045e-05,-8.360906e-06,-1.7430373e-05,-2.1999422e-05,-2.1437581e-05,-4.8869082e-05
2014-12-21,4.4403223e-05,8.6279115e-06,1.5812038e-05,1.7677989e-05,1.5372863e-05,3.9134917e-05
2014-12-22,0.00031350384,0.00058316864,0.00023497254,0.0004779364,0.00019096301,0.00055687025
2014-12-23,-0.00025408753,-0.00022096177,-0.00021730017,-0.00027471205,-0.00015678008,-0.00021007049
2014-12-24,0.00031019034,0.00010101419,5.753475e-05,-6.5168795e-05,-8.221289e-05,0.00035961196
2014-12-25,6.6593006e-05,3.430032e-05,-9.195139e-06,8.196953e-05,2.573519e-05,3.794329e-05
2014-12-26,0.00027983374,0.00061513897,4.1883988e-05,0.00067957345,0.0003207829,0.0004448224
2014-12-27,4.480632e-05,4.8323427e-06,1.636838e-05,5.109401e-06,5.4107527e-06,3.6839523e-05
2014-12-28,-9.451172e-06,-1.9270108e-06,-2.920012e-06,-2.0052626e-06,-2.5846023e-06,-7.6260967e-06
2014-12-29,0.00071620767,0.0007093641,0.00032867343,0.0010185484,0.0005557077,0.0007614819
2014-12-30,-0.000979584,-0.000939731,-0.00047680197,-0.0014241901,-0.0008050595,-0.0011199684
2014-12-31,-0.00084316044,-0.0012300604,-0.0005570856,-0.0018676778,-0.0009403813,-0.001039896
2015-01-01,0.00020438251,0.00013540735,6.164601e-05,0.00021635584,9.815554e-05,0.00014645277
2015-01-02,0.0008691177,0.00046096696,0.000279192,0.00059528666,0.00028937476,0.00097887
2015-01-03,0.00021364268,0.00012336182,2.1997394e-05,-9.529902e-06,2.1346857e-05,0.0001996266
2015-01-04,0.00010873813,4.8476715e-05,2.045641e-05,4.3504217e-05,2.1580896e-05,9.469726e-05
2015-01-05,0.00048810063,-0.0005200665,-0.00069436897,-0.00104401,-0.00069157465,0.00030827522
2015-01-06,0.00048727877,-0.0004711487,-3.6138146e-05,-0.00032700846,-7.13225e-05,-0.00029675793
2015-01-07,0.00024716338,0.0006487359,-0.00015985321,0.00066832796,0.00020576816,0.00047204286
2015-01-08,-0.0013459574,0.00012922248,-0.0006265693,-0.00040459028,-0.0006835281,-0.0005906333
2015-01-09,0.00012900478,-0.00025465176,-0.0001450039,8.2636936e-05,6.402249e-05,-0.0002485562
2015-01-10,0.00014973369,6.307747e-05,0.0,4.7721805e-05,1.8537392e-05,0.00010419003
2015-01-11,-2.2681731e-06,-5.3886206e-06,0.0,-2.4040787e-06,2.1243297e-06,-7.217574e-06
2015-01-12,0.0006093157,-5.5831633e-06,0.00023846273,-9.6447184e-05,-9.523876e-05,0.00027310534
2015-01-13,0.000950979,0.0006978048,0.00037570912,0.00084474625,0.0005844839,0.00087486696
2015-01-14,0.00059988553,-0.00019436743,0.0003568177,0.0005134218,0.00040717336,1.7432318e-05
2015-01-15,-0.00058972643,-0.00044587397,0.00025414643,0.00032080445,0.00014213835,-0.00043872162
2015-01-16,-0.0031209714,-0.0029907664,-2.5549318e-05,-0.004078798,-0.0015624594,-0.0032128715
2015-01-17,5.004026e-05,2.1359729e-05,0.0,1.8328083e-05,5.250455e-06,3.7060563e-05
2015-01-18,-3.9955175e-05,-1.6158412e-05,0.0,-1.5479724e-05,-5.0321587e-06,-3.011235e-05
2015-01-19,-0.00017621141,4.1671497e-06,-8.822703e-06,-0.000114012095,-8.266848e-05,-0.00017585442
2015-01-20,0.00039438126,0.0005820931,4.7692778e-05,0.00040897002,8.4420426e-05,0.0006520848
2015-01-21,0.00029626588,0.0007682338,0.000112440364,0.0010203217,0.00077214185,0.0004911045
2015-01-22,0.0011319433,0.0013300452,0.00023753203,0.0018213034,0.0009851474,0.0013019505
2015-01-23,0.0018925925,0.0012952441,0.0005192967,0.0017192803,0.0009676965,0.0019475406
2015-01-24,-7.741899e-05,-4.450817e-05,0.0,-2.4928553e-05,1.0152286e-06,-7.421789e-05
2015-01-25,-1.3916142e-06,-4.543288e-06,0.0,-6.981362e-06,2.8518223e-06,-1.7355189e-05
2015-01-26,0.0010244348,0.00064764445,0.00020092583,0.0008829631,0.00062797434,0.0011185575
2015-01-27,-0.0013213315,-0.00084812957,-0.00025590317,-0.00081070454,-0.00064342737,-0.0012766075
2015-01-28,-6.7069554e-06,-0.00029107023,-0.00015949414,-0.0006171619,-0.00028678236,-6.042673e-05
2015-01-29,0.0009025538,0.0004877578,0.00015399278,0.00042710453,0.00028651566,0.0008437267
2015-01-30,-0.00082481396,-0.0008174345,-0.0004226179,-0.0011975049,-0.00044768662,-0.00088719535
2015-01-31,-8.736429e-08,-3.7297502e-06,0.0,-9.6215395e-08,8.9242644e-07,1.7677587e-05
2015-02-01,-1.7131495e-05,-4.2813663e-06,-4.0059517e-06,-1.485925e-05,-1.0536582e-05,-1.5413769e-05
2015-02-02,0.00024136297,0.00037052835,0.00015425296,0.0010428234,0.0004682514,0.00028967677
2015-02-03,-0.0021261987,-0.0007229741,-0.0002738725,-0.0005380398,-0.00060339127,-0.0016689447
2015-02-04,-0.0004350736,-0.00032644247,0.0001647148,-0.0006460472,-0.00041875063,-0.0002676576
2015-02-05,0.00072640606,0.0009144533,0.00031086415,0.001282973,0.00070146035,0.00095007045
2015-02-06,-0.0014762994,-0.0016001153,-0.00039399057,-0.0021361827,-0.0011794367,-0.0020368225
2015-02-07,-5.00308e-06,-2.9348413e-07,0.0,-3.7147943e-06,-3.5265937e-06,-1.4169472e-05
2015-02-08,2.6209289e-06,3.9360376e-07,0.0,2.6490711e-06,9.1696796e-07,5.2781024e-06
2015-02-09,-0.00062090333,-0.0005187308,-0.0004741892,-0.0008072707,-0.00039854733,-0.00057635584
2015-02-10,0.0004915149,0.00061308814,0.00059130316,0.0006583237,0.000434145,0.00065764505
2015-02-11,0.00021734402,0.00013994542,7.174134e-05,0.0001907218,0.00017160263,0.00023249499
2015-02-12,0.0009136653,0.001372166,0.0005435914,0.0021748648,0.0010149383,0.00096945313
2015-02-13,0.00053591933,0.0007593894,0.00042153118,0.0013844441,0.0006364351,0.00040528862
2015-02-14,5.4190864e-06,1.2035975e-05,0.0,5.2457376e-06,1.1659928e-05,-1.1160433e-05
2015-02-15,-2.4895637e-05,-2.3880924e-05,0.0,-1.8362189e-05,-2.1908281e-05,-1.7746926e-06
2015-02-16,-0.00024143033,-0.00019081392,-5.819049e-05,-0.00030580736,-0.00018265782,-0.00019870092
2015-02-17,0.0005806322,0.00011338106,0.00023971486,0.00044917472,0.0004063508,0.00014198394
2015-02-18,7.9606245e-05,0.00044568538,0.00017589606,0.0006369509,0.00031587627,0.00017879513
2015-02-19,0.0005736602,0.00029811193,4.4935856e-05,0.0005129351,0.00031960997,0.0003492961
2015-02-20,0.00091226,0.00087247475,0.00051538605,0.0015435078,0.00079105835,0.0009463623
2015-02-21,5.3032346e-07,5.3420706e-07,-1.9728345e-08,4.414413e-07,3.8096348e-07,-2.4191277e-07
2015-02-22,-1.1295567e-05,-8.541465e-06,-4.4800473e-07,-9.417441e-06,-7.011633e-06,-3.8838232e-07
2015-02-23,-1.5813153e-05,0.000221785,1.810107e-05,0.00015841301,8.869007e-05,0.00025612663
2015-02-24,0.0009815881,0.0010458657,0.000536996,0.0016767412,0.0009677249,0.0010049265
2015-02-25,-0.00013959385,0.00010259518,0.00014512082,7.676152e-05,-0.00012541459,-8.0908605e-05
2015-02-26,0.00037585857,0.00019247486,8.994975e-05,0.0003810885,0.0001280855,0.00028164295
2015-02-27,7.4455093e-06,0.00013501146,-0.00022831422,0.0001662622,4.9226193e-05,0.00023465145
2015-02-28,-2.1198414e-07,-2.6407122e-07,-7.0697604e-07,-2.6913162e-07,2.4159863e-08,1.1963668e-08
2015-03-01,1.0271051e-05,9.07629e-06,1.821729e-06,9.979842e-06,7.870069e-06,5.5915957e-06
2015-03-02,0.00061247323,0.0004349442,0.00049554784,0.00074408046,0.00028559,0.0006498528
2015-03-03,-0.0009587582,-0.0009885756,-0.00057400065,-0.0020544417,-0.0010297835,-0.00093144376
2015-03-04,-0.0005865369,-0.00073279225,-0.000617701,-0.0010268735,-0.0005107936,-0.0008089745
2015-03-05,0.000776844,0.0005398558,0.00022733312,0.0009478216,0.0005397225,0.0007623969
2015-03-06,0.00028176035,-0.0008487849,-0.00019419931,-0.0013961837,-0.00042630374,-0.00055531063
2015-03-07,1.1541777e-05,9.035224e-06,2.4719282e-06,1.26571695e-05,9.015825e-06,6.413993e-06
2015-03-08,-8.258538e-06,-6.611935e-06,-3.6679166e-06,-9.1039055e-06,-6.356546e-06,-5.12396e-06
2015-03-09,9.2124676e-05,0.0001220857,-0.00012618605,0.00014428541,3.6952453e-05,0.00021984089
2015-03-10,-2.8088229e-05,-0.0011433759,1.0444144e-05,-0.0014365461,-0.00021853388,-0.0012117226
2015-03-11,0.0015939226,0.0011848655,0.00031014692,0.002086331,0.0011167469,0.0017114729
2015-03-12,-0.00031112361,0.0004433973,-0.0003056722,0.0002105546,-0.00017915055,0.00052976486
2015-03-13,0.00097608,0.0002394618,0.000739308,0.00054869626,0.00050734344,0.00015476116
2015-03-14,-1.2401655e-05,-9.820213e-06,-4.2304214e-06,-1.73027e-05,-9.960096e-06,-8.845226e-06
2015-03-15,1.6919596e-05,1.4041707e-05,5.1697416e-06,2.229221e-05,1.3479241e-05,1.18341595e-05
2015-03-16,0.00036344648,0.0009839224,-0.00025360475,0.0014362136,0.00058293226,0.0011665405
2015-03-17,-0.00021459859,-0.00021753843,0.00030847007,-0.00038139182,-0.00016318227,-0.00026010463
2015-03-18,-0.0025171046,-0.00043727428,-0.0012105459,-0.00082555355,-0.000855013,-0.0010498053
2015-03-19,-0.0007206059,-0.00048667646,-0.00011007376,-0.001176833,-0.00072458596,-0.0008921668
2015-03-20,0.00042712205,0.0011575922,0.00016152898,0.0019405601,0.001063865,0.0010523836
2015-03-21,8.38588e-06,3.28195e-06,3.0593674e-06,7.0449696e-06,7.9236515e-06,2.6272076e-06
2015-03-22,-2.71826e-05,-8.765308e-06,-8.078248e-06,-2.2755059e-05,-2.4989926e-05,-6.2174586e-06
2015-03-23,-0.0005112877,-9.717816e-05,0.00022256446,-0.0001853673,-7.194682e-06,-0.0006060389
2015-03-24,-0.0004620639,-0.00036904262,-0.00013370726,-0.00066354236,-0.00027837546,-0.0006225654
2015-03-25,-0.001773563,-0.0019657458,-0.0013057811,-0.002933849,-0.0016726109,-0.0021079183
2015-03-26,-0.0017790651,-0.0015871649,-0.0010258823,-0.0025210124,-0.0013744102,-0.0016983566
2015-03-27,0.0005060276,0.00040362956,0.00027861603,0.0004346629,0.00011251045,0.0005999597
2015-03-28,-2.1320877e-05,-7.357609e-06,-3.5483572e-06,-1.5558122e-05,-1.7717404e-05,-1.1945968e-05
2015-03-29,4.6167635e-05,1.7465787e-05,1.4528425e-05,3.157124e-05,3.5252462e-05,2.4330053e-05
2015-03-30,-3.1459203e-05,0.00074916665,-7.7684424e-05,0.001002017,0.0003215238,0.00070124876
2015-03-31,-0.0006989793,-0.00077141623,-0.00021594897,-0.0012480131,-0.0007794359,-0.00088873535
2015-04-01,0.00010132415,0.0004646419,0.00021251055,0.0007587948,0.00028856203,0.00011646726
2015-04-02,6.454492e-05,0.00026031365,2.6660786e-05,0.0004893249,0.00021209553,9.129158e-05
2015-04-03,0.00013341325,6.988557e-05,-1.4809065e-05,0.0002060448,9.0449365e-05,-3.4438188e-05
2015-04-04,4.6894615e-06,2.7157964e-06,3.2621465e-06,1.423987e-06,1.930973e-06,3.1591003e-06
2015-04-05,-1.6746677e-05,-3.909901e-06,-1.651877e-05,-4.3416535e-06,-7.830813e-06,-1.2729498e-05
2015-04-06,0.00021015898,0.0006358025,0.00024180903,0.001130796,0.00066610036,0.00042923092
2015-04-07,0.00028660777,0.0004893184,0.00017575375,0.0006651068,0.00031080388,0.0005906094
2015-04-08,-0.0002801725,7.9693156e-05,0.00013804021,5.767477e-05,-0.00010729892,0.00013097892
2015-04-09,0.00036122126,0.0004365024,0.00028027652,0.00060934835,0.00038065773,0.0007109585
2015-04-10,0.0006901557,0.0009131716,0.00041831625,0.0010302698,0.0007183898,0.001238154
2015-04-11,3.8649378e-05,2.4810679e-05,2.9396037e-05,2.1365582e-05,1.9002782e-05,3.8815902e-05
2015-04-12,-9.4132804e-07,-6.264307e-07,-9.5832e-07,-5.024853e-07,-3.5364206e-07,-9.929673e-07
2015-04-13,0.00019976181,1.0280397e-05,1.7546187e-06,0.00016456649,-7.3836136e-06,0.00026907833
2015-04-14,-0.00014309755,0.00013145067,2.6565747e-05,0.00026085126,3.9822622e-05,-6.770874e-05
2015-04-15,0.00070579385,0.0007656199,0.00034738073,0.0012345702,0.00069857726,0.00055729505
2015-04-16,-0.00020492938,-0.0001270252,-0.00024275255,1.4070852e-06,-5.858683e-07,-0.00037350523
2015-04-17,-0.0024819614,-0.002550797,-0.0014408927,-0.0036907746,-0.0022074122,-0.0027562506
2015-04-18,-2.885252e-06,-1.8396337e-06,-2.1933165e-06,-2.3648342e-06,-1.7857633e-06,-2.768149e-06
2015-04-19,1.7341412e-05,1.0952626e-05,1.4298612e-05,9.348199e-06,6.7957226e-06,1.4773074e-05
2015-04-20,8.757354e-05,0.00021065629,0.00018141328,0.00016959467,8.438514e-05,0.0002513962
2015-04-21,0.00011719901,0.0002544519,-0.00012267222,0.0003853657,0.00012250415,0.00038240856
2015-04-22,0.000110683846,0.00020320195,-8.087403e-05,0.0004004739,0.00024334136,0.00012519493
2015-04-23,0.0006318266,0.0009872885,0.00027506967,0.0014789773,0.0007412345,0.0006756753
2015-04-24,0.0006199161,0.00069408613,0.0006403932,0.001038303,0.000572439,0.0006832874
2015-04-25,1.5195328e-05,6.2060262e-06,1.4306143e-05,-5.2070945e-06,1.6700677e-06,2.5909058e-06
2015-04-26,4.9455342e-05,2.9789568e-05,4.4591292e-05,-5.5545465e-06,9.949754e-06,2.3671533e-05
2015-04-27,-0.0003503763,-4.466634e-05,-0.00033944054,-0.00022079845,-0.0001940991,-0.00018873665
2015-04-28,-0.00017595668,-0.00041997203,-0.00030142788,-0.00044973852,-0.00020984642,-0.00055505347
2015-04-29,-0.0008813876,-0.0014701225,-0.0007116109,-0.001986492,-0.0010103772,-0.001527042
2015-04-30,-0.0013770713,-0.0016721737,-0.0010859909,-0.0025172608,-0.001290273,-0.0016915051
2015-05-01,-0.00034903266,0.00010322715,0.00011940611,-5.2622247e-05,-0.00026296347,-0.00016325912
2015-05-02,-5.997017e-06,-6.0048427e-07,-4.114914e-06,3.9036e-06,-1.1702216e-06,1.223071e-06
2015-05-03,1.1954273e-06,5.8371857e-06,1.1258442e-06,1.3451821e-05,5.164565e-06,7.8101975e-06
2015-05-04,-0.0004336503,0.0001703863,-9.765013e-05,7.9034544e-05,-0.000117046446,-7.5461365e-05
2015-05-05,-0.0002748601,-0.0011387153,-0.00038801302,-0.0015072102,-0.0007743749,-0.001168919
2015-05-06,0.0004450339,-0.00039157062,0.00010745452,-0.00015734379,9.5503354e-05,-0.00031306775
2015-05-07,-0.00033242107,-0.00050493766,-0.00031435583,-0.0008177817,-0.00041783668,-0.00058107584
2015-05-08,-0.0009970994,0.0009724704,-0.00012009984,0.0010615052,4.2267366e-05,0.00042001178
2015-05-09,-1.5578891e-05,-1.4794262e-05,-1.5578891e-05,-2.4379951e-05,-1.4162479e-05,-6.2982613e-06
2015-05-10,-7.25801e-06,-7.0425076e-06,-7.25801e-06,-1.1452589e-05,-6.846166e-06,-3.0984334e-06
2015-05-11,-1.6545599e-05,-0.00047126165,-2.195143e-05,-0.0005275877,-0.00027059682,-0.00040599005
2015-05-12,0.00053984375,0.0002099254,-1.1993513e-05,0.00062328664,0.0002458682,0.00024023447
2015-05-13,0.00013859235,0.00033437237,-5.9145324e-05,0.0004344216,0.00022460804,0.00033861207
2015-05-14,-0.00034149393,0.0005218986,2.8466293e-05,0.00064091536,0.00031586943,0.00027133132
2015-05-15,-0.0001590999,0.00017515085,-2.8764982e-05,0.00035820415,0.00015939384,4.8574675e-06
2015-05-16,-4.6112314e-06,-5.6521444e-06,-4.6112314e-06,-7.421492e-06,-4.5998304e-06,-1.8579102e-06
2015-05-17,2.825285e-06,3.4594034e-06,2.825285e-06,4.459345e-06,2.920231e-06,-1.8429307e-06
2015-05-18,-0.00028508142,-0.00038478783,-4.37728e-05,-0.0005747911,-0.0003646491,-0.0004052081
2015-05-19,-0.0012544479,-0.0008994941,-0.0005308368,-0.0015692118,-0.0010127593,-0.00095484976
2015-05-20,-0.00061685644,-8.073241e-05,7.6433505e-05,-0.00038738915,-0.0003037914,-0.00033724078
2015-05-21,0.00033191143,0.0005636262,0.00024102612,0.0009058566,0.0004062102,0.00066773436
2015-05-22,-0.00011686683,-0.00022934779,6.978645e-05,-0.0003479605,-9.9857956e-05,-0.00036505618
2015-05-23,-1.8156798e-05,-1.7783921e-05,-1.8156798e-05,-2.3506836e-05,-1.593907e-05,-1.6401777e-05
2015-05-24,1.8629748e-05,1.8418534e-05,1.8629748e-05,2.5501911e-05,1.6020633e-05,1.576618e-05
2015-05-25,-0.0001610031,-0.000121668614,5.960243e-05,-0.0002609491,-0.00011313377,-0.00013080843
2015-05-26,-0.0013389116,-0.0017897548,-0.00101003,-0.0022698,-0.001255742,-0.0018187884
2015-05-27,0.0012152402,0.0012091277,0.000952248,0.0017631289,0.0009552054,0.0012833896
2015-05-28,-0.000455875,-0.0004951943,-0.00027577428,-0.00058289315,-0.00038782772,-0.00044212752
2015-05-29,-0.0006502443,-0.0008988585,-0.0007103947,-0.0012976252,-0.0007196774,-0.0005515078
2015-05-30,-8.021942e-06,-1.2269903e-05,-6.507421e-06,-1.7259075e-05,-8.036547e-06,-1.4854838e-05
2015-05-31,-5.415668e-05,-5.4882366e-05,-5.4200304e-05,-0.000117069205,-4.3368666e-05,-6.420817e-05
2015-06-01,0.0009903216,0.00055473857,0.00046502645,0.0010550115,0.00066260766,0.000733429
2015-06-02,-0.0011623013,-0.00067077216,-0.0006573896,-0.0013547521,-0.000995945,-0.000709943
2015-06-03,-0.00014754375,-0.00015568823,2.4664841e-05,-0.00029866022,-5.9202903e-05,1.9234374e-05
2015-06-04,0.00029363306,-0.0005477878,3.6437996e-08,-0.0001818895,2.0262446e-06,-0.00037093897
2015-06-05,0.0012043659,0.00023082581,0.0007727145,0.00059059425,0.000498939,0.000817409
2015-06-06,-5.6188196e-06,-4.032622e-06,-5.6188196e-06,-6.2540953e-06,-4.67569e-06,-4.7383805e-06
2015-06-07,1.600127e-05,8.970405e-06,1.600127e-05,1.4230749e-05,1.2365926e-05,3.9896595e-06
2015-06-08,0.0005820733,9.744554e-06,0.00031035283,0.0004024063,0.00018059333,0.00021732596
2015-06-09,-0.00020972909,-0.00047306003,-0.00026088746,-0.0007562404,-0.00028021663,-7.704752e-05
2015-06-10,-0.0024104542,-0.0004208541,-0.0011136553,-0.001343492,-0.0012190861,-0.0015730277
2015-06-11,-0.0006762811,-0.0002866416,-0.0003761883,-0.00057750073,-0.00050998305,-0.0005078201
2015-06-12,0.0005381589,-0.00014718233,0.00015268852,-6.349352e-05,-1.1444643e-05,0.0002487223
2015-06-13,5.665694e-06,1.0864181e-05,7.14349e-07,1.8584617e-05,9.538786e-06,1.641149e-05
2015-06-14,4.8293758e-05,4.7479374e-05,3.578705e-05,6.955733e-05,4.252599e-05,6.359032e-05
2015-06-15,0.000925819,-0.00026805996,0.0003888102,-0.00010075245,-4.7761656e-05,0.00034262007
2015-06-16,-0.00019163985,0.00031283416,-0.00014504293,0.0007081395,0.0002835628,5.4182925e-05
2015-06-17,-0.00016415163,-4.3348307e-05,-0.00018055408,7.151508e-05,4.4925007e-05,-0.000117288284
2015-06-18,0.00033839833,0.0006586876,-0.00025745685,0.0013941915,0.00088761176,0.0008363225
2015-06-19,-0.0006549883,-0.00065427995,-0.00029186808,-0.00079458667,-0.000527566,-0.00084558444
2015-06-20,3.3587232e-05,3.0529827e-05,3.1077584e-06,5.4814675e-05,2.5862706e-05,3.974953e-05
2015-06-21,-9.9185e-06,-9.3899625e-06,-7.858548e-06,-1.7461212e-05,-9.672644e-06,-9.052219e-06
2015-06-22,-0.0011279159,4.17125e-05,-0.00017765659,0.00025941743,6.3178e-05,-0.00038244412
2015-06-23,-0.00081918313,-0.00018402074,-0.0003971059,-0.0004397348,-0.00030045354,-0.00040553228
2015-06-24,-0.0015661049,-0.0012407035,-0.00085917994,-0.0019042041,-0.0012848673,-0.0015136793
2015-06-25,0.00012669047,-0.00013012216,-3.9579852e-05,-9.4913135e-05,-9.521139e-07,3.9643644e-05
2015-06-26,0.00030197029,-3.9936196e-05,6.914373e-05,-2.113022e-05,2.5529185e-05,-6.533062e-05
2015-06-27,5.239172e-05,6.291512e-05,2.696952e-05,9.514866e-05,4.906844e-05,8.15003e-05
2015-06-28,1.3378804e-05,9.402335e-06,-1.1279036e-05,2.0746962e-05,7.0992855e-06,1.9976345e-05
2015-06-29,-0.0011882542,-0.002487515,-0.0011554265,-0.0031079734,-0.0016727147,-0.0017495845
2015-06-30,0.00087723834,0.0013294696,0.00056181685,0.001798822,0.0011396741,0.0010307415
2015-07-01,-0.00084291265,-0.00043642364,-0.00056262326,-0.00049774034,-0.00065713923,-0.0010015493
2015-07-02,-2.6311931e-05,9.880893e-05,-0.00015611405,0.00016841888,6.6368426e-05,4.6817888e-05
2015-07-03,9.638098e-05,-4.9003786e-05,-1.3492621e-05,-9.45701e-05,-7.093331e-05,2.951168e-05
2015-07-04,2.9581079e-05,2.9637791e-05,2.360314e-05,4.9715123e-05,2.8729053e-05,2.8633367e-05
2015-07-05,0.00019224196,0.00016820454,5.9409558e-05,0.00028732818,0.00014946815,0.0001934213
2015-07-06,0.002099327,0.00049984094,0.0014588685,0.00088926736,0.000992948,0.0014280472
2015-07-07,0.0006062816,0.00021734778,0.00031985508,0.0002644017,0.00029286975,0.0006607468
2015-07-08,0.002262438,0.0003039105,0.001343652,0.00058777863,0.0008781755,0.0013215946
2015-07-09,-0.001559006,-0.0006842869,-0.0008340672,-0.00080133375,-0.0007164636,-0.0012365923
2015-07-10,-0.0038877535,-0.0014444072,-0.0013410486,-0.0021384906,-0.0017827916,-0.0029564037
2015-07-11,3.644903e-05,3.5568017e-05,-2.7934261e-06,6.705735e-05,3.830555e-05,3.980563e-05
2015-07-12,0.00012966873,0.00013352779,-5.8124456e-06,0.00021213226,0.00010978309,0.00014424368
2015-07-13,-0.001304697,2.5035324e-06,-0.00034029278,7.6843404e-05,-4.243748e-05,-0.000562673
2015-07-14,-0.00035298686,0.00012103695,-3.4031847e-05,0.0001204095,1.01190935e-05,-5.8031026e-05
2015-07-15,0.0007235286,0.00042733364,0.0003801589,0.00046693697,0.0003353507,0.0006714494
2015-07-16,0.0012786674,0.0012810929,0.00076388847,0.0017847667,0.0011806501,0.0016153218
2015-07-17,0.00019928903,0.00012056725,0.00023267136,4.774897e-05,3.3793945e-05,0.00035952352
2015-07-18,-1.1469206e-05,-1.0022176e-05,0.0,-1.9835472e-05,-1.2624752e-05,-1.0776581e-05
2015-07-19,-1.733043e-06,-9.8712935e-06,0.0,-7.323346e-06,-4.1666085e-06,-1.2978465e-05
2015-07-20,0.0011415917,0.0005675013,0.0007987176,0.0008006989,0.00056337763,0.00094851136
2015-07-21,-0.0010175155,-0.00074428786,-0.0006775031,-0.0011164185,-0.0006512318,-0.0011469126
2015-07-22,-0.00015595839,-0.0004733392,-0.00029111936,-0.00087239844,-0.0004045944,-0.00025769157
2015-07-23,0.0010053912,0.00036602226,0.00028264627,0.00048408276,0.0004498151,0.0008678976
2015-07-24,0.0003014809,-0.00056576787,-0.00017254143,-0.00086051447,-0.00014667636,9.547051e-05
2015-07-25,6.9780884e-07,1.9707538e-06,-1.0516953e-07,1.2941198e-06,9.726897e-07,2.2061192e-06
2015-07-26,7.1253744e-06,1.2726908e-05,-1.7547185e-09,1.0641619e-05,7.224523e-06,1.5517553e-05
2015-07-27,0.000852226,-0.00037098664,-2.3012566e-05,-0.00046923192,0.00023084399,0.00052998035
2015-07-28,-0.0015055796,-0.0003361093,-0.00036152074,-0.0006565272,-0.00077834463,-0.0012741872
2015-07-29,-0.0015348007,-0.0005049325,-0.0004112324,-0.0009223322,-0.00089250226,-0.0014425163
2015-07-30,0.00066375645,0.00044771604,0.00034789092,0.0005554989,0.00034918968,0.00072494405
2015-07-31,0.00035113364,0.0004283241,0.00017072792,0.0005438134,0.00026861564,0.0004153555
2015-08-01,-1.777887e-05,-2.6263026e-05,-1.127531e-06,-2.7191913e-05,-1.5055917e-05,-2.9493725e-05
2015-08-02,-4.024646e-06,1.1130763e-06,2.4585182e-07,-2.162084e-06,-1.2408574e-06,3.96948e-06
2015-08-03,0.0018167318,0.0009765151,0.0006987445,0.0012250694,0.0008364039,0.0016487762
2015-08-04,-0.00030917628,-0.0002544123,-0.00025384713,-0.0002784951,-0.00020204358,-0.000243647
2015-08-05,0.00021403302,0.000377695,0.00038516195,0.00044795594,0.00020312544,0.0003758358
2015-08-06,-0.000121683064,-0.00057213864,-0.00030568027,-0.0006547263,-0.00038778037,-0.00015159034
2015-08-07,-0.00046978155,-0.00045028658,-0.00032146202,-0.00078242365,-0.0004900378,-0.00043703517
2015-08-08,2.585596e-05,-4.239899e-05,-3.1879044e-06,-1.6980475e-05,2.119304e-06,-6.8699264e-05
2015-08-09,-1.9384968e-05,-6.194668e-07,5.7171303e-07,-1.5733274e-05,-1.4801147e-05,-4.5572057e-07
2015-08-10,-0.0021110682,-0.0006466734,-0.0006495855,-0.00040753835,-0.000521888,-0.0017207912
2015-08-11,0.0011368599,3.5399644e-05,3.607237e-05,-0.00030254773,-8.496898e-06,0.00079916563
2015-08-12,-5.321631e-06,-0.00039211754,-0.0007530275,-0.00029035428,-0.00017613954,-8.9920395e-05
2015-08-13,-0.0003806753,-0.00019944555,-0.00010805564,-0.0006876641,-0.0004078897,-0.00041017256
2015-08-14,0.00021512165,0.00032991418,0.00010311976,0.00045847468,0.0002887487,0.0004245171
2015-08-15,2.1246788e-05,-7.2220087e-07,1.2606767e-05,9.44817e-06,1.311611e-05,-2.8835707e-06
2015-08-16,1.34386e-05,9.265273e-07,8.773007e-06,6.9141606e-06,8.000055e-06,4.1864214e-06
2015-08-17,0.0006589089,0.00044589222,0.00025262852,0.000701096,0.00038321357,0.0007807142
2015-08-18,0.00060015474,-0.00015409368,0.00018923175,-0.00014806332,-1.8682002e-05,0.00036581888
2015-08-19,0.0013700869,0.00047237353,0.00050455186,0.0003663697,0.00034566797,0.0009561846
2015-08-20,0.0019626538,0.00028611286,0.0008523043,0.00039142193,0.000701943,0.0011155133
2015-08-21,0.0050998786,0.001764112,0.0024108973,0.0022487277,0.0023933474,0.00391315
2015-08-22,1.0506549e-05,7.207374e-08,2.4898436e-06,5.986081e-06,3.6040396e-06,7.3089477e-06
2015-08-23,1.6111519e-05,4.0533823e-08,5.759341e-06,6.234152e-06,4.661736e-06,9.663888e-06
2015-08-24,0.008870779,0.0031803162,0.0035370863,0.004041049,0.004337057,0.0072108256
2015-08-25,-0.0016801879,-0.0010177917,-0.000989791,-0.0009061541,-0.0006985311,-0.0012051284
2015-08-26,-0.0034780253,-0.0015776493,-0.0006054919,-0.0027858529,-0.0019269731,-0.002942419
2015-08-27,-0.0071963263,-0.0033640284,-0.0015993451,-0.0050203064,-0.003666491,-0.006634022
2015-08-28,-0.0021182406,-0.0011591201,-0.00042132183,-0.0018271488,-0.0013217109,-0.0020362001
2015-08-29,6.141454e-06,-2.3048145e-07,1.0710519e-06,1.9694103e-06,1.2022465e-06,3.8451585e-06
2015-08-30,5.2865726e-06,-1.07357614e-07,-3.893393e-07,1.1707507e-06,1.5247532e-06,3.2028543e-06
2015-08-31,0.00096872705,0.0004782357,0.00013340733,0.00080510764,0.0006413337,0.00062117924
2015-09-01,0.0036913885,0.0013780443,0.0006393849,0.0011684555,0.00092408154,0.0035873186
2015-09-02,0.00021054939,0.0003887334,0.00033200948,0.00091272657,0.0006224431,4.427267e-05
2015-09-03,-0.0012304706,-0.0004983707,-0.0003666932,-0.0005331271,-0.00049076905,-0.001204475
2015-09-04,0.002197529,0.00073480327,0.0003684128,0.00038242192,0.0003923328,0.001980033
2015-09-05,-3.8546303e-05,-1.803225e-06,0.0,-6.699736e-06,-5.2868204e-06,-2.2280483e-05
2015-09-06,-1.0125616e-05,5.7604516e-06,0.0,4.7305307e-06,2.2828738e-06,2.5644392e-06
2015-09-07,0.0013609783,0.00081683055,0.00025749343,0.0013304864,0.00089240074,0.0014089841
2015-09-08,-0.0029725842,-0.001015905,-0.00047534087,-0.0005834205,-0.0005959167,-0.0025744156
2015-09-09,-0.0017591255,-0.00094467774,-0.00015932799,-0.0013135874,-0.0010312784,-0.0015038196
2015-09-10,0.00058352924,0.0003785131,3.4079192e-05,0.00048415587,0.00031073345,0.00046490965
2015-09-11,-0.0008620785,-0.00040712932,-0.00012263529,-0.00070935936,-0.00047046324,-0.0005727899
2015-09-12,-5.605298e-06,-1.2289482e-05,0.0,-1.24273565e-05,-7.2295506e-06,1.1473082e-06
2015-09-13,-1.0594514e-06,-5.2998403e-06,0.0,-3.884061e-06,-2.4171904e-06,6.3463053e-06
2015-09-14,-0.00017049283,-0.00028823334,-5.717437e-05,-0.0003767436,-0.00027228278,-5.9895534e-05
2015-09-15,-0.00064690923,-0.00037990953,-8.140556e-05,-0.00029518845,-0.00016849034,-0.00083848345
2015-09-16,-0.0009450728,-0.00010133483,-0.0003333687,0.0001583272,4.983437e-05,-0.0010567317
2015-09-17,-0.0004569918,-0.00016044997,-0.00018890247,-0.0001771237,-0.00016244785,-0.000505558
2015-09-18,-0.00012668449,-0.00040478198,-0.0002686816,-0.0008706502,-0.00068015506,0.0004490918
2015-09-19,1.4720861e-06,-6.194104e-06,4.1649577e-07,-4.3945582e-07,-4.563989e-07,2.6251798e-06
2015-09-20,-5.788779e-07,-2.1669034e-06,-1.1788784e-07,-7.774593e-07,-8.030798e-07,8.587686e-07
2015-09-21,-0.00043762042,-0.00033504362,-7.0395596e-05,-0.0003913938,-0.0002970109,-0.00058327644
2015-09-22,0.00037858952,-0.00016223811,-5.9672024e-05,-0.00062486535,-0.00038729268,0.00088724645
2015-09-23,0.00034362267,0.00011727609,1.1090628e-05,-1.6528707e-05,-2.6907283e-06,0.00076221104
2015-09-24,0.00021660238,0.0001639068,-0.00026510586,-5.829529e-05,4.3028154e-05,0.0005623874
2015-09-25,-0.00069329486,-0.0004193076,7.433128e-05,-0.00029252545,-0.00021464881,-0.000888026
2015-09-26,-1.0479044e-06,-1.3381958e-06,-1.9554065e-07,-1.2574922e-06,-1.4974023e-06,-1.4834323e-07
2015-09-27,-1.8255782e-06,-2.7829972e-06,-3.3327373e-07,-2.628875e-06,-2.7642282e-06,1.59567e-07
2015-09-28,0.0018911778,0.00047685683,0.00036837166,0.00074096455,0.0005457117,0.0020748265
2015-09-29,0.0006016176,0.00031283018,8.575284e-05,0.00030082077,0.00023170344,0.0006958304
2015-09-30,-0.0022841727,-0.00083134754,-0.00050411065,-0.0013716511,-0.0009693646,-0.0024682686
2015-10-01,-0.00015745786,-0.00010995304,0.00013154323,-0.00028650364,-0.00021169505,-0.000419346
2015-10-02,-0.0016413269,-0.00043515087,-0.00065592385,-0.00062715,-0.00049168535,-0.0014851894
2015-10-03,7.729136e-06,6.3672746e-06,5.1655197e-06,8.861882e-06,4.4668072e-06,3.0182534e-06
2015-10-04,-3.9124707e-06,-3.3200304e-06,-2.5356387e-06,-4.3129808e-06,-2.4660865e-06,-1.5098767e-06
2015-10-05,-0.0022926633,-0.00083812163,-0.00081855047,-0.00094670174,-0.0005283961,-0.0024861316
2015-10-06,-0.00037178872,-7.382739e-05,-0.00014778686,0.000110110064,0.000121443016,-0.00073323265
2015-10-07,-0.0004457329,2.4261133e-06,-0.00038782295,0.0001335938,0.00021503044,-0.0009129397
2015-10-08,2.7511609e-05,0.00014647,-0.000107544976,0.0003662129,0.00027373136,-0.0002961494
2015-10-09,0.00029295808,0.00018411942,6.2276784e-05,0.0005261091,0.0004430213,-0.00013318057
2015-10-10,3.7145976e-06,2.3570442e-06,2.61298e-06,4.714149e-06,3.5279395e-06,2.629858e-06
2015-10-11,1.6839384e-05,1.2342096e-05,1.1507383e-05,2.264192e-05,1.25949155e-05,1.26242985e-05
2015-10-12,-0.00019425616,-7.173252e-05,-0.000126114,-0.00016709708,-0.000101449004,-3.5277586e-05
2015-10-13,-0.0008044002,-0.0007950617,-0.00014796465,-0.0013806374,-0.00079421944,-0.00044705375
2015-10-14,-9.1020534e-05,0.00016922892,0.0002520424,1.4315702e-05,4.6985886e-05,0.00031959356
2015-10-15,0.0015629708,0.0010559477,0.00023215474,0.0022958615,0.0012830346,0.0006993111
2015-10-16,0.00020617794,-1.2481159e-05,-2.1494761e-05,0.00028813374,-1.95355e-05,-0.00016128528
2015-10-17,3.979164e-05,2.2389893e-05,-1.3300152e-07,7.246613e-05,3.706063e-05,3.5898596e-05
2015-10-18,-6.445363e-05,-4.255144e-05,-1.9988349e-05,-0.00011079443,-5.1835934e-05,-5.506224e-05
2015-10-19,-0.0006002159,-0.0002961645,-0.00023792933,-0.000659115,-0.00045981602,-0.0003347051
2015-10-20,-0.000496175,-0.00016700107,-0.00012835496,-0.00027788826,-0.00025096076,-0.0004368114
2015-10-21,-0.00066995184,-0.0005917835,-0.00021638612,-0.001253859,-0.00064309296,-0.0005113534
2015-10-22,0.00089028105,0.0012576523,0.00023305803,0.0022428106,0.0009935737,0.0008122182
2015-10-23,0.0011345422,0.0006591591,0.00023432885,0.0016394758,0.0007564996,0.00035174665
2015-10-24,2.9113326e-05,1.7874321e-05,-1.1877072e-06,5.3308624e-05,2.5716507e-05,2.6584583e-05
2015-10-25,7.367083e-06,1.92852e-06,-4.437916e-06,1.4946842e-05,8.22719e-06,1.9405124e-06
2015-10-26,-0.0001540239,1.5479887e-05,1.8355766e-05,-0.00027369836,-6.249241e-05,-1.1521573e-05
2015-10-27,-0.0005309543,-0.00056283124,-0.0002429453,-0.0010199712,-0.00049040886,-0.00046316563
2015-10-28,0.0005816948,0.0005991764,0.00021922603,0.0011547852,0.00055709033,0.00040245056
2015-10-29,-0.0009707673,-0.0009366331,-0.00014318105,-0.0016005272,-0.00090040086,-0.00093167915
2015-10-30,-0.0007365973,-0.00045200044,-0.000577402,-0.0008545816,-0.0005346892,-0.0006298553
2015-10-31,-0.00012421877,-9.3858456e-05,-4.1997777e-05,-0.00018379182,-9.4882955e-05,-0.00011909254
2015-11-01,8.578981e-05,6.550152e-05,2.6403855e-05,0.00013126264,6.5160464e-05,8.3320985e-05
2015-11-02,0.00123522,0.00093338324,0.00041689017,0.001690703,0.00092235446,0.0010760995
2015-11-03,0.0005015499,0.00055683526,9.472091e-05,0.0010253381,0.00057673093,0.00068212213
2015-11-04,-6.182144e-05,-0.00022868473,5.0603572e-05,-0.00033724532,-7.718377e-05,-0.000107529464
2015-11-05,0.00032760162,1.7588027e-05,0.00041218905,0.0002833974,0.0001921202,7.0049966e-05
2015-11-06,0.0005101903,-7.158298e-05,0.00035320193,0.00022032007,0.00034239684,0.00013482141
2015-11-07,3.1832726e-05,2.6442256e-05,0.0,4.389615e-05,2.6489644e-05,3.3851058e-05
2015-11-08,-4.5686193e-05,-4.16784e-05,0.0,-5.9018734e-05,-3.6825044e-05,-4.9731672e-05
2015-11-09,-5.993955e-05,-0.0006588188,0.00033954924,-0.0007948596,-0.00023432117,-0.00057860644
2015-11-10,0.00036255163,0.00021786746,0.0004177682,0.00033329075,0.00023925901,0.00019426762
2015-11-11,-7.751716e-05,-0.00013066891,-0.00011225613,-0.00020222242,-0.00014714443,-0.00011288183
2015-11-12,-0.0004763299,-0.0009459667,-0.00013364211,-0.001287393,-0.00047166078,-0.0010332
2015-11-13,0.00046038823,-0.00025037798,0.00015255355,-8.545936e-05,0.0003091827,-0.0004438267
2015-11-14,1.9930296e-07,-3.9423726e-06,0.0,-2.9503167e-06,-1.2320077e-06,-6.5105887e-06
2015-11-15,5.6084104e-06,-1.28212805e-05,0.0,-6.223685e-06,-5.9012297e-07,-1.9420311e-05
2015-11-16,-9.4137395e-05,0.000543215,0.00016167521,0.00026400408,-6.6423076e-05,0.0006592327
2015-11-17,-3.836471e-05,0.00028269473,1.4058919e-05,8.958284e-05,1.0771232e-05,0.00027716107
2015-11-18,2.3492305e-05,0.00040246843,-1.6008053e-05,0.00031670858,0.00011153385,0.00063719944
2015-11-19,-0.0013907517,-0.00048167296,-0.0008586733,-0.0008470769,-0.0007576398,-0.00083266245
2015-11-20,-7.5310585e-05,0.00011752585,6.892387e-05,-0.00017980048,-2.6056721e-05,0.00029135955
2015-11-21,-5.474791e-06,3.7048653e-06,1.0827263e-06,1.1253292e-06,4.794258e-07,3.0997746e-06
2015-11-22,1.3028687e-06,-2.33638e-06,2.6970753e-07,-1.6254646e-06,-1.477039e-06,-2.5019942e-06
2015-11-23,-3.1051084e-05,-0.00021987635,-0.0001672031,-0.00022792506,-8.327521e-05,-6.5070526e-05
2015-11-24,-0.0007341681,-0.00048367793,-0.00030178952,-0.00059328263,-0.00054956984,-0.0006415667
2015-11-25,-9.5013835e-05,-3.4770008e-05,-0.00014776803,-0.00014082014,-1.8798188e-05,2.4916051e-05
2015-11-26,0.00024107828,0.0003642602,-7.2439384e-06,0.0005603265,0.00028366162,0.0004486596
2015-11-27,0.00055824924,0.0002475405,0.00038822627,5.8471345e-05,0.00012782651,0.00038330752
2015-11-28,-7.2681228e-06,-7.756322e-06,-4.9179894e-06,-5.58658e-06,-5.4927773e-06,-4.5869424e-06
2015-11-29,4.100234e-05,4.118319e-05,1.51218355e-05,3.7346206e-05,3.1446696e-05,3.050211e-05
2015-11-30,-3.705452e-05,-0.000100229365,-7.498543e-05,-0.00016240153,-0.00016763258,-0.00016799093
2015-12-01,-0.00018081773,0.00035587818,-0.00020934512,0.00079710234,0.00050543103,0.00035188775
2015-12-02,0.00022484001,-0.00041517874,8.107534e-05,-0.0008765237,-0.0005293164,-0.0002423659
2015-12-03,-0.0030739012,-0.0028793095,-0.0018885288,-0.0037182695,-0.0024218725,-0.0035617028
2015-12-04,-0.0019792207,-0.0005298456,-0.00030169467,-0.0014997729,-0.0010068932,-0.0011904038
2015-12-05,7.659348e-05,6.6075205e-05,1.8726741e-05,8.966743e-05,5.0587507e-05,4.8665723e-05
2015-12-06,-9.083847e-06,-9.066182e-06,-7.133763e-06,-9.816754e-06,-6.4757073e-06,-5.899727e-06
2015-12-07,0.00142081,0.00067099684,0.00080322253,0.00057613105,0.00045691477,0.0011324732
2015-12-08,0.000572385,2.7623237e-05,0.0004520115,-5.3372893e-05,-4.6584355e-05,-2.020122e-05
2015-12-09,0.0003700603,2.9161652e-05,0.00012142898,0.00025620608,0.00022922293,-0.00022546056
2015-12-10,0.00052501593,0.00013545185,0.0002541165,0.00049355865,0.00033234133,0.0003201305
2015-12-11,0.0030511443,0.001392831,0.0018737948,0.0023972504,0.0017190839,0.002239407
2015-12-12,-9.12602e-05,-7.687155e-05,-5.186096e-05,-0.000121161975,-6.678732e-05,-7.9150064e-05
2015-12-13,1.3111078e-06,2.0878845e-06,2.9491057e-06,5.4715347e-08,6.05963e-07,-1.2034593e-06
2015-12-14,0.00085011276,0.00032805925,0.0004044157,0.00071968255,0.0006121405,0.0006436751
2015-12-15,-0.002081135,-0.0008875355,-0.0008452206,-0.0017708602,-0.0013825217,-0.0014810165
2015-12-16,-0.0022680364,-0.00094974233,-0.0013144029,-0.0019996609,-0.0013560758,-0.0016235155
2015-12-17,0.00020020157,-0.00011474823,0.00018766418,-0.00054897834,-0.00051480246,0.00010400766
2015-12-18,0.0008245356,0.00021096133,0.00025201804,0.00065817963,0.00038575928,0.00018253538
2015-12-19,-1.1455573e-05,-1.0269359e-05,-6.785068e-06,-1.3597911e-05,-8.397616e-06,-9.563853e-06
2015-12-20,-8.74835e-05,-7.534295e-05,-3.2450156e-05,-0.000118685646,-6.4362335e-05,-7.775718e-05
2015-12-21,-5.3128162e-05,-8.1954306e-05,-0.00018768213,0.00016150286,0.00014945777,-7.82409e-05
2015-12-22,-0.0006151515,-0.00022395211,-0.0003228232,-0.00023644812,-0.00021978654,-0.00047737098
2015-12-23,-0.0020143576,-0.0008988219,-0.0009900733,-0.0005286084,-0.0005476601,-0.0016263294
2015-12-24,-0.0004772471,-0.00021514695,-0.0001281082,-0.00040951418,-0.00026495138,-0.0004705666
2015-12-25,0.00013547805,-4.338237e-05,-2.8719722e-05,6.654353e-05,5.6774792e-05,4.1269173e-05
2015-12-26,-5.5924746e-05,-6.5662854e-05,4.759116e-07,-0.00010976419,-5.5854714e-05,-0.000103933235
2015-12-27,-8.019854e-06,-1.8850027e-07,-7.256012e-06,-2.3480824e-07,-6.7594347e-06,2.7877375e-06
2015-12-28,0.00018671686,-2.4043638e-05,6.779183e-05,-0.00018449478,-0.0001562481,0.0002138773
2015-12-29,-0.00010902442,0.00038122377,1.3207814e-05,0.0009191827,0.00065167446,2.4165272e-06
2015-12-30,3.2380336e-05,-0.00023338773,2.6754988e-06,-0.00061592483,-0.00046976717,7.958392e-05
2015-12-31,-0.00033692495,-0.00043464394,-0.00035909287,-0.00054447143,-0.0004541487,-0.00028144082
2016-01-01,0.000114997136,4.0662515e-05,8.487695e-05,0.00016069721,0.00014350686,0.00013647412
2016-01-02,3.657092e-07,-2.4781133e-07,-1.0769523e-06,-1.7581068e-06,-3.569289e-07,-3.170065e-06
2016-01-03,8.70948e-07,-1.2712322e-06,-7.6241236e-07,-5.51552e-06,-1.2766551e-06,-6.645317e-06
2016-01-04,-0.0002638135,-0.0012111679,-0.00046636522,-0.0020476517,-0.0013254962,-0.00024725244
2016-01-05,0.00011997232,0.00027944584,0.0001471541,6.3961874e-05,0.000106509906,6.842379e-05
2016-01-06,0.0014822384,0.0009449922,0.0011243216,0.00039590502,0.00083449844,0.0014722759
2016-01-07,0.0030383398,0.0019242469,0.0024712563,0.0015187163,0.0022448357,0.0027579914
2016-01-08,0.001502438,0.0010238664,0.00078297546,0.0008623527,0.0011949354,0.0013667338
2016-01-09,-8.991322e-06,-9.929962e-06,-4.8597108e-06,-1.2783743e-05,-8.752518e-06,-1.1981026e-05
2016-01-10,-1.9713912e-06,-1.6247938e-06,-2.1832911e-06,-2.523319e-06,-1.6762276e-06,-1.8671391e-06
2016-01-11,0.001912559,0.001290634,0.0009983236,0.0012655435,0.0013509647,0.0018206065
2016-01-12,-0.0007832334,-0.00036696644,-0.00023352916,-0.00052741903,-0.0007310428,-0.00061012985
2016-01-13,0.0023114872,0.0017296782,0.0004723126,0.0015846642,0.0017297185,0.0019702956
2016-01-14,-0.00068711716,-0.0006964679,8.221517e-05,-0.0005557114,-0.00053028367,-0.0005186507
2016-01-15,0.0050230823,0.0037703828,0.0021433837,0.0034875076,0.003652224,0.0045617553
2016-01-16,-5.8716618e-05,-2.8764942e-05,-5.417687e-05,-3.926019e-05,-5.5433735e-05,-3.7914884e-05
2016-01-17,2.1462365e-05,1.5378171e-05,1.488155e-05,1.6903898e-05,2.093359e-05,1.38937885e-05
2016-01-18,0.0025356482,0.0016703105,0.00075927435,0.0024018828,0.0020881793,0.0024425806
2016-01-19,-0.0015194841,-0.0010204115,-0.00054937793,-0.001273247,-0.0013743765,-0.0013386908
2016-01-20,0.004268383,0.0030328592,0.0013684165,0.00275878,0.0028377713,0.003844795
2016-01-21,-0.0021768296,-0.0015770623,-0.00051462534,-0.0012752842,-0.0012419241,-0.002059255
2016-01-22,-0.00674557,-0.0049025104,-0.0016451055,-0.004108056,-0.0041925716,-0.0062071127
2016-01-23,-1.10856245e-05,-4.733321e-06,-5.9986e-06,-1.4128477e-06,-7.3474516e-06,-4.923405e-06
2016-01-24,-3.077465e-05,-1.2347468e-05,-1.6554868e-05,5.148829e-07,-1.316471e-05,-1.34133525e-05
2016-01-25,0.0012078503,0.001004415,0.00033532977,-5.269687e-05,0.00022828557,0.00073803007
2016-01-26,-0.001107891,-0.00072562124,-0.00012163159,0.0003169067,-9.8712095e-05,-0.0009077388
2016-01-27,-4.8799266e-05,-0.00014192102,-0.0002065482,-0.0002941445,-0.00019476094,-0.00013863466
2016-01-28,-8.67024e-06,-0.00013737493,-0.00026381522,0.00027215513,0.00028106297,-3.9085102e-05
2016-01-29,-0.0022715132,-0.0018267318,-0.00039956963,0.00044381304,3.4563768e-06,-0.0025401604
2016-01-30,4.3247787e-06,1.9832376e-06,3.5848673e-06,-1.5777841e-06,1.5948642e-06,2.55956e-06
2016-01-31,1.7844095e-05,1.7619566e-06,8.937451e-06,-1.2889495e-06,2.8025954e-06,1.4541211e-05
2016-02-01,-0.00025700874,-0.0002527225,-5.581495e-05,-0.00041297637,-0.00043061594,-0.0004536742
2016-02-02,0.00053262204,0.00057647505,0.00026913677,-0.00065999356,-0.0008448927,0.00077799585
2016-02-03,-0.00034535368,-2.0714017e-06,-0.00015822441,0.00025554036,4.274511e-05,-0.00016716504
2016-02-04,0.00022759661,-7.2660405e-05,5.7733858e-05,0.00059233326,0.00048582183,-0.00020982519
2016-02-05,-6.9406815e-05,-0.00014916304,-0.00013561573,-0.001115958,-0.00083294214,0.00019569113
2016-02-06,9.843842e-06,-4.2839997e-06,6.2811887e-06,-9.52749e-06,-2.3812684e-06,-4.3560735e-06
2016-02-07,1.129279e-06,5.6005393e-07,1.3731786e-06,-8.939373e-08,6.684141e-07,5.5410214e-07
2016-02-08,0.0015086875,0.0013849057,0.0005093504,0.0007644931,0.00038075095,0.001837394
2016-02-09,0.0007069417,0.0005601707,0.00035988307,-0.0001253039,9.386572e-05,0.0011386995
2016-02-10,0.00021835673,5.4715292e-05,8.035746e-05,0.00035777348,0.00038642797,9.448663e-05
2016-02-11,0.0028028765,0.0019330556,0.0006659118,0.0023763226,0.0016492968,0.002958287
2016-02-12,-0.0026798877,-0.0018341815,-0.00032511196,-0.0022493233,-0.0014579081,-0.0027901349
2016-02-13,-1.1182806e-06,6.9219805e-06,-3.9459724e-06,7.3263295e-06,3.6146557e-06,7.7736934e-07
2016-02-14,1.0204235e-05,2.2868408e-05,-2.5920774e-06,2.7293238e-05,1.6136797e-05,1.4143517e-05
2016-02-15,-0.0018303872,-0.0011601547,-0.00044125644,-0.0012958845,-0.0011581496,-0.0018167996
2016-02-16,-0.002650278,-0.0015609892,-0.00066212495,-0.0022955704,-0.0017386556,-0.0024132833
2016-02-17,-0.0013633735,-0.00077981927,-0.00019071162,-0.00032583484,-0.00023922174,-0.0015451873
2016-02-18,-0.0001397701,-0.00014132657,-6.714873e-05,-0.00010313174,-0.00027987504,0.00021206879
2016-02-19,-1.3762031e-05,-2.0870932e-05,-5.787405e-06,-0.00019967978,-0.00013383974,0.00016211622
2016-02-20,8.09663e-05,7.775025e-05,8.09663e-05,0.00013313319,6.929238e-05,6.809899e-05
2016-02-21,5.0095496e-06,4.840712e-06,5.0095496e-06,8.474851e-06,4.0334176e-06,4.456102e-06
2016-02-22,0.0003100797,0.00028653993,3.9682953e-05,0.00093452574,0.0008922037,-0.00036492094
2016-02-23,2.074121e-06,-0.00022592925,-3.0835996e-05,-0.0007737767,-0.0005046153,0.00035651476
2016-02-24,0.0006639081,0.00039679618,0.00014489028,0.00031944315,0.00036522365,0.00084349484
2016-02-25,0.00057912123,0.0005915192,0.00029592257,0.00095480384,0.0007470778,0.00018058377
2016-02-26,-0.00082517683,-0.0007678409,-2.292683e-05,-0.0010714537,-0.00069695746,-0.0011191572
2016-02-27,-8.6539916e-07,-5.9211305e-07,-8.6539916e-07,-7.257871e-07,-1.0367281e-06,-5.189365e-07
2016-02-28,8.965558e-06,9.756953e-06,8.965558e-06,1.5040063e-05,8.0641485e-06,8.413193e-06
2016-02-29,0.0003715325,0.0004159129,0.00025080825,0.00062475965,0.00031008766,0.0005133549
2016-03-01,0.0007431485,0.0006826401,0.00020142076,0.0016284604,0.0012022832,-0.00045293124
2016-03-02,-5.2250866e-06,9.9546894e-05,-5.8775506e-05,0.00055029546,0.00028936187,-0.0003707951
2016-03-03,0.00033155424,0.0004859051,0.00018169064,0.0011568072,0.00057009404,0.00029034336
2016-03-04,0.0005073688,0.0004994191,0.00026338932,0.0014087397,0.00074474263,0.00012943822
2016-03-05,2.456972e-06,-1.1312007e-05,2.456972e-06,-6.3067837e-06,3.740368e-06,-2.5144423e-05
2016-03-06,-1.09108705e-05,-1.4343908e-06,-6.28195e-06,-9.685988e-06,-1.1836596e-05,1.4223883e-06
2016-03-07,0.00034476543,0.0002441875,-1.1616786e-05,0.0005837856,0.00037412817,0.00030230533
2016-03-08,-0.0014923672,-0.0010572177,-0.00059262465,-0.0022338037,-0.0014305189,-0.0010238996
2016-03-09,0.0005591258,0.00062695,9.368937e-05,0.0011595008,0.0006753705,0.00045635985
2016-03-10,0.0003443944,-1.3499286e-05,0.00015036936,0.00030638726,0.00024274123,0.00024152212
2016-03-11,0.0015158256,0.001564831,0.0007325178,0.0031502156,0.0017660668,0.0010306834
2016-03-12,-8.310412e-06,-1.5131374e-05,-8.310412e-06,-1.4067637e-05,-4.357762e-06,-2.553997e-05
2016-03-13,-5.0529784e-06,-3.1921838e-06,-5.0529784e-06,-3.5635433e-06,-5.5999803e-06,3.165584e-07
2016-03-14,0.00012881923,-0.00015327771,-2.4224351e-05,-8.0737314e-05,0.00011520738,-0.000108154905
2016-03-15,-0.0013869352,-0.0010778812,-0.00035793954,-0.0020638888,-0.0013179019,-0.0011679245
2016-03-16,0.0010462105,0.0014725606,0.00071804796,0.0024819174,0.0011540371,0.001471257
2016-03-17,0.0024853388,0.00210774,0.0009794187,0.0036931767,0.0022950608,0.0026193948
2016-03-18,0.0004330115,0.0002227563,0.00020233191,0.00038889592,0.00034473767,0.00035759748
2016-03-19,-4.700526e-06,-4.1541757e-06,-3.974639e-06,-4.795978e-06,-4.991199e-06,-3.803642e-06
2016-03-20,-1.2883141e-05,-1.06330035e-05,-1.3398414e-05,-1.2900203e-05,-1.3939252e-05,-4.9635933e-06
2016-03-21,-0.0003904742,-0.00028732113,-9.883868e-05,-0.00029116558,-0.0002833939,-0.00052306417
2016-03-22,-0.00016892518,-0.00013558702,-3.8002156e-05,-0.00020864983,-0.00015658676,-0.00026388408
2016-03-23,-0.0018690618,-0.0016831633,-0.0005561192,-0.0033070343,-0.0019672348,-0.0017185858
2016-03-24,-0.0013194236,-0.000993252,-0.00040827753,-0.0017267695,-0.0011587524,-0.0012386888
2016-03-25,-0.0001598185,-0.00010073485,-4.9348397e-05,-0.000111788155,-9.79822e-05,-0.00018470424
2016-03-26,-1.258268e-07,4.435194e-08,2.2027692e-07,5.078559e-07,-3.123448e-07,9.854353e-07
2016-03-27,-4.7536564e-06,-3.7376255e-06,-7.2883736e-06,6.3976413e-06,-7.856158e-06,1.2652928e-05
2016-03-28,-3.22167e-05,0.00010461897,-9.24716e-05,0.00019977518,2.049439e-05,2.2058754e-05
2016-03-29,0.0012080284,0.0014836104,0.0006282475,0.0022242838,0.001231073,0.0018294466
2016-03-30,0.00054098485,0.0005853011,0.0002431611,0.0007507688,0.0003894633,0.0007400458
2016-03-31,7.255546e-05,-4.6087298e-05,-5.1458104e-05,-0.0002580816,-0.00012104651,2.11985e-05
2016-04-01,0.00045654984,4.832519e-05,3.7496186e-05,0.0002837927,0.0002461464,2.1185007e-05
2016-04-02,-1.8424619e-06,-2.275494e-06,-1.8424619e-06,9.78523e-07,-2.5550253e-06,-3.1051015e-06
2016-04-03,-1.3921803e-06,-1.3949629e-06,-1.3921803e-06,-1.7873523e-06,-1.3871211e-06,-1.6359752e-06
2016-04-04,-0.0004837469,-0.000565687,-0.00014723871,-0.00094101025,-0.0005822377,-0.00081165286
2016-04-05,-0.001329272,-0.0013640091,-0.00034621943,-0.0022330417,-0.0013494478,-0.0018364355
2016-04-06,-0.00021571864,0.00026098566,-8.212236e-05,0.00040532203,1.8448292e-05,0.0004965171
2016-04-07,0.0003290044,-0.00013698208,0.0001345717,-0.00034842052,-8.443678e-07,-0.0004957224
2016-04-08,-0.00078079605,-0.00023017068,-0.00047321102,-0.000375556,-0.0003735205,0.0001950555
2016-04-09,-3.1333325e-06,-2.8674242e-06,-3.1333325e-06,-5.4280417e-06,-2.687521e-06,-1.995382e-06
2016-04-10,1.5162542e-06,2.1289202e-06,1.5162542e-06,4.5912034e-06,5.228936e-07,1.810611e-06
2016-04-11,-3.0800915e-05,0.00011710653,2.7467651e-05,-0.00022364766,-0.00013987033,0.0003893458
2016-04-12,-0.00039887652,0.0001488447,-0.00022823784,-5.6842266e-05,-0.00016777961,0.00074281154
2016-04-13,-0.00072571466,4.418294e-05,-0.00068624195,-0.0001841394,-0.00035627896,0.00082051486
2016-04-14,-0.0011810517,-0.0007927138,-0.00051236385,-0.0011882951,-0.00094738574,-0.00085084396
2016-04-15,-8.324499e-05,0.00022501212,-5.4154516e-05,0.0003370344,2.9980492e-05,0.00029379947
2016-04-16,9.438068e-07,9.87512e-07,9.438068e-07,3.464318e-06,3.416389e-07,2.5509971e-06
2016-04-17,-1.9763369e-05,-1.5985925e-05,-1.9763369e-05,-3.1659743e-05,-1.8172404e-05,-1.6512964e-05
2016-04-18,0.00037328998,0.0005114598,0.00025787365,0.000856856,0.00057336304,0.0005141462
2016-04-19,0.002060176,0.0018310061,0.0005265764,0.003006662,0.0021211011,0.0023067037
2016-04-20,0.0004168932,5.9204634e-05,3.276698e-05,0.00028820423,0.00028147994,3.673377e-05
2016-04-21,-0.0007041928,-0.0008145006,-0.00019048342,-0.0010994574,-0.00076038745,-0.0008855653
2016-04-22,-0.0014022107,-0.0011625177,-0.00059893396,-0.0019013297,-0.0011924735,-0.0014147887
2016-04-23,3.3797733e-05,2.883664e-05,3.3797733e-05,6.0216098e-05,3.2054268e-05,3.0385503e-05
2016-04-24,0.00019882264,0.00016213844,0.00019882264,0.00033204432,0.00020117236,0.00019280729
2016-04-25,-0.001025148,-0.00084600266,-0.0003782341,-0.0011329054,-0.0008191196,-0.0010981748
2016-04-26,0.0007906404,0.00071185036,0.000114792754,0.0011948877,0.000825589,0.00077497464
2016-04-27,0.00027025997,0.00039810987,-0.00013454407,0.0004919819,0.00029833365,0.00047766237
2016-04-28,-0.00061639503,-0.00041771212,-5.3964453e-05,-0.00090916187,-0.0006767246,-0.00079864345
2016-04-29,-8.9371824e-05,-0.00017966492,0.00021047104,-0.0006666747,-0.00036900066,-0.00016623184
2016-04-30,-7.892961e-05,-7.10366e-05,-5.4804914e-05,-0.00013047038,-7.6239645e-05,-8.496207e-05
2016-05-01,2.3792809e-05,2.274166e-05,1.8800161e-05,3.9777962e-05,2.1413067e-05,3.099476e-05
2016-05-02,-0.00022646024,5.4646647e-05,0.00016312777,-0.00027855404,-0.0002119908,0.00016898493
2016-05-03,-0.0016245318,-0.0018897393,-0.00061615213,-0.0026178507,-0.0017342335,-0.0021598157
2016-05-04,-0.0012877103,-0.0013697981,-0.00048450977,-0.00167138,-0.0010744757,-0.0017735561
2016-05-05,-0.0007860165,-0.00047838464,-0.000352936,-0.0004357259,-0.0005022781,-0.0008515257
2016-05-06,-3.3882294e-05,0.0003154369,0.00011504671,0.0003064019,4.054662e-05,0.00028837204
2016-05-07,4.002428e-05,3.7773596e-05,1.2417406e-06,5.5801196e-05,3.9096132e-05,4.737469e-05
2016-05-08,-5.2295823e-06,-4.8630473e-06,-7.4794923e-07,-7.421898e-06,-5.0632784e-06,-6.089103e-06
2016-05-09,-0.00010542039,-0.0004907207,-0.0001452454,-0.00044141233,-0.00014920405,-0.00049759133
2016-05-10,-0.0006700332,0.00048514493,-0.00031635596,1.7146783e-06,-0.0001912862,0.0006987679
2016-05-11,0.00011554489,3.274967e-05,0.00019618611,0.0001364901,-1.4119368e-05,-0.00011150221
2016-05-12,0.00016289047,-0.00010119403,9.2088674e-05,-5.3292366e-05,6.214617e-05,4.484429e-05
2016-05-13,0.00013904292,-0.00041314214,-0.00012604082,-0.00030363724,-7.820165e-05,-0.0006076836
2016-05-14,2.27359e-05,2.2016826e-05,-2.2162553e-07,3.4550445e-05,2.274536e-05,3.0455974e-05
2016-05-15,2.1763322e-05,2.051516e-05,5.685726e-06,3.1136973e-05,2.1675622e-05,2.6906366e-05
2016-05-16,-0.0002690291,0.00025449088,-0.00022486586,0.00024284645,6.5917234e-06,0.00033505535
2016-05-17,0.00023064304,-6.986737e-05,0.00012295827,-1.7933357e-05,8.800098e-05,-0.00020470675
2016-05-18,-0.000884334,-0.0010663598,-0.00065926794,-0.0015212889,-0.00088846247,-0.0011695697
2016-05-19,0.0007349503,-0.00013009874,0.00024810852,0.00020681016,0.00057815673,-0.00014912627
2016-05-20,-0.0007684117,-0.0001670473,-0.00060524297,-0.00034227097,-0.00053879526,-0.00027611337
2016-05-21,7.752734e-06,1.0020057e-05,-1.4809501e-06,2.0738978e-05,9.396405e-06,1.8973029e-05
2016-05-22,6.468112e-06,1.0013842e-06,1.1147973e-05,-1.0620614e-06,6.027642e-06,-5.069706e-06
2016-05-23,-0.00037342677,-0.00029688375,-8.396927e-05,-0.0005010896,-0.00041561,-0.00048485838
2016-05-24,-0.00061167707,-0.00012119843,-0.0006612259,-0.00018132785,-0.00039342156,-8.0556856e-05
2016-05-25,-0.00016688957,0.00031805632,-0.00039003618,0.0005331668,6.211038e-05,0.0003472549
2016-05-26,-0.00053901,-0.00013315027,-0.0003750616,-0.00033355074,-0.00041929676,-0.00025618056
2016-05-27,5.073948e-05,0.00027130783,0.00012670597,0.00026253992,0.00013821774,0.00017412093
2016-05-28,0.0002699023,0.00027615632,0.00021549265,0.0003718147,0.00025210352,0.00026143136
2016-05-29,-3.9001796e-05,-3.854128e-05,-1.3519202e-05,-5.1654195e-05,-3.5830726e-05,-3.9868566e-05
2016-05-30,0.0005297966,0.0003388731,0.00030991586,0.0007251612,0.0005184432,0.00043896685
2016-05-31,-0.00086086895,-0.00075025123,-0.0006812426,-0.0010939218,-0.0007984862,-0.00075492874
2016-06-01,-0.0004526011,-4.6401758e-05,-0.00028028226,-0.00023439713,-0.0003028192,-0.0002994855
2016-06-02,0.00020724948,0.00051040517,0.00019856475,0.00065749494,0.00028989516,0.00038911594
2016-06-03,-0.0007260099,8.19746e-05,-0.00031554027,4.49336e-05,-0.00045495393,-7.504475e-05
2016-06-04,-6.343769e-06,-5.0456333e-06,6.3129864e-06,-8.121488e-06,-5.708626e-06,-5.211612e-06
2016-06-05,7.660507e-06,7.705066e-06,4.037475e-06,1.4550348e-05,6.858221e-06,7.542733e-06
2016-06-06,0.00034554125,0.000633661,0.00017023057,0.0009778757,0.00040259233,0.00011637572
2016-06-07,0.00022774495,0.00040473102,0.00012546238,0.0006018136,0.00027308342,0.00012753834
2016-06-08,0.0009149374,0.001022888,0.00042724237,0.0016030268,0.0009670006,0.00085078465
2016-06-09,-0.00039528983,-0.0006840549,-0.00050072646,-0.001154965,-0.0004775595,-0.0006571486
2016-06-10,-0.00276757,-0.002540132,-0.0021565354,-0.0046900916,-0.0027947559,-0.0021769358
2016-06-11,0.00011494307,0.00012303735,4.926336e-05,0.00022378743,0.0001067155,0.00013588212
2016-06-12,0.00024706172,0.00025486178,0.00011080242,0.0004657194,0.00022850563,0.0002728079
2016-06-13,-0.0016773962,-0.0016229401,-0.0015225626,-0.0031354507,-0.0017718252,-0.0013553499
2016-06-14,-0.00016124331,-0.00035680117,-2.536523e-05,-0.00053374935,-0.00019363416,-0.0003148492
2016-06-15,-0.00011307949,-3.7524173e-05,-1.4178482e-05,-6.557099e-06,-0.00013620459,2.924089e-05
2016-06-16,0.0007138318,0.00047919885,0.00048965256,0.0008773656,0.0005874393,0.00035803506
2016-06-17,-0.00092808413,-0.00050474296,-0.0006143696,-0.0010176476,-0.0007954617,-0.00029492014
2016-06-18,3.3191138e-06,3.432571e-06,4.6427976e-06,9.008307e-06,3.011564e-06,3.8960466e-06
2016-06-19,1.9942008e-05,1.9202547e-05,4.9962773e-06,3.431817e-05,1.709909e-05,2.029511e-05
2016-06-20,-0.0029441125,-0.0018103927,-0.0018650469,-0.0035042071,-0.0026632769,-0.0021722596
2016-06-21,-0.00079956226,-0.00082905655,-0.00045148015,-0.0014343474,-0.00075902365,-0.0008731292
2016-06-22,-0.00031276254,-0.0004460013,-0.000112566835,-0.00068648986,-0.00032500323,-0.0005314116
2016-06-23,0.00040169767,0.00073648425,0.0003020575,0.0010289429,0.00055914477,0.00035466393
2016-06-24,-0.0024311773,-0.0029024815,-0.002323969,-0.004839597,-0.0029319476,-0.0020588227
2016-06-25,3.488373e-06,4.253538e-07,1.0021098e-06,1.9334902e-06,2.8725196e-06,8.8860055e-08
2016-06-26,1.8628187e-07,-2.2919901e-05,-5.947895e-06,-3.5495435e-05,-1.0039911e-05,-2.9956567e-05
2016-06-27,-2.9792007e-05,-0.00017315752,0.0003943895,-0.00091004925,-0.00034842425,0.00042750852
2016-06-28,-0.0014045975,-0.00034741772,-0.0011266938,-0.0008016014,-0.0012479193,-0.0006431871
2016-06-29,-0.002014225,-0.0009531583,-0.0019120171,-0.001360005,-0.0018032856,-0.0013491468
2016-06-30,-0.0005906864,-0.000115485,-0.0006417337,0.0001442992,-0.00042925583,-0.00027076775
2016-07-01,0.0010119796,0.0009788693,0.0005685683,0.0016320106,0.0009073957,0.001288825
2016-07-02,-1.8740318e-05,1.7341394e-05,-9.506052e-06,1.1771762e-05,-1.5078401e-06,3.418537e-05
2016-07-03,-2.9900515e-05,-4.9602648e-05,-2.063612e-05,-5.538137e-05,-3.3880693e-05,-7.1105045e-05
2016-07-04,0.0002618237,0.00016694303,0.00013008856,0.0003381936,0.0002468139,0.00042350436
2016-07-05,0.0005858323,0.00025457056,0.0007536655,0.0003821586,0.00036780757,6.998016e-05
2016-07-06,0.000713669,0.00056555617,0.00046641374,0.00064041204,0.0005841377,0.000753787
2016-07-07,7.056856e-05,-0.00026503002,9.946637e-05,-0.00041648262,-5.7734822e-05,-0.00036313696
2016-07-08,0.0011006813,0.0012622203,0.000664973,0.0025899757,0.0012249365,0.0013183238
2016-07-09,2.1638589e-06,-7.2171215e-06,-5.229552e-07,-1.011539e-05,-2.0077389e-06,-1.237167e-05
2016-07-10,4.6535615e-06,6.918018e-07,2.4468352e-06,-2.0804257e-06,1.6890128e-06,3.5894806e-07
2016-07-11,0.00039774648,0.0002863734,0.00014776735,0.0005183823,0.00037614224,0.00039002573
2016-07-12,-0.0013405024,-0.0006872234,-0.00029622216,-0.0007529444,-0.0008168061,-0.0008926877
2016-07-13,4.9368122e-05,0.00013096863,0.000119816716,0.0007847484,0.00020442862,4.2676916e-06
2016-07-14,0.00013225905,0.00022085074,0.00038561842,0.00036959402,0.0001438152,0.00014244061
2016-07-15,-0.00081850577,-0.00075472845,-0.00030234156,-0.001209114,-0.00073120324,-0.0009952992
2016-07-16,7.09743e-07,-1.5373764e-06,-8.4644415e-07,-3.2627133e-06,-1.4473283e-06,-1.5396743e-06
2016-07-17,5.1526484e-07,1.1532988e-05,5.469151e-06,1.7774142e-05,9.159676e-06,1.5813277e-05
2016-07-18,0.0004383719,0.0004302731,0.0005650093,0.00092767534,0.00044407748,0.00032357636
2016-07-19,-0.000108914835,-0.00020349909,-0.00013166439,-0.0006591421,-0.0003002266,-0.00025845194
2016-07-20,0.00086747186,0.00066919293,0.00082932547,0.0011576313,0.00070412835,0.0006523874
2016-07-21,-0.00030364125,-0.00022214833,-0.00016585966,-0.00036279514,-0.00020085905,-0.00034546567
2016-07-22,0.00039308405,0.00033463587,0.00037480643,0.0005686779,0.00029931127,0.0004903095
2016-07-23,-2.49315e-06,9.683307e-07,-1.4695655e-06,2.9512e-06,4.2049416e-07,2.8276105e-07
2016-07-24,-1.7160605e-06,1.7604788e-06,-4.0015112e-07,4.1318426e-06,1.2059425e-06,2.1994177e-07
2016-07-25,-0.00015724561,-0.00032621497,-0.000229663,-0.00069460785,-0.00025347972,-0.00021927536
2016-07-26,0.00020664603,0.00028654316,0.00020575088,0.00048527174,0.00018667473,0.00034023487
2016-07-27,0.00032500553,0.00033104315,0.00030122107,0.00055595214,0.0002823804,0.00045564288
2016-07-28,-0.0002457812,-0.00024751548,-0.0002559753,-0.0004670488,-0.00038610506,-0.00020624769
2016-07-29,-0.00016999229,0.00021628539,0.00017624383,0.00055643293,0.00010371132,0.00024261381
2016-07-30,1.5223081e-06,-2.068656e-07,1.628533e-06,-2.0178688e-06,-1.1971842e-06,-3.5797223e-06
2016-07-31,9.958167e-06,-1.12228345e-05,1.029088e-05,-2.0244033e-05,-1.1625992e-05,-2.4545694e-05
2016-08-01,0.00029939524,-0.000119354336,8.7239314e-05,-0.00014739127,-6.51894e-05,9.1837406e-05
2016-08-02,-0.0008932179,-0.0012901115,-0.00092916365,-0.0022806828,-0.0011041395,-0.0012527701
2016-08-03,-0.0008616542,-0.0005260043,-0.0004171163,-0.00076256605,-0.0006195092,-0.00067896914
2016-08-04,-0.00014545373,0.0003551252,5.5892255e-05,0.00040647478,-2.930549e-05,0.00041836334
2016-08-05,1.0808357e-06,0.00035035217,0.00026831002,0.0007148936,0.00019040622,0.00058692566
2016-08-06,-2.2511356e-05,-5.2708606e-06,-6.6262182e-06,-4.7601266e-06,-8.943319e-06,-1.2794277e-05
2016-08-07,-1.0660815e-05,-3.1359953e-06,-3.835079e-06,-1.1143101e-06,-3.2488726e-06,-4.5790666e-06
2016-08-08,-0.0002014197,0.00014107287,-0.000106696454,0.00020622894,4.191112e-06,0.00026289045
2016-08-09,0.0006098778,0.0006381763,0.0005460968,0.0010396714,0.0005804115,0.00092262466
2016-08-10,1.49265425e-05,-7.910974e-05,6.152196e-05,-0.00023128142,-0.00010857891,-0.00012572213
2016-08-11,0.00066636625,0.0005442105,0.00036144114,0.0011075264,0.0006504857,0.0006258418
2016-08-12,-0.000595936,-0.0003303908,-0.0002852482,-0.00069437345,-0.00047353798,-0.000526651
2016-08-13,2.934622e-07,-1.1763522e-06,4.3851244e-07,-1.6667304e-06,-6.378428e-07,-4.6698116e-07
2016-08-14,2.7488655e-05,3.265683e-06,1.9267458e-05,-1.0894236e-05,9.753749e-07,5.8213805e-06
2016-08-15,0.0009302726,0.0008709644,0.0007274416,0.0014762492,0.00086940615,0.0008361953
2016-08-16,-0.000320609,-0.00056385365,-0.00048041233,-0.0011113266,-0.0004350157,-0.0006709181
2016-08-17,-0.000247598,-0.00017608123,-0.00033759864,-0.00042473307,-0.00022165675,-0.00034238675
2016-08-18,0.0009263657,0.0011020266,0.00082391436,0.0018811537,0.00097560766,0.0009990667
2016-08-19,-0.00080954033,-0.001029785,-0.0008356617,-0.0016122052,-0.0008219996,-0.0012094433
2016-08-20,-8.944943e-06,-1.03471116e-07,-5.2297264e-06,4.126331e-06,1.1417332e-06,-4.2906076e-06
2016-08-21,-3.5893223e-07,-5.398499e-07,-2.030692e-07,-6.03816e-07,-3.600171e-07,-1.2670794e-06
2016-08-22,-0.0013026034,-0.00092135504,-0.00065021525,-0.0015996038,-0.001174321,-0.0009971143
2016-08-23,0.00020680454,0.00046422958,0.00028146608,0.0007477818,0.00031494143,0.00061939034
2016-08-24,-0.0010027983,-0.0011915963,-0.0009022923,-0.0019583576,-0.0010117673,-0.001295696
2016-08-25,-0.0002931478,-0.00027507165,-0.00025809428,-0.00046365158,-0.00032602207,-0.000322589
2016-08-26,-0.0003391066,-0.0006260665,-0.00027814796,-0.0010126196,-0.00041680105,-0.00071241334
2016-08-27,-1.6903807e-05,-2.2197313e-05,-4.3094287e-06,-2.611916e-05,-1.9484727e-05,-1.6296312e-05
2016-08-28,-3.7223822e-06,3.5949062e-09,-2.634806e-06,6.7401066e-07,-1.6010972e-06,-2.1209191e-06
2016-08-29,-0.0003896754,0.00021740026,-0.00020296196,0.00021480322,-0.00017014584,0.0001183529
2016-08-30,0.0002889724,-6.399826e-05,0.00012422496,-4.3578173e-05,0.00015206904,0.000118176
2016-08-31,-0.00027988697,-0.00073854264,-0.0003748602,-0.0008747995,-0.00032924282,-0.00081377383
2016-09-01,-0.00012341484,2.8138613e-05,5.0096904e-05,8.6404434e-05,4.195344e-06,-8.093534e-05
2016-09-02,0.00021295474,0.0010333662,0.0004833493,0.0013712179,0.00058220554,0.0010367257
2016-09-03,2.170545e-06,2.1009808e-05,-9.93178e-06,2.9119743e-05,9.90327e-06,9.543874e-07
2016-09-04,5.095171e-05,4.644568e-05,3.790421e-05,5.650794e-05,3.886449e-05,3.1682215e-05
2016-09-05,-4.0709645e-05,6.492922e-05,-3.641064e-05,0.00012184214,1.875736e-05,4.4772307e-05
2016-09-06,-0.00062745006,0.0006734856,-0.000343018,0.0005078024,-0.00022224915,0.0005987747
2016-09-07,-0.0006671626,-0.00019578564,-0.00037245607,-0.0005197515,-0.0005573677,-0.00018987553
2016-09-08,-0.00048621983,-0.0005393082,-0.00048823864,-0.0007463627,-0.00051760674,-0.0006619986
2016-09-09,-0.0037943844,-0.004535073,-0.0031808503,-0.006509404,-0.003881945,-0.005081914
2016-09-10,1.1415261e-06,1.1674091e-06,1.1415261e-06,1.9739382e-06,9.094886e-07,5.6225093e-07
2016-09-11,-7.842807e-05,-7.096653e-05,-7.842807e-05,-0.00012561066,-5.9732563e-05,-5.9418904e-05
2016-09-12,-0.0032826918,-0.0019898305,-0.002749737,-0.0036765416,-0.0029521831,-0.0025859193
2016-09-13,0.00074979407,-0.0007938863,0.00039744086,-0.00095458044,0.00022979453,-0.00040538638
2016-09-14,-0.00032224637,-0.00028431002,-0.00026760146,-0.00023093299,-0.00020761465,-0.00035677906
2016-09-15,-0.0010383419,-7.921664e-05,-0.0005096051,8.5587635e-05,-0.00055994093,-0.00024016677
2016-09-16,0.00027510716,2.4940189e-06,0.00017474673,8.3084764e-05,0.00024882646,-0.0002079754
2016-09-17,-2.2322492e-06,-2.5944814e-06,-2.2322492e-06,-3.883309e-06,-1.6087286e-06,-1.5164463e-06
2016-09-18,-2.685953e-05,-6.532619e-06,-2.685953e-05,-9.404526e-06,-1.9685369e-05,1.799156e-05
2016-09-19,-0.0009926962,-0.00025071055,-0.00070135324,-0.0005017573,-0.00079318875,-0.00025533265
2016-09-20,-8.246673e-05,0.00019457046,7.19367e-05,0.00026858042,6.7291726e-06,0.000149095
2016-09-21,-0.0014840751,-0.00011609454,-0.0010835035,0.00012554771,-0.0006601812,-9.449084e-05
2016-09-22,-0.0014359382,-0.00022461385,-0.0011314449,-0.00035434202,-0.0007808923,-0.00019788
2016-09-23,-0.0008176505,-0.00090721535,-0.00069204083,-0.0014094786,-0.00092606037,-0.0011048295
2016-09-24,5.6311615e-07,3.9692014e-07,4.0761063e-07,-7.722548e-07,3.7356972e-07,3.6907785e-08
2016-09-25,-2.1285278e-08,-1.3626601e-06,1.76709e-08,-3.5891455e-07,3.655432e-07,-4.53807e-07
2016-09-26,-0.0006979202,-0.0011009474,-0.00061380665,-0.0013973608,-0.0008931042,-0.0009814628
2016-09-27,0.0003088088,0.00051183585,0.00044358222,0.0007253796,0.0003747829,0.0004280173
2016-09-28,-0.00016014442,0.00020449128,-7.931225e-05,0.00045446536,2.7447747e-06,0.00017825782
2016-09-29,-0.00097638014,-0.0010485094,-0.000816326,-0.0017708055,-0.001043305,-0.0012281366
2016-09-30,0.0001918537,0.00025236537,0.00028690565,0.0001834049,0.00013513805,0.00019817079
2016-10-01,4.2421375e-06,4.6322884e-06,4.2421375e-06,7.9266165e-06,3.3508024e-06,7.741535e-06
2016-10-02,-6.462976e-06,-5.960737e-06,-6.462976e-06,-1.0062448e-05,-4.857781e-06,-7.4252325e-06
2016-10-03,-0.000128195,-7.7670615e-05,-3.845624e-05,-0.00013727977,-0.0001122511,-2.0586363e-05
2016-10-04,-0.00024968962,-0.0005651816,-0.00019000556,-0.0008531046,-0.00032487567,-0.00026685192
2016-10-05,0.00047205263,0.0004871782,0.00041731962,0.0007194708,0.00047806508,0.0004639449
2016-10-06,0.00027617186,6.053734e-05,0.00020271528,8.744909e-05,0.00029132335,7.114219e-05
2016-10-07,0.00018101648,-9.411601e-05,0.00024522448,-2.7148151e-05,8.646326e-06,8.4343024e-05
2016-10-08,6.0024655e-07,6.8800097e-07,6.0024655e-07,3.948942e-06,2.5687632e-07,-6.384874e-07
2016-10-09,-1.02186395e-05,-9.198867e-06,-1.02186395e-05,-1.7468914e-05,-8.930986e-06,-8.83354e-06
2016-10-10,0.0006096191,0.00074989,0.00046269686,0.0012818738,0.00061846885,0.00085272506
2016-10-11,0.00011634915,-0.00063314004,0.00018846075,-0.000801011,-7.896081e-05,-0.00034022875
2016-10-12,-0.00016899437,-0.00022363338,-9.907541e-05,-0.00023966022,-0.000115632305,-0.00015374605
2016-10-13,-2.2269594e-05,-0.00029625898,-8.847376e-05,-5.647539e-05,3.488815e-05,-0.00036232837
2016-10-14,0.00013082763,0.0002050608,0.00014823953,0.00013965461,4.469433e-05,0.00018736205
2016-10-15,-1.4077018e-05,-1.2664678e-05,-1.4077018e-05,-2.231932e-05,-1.2677326e-05,-9.963183e-06
2016-10-16,1.4331022e-05,1.3211544e-05,1.4331022e-05,2.511681e-05,1.2570031e-05,1.3126877e-05
2016-10-17,0.0004099191,4.0730538e-05,0.00039172973,0.00018338495,0.00022127673,0.00016106559
2016-10-18,-0.0006715771,0.00029505085,-0.00014296171,0.00051151763,-0.00023178114,-0.00015877429
2016-10-19,-3.5842342e-05,0.00027479115,0.00014140958,0.00035630612,8.924056e-05,0.00012952498
2016-10-20,-0.000102429745,-0.00021027417,3.80691e-05,-0.00038110247,-0.00010976193,-2.4305704e-05
2016-10-21,4.4258635e-05,5.711808e-05,-6.6060034e-07,0.00015944154,0.000108650514,3.379125e-05
2016-10-22,5.4614546e-05,7.42842e-05,5.4614546e-05,0.00013962285,4.8963317e-05,8.8541485e-05
2016-10-23,-3.0639062e-06,-2.1423014e-06,-3.0639062e-06,-2.529236e-06,-4.098922e-06,2.8724185e-07
2016-10-24,-1.3911985e-05,0.00027034688,6.221623e-05,0.00048570248,0.00017725247,0.00024995152
2016-10-25,-0.00036116267,-0.00034961684,-0.000300699,-0.00046955718,-0.00029635784,-0.0005033784
2016-10-26,0.00013119151,-0.00036025868,8.041623e-05,-0.00060198497,-0.00020934732,-0.0002520107
2016-10-27,0.00019255803,-0.00010834601,3.1601747e-05,-0.00023052178,-7.169938e-05,7.998899e-05
2016-10-28,-0.00056894607,-0.00049414014,-0.00045646058,-0.00066699495,-0.00055232964,-0.00045764877
2016-10-29,0.00014310384,0.00013631645,0.00013953287,0.0002247062,0.0001301668,0.00013756
2016-10-30,-7.3874886e-05,-6.974257e-05,-6.956717e-05,-0.00011328535,-6.7915644e-05,-6.555529e-05
2016-10-31,-0.0008294147,-0.0007202331,-0.00065300026,-0.0010209054,-0.0006773268,-0.0010278744
2016-11-01,-8.634817e-06,-0.00045920914,-0.00013830686,-0.00031526736,-0.00013304017,-0.00028300617
2016-11-02,0.00048501493,-0.0005072644,0.00013522747,-0.000659204,9.281297e-05,-0.00023449838
2016-11-03,0.00023468361,-0.0002729533,0.00012727034,-0.00039321967,-6.249453e-05,-7.049249e-05
2016-11-04,0.0004407039,6.317069e-05,0.00011118693,0.00043029437,0.0004469511,6.9192574e-05
2016-11-05,-8.459258e-07,-1.00619e-06,3.1379832e-07,-2.0992802e-06,-3.9599914e-07,-2.0598477e-06
2016-11-06,1.2607815e-05,1.6358414e-05,9.547579e-06,2.7049253e-05,1.0352992e-05,2.1148217e-05
2016-11-07,-0.0040028873,-0.0011589447,-0.0017364627,-0.002319367,-0.002647859,-0.002413902
2016-11-08,6.585864e-05,0.00026371964,5.317526e-05,0.00039146407,0.00021625977,0.0005497015
2016-11-09,0.00084764446,0.000147505,0.0006385964,-0.00039371246,-3.213468e-05,0.0003350182
2016-11-10,0.0006106189,0.00024224677,0.000113653376,0.0005097357,0.00061330525,0.0005399567
2016-11-11,0.00032687566,-0.00012808503,0.00020577856,-0.00023278386,0.0001792018,8.538682e-05
2016-11-12,-6.736341e-06,-1.1418293e-05,-8.287717e-07,-3.158955e-05,-7.5398675e-06,-1.8313282e-05
2016-11-13,-4.8614198e-05,-4.299096e-05,-4.7994075e-05,-3.970332e-05,-4.88137e-05,-4.2651034e-05
2016-11-14,0.00031606393,-9.206102e-05,0.00013806594,-0.00045544872,0.00022731406,0.0003929767
2016-11-15,-0.00016172633,0.00041137604,6.7562105e-05,0.000840742,-1.3294134e-05,0.00022071358
2016-11-16,7.81979e-06,-8.1279664e-05,-4.384314e-06,-0.00012426468,5.7964175e-05,6.0862592e-05
2016-11-17,0.0007960108,0.0006418826,0.0004259229,0.0008377042,0.000556682,0.0007535851
2016-11-18,0.0012541125,0.0006714827,0.0007973511,0.0012495057,0.001079628,0.0011523869
2016-11-19,-2.348348e-06,-1.9672977e-06,-2.2048823e-06,-2.9645405e-06,-1.2738316e-06,-1.8200398e-06
2016-11-20,-5.7878762e-05,-5.4042386e-05,-5.304097e-05,-9.023868e-05,-5.0662533e-05,-6.0015584e-05
2016-11-21,6.5585744e-05,0.0004635147,5.82675e-05,0.0012791788,0.00039527187,0.00024306092
2016-11-22,-0.00039917306,0.00020925245,-0.00014857292,0.0009013697,0.00022616066,-0.0001365761
2016-11-23,0.0009376915,0.00073545513,0.00059580646,0.0008711146,0.0006207253,0.0011089486
2016-11-24,0.0012322139,0.00080616487,0.00049854245,0.0015662154,0.0010850413,0.0010954043
2016-11-25,0.00028915747,0.00043843,0.0002883962,0.0011170539,0.00052818505,0.00031086296
2016-11-26,-1.3693422e-05,-1.4666786e-05,-1.5568728e-05,-2.427703e-05,-1.3014129e-05,-2.1663402e-05
2016-11-27,-3.721131e-06,-4.470882e-06,-4.4858907e-06,-9.615245e-06,-3.8109551e-06,-8.88563e-06
2016-11-28,-0.0016846725,-0.0011489532,-0.0008173929,-0.0018967649,-0.0013113156,-0.00155854
2016-11-29,-0.00079907634,-0.0005818759,-0.0003999737,-0.0011129642,-0.00071535417,-0.0006543085
2016-11-30,0.001178109,0.00087978435,0.0007382691,0.0011984183,0.0007855236,0.001106214
2016-12-01,0.0012647447,0.00066871307,0.0005044415,0.0012711039,0.0009304904,0.00091581896
2016-12-02,-0.0011199497,-0.0008316168,-0.00084326684,-0.0011532343,-0.00080733973,-0.001296704
2016-12-03,-2.4604167e-05,-2.3127262e-05,-2.511125e-05,-3.2933178e-05,-2.161522e-05,-2.1893113e-05
2016-12-04,1.5212582e-07,3.8340434e-07,3.5945646e-07,2.4777758e-06,4.1452344e-07,4.6536366e-06
2016-12-05,0.00024481304,0.0005448058,0.00020117241,0.0009878291,0.00043525145,0.00047272333
2016-12-06,5.8086698e-05,0.00030440066,0.00012828174,0.00081582856,0.00021089797,4.920537e-06
2016-12-07,0.00085398596,0.0012095687,0.0005313053,0.0024698179,0.0011877685,0.0011662336
2016-12-08,0.0009819815,0.0008982417,0.0009520732,0.0012651087,0.0007388838,0.0008732298
2016-12-09,0.0015523458,0.0012982356,0.000907978,0.0016339457,0.0010671435,0.0016717127
2016-12-10,8.032435e-06,7.647516e-06,7.0157685e-06,9.423879e-06,7.322446e-06,8.615782e-06
2016-12-11,1.2419e-06,-2.142313e-06,3.98007e-06,-1.6300206e-05,1.4093085e-07,-9.1559804e-07
2016-12-12,-0.00021520127,-0.0002944189,-0.00039030507,-0.00013670576,-1.4762725e-05,-0.00031976265
2016-12-13,0.0013137055,0.0012868877,0.0010670123,0.0025288514,0.0013534094,0.001049409
2016-12-14,-0.0019006297,-0.0020561346,-0.0016224635,-0.004408353,-0.0021916255,-0.0017568233
2016-12-15,0.0012712566,0.0010672533,0.0006224609,0.0011239155,0.0007679806,0.0016011606
2016-12-16,0.0003457043,0.0003148156,9.911871e-05,0.00052199035,0.00035710426,0.0004615607
2016-12-17,-1.0647774e-05,-4.1359117e-06,-1.4251534e-05,2.034808e-05,-5.4630987e-06,-2.4883595e-06
2016-12-18,1.4087013e-06,9.988531e-07,1.3883398e-06,-2.8734123e-06,-5.1393346e-07,-9.868554e-07
2016-12-19,-0.0008750279,-0.0007537445,-0.00020755873,-0.0009951298,-0.00065098394,-0.0010092441
2016-12-20,0.0005697551,0.00052666705,0.00064035505,0.00081760925,0.00040613787,0.0006101271
2016-12-21,-0.00024275783,-0.00018344025,-0.00038679043,-0.0002780322,-0.00016457638,-6.461167e-05
2016-12-22,-6.405818e-05,-0.00039109794,-1.935117e-05,-0.0007378757,-0.00025953012,-0.00034924137
2016-12-23,0.00029411708,0.00031820004,9.618281e-05,0.00079961505,0.00046126978,0.00030855022
2016-12-24,-7.052212e-05,-6.6900706e-05,-4.8772938e-05,-0.00010946523,-6.486838e-05,-7.036716e-05
2016-12-25,-4.152181e-05,-3.930576e-05,-3.6167112e-05,-5.9098034e-05,-3.799555e-05,-3.969848e-05
2016-12-26,-3.2664957e-05,-9.432815e-05,-1.307849e-05,-0.00014887018,-5.984243e-05,-0.00011841109
2016-12-27,0.00010599011,0.0004635314,0.000173904,0.0008724314,0.00021033092,0.00032163426
2016-12-28,-0.0008099421,-0.00067463453,-0.00086115475,-0.0010999987,-0.00065869384,-0.0008478735
2016-12-29,-0.0005915491,-0.0002292055,-0.00033656714,-0.00013422621,-0.00023618221,-0.000537282
2016-12-30,-0.0010261432,-0.00092353736,-0.0007881909,-0.001300116,-0.00086775754,-0.0012930793
2016-12-31,-7.1702875e-06,-6.268935e-06,-1.0099199e-05,-9.624794e-06,-5.8047603e-06,-5.90261e-06
2017-01-01,9.914191e-05,9.6496915e-05,2.8211582e-05,0.00017878144,8.830261e-05,0.00010011466
2017-01-02,0.00035586875,0.000332728,0.0002117903,0.0005132504,0.00033560194,0.0005013236
2017-01-03,0.00013182909,0.00078682334,0.0006004424,0.0011588413,0.00032644442,0.0009889302
2017-01-04,0.00055923394,0.0014081941,0.00046531344,0.002214941,0.001047946,0.0011774193
2017-01-05,-0.00048412522,6.619278e-05,-6.464305e-05,-2.4800518e-05,8.701129e-05,-0.0009731716
2017-01-06,-0.0005797794,-0.0006163009,-0.00011751333,-0.0011016622,-0.00063314755,-0.00060232636
2017-01-07,2.3994785e-06,7.991937e-06,-3.7311366e-07,5.342301e-06,2.1105068e-07,8.501301e-06
2017-01-08,1.7132338e-08,2.4461813e-06,1.1154259e-08,8.3031483e-07,-8.1643276e-07,3.85349e-06
2017-01-09,-0.0001381763,-0.00034494218,-0.0003836681,-0.00038206505,-0.00024739403,-0.00028748688
2017-01-10,0.00050686044,0.00040952885,0.00036949632,0.0008031318,0.00040772164,0.00023216996
2017-01-11,0.00074050337,0.0008889198,0.00065511104,0.001320836,0.00064832094,0.0008122297
2017-01-12,-4.6624802e-05,-9.2989365e-05,-0.0001451994,-2.8513134e-05,-6.5181716e-06,-0.00040970193
2017-01-13,0.00067490694,0.0006391168,0.0006077709,0.0012177889,0.0006480585,0.00078207126
2017-01-14,2.0807347e-06,-4.2952882e-07,-3.0915314e-07,-6.096173e-08,7.840936e-07,1.3855349e-07
2017-01-15,-4.532039e-06,-1.0988923e-06,6.2787865e-07,-2.2194686e-06,-3.5116898e-06,-7.389604e-07
2017-01-16,0.00014109744,-0.0003367947,9.268214e-05,-0.00030059306,-6.4758875e-05,-0.0001683233
2017-01-17,-0.00020097468,-0.00011131518,-0.00031778676,-0.00042678879,-0.00022525802,-0.00073872885
2017-01-18,-0.00094667275,-0.00073234766,-0.00094344286,-0.0016938165,-0.00085223984,-0.0009942668
2017-01-19,-0.0009283188,-0.00065255794,-0.00050441275,-0.0012890344,-0.00075199007,-0.0006024481
2017-01-20,0.00068833947,0.00091468956,0.00047379328,0.0014439868,0.0007251832,0.00085525203
2017-01-21,-6.262909e-06,2.9703967e-06,2.2510217e-06,3.2962673e-06,-2.6095279e-06,1.7276235e-06
2017-01-22,5.745082e-06,2.4860965e-06,-7.4525497e-07,3.780113e-06,5.5708188e-06,3.6448303e-06
2017-01-23,0.00062326965,0.00030772423,0.0005318688,0.00062720856,0.00034850783,-0.0001734103
2017-01-24,0.00058314716,0.0009432113,0.000621748,0.0014227107,0.00068883004,0.000996306
2017-01-25,0.0008215727,0.0014454091,0.00085189287,0.002251534,0.0010967522,0.0017896536
2017-01-26,-0.00065921526,-0.00050867203,-0.0005231857,-0.0010734589,-0.0005800564,-0.00043425098
2017-01-27,-0.00095713447,-0.0005191285,-0.0005625245,-0.00094334973,-0.0006361403,-0.00082840875
2017-01-28,7.8876724e-07,7.294991e-07,2.2681884e-07,1.0115443e-06,4.0356002e-07,8.9407604e-07
2017-01-29,-1.0987045e-06,-1.0899432e-06,-5.792031e-07,-1.9024642e-06,-8.664646e-07,-1.5566764e-06
2017-01-30,-0.0016101903,-0.0020113073,-0.0014442721,-0.003038585,-0.0015122066,-0.0022448318
2017-01-31,-3.5457586e-05,-0.0001320955,-9.7669006e-05,-0.00030134892,-9.988928e-05,-0.00019486943
2017-02-01,0.0004462979,0.0006764148,0.00032799318,0.0009081498,0.0004071296,0.00064373546
2017-02-02,-0.0001532771,6.368075e-05,-3.1767606e-05,-3.7022422e-05,-2.3103403e-05,-5.5394397e-05
2017-02-03,0.0006258768,0.0007403865,0.00044285395,0.0012113651,0.00061362464,0.0012591027
2017-02-04,9.15223e-06,7.4885843e-06,3.585918e-06,1.6465114e-05,7.702411e-06,8.028605e-06
2017-02-05,-1.7639131e-05,-1.4985073e-05,-9.932695e-06,-3.0862975e-05,-1.48012205e-05,-1.4177358e-05
2017-02-06,-3.3525324e-05,-0.00037896002,-0.0001471637,-0.00044176535,-0.00023210005,-0.00057285884
2017-02-07,-0.00042315578,-0.00038716136,-0.00037288805,-0.0006334644,-0.00037042893,-0.0004609357
2017-02-08,0.000102274884,0.0006313988,0.00039516858,0.00084930507,0.00038894752,0.0004711616
2017-02-09,0.000116689764,0.00062754727,0.0001100564,0.0008048931,0.0002730191,0.0006816792
2017-02-10,0.00094908196,0.0014939768,0.0010170387,0.002218215,0.0010889353,0.0015821029
2017-02-11,9.247603e-06,1.1597028e-05,2.169746e-06,1.8625007e-05,7.6083525e-06,6.264428e-06
2017-02-12,6.548688e-08,-2.3649711e-06,-5.6510936e-07,-2.6793043e-06,8.1820707e-07,4.3793494e-07
2017-02-13,0.0011752272,0.0011854247,0.00091182825,0.0021056833,0.001115107,0.0014594758
2017-02-14,-5.6264504e-05,-4.2841427e-07,2.333866e-06,6.321949e-05,-4.3775482e-05,-2.0260926e-05
2017-02-15,0.0017534673,0.001588326,0.0013429914,0.0029859783,0.0015860965,0.0019632913
2017-02-16,-0.0005194015,-0.0003900651,-0.00043680912,-0.00074939977,-0.0003392359,-0.00036586885
2017-02-17,-0.00094028097,-0.00066448154,-0.00060566765,-0.0012300711,-0.0008230804,-0.0009462452
2017-02-18,9.188402e-06,8.332363e-06,4.362183e-06,1.1510607e-05,9.459472e-06,1.0836066e-05
2017-02-19,-2.5937247e-06,-3.7716584e-06,-2.1375204e-06,-6.2384024e-06,-1.8977546e-06,-3.15013e-06
2017-02-20,0.00030141277,0.00026059922,0.00025424297,0.00047062317,0.00019989091,0.0001721422
2017-02-21,0.00225199,0.0018638539,0.0016390082,0.003402369,0.0017277214,0.0022081062
2017-02-22,0.00014725327,9.901393e-05,4.8600312e-05,0.0002997324,0.00014919306,0.000103128026
2017-02-23,0.00016062197,0.000110730936,4.2870088e-05,0.0001831982,0.00021159227,0.00019639012
2017-02-24,-0.0010161822,-0.00097603496,-0.00076180685,-0.0018904122,-0.00076669146,-0.0009857514
2017-02-25,-3.287669e-05,-2.9134364e-05,-6.3481366e-06,-6.059402e-05,-2.7969127e-05,-3.0740586e-05
2017-02-26,2.2099974e-05,2.0124497e-05,1.763891e-06,4.1938973e-05,1.8396126e-05,2.1792255e-05
2017-02-27,-0.00036874486,-0.0004825954,-0.0001859951,-0.00066614297,-0.000462263,-0.00055064796
2017-02-28,-0.0012580995,-0.0008041657,-0.00080205244,-0.0015929816,-0.0008812331,-0.0011322643
2017-03-01,0.0016037312,0.0022380676,0.0014548909,0.004197012,0.0016107804,0.0023128912
2017-03-02,-0.0018662227,-0.0019925442,-0.0016083866,-0.0035544,-0.0016550886,-0.0023513536
2017-03-03,-0.00027500285,6.655247e-05,-0.00012935945,-2.3617004e-05,-0.00017206946,-0.00025622649
2017-03-04,-2.5805211e-05,-2.3304328e-05,-3.0223464e-06,-4.577736e-05,-2.3146526e-05,-2.2620956e-05
2017-03-05,1.5098736e-05,1.3717457e-05,2.1470637e-06,2.7031492e-05,1.339044e-05,1.3562215e-05
2017-03-06,-0.00063121226,-0.0005526717,-0.00042484576,-0.0011719262,-0.0005048044,-0.0007007598
2017-03-07,-0.000116080126,-0.00053202116,-0.0001023137,-0.00085127994,-0.0003000412,-0.00042058513
2017-03-08,0.00022350006,-0.0006327078,0.00028639383,-0.00074897177,-0.00015604339,-0.0005998688
2017-03-09,0.0006839639,-2.8087557e-05,0.0005097188,0.00032578016,0.0003615538,-0.00016072369
2017-03-10,0.00052672834,0.0008695613,0.0002421188,0.0014581057,0.00067694596,0.0009152467
2017-03-11,3.6801032e-06,2.1713548e-05,-2.880835e-06,2.9134875e-05,9.598544e-06,3.2874897e-05
2017-03-12,5.1837924e-06,1.8737386e-05,-5.4655434e-06,2.7425718e-05,1.2513097e-05,2.5959805e-05
2017-03-13,9.356945e-05,0.00055211945,6.686829e-05,0.0007331759,0.00032578548,0.00051221444
2017-03-14,-0.00024422357,-0.00063689944,-0.00017669135,-0.0010946203,-0.000524103,-0.0006026357
2017-03-15,-0.0010970029,0.00095598353,-0.0010882433,0.0012080914,-5.7377434e-05,0.00053844403
2017-03-16,-7.654026e-05,0.0006221975,-3.0634383e-05,0.0005575232,0.00015381814,0.00052550307
2017-03-17,0.00022232215,0.00019286857,-0.00011570139,0.0003269787,0.00015915249,0.00022407851
2017-03-18,1.0606358e-06,-3.628535e-05,-1.2500134e-05,-3.7710015e-05,-1.2198289e-05,-6.216314e-05
2017-03-19,-3.5825095e-05,-2.119414e-06,-2.1482485e-06,-1.8385568e-05,-1.5396248e-05,-4.1776272e-07
2017-03-20,-0.0005444104,-0.00027954413,-0.0003834869,-0.00064682617,-0.00038979962,-0.00042722805
2017-03-21,-0.0011809928,-0.0015790609,-0.0008087489,-0.0024123883,-0.0011597759,-0.0017147625
2017-03-22,-0.0007182007,-0.00064108864,-0.00042477256,-0.0010124955,-0.00052555697,-0.0007767867
2017-03-23,0.00034381959,0.00028152944,3.501606e-05,0.00055706763,0.00022236154,0.00040067665
2017-03-24,0.00039784805,0.0003162077,0.00020433227,0.00047872774,0.00029045722,0.0004070886
2017-03-25,-2.1952275e-05,-1.6498396e-06,5.23709e-07,-2.0111593e-06,-6.0103785e-06,-1.9316138e-05
2017-03-26,1.1025417e-06,-1.9315266e-06,-3.2323027e-07,-2.733322e-06,-1.9092743e-06,-9.5504e-07
2017-03-27,0.0003253893,-9.970808e-05,0.00024771612,-3.4971551e-06,0.00020483948,-4.0920742e-05
2017-03-28,-0.0002791404,0.0004555922,-0.0004229184,0.00088995945,0.00026363324,0.00055101037
2017-03-29,-0.00031833354,0.0004481156,5.002879e-05,0.0004901975,0.00012573051,0.0002665566
2017-03-30,-0.00012539944,9.3977935e-05,-0.00062999653,-0.00013780524,0.0001039277,7.5389056e-05
2017-03-31,-0.0004518421,-0.0002441296,-5.282877e-05,-0.000561992,-0.00032381676,-0.0005945119
2017-04-01,1.2645899e-05,1.3764952e-05,3.8789462e-06,1.9887824e-05,1.0647339e-05,1.46409075e-05
2017-04-02,5.202412e-05,5.1812076e-05,1.0384498e-05,8.061233e-05,4.215541e-05,5.5669632e-05
2017-04-03,0.00027336212,-3.9875013e-05,0.000116191004,0.00014968359,0.0001357363,3.0185776e-05
2017-04-04,0.00035273205,0.00036012402,0.0001887794,0.0005985137,0.00024361692,0.0004065223
2017-04-05,-0.00042057066,-0.00028092536,-0.00027703852,-0.00048311098,-0.00029311868,-0.0003727836
2017-04-06,0.00056973536,0.0004659936,0.0003645142,0.00079304044,0.0004395096,0.0006119703
2017-04-07,-0.0005135862,-0.00047674627,-0.00047679097,-0.00081529905,-0.00044510685,-0.00054346817
2017-04-08,1.9027826e-05,1.7358616e-05,-4.436959e-07,2.8369552e-05,1.3994349e-05,1.9102059e-05
2017-04-09,-3.4308294e-05,-2.962499e-05,3.7225952e-06,-4.939163e-05,-2.5768493e-05,-4.1140403e-05
2017-04-10,3.3466265e-05,5.3039155e-05,6.902733e-05,8.873124e-05,-8.8101646e-05,-0.000120979006
2017-04-11,0.0003971799,0.0005553248,0.0004264374,0.0007225107,0.00046766544,0.00033473768
2017-04-12,0.00018632515,-0.0002454595,0.000108985194,-0.00025215137,-8.327421e-06,5.1655872e-05
2017-04-13,-0.00054499216,-0.0008895165,-0.00016655086,-0.0015349827,-0.0006272246,-0.0009031524
2017-04-14,-9.643205e-05,-7.025251e-05,-8.630272e-05,-0.00013703405,-0.00010803386,-0.00018796277
2017-04-15,1.5915419e-05,1.4312313e-05,2.0187745e-06,2.2302991e-05,1.2258263e-05,1.5344718e-05
2017-04-16,3.0303781e-06,4.258773e-06,4.4497847e-06,6.0067723e-06,1.8578558e-06,-7.3610715e-07
2017-04-17,-0.00048805788,0.00015235419,-0.0007117312,0.000285705,4.908538e-06,8.4890955e-05
2017-04-18,-0.00055482873,-0.0007061441,-5.6092544e-05,-0.0010965021,-0.00045787482,-0.0009838351
2017-04-19,-0.00095684663,-0.0011407065,-0.0006444061,-0.0018997532,-0.00084453035,-0.0006972869
2017-04-20,-0.00062714634,0.00044501654,-0.000505872,0.00052095257,6.7682435e-05,0.0005673908
2017-04-21,-0.00024378017,-0.0001087305,4.6308927e-05,-9.544629e-05,-5.8217982e-05,-0.00013543846
2017-04-22,5.1315084e-05,5.2900847e-05,8.174975e-06,7.4779564e-05,4.4233508e-05,7.0220274e-05
2017-04-23,1.153975e-06,-3.286579e-07,-2.1068534e-05,-9.378663e-06,-9.0439124e-07,7.4449063e-06
2017-04-24,-0.00046147837,0.0016675296,-0.00037344638,0.001900808,0.00082416326,0.0017553038
2017-04-25,-0.00014231534,0.000565167,-0.00026140414,0.0005845825,0.00012717799,0.0006989806
2017-04-26,0.00043826178,0.00048534357,0.00039921852,0.0008452177,0.00058897265,0.00058985385
2017-04-27,0.00038947645,0.00014527442,0.00031145947,0.00043009254,0.00027046932,0.00050569687
2017-04-28,-0.0001522452,-3.6993148e-05,-0.00020104095,-1.3346002e-05,-3.4360116e-06,-3.3947053e-05
2017-04-29,4.5963905e-05,3.7897316e-05,4.4606077e-06,6.6089626e-05,3.370295e-05,4.1296807e-05
2017-04-30,2.4880836e-05,2.4432107e-05,2.2574797e-05,4.623997e-05,2.0504036e-05,2.4274104e-05
2017-05-01,0.00031048918,0.00023139954,0.00016325485,0.0005925783,0.00022336796,5.8279522e-05
2017-05-02,0.0013162864,0.0013709556,0.0009366803,0.0021376556,0.0010988389,0.0012391608
2017-05-03,5.2348823e-05,-0.00041880348,-0.00014185988,-0.00051761215,-0.00014280684,-0.00022877996
2017-05-04,0.0014482181,0.0005209011,0.00071110745,0.0012510957,0.00089963485,0.0011211904
2017-05-05,0.0012916325,0.0014106863,0.000655155,0.0024603049,0.0011195206,0.0013778019
2017-05-06,4.9749506e-05,4.2722502e-05,2.5647435e-06,8.133963e-05,3.828124e-05,4.9749506e-05
2017-05-07,4.8163245e-05,4.027935e-05,1.999579e-06,7.664411e-05,3.698357e-05,4.8163245e-05
2017-05-08,-0.00019940543,-0.00020411036,-8.614023e-05,-0.00022060801,-0.00013514084,-0.00044392035
2017-05-09,0.00075385446,0.00051037536,0.0005439771,0.0011067307,0.00066848047,0.0003697421
2017-05-10,-0.00024375506,0.00036586565,3.740825e-05,0.00050566124,6.02852e-05,-1.7401351e-05
2017-05-11,-0.000495871,-0.0002039133,-0.00020807683,-0.00041525616,-0.00038352257,-0.00039652278
2017-05-12,-0.0006936242,-7.564502e-05,-0.00020707652,-0.0005622698,-0.00043257372,-0.00035055508
2017-05-13,6.6379966e-05,6.677791e-05,4.397072e-06,0.000119996235,5.027284e-05,6.4152744e-05
2017-05-14,2.1116734e-06,2.172767e-06,2.078679e-07,4.0134e-06,1.7363394e-06,2.4422664e-06
2017-05-15,0.00077224325,0.0012210024,0.00088330836,0.001952562,0.00074990484,0.0009268785
2017-05-16,-0.00025746966,-7.317021e-05,-0.00031787108,-0.00010625766,-0.00020737511,-0.00021634859
2017-05-17,-0.0041344985,-0.003858015,-0.0036815314,-0.0068690525,-0.0033449351,-0.003925709
2017-05-18,-0.0023388073,-0.0020274576,-0.0018872865,-0.0037940461,-0.0019551055,-0.001942431
2017-05-19,0.00056486146,0.0016941926,0.0004846356,0.0025366503,0.0009550111,0.0011713791
2017-05-20,5.1869658e-05,5.1370636e-05,0.0,9.230328e-05,4.2746044e-05,5.700375e-05
2017-05-21,-3.00497e-05,-3.3035907e-05,0.0,-5.0620427e-05,-2.4736488e-05,-3.5808327e-05
2017-05-22,0.0010225249,0.0007908513,0.0003320495,0.001646187,0.000828788,0.0010443606
2017-05-23,-0.0006501294,-0.00044880135,-0.00057957537,-0.00083187595,-0.00058314065,-0.00058880233
2017-05-24,0.0001984607,0.0005419998,0.00030652783,0.0007355471,0.0003169817,0.00027388454
2017-05-25,0.00038390202,0.00017301543,0.0003878231,0.00056047615,0.00033516934,0.0005131459
2017-05-26,0.00025840022,0.00031491788,0.00036695352,0.0005083382,0.0002594356,0.00018091648
2017-05-27,-6.866792e-05,-7.185621e-05,0.0,-0.000114325914,-4.9381244e-05,-7.284667e-05
2017-05-28,3.7911923e-05,4.5945235e-05,0.0,6.803772e-05,2.9618135e-05,4.2184714e-05
2017-05-29,-0.000117148535,-0.0003844772,1.27278245e-05,-0.00047206692,-0.00024911686,-0.00047700063
2017-05-30,-0.00068332563,-0.0004526788,-0.00032167067,-0.00096592354,-0.0005319713,-0.00064095546
2017-05-31,0.00051063555,0.000229631,0.00020130373,0.000455705,0.00029393975,0.0005190527
2017-06-01,0.0015134942,0.0014941553,0.0010190575,0.0025909694,0.0012003292,0.0021209533
2017-06-02,0.0019752,0.0021477551,0.0016741233,0.0036588942,0.0019478515,0.0023631558
2017-06-03,5.2585274e-06,1.9987654e-06,-1.8885843e-06,6.8111262e-06,3.3026486e-06,-5.208824e-06
2017-06-04,-2.0968887e-06,-8.457967e-07,2.99884e-07,-1.3357534e-06,-8.651093e-07,1.8459608e-06
2017-06-05,0.00014009685,-0.00039216943,-0.00018704344,-0.00040594407,-0.00010491448,-0.00015676499
2017-06-06,-0.00066941086,-0.00037895725,-0.0002730358,-0.0007129834,-0.0003969722,-0.0009988738
2017-06-07,9.3460956e-05,-0.00029092128,-0.000104593004,-0.00036675698,-5.9982267e-05,-4.357027e-06
2017-06-08,-0.0007069211,-0.00013480276,-0.00033760467,-0.0004949928,-0.0002797043,-0.0005023344
2017-06-09,-0.00067110977,-0.00069568347,-0.0005764392,-0.0011671978,-0.00050185923,-0.0011411536
2017-06-10,4.5625868e-05,4.450281e-05,8.594415e-07,5.7388646e-05,2.5863894e-05,4.7139678e-05
2017-06-11,2.5257099e-05,2.4955983e-05,3.1054572e-06,2.607328e-05,1.35274395e-05,3.8719063e-05
2017-06-12,-0.0013635055,-0.0014567145,-0.0008133989,-0.002361801,-0.001196729,-0.0017027039
2017-06-13,0.00080380257,0.0010456891,0.00071086455,0.0018163028,0.00089458184,0.0010048694
2017-06-14,0.0002716974,6.736611e-05,0.00012256733,-3.868243e-05,0.00010165123,0.0004910859
2017-06-15,-0.00086552755,-0.0013576761,-0.00086482527,-0.0019044807,-0.0009506945,-0.0017281165
2017-06-16,-0.0002653209,0.000558077,-5.5239434e-05,0.0006233055,0.00016117538,0.00020068392
2017-06-17,0.00011925159,0.00012923332,1.8628125e-05,0.00016197604,9.9419e-05,0.00016733522
2017-06-18,-2.4171964e-05,-3.1786047e-05,-5.1231254e-06,-4.477671e-05,-2.4159057e-05,-3.8672533e-05
2017-06-19,0.0012810297,0.0014499979,0.0009361558,0.0023231904,0.0011776414,0.0019339197
2017-06-20,-0.0005599176,-0.001187262,-0.0007169142,-0.0016974261,-0.0008417265,-0.0012871799
2017-06-21,-9.998498e-06,-0.00043461024,-0.000154993,-0.000718852,-0.00027740787,-0.0001525821
2017-06-22,-0.00010577637,0.00018107735,7.626792e-05,0.00016026822,-1.5464066e-05,0.00014958873
2017-06-23,-0.00036723624,-4.0569663e-05,-0.00021880415,-0.00016407332,-7.2355346e-05,-0.00020408786
2017-06-24,-4.5072724e-05,-4.912343e-05,-7.2359117e-06,-7.214978e-05,-3.682634e-05,-6.55286e-05
2017-06-25,-6.8950458e-06,-7.916808e-06,-1.0655623e-06,-1.1698503e-05,-5.8817577e-06,-9.227068e-06
2017-06-26,1.1997405e-06,0.0006968288,0.00041332783,0.0009833113,0.00041190124,0.00048814304
2017-06-27,-0.0010213831,-0.0011726004,-0.00078034465,-0.0016176084,-0.0009368443,-0.0015521323
2017-06-28,3.6346217e-05,0.00091465306,8.688006e-05,0.0010617415,0.0004461286,0.001149672
2017-06-29,-9.868278e-05,-0.0008207299,-0.00027522983,-0.0009080529,-0.0004489386,-0.00081836473
2017-06-30,-1.4323769e-05,8.250772e-05,-8.458091e-05,0.00032969782,0.00017347469,3.1660107e-05
2017-07-01,-2.961653e-06,-1.3101892e-05,-2.4028575e-06,-1.5396694e-05,-6.7789806e-06,-1.51938475e-05
2017-07-02,-5.934257e-07,2.0175965e-05,4.846609e-06,2.150719e-05,9.424505e-06,1.9115241e-05
2017-07-03,0.0005401943,0.0007349976,0.00047520138,0.0011579052,0.00074471626,0.0005685939
2017-07-04,0.00014456219,6.203811e-05,5.9438644e-05,0.00014620052,9.464395e-05,-6.280317e-05
2017-07-05,-0.0005032848,-0.00053684803,-0.00041599126,-0.0008954615,-0.0005269635,-0.00034002247
2017-07-06,-0.00029084468,-0.0009779551,-0.00035923833,-0.0013307445,-0.00069068995,-0.0011690694
2017-07-07,0.00066696847,0.0004031921,0.0005231886,0.00091981486,0.00065651524,0.00079013646
2017-07-08,4.7269536e-05,5.218777e-05,1.120314e-05,6.19661e-05,2.9480398e-05,5.037232e-05
2017-07-09,-2.5903078e-05,-2.9750963e-05,-9.509356e-06,-3.6595982e-05,-1.7396631e-05,-2.7310014e-05
2017-07-10,0.0003932661,0.00056870613,-1.5961898e-05,0.0010066505,0.0005288749,0.0005729253
2017-07-11,-0.00014307328,0.00024783742,-0.00014008555,0.00018407269,1.1835233e-05,5.3821823e-05
2017-07-12,-0.000942397,0.0006322892,-0.0007125255,0.0007191817,0.00012484154,0.00050804176
2017-07-13,-0.0001833595,-0.00012131045,5.3385913e-05,-0.00053991925,-0.00019426031,3.1083167e-05
2017-07-14,0.0008521949,0.0015168133,0.00059313484,0.002096602,0.0010067938,0.0014242193
2017-07-15,4.9505026e-05,-1.159851e-05,1.5568996e-05,-1.5235915e-05,1.6894977e-05,7.2157127e-06
2017-07-16,1.484826e-05,4.8311267e-06,6.568553e-06,1.0136409e-06,7.778903e-06,1.7546754e-05
2017-07-17,-0.00038256295,-0.0002471068,-0.00042612106,-0.000418887,-0.00028653053,-0.000276814
2017-07-18,-0.00072831457,-0.00054671173,-0.0005561699,-0.0007605296,-0.00047491395,-0.000784976
2017-07-19,0.001846107,0.0018326009,0.0011973884,0.0031711196,0.0014825179,0.0019600142
2017-07-20,0.00020718235,0.0002187846,5.0413935e-05,0.00032290517,0.00019016898,0.00035973222
2017-07-21,-0.00038611345,-0.0004943706,-0.000509484,-0.00063298765,-0.000421843,-5.7430043e-05
2017-07-22,1.8562605e-05,2.169015e-05,1.8330426e-05,2.439486e-05,1.4895948e-05,2.4203611e-05
2017-07-23,-1.8902776e-05,-2.199092e-05,-1.8902212e-05,-2.5222022e-05,-1.394836e-05,-2.837554e-05
2017-07-24,-0.00049072725,-0.0005072138,-0.00019652414,-0.0009531358,-0.00052717316,-0.00047918886
2017-07-25,0.00044488124,0.0004648467,0.0003256774,0.0008692086,0.00040139916,0.00013869282
2017-07-26,0.0011841749,0.00141718,0.00067469885,0.0023484284,0.0009758112,0.0011499311
2017-07-27,0.00036923177,0.00021513515,-2.5496981e-06,0.00028549068,0.00026138045,0.00032744143
2017-07-28,-0.00047408201,-0.00024605234,-0.0002850315,-0.0005826734,-0.00021143301,-0.00041672363
2017-07-29,-1.4703972e-05,-1.3009675e-05,-1.2730309e-05,-1.8121627e-05,-1.0286727e-05,-1.3203929e-05
2017-07-30,6.6926937e-06,4.611125e-06,6.702703e-06,5.9057106e-06,3.6852684e-06,3.5945648e-06
2017-07-31,0.0012449188,0.0007571203,0.00046976813,0.0014864368,0.00078966626,0.0011147155
2017-08-01,0.000563142,0.00065130106,0.0003364824,0.0012805669,0.00047278978,0.0005212159
2017-08-02,-0.00058398384,-0.00014756783,-7.485777e-05,-0.00059733045,-0.00037649917,-0.0004925282
2017-08-03,-1.5880089e-05,-0.00033181574,-8.042964e-05,-0.00030049693,-3.4587967e-05,-0.00024171176
2017-08-04,-0.00041171967,-0.0002772979,-0.00035211205,-0.00050009,-0.00031656757,-0.0003430429
2017-08-05,6.681075e-05,7.395324e-05,3.910618e-05,9.014814e-05,4.7190024e-05,0.000101045654
2017-08-06,-2.1857963e-05,-2.2704158e-05,-1.7465105e-05,-2.4546429e-05,-1.2609327e-05,-2.270778e-05
2017-08-07,5.8595295e-05,0.00044890627,0.00040934802,0.00056799053,0.00021567616,0.00014114389
2017-08-08,-0.00038275783,-0.00050171977,-0.00035388215,-0.00075441663,-0.00036979088,-0.00060572434
2017-08-09,-0.0008861844,-0.0010406459,-0.0005660415,-0.0019130256,-0.00076408376,-0.0012905014
2017-08-10,-0.0025424238,-0.003226285,-0.0018554634,-0.005203831,-0.0023715834,-0.0035865563
2017-08-11,-0.0003047577,-0.00066573214,-0.0004702136,-0.00086431444,-0.00036064314,-0.0006318633
2017-08-12,3.93607e-05,3.4759196e-05,6.02431e-07,6.835192e-05,3.4085682e-05,4.3572916e-05
2017-08-13,2.9490866e-05,2.5796233e-05,1.3657387e-07,5.2088184e-05,2.5882522e-05,3.32275e-05
2017-08-14,-0.0010920668,0.00020286809,-0.00084949896,-0.00022801035,-0.00070990156,0.00012511796
2017-08-15,-0.00078343705,-0.000771076,-0.0006619302,-0.0014507353,-0.0007429064,-0.000995921
2017-08-16,0.0005290408,0.0009682213,0.00039073086,0.0015379353,0.0007133049,0.0010941033
2017-08-17,-3.452974e-06,-0.0009114724,-0.00019935024,-0.0014775153,-0.00047757366,-0.0007486475
2017-08-18,0.000100543904,-9.7911274e-05,0.00014521432,-0.0002217887,-6.764602e-05,-0.00017148811
2017-08-19,-5.75718e-06,-8.19874e-06,-1.1071165e-05,-5.7229886e-06,-6.379456e-06,-3.6544818e-06
2017-08-20,-1.4096925e-05,-1.1321237e-05,4.0234017e-06,-2.626075e-05,-1.1114455e-05,-1.3237398e-05
2017-08-21,0.0005925233,0.0003376513,0.000297614,0.00069366104,0.00032296753,0.00073598936
2017-08-22,-0.0012239156,-0.00014968477,-0.001045403,-1.975451e-05,-0.0004113968,-0.00027999436
2017-08-23,0.0008820367,0.00073779054,0.00071445893,0.0011318963,0.00065466587,0.0010365852
2017-08-24,0.00010818077,-0.00015710316,-0.00022530697,-3.7064827e-05,-1.9609242e-05,4.8218866e-05
2017-08-25,0.00042142824,0.00071425806,0.00037417441,0.001138456,0.00045636916,0.0009865589
2017-08-26,3.7072803e-06,3.2479204e-06,6.6124726e-06,2.837e-06,2.0401706e-06,2.8175778e-06
2017-08-27,0.00012468685,0.00011554224,0.000120621255,0.00015342032,9.274067e-05,0.00011355106
2017-08-28,0.00043560477,0.00045578598,0.00028862956,0.00074665295,0.00039303693,0.00083926856
2017-08-29,0.00029376382,-7.803354e-05,0.00026287054,-0.00023356844,-3.1874286e-05,-4.6905636e-05
2017-08-30,-0.0007767217,1.8864168e-05,-0.0006354769,2.2925527e-05,-0.00016326875,-0.00024197146
2017-08-31,-0.0001230818,0.0011701176,0.00012305184,0.0017628327,0.00068219757,0.0006207668
2017-09-01,0.00041625137,0.00036769154,5.4952157e-05,0.00097649306,0.00042553677,0.0006456813
2017-09-02,-9.985905e-05,-9.76737e-05,-4.993019e-05,-0.00015011351,-7.409006e-05,-0.00010569027
2017-09-03,-1.4844236e-05,-1.3610709e-05,-6.3889147e-06,-2.5872254e-05,-1.1027503e-05,-1.4368763e-05
2017-09-04,-0.00012098298,-0.00035053072,1.4497738e-06,-0.00059637567,-0.00023591361,-0.0002909286
2017-09-05,-0.000110667366,-0.00019608487,-0.00010745158,2.7059205e-06,0.00016890459,-3.555052e-05
2017-09-06,-0.00015487983,0.00020157818,-0.00020592418,-1.7221124e-06,-5.405113e-05,-5.002925e-05
2017-09-07,0.002042876,0.0015419796,0.0012136418,0.0030203273,0.0016074748,0.0021149113
2017-09-08,-0.000102694255,-0.00051523605,-0.00016838069,-0.0006637448,-0.0003137057,3.9039194e-05
2017-09-09,-9.066868e-06,-9.6980075e-06,-1.925711e-06,-1.3952658e-05,-6.7976766e-06,-1.0080905e-05
2017-09-10,-1.9895673e-05,-2.8562225e-05,-7.462188e-06,-3.9219114e-05,-2.016984e-05,-2.7812017e-05
2017-09-11,-0.0002549782,0.00076339906,0.000176663,0.0008842473,0.00019023442,4.248136e-05
2017-09-12,-0.00046603908,8.053163e-06,-0.00025109283,-0.00013636735,-0.00018874776,-0.00032487573
2017-09-13,-0.00087526086,-0.0005191209,-0.000528715,-0.0010095224,-0.00044823939,-0.0011229531
2017-09-14,4.046334e-05,9.5429794e-05,0.000109541645,0.00010836381,2.7165728e-05,-0.00014082337
2017-09-15,0.0010020656,0.00080035004,0.00051082077,0.0015729179,0.00079888897,0.000719116
2017-09-16,7.349637e-07,-1.7071652e-07,-9.438318e-08,-3.102037e-08,3.3345248e-07,3.3964298e-08
2017-09-17,2.7172862e-06,-3.81255e-07,-2.0162439e-07,3.7445437e-07,1.2302089e-06,5.989986e-07
2017-09-18,0.00080933486,0.0008305746,0.0008574282,0.0015711485,0.00076698046,0.0003839976
2017-09-19,-5.9456175e-05,7.1700975e-05,0.0002184362,0.000112943926,2.5835425e-05,-3.5573576e-05
2017-09-20,0.00036051273,0.0002264252,0.00025189322,0.0005693464,0.00032250714,-2.8928132e-05
2017-09-21,-0.00021355561,-0.00046853727,-0.00023913785,-0.00060843606,-0.00023183874,-0.00070058013
2017-09-22,0.00015184359,1.4757626e-05,5.0231367e-05,0.00029816828,0.00014275311,0.00026992985
2017-09-23,-1.2919965e-05,1.7477191e-06,1.8750333e-06,-2.6662389e-07,-6.3654047e-06,-3.8328976e-06
2017-09-24,1.2946957e-05,6.93896e-07,-2.65567e-06,5.5784074e-07,4.6367422e-06,4.0376995e-07
2017-09-25,-0.0012572502,-0.0009273808,-0.0007623468,-0.0017107957,-0.00090749,-0.00095352874
2017-09-26,-0.0004295638,-0.00065922405,-0.00029246902,-0.0011875733,-0.00040896735,-0.000847321
2017-09-27,0.0012634047,0.0008838059,0.0009483764,0.0017557679,0.0009997182,0.0006709458
2017-09-28,0.00020259932,0.00030185995,0.000105864274,0.0006077074,0.00028441745,1.1801795e-05
2017-09-29,0.0006869714,0.000959626,0.0006969043,0.0016254246,0.0007042029,0.001005521
2017-09-30,1.2183518e-05,1.5779082e-05,5.094199e-06,2.3014247e-05,2.983854e-06,1.0614666e-05
2017-10-01,5.6877666e-06,5.3074336e-06,1.9488834e-06,7.000548e-06,2.720399e-06,3.0128422e-06
2017-10-02,0.0009538378,0.0008167607,0.00087826967,0.0016690532,0.00080858904,0.00081099186
2017-10-03,0.0005442012,0.0008678119,0.00062436145,0.0015499727,0.0006355808,0.0007653644
2017-10-04,-0.00064858183,-0.00026655148,-0.00037785494,-0.0005738899,-0.00034185106,-0.00028838663
2017-10-05,0.001220839,0.0013064895,0.0010801019,0.00215198,0.0009719548,0.0013659027
2017-10-06,-0.00060416,-0.00085042615,-0.0006037218,-0.0013318813,-0.00059964234,-0.0011392485
2017-10-07,7.4721243e-06,7.196736e-06,4.210707e-06,1.1648857e-05,3.928502e-06,3.3163717e-06
2017-10-08,2.4352188e-05,2.2817228e-05,2.3787925e-05,3.8735758e-05,1.2993137e-05,1.5710759e-05
2017-10-09,-7.258e-05,3.777701e-05,-0.0001452531,8.6324726e-05,1.117076e-05,6.982683e-05
2017-10-10,0.0008334293,0.0013956612,0.00067385565,0.0022906067,0.0009899468,0.0013499103
2017-10-11,9.050383e-05,0.00048479633,0.00023259182,0.0007338681,0.00021459638,0.00050190644
2017-10-12,-0.0001999129,0.00020575647,7.354229e-05,4.7050748e-05,-0.0001696788,3.5861383e-05
2017-10-13,0.00060385297,0.0011417874,0.00066885987,0.0018658655,0.00070984656,0.0008666706
2017-10-14,5.185864e-05,4.645912e-05,5.185864e-05,7.660758e-05,3.5645717e-05,4.4069115e-05
2017-10-15,-1.003786e-05,-9.115655e-06,-4.0529287e-07,-2.490943e-05,-4.373742e-06,-1.0444871e-05
2017-10-16,-4.414379e-05,4.1216375e-05,0.00032635598,-8.359298e-05,-0.0001293521,-9.7740856e-05
2017-10-17,-0.0007385022,-0.00058937067,-0.0005274154,-0.00113015,-0.00045457424,-0.0007712523
2017-10-18,0.00061276753,0.0005385053,0.000534556,0.0010036654,0.0004420544,0.0006722698
2017-10-19,-0.0008442722,-0.0005008531,-0.0006429454,-0.0011074408,-0.0006074054,-0.0005189944
2017-10-20,0.001293783,0.0009679519,0.0010090683,0.002096599,0.0009775301,0.0013470454
2017-10-21,-9.722046e-06,-1.0499541e-05,-1.1544843e-05,-1.2008886e-05,-8.728686e-06,-4.7586823e-06
2017-10-22,-9.440157e-06,-1.0425991e-05,-7.369671e-06,-1.4988461e-05,-7.734405e-06,-6.6591906e-06
2017-10-23,-0.000789458,-0.000563344,-0.00072531216,-0.0011904202,-0.00045763276,-0.0005319109
2017-10-24,0.00059161417,0.0005326848,0.00058478955,0.0011453045,0.0005621001,0.00055997807
2017-10-25,-0.00022041287,-0.0009196998,-0.00051504135,-0.0014545963,-0.000399093,-0.0005684264
2017-10-26,0.0015539317,0.0011090772,0.0010404036,0.002186222,0.0011495713,0.0015903093
2017-10-27,0.0011495168,0.0015435992,0.000867752,0.0025275375,0.0012063142,0.0018208661
2017-10-28,-2.17628e-06,-4.0530426e-06,-8.945995e-07,-5.619417e-06,-2.3018808e-06,-3.3444796e-06
2017-10-29,2.9275207e-05,4.1625222e-05,1.0622413e-05,6.555262e-05,2.5119496e-05,4.605732e-05
2017-10-30,-0.0010040668,-0.00063086447,-0.0006438888,-0.0013060987,-0.00083248527,-0.0011987768
2017-10-31,0.0011313859,0.0010382148,0.00071208586,0.0018170878,0.0009114057,0.0012175007
2017-11-01,0.0012190546,0.0011696036,0.00094075594,0.002194457,0.0010308893,0.0013457172
2017-11-02,-0.0005849358,-0.00010907389,-0.000412257,-0.00020640016,-0.00023011395,-0.00034590106
2017-11-03,-0.00011622636,9.719903e-05,0.00015454108,9.678048e-05,-0.0001576288,6.184255e-06
2017-11-04,2.4286128e-05,2.1032029e-05,1.06913085e-05,3.6682286e-05,1.7220109e-05,2.1309628e-05
2017-11-05,3.92488e-06,3.0392637e-06,1.6469535e-06,5.3976987e-06,2.7329665e-06,3.183599e-06
2017-11-06,0.0004984176,0.00093219144,5.672221e-05,0.0014824306,0.0006866812,0.0008109337
2017-11-07,-0.00047621957,-0.000659298,-0.0003092546,-0.0010889784,-0.000536479,-0.0007891444
2017-11-08,0.0003158238,0.00043623528,0.00016460718,0.0006470667,0.00038166673,0.00047316475
2017-11-09,-0.001278905,-0.0013965834,-0.0008595818,-0.0022267937,-0.0010884076,-0.001733729
2017-11-10,-0.000921994,-0.0011416783,-0.000750564,-0.0019181904,-0.0009183877,-0.0010618
2017-11-11,9.571502e-06,3.381929e-06,2.0674825e-05,-1.7742518e-06,8.052423e-06,8.725273e-07
2017-11-12,-4.241133e-05,-5.2292242e-05,-3.826849e-05,-7.555179e-05,-3.555135e-05,-5.17991e-05
2017-11-13,-7.940235e-06,-0.00014240555,-6.2672325e-06,-0.00020448692,-9.006732e-06,-0.0001422982
2017-11-14,-0.0007937605,-0.0011279761,-0.00042437212,-0.0019414413,-0.00086428283,-0.0011081644
2017-11-15,-0.0010641852,-0.0012296115,-0.0006705944,-0.0021378468,-0.001000653,-0.0013467085
2017-11-16,-0.00023528538,0.0010982422,-0.00022441139,0.0014931988,0.00050646416,0.0008951245
2017-11-17,-2.77384e-05,-1.0483495e-05,-9.335306e-05,2.536595e-05,5.7562458e-05,0.00013917199
2017-11-18,2.4801644e-05,2.3511155e-05,2.0786709e-05,3.4377143e-05,1.9519834e-05,2.5208736e-05
2017-11-19,3.572047e-05,3.4969922e-05,2.2747041e-05,4.8733524e-05,2.7008824e-05,3.9109305e-05
2017-11-20,-0.00012514228,-0.00029853897,-0.0002373929,-0.00037889578,-0.0002251561,0.00017477974
2017-11-21,0.00052147143,0.0016667321,0.00040118507,0.0024568774,0.0011130702,0.0015212832
2017-11-22,-2.2693983e-05,0.00036799855,1.2891504e-05,0.00051893544,0.00023579411,-9.10205e-05
2017-11-23,-9.9690085e-05,-0.0002957823,3.7318332e-05,-0.00036901576,-0.00023253966,-0.0003855608
2017-11-24,0.0005766772,0.00070434716,0.00051823823,0.0010609012,0.0004821446,0.0008399947
2017-11-25,0.00013983538,0.00013119468,7.7478784e-05,0.00019960536,0.0001051599,0.00013712188
2017-11-26,2.7540113e-05,2.6610927e-05,1.5273984e-06,2.7701588e-05,1.3453247e-05,2.8072707e-05
2017-11-27,-0.0003804642,-0.0006108287,-0.00045028428,-0.0009923308,-0.00035502316,-0.0005757153
2017-11-28,0.00077282684,0.0011613246,0.0005420997,0.0016634131,0.0006364061,0.0011263542
2017-11-29,-0.0014189039,-0.0010969355,-0.0010008897,-0.001826714,-0.0010838863,-0.0012001868
2017-11-30,0.0011200628,0.0006295989,0.0007347532,0.0011259703,0.00061368395,0.0010032845
2017-12-01,0.00032131578,0.00035917354,-8.7198e-05,0.000574901,0.00048654832,0.00027419184
2017-12-02,2.4842482e-05,2.549383e-05,5.747007e-06,4.1508043e-05,2.3384442e-05,2.3089302e-05
2017-12-03,4.1382846e-05,3.5796023e-05,4.460453e-06,6.0218787e-05,3.43162e-05,3.4567478e-05
2017-12-04,-0.0010235856,-0.0006195552,-0.00038390042,-0.0011464404,-0.00082470913,-0.000932252
2017-12-05,-0.0006075671,-0.00079588854,-0.00036203026,-0.0013855379,-0.0004969187,-0.00076141575
2017-12-06,-0.00063046673,-0.0011032326,-0.00034171736,-0.0018526027,-0.0008957882,-0.0011129534
2017-12-07,0.00037436068,0.00045149,0.00020490417,0.0006363928,0.0002063663,0.00062276906
2017-12-08,0.00062939106,0.0011895057,0.00036703245,0.0020849018,0.00086831395,0.0012301255
2017-12-09,4.4001874e-05,3.9456787e-05,-5.0054414e-06,7.042254e-05,4.0608975e-05,6.205547e-05
2017-12-10,-7.429675e-05,-6.266593e-05,-1.1186574e-05,-0.00010581951,-6.973107e-05,-4.2186464e-05
2017-12-11,0.00021375637,0.0006586308,-5.0848757e-05,0.00096288515,0.00048601435,0.000523744
2017-12-12,0.0007655671,0.00047887245,0.00034221003,0.0008693446,0.0005619836,0.00045162215
2017-12-13,-0.00097331405,-1.3857629e-05,-0.00042165237,-0.00018764462,-0.00023783195,-0.00077702117
2017-12-14,-0.000533312,-0.0005566952,-0.0006480577,-0.0009797501,-0.00027152733,-0.00078688376
2017-12-15,0.00041840374,0.00078565587,0.00025295984,0.0012332763,0.0004379593,0.0007085203
2017-12-16,0.00044525764,0.00033605754,5.6862616e-05,0.0006461225,0.00037720494,0.00030968257
2017-12-17,0.00016737093,0.00012541332,6.189457e-06,0.00023605436,0.00014360518,0.000115900184
2017-12-18,0.0009938161,0.0014612066,0.00030525174,0.0022927974,0.00094036444,0.0011564884
2017-12-19,-0.0011546777,-0.0010865127,-0.00082777813,-0.0017616091,-0.001002897,-0.0010865945
2017-12-20,-0.0004560753,-0.00028548721,-0.0004579548,-0.000714633,-0.00030233752,-0.00023787352
2017-12-21,0.0014031574,0.0013057069,0.00088274403,0.0021777211,0.0011830535,0.0012517048
2017-12-22,-0.00014324588,2.1379728e-05,0.00023597476,-4.1942485e-06,-0.00011214176,-6.708913e-05
2017-12-23,0.00016509762,0.00015205647,2.3194932e-06,0.00024153676,0.00015076094,0.00013402043
2017-12-24,-4.351672e-05,-5.4130833e-05,-2.198798e-06,-7.1145325e-05,-4.1964136e-05,-5.3908425e-05
2017-12-25,8.4153755e-05,2.1543243e-05,-1.3423426e-06,1.9082014e-05,2.576782e-05,1.7739114e-05
2017-12-26,0.0005536004,0.00073224166,0.0003029661,0.0011131037,0.00053026865,0.0007271343
2017-12-27,6.747447e-05,0.0003158785,5.390953e-05,0.0006543589,0.00026106814,0.00015746792
2017-12-28,0.0011240987,0.0010189823,0.00085078774,0.0020507935,0.0010366858,0.0010768519
2017-12-29,9.715402e-05,9.611623e-05,0.00016701291,0.00034279577,0.00015565816,4.1504663e-05
2017-12-30,-2.5735762e-05,-6.19232e-05,-7.915471e-06,-9.356833e-05,-3.9030972e-05,-8.233309e-05
2017-12-31,6.60919e-05,9.9719065e-05,5.3064327e-06,0.00014014255,8.493183e-05,0.00010621291
2018-01-01,2.7974258e-05,4.9466278e-05,0.0001443494,8.9363304e-05,5.058298e-05,0.00037036533
2018-01-02,0.0022767128,0.0023842405,0.0017868358,0.004003229,0.001994609,0.002547307
2018-01-03,0.0018759537,0.001865096,0.0008188507,0.0031670406,0.0015893239,0.0020139462
2018-01-04,0.0017282281,0.0020964032,0.00079651445,0.003402518,0.0016399593,0.0018132346
2018-01-05,0.0020416118,0.001922394,0.00085816876,0.0031989121,0.0016459504,0.0022092967
2018-01-06,0.00019892845,0.00023230848,-8.362502e-08,0.00032879045,0.00021151277,0.00023364651
2018-01-07,8.373105e-05,6.806213e-05,-4.872581e-06,0.00013252461,7.830286e-05,6.20506e-05
2018-01-08,-4.0858093e-05,-9.51898e-05,-0.0003510554,-8.221272e-05,-0.000113652306,-0.0001020469
2018-01-09,0.00014100075,0.00019471257,-1.25877705e-05,-3.478431e-05,-9.975855e-05,2.5638421e-06
2018-01-10,-0.0017436607,-0.0013776775,-0.0008500041,-0.0028545298,-0.0013407024,-0.0016240984
2018-01-11,0.001868368,0.0016926214,0.0005234674,0.0032141507,0.0014274799,0.0017263275
2018-01-12,0.0034010857,0.0030911474,0.0013678645,0.0054410943,0.0024928928,0.0033027339
2018-01-13,4.0994248e-05,7.4398195e-05,-1.7587246e-05,8.828156e-05,6.3385305e-05,5.7398778e-05
2018-01-14,-4.7910107e-05,-9.954117e-05,9.677544e-06,-0.00011386465,-8.151682e-05,-8.587866e-05
2018-01-15,0.00032632574,0.00038699817,0.00012568179,0.00060387555,0.00019136247,0.00046853835
2018-01-16,-0.00025537348,-0.00025310947,0.000683103,-0.00058541953,-0.00028658254,-0.0003181208
2018-01-17,0.0016523639,0.0018747654,0.0003013386,0.0034047018,0.0013737768,0.0017142821
2018-01-18,-0.00026141218,-0.000237675,3.1122352e-05,-0.00064556336,-0.00035321477,-0.00022249144
2018-01-19,0.0021300828,0.0017921928,0.00084439357,0.0034786249,0.0014887186,0.0021109416
2018-01-20,-0.0001144152,8.086506e-05,-3.010734e-05,4.1061237e-05,4.2175896e-05,1.4689339e-05
2018-01-21,9.542697e-05,-0.00011033781,4.4109154e-05,-5.823985e-05,-6.548418e-05,-0.00011158751
2018-01-22,0.0023252647,0.0023116805,0.0007173115,0.0041320613,0.00182262,0.0022509305
2018-01-23,0.0017306841,0.0019316777,0.00067324913,0.0035425127,0.001718195,0.0017352689
2018-01-24,0.0017237127,0.0016089072,-1.7997212e-06,0.002770648,0.0013905865,0.0017932432
2018-01-25,-0.0002888958,-0.0005901647,-0.0002518708,-0.0007947731,-0.00043617582,-0.00035654972
2018-01-26,0.0028823505,0.0027276915,0.00031863732,0.0050225165,0.0021392605,0.0028151576
2018-01-27,-2.6403377e-05,1.1187606e-05,-2.436171e-06,7.5628736e-06,1.1399448e-05,4.3501664e-06
2018-01-28,-6.999661e-05,4.0862156e-05,-1.4862385e-05,1.8080662e-05,2.811912e-05,2.1500533e-05
2018-01-29,-0.0017745441,-0.0024967955,-0.0003155248,-0.0041175145,-0.0019102258,-0.002110651
2018-01-30,-0.0039031096,-0.0041292813,-0.0007993594,-0.0073527503,-0.0032965664,-0.004471265
2018-01-31,0.0003505939,0.00042898237,1.1826041e-05,0.00083765504,0.00035604238,0.00028105016
2018-02-01,0.0009222859,-0.000110413224,-5.589346e-07,0.000132659,6.511572e-05,0.0006934906
2018-02-02,-0.0025181836,-0.0048183105,-0.0006979822,-0.007540152,-0.003512218,-0.004793595
2018-02-03,-0.00019023554,2.4060955e-05,-9.428605e-07,-2.4280656e-05,4.442085e-06,-0.0001421551
2018-02-04,0.0002762544,-2.9443476e-05,0.0,4.6592864e-05,-8.147139e-06,0.00017740436
2018-02-05,-0.0019725733,-0.005442846,-0.00036312288,-0.007511108,-0.002896635,-0.0066216434
2018-02-06,-0.0030371319,-0.002210883,7.695577e-05,-0.004367119,-0.0020890525,-0.003561857
2018-02-07,0.00035314163,-0.0004967662,-8.959616e-06,-0.00039016636,-5.6324203e-05,-0.0003805178
2018-02-08,0.0029997376,-0.0008229059,-0.00014160064,0.00018004981,0.00046034134,0.00043239957
2018-02-09,0.00063149846,-0.0001303572,0.00015633194,0.00017122625,0.00021235656,0.00010115171
2018-02-10,1.8943596e-05,-1.05015915e-05,-4.8610576e-07,-4.978831e-06,-3.5272153e-06,1.4518986e-05
2018-02-11,7.520429e-05,-4.1233983e-05,-4.2194296e-07,-1.2914889e-05,-1.833184e-05,1.9360728e-05
2018-02-12,-0.0020963294,0.00042610406,0.00014735996,-0.00016489545,-1.3901547e-05,-0.0010770609
2018-02-13,-0.00016211189,0.00030612436,2.7602217e-05,0.0002937368,0.00013567165,0.0003628355
2018-02-14,-0.0010642691,0.0009895815,0.0001992144,0.0009577645,0.00053752225,0.00022897594
2018-02-15,-0.0010910955,0.0005972097,1.8646579e-05,0.00057814247,0.00039558674,2.415812e-05
2018-02-16,-0.00052778993,-2.1795995e-05,5.479695e-05,-5.227842e-05,-6.532219e-05,-0.00034770017
2018-02-17,2.0056308e-05,6.879919e-05,4.5609263e-06,6.04494e-05,2.8478722e-05,1.3185017e-05
2018-02-18,-5.992689e-05,-9.963354e-05,-2.1401946e-05,-0.00010471595,-4.3219996e-05,-4.868273e-05
2018-02-19,2.0287636e-05,9.766784e-05,1.5096628e-06,5.197258e-05,4.3730222e-05,-1.8047615e-05
2018-02-20,-0.0006108736,-0.00095428573,-0.0002208322,-0.001243728,-0.0007294178,-0.00082646386
2018-02-21,-0.0002201276,-0.00018350148,-8.202569e-05,-0.0004216174,-0.00019314466,-0.0003293585
2018-02-22,-0.00026027634,0.000109650755,-0.00011380996,5.37024e-05,6.923423e-05,-1.9103418e-05
2018-02-23,-0.00037581348,0.0009858045,7.7745746e-05,0.0011778411,0.00052940287,-9.0723006e-05
2018-02-24,9.7496495e-06,-4.9763574e-05,6.739026e-06,-2.15268e-05,-1.4962719e-06,4.0872663e-05
2018-02-25,-1.0292589e-05,3.5480496e-06,1.0341676e-05,-3.767489e-06,-6.499627e-06,-1.6167565e-05
2018-02-26,-0.0006559319,0.0005255377,2.0649737e-05,0.00047164367,0.00020197111,-0.00047057658
2018-02-27,-0.00017904534,-0.0011029999,-0.000548128,-0.0011509361,-0.00059846847,-0.00057329354
2018-02-28,0.00018889896,-0.00082236674,-0.00025100945,-0.00088373065,-0.0001797568,-0.00034964227
2018-03-01,0.00034720296,-0.0004515622,-0.0002202282,-0.000477282,4.1520463e-05,-0.00025677634
2018-03-02,-1.1482091e-05,-0.00029381763,-0.00021152175,-0.00043067776,-0.00020733483,5.2165964e-05
2018-03-03,-8.193426e-06,-2.157197e-06,3.5579956e-06,1.1244408e-06,-1.2120316e-06,-8.395114e-06
2018-03-04,-2.2516106e-05,1.84968e-05,-8.507467e-06,5.5260007e-06,-1.1191884e-06,-2.3123665e-05
2018-03-05,0.00017013284,0.00055982295,7.954031e-05,0.00070750347,0.00025469324,0.00040021262
2018-03-06,-0.00073395914,0.0004332973,-0.00025781966,0.00028361214,0.00012497205,-0.0001976295
2018-03-07,0.00023164797,-0.0005310678,0.00015403247,-0.0004729302,-0.00031618576,0.000113213675
2018-03-08,-0.00074847974,0.00013796426,-7.83534e-05,5.0762716e-05,2.8213015e-05,-0.00074589194
2018-03-09,-0.0007330039,0.00043409877,-1.8971825e-05,0.00018755799,9.937247e-05,-0.0002875803
2018-03-10,0.00018321337,2.303798e-06,2.1705442e-05,8.036249e-05,5.854712e-05,0.00011494166
2018-03-11,-0.00024346157,-1.24913095e-05,-3.0239948e-05,-0.000108716864,-7.8933954e-05,-0.00018015523
2018-03-12,-0.00051568035,0.00017323816,-0.0001684003,0.00017806239,0.00011869328,-0.00028841762
2018-03-13,-0.0004236382,-0.0006544975,-0.00040239908,-0.00093903346,-0.00047996393,-0.00045149287
2018-03-14,0.0004107579,9.017706e-06,-0.00024633107,9.927867e-05,7.6749384e-05,0.00041293554
2018-03-15,3.5529134e-05,-0.00039842576,-0.00020456866,-0.00042584844,-0.00028928058,-0.00013923827
2018-03-16,6.536053e-05,-6.208634e-05,2.3286446e-05,-0.000119214856,-5.6967114e-05,9.2842194e-05
2018-03-17,0.00030102007,1.8501867e-05,-1.8265404e-06,9.540786e-05,3.6327543e-05,0.0002253228
2018-03-18,-5.9130638e-05,-3.568335e-06,7.018208e-07,-2.0540552e-05,-4.7965614e-06,-4.3842236e-05
2018-03-19,-0.001295911,-0.0017698857,-0.00056117453,-0.002434946,-0.0012499092,-0.0013563299
2018-03-20,0.0003684697,0.0006017299,0.00041000888,0.0006752231,0.0003249173,0.0006461021
2018-03-21,-0.00043597663,0.0003446646,7.569282e-05,0.00032105885,0.00010673899,-3.8184888e-05
2018-03-22,-0.0006969072,-0.0019140107,-0.0006928738,-0.002296149,-0.0011881458,-0.0010547894
2018-03-23,0.0016869245,-0.0004627397,0.00056284864,8.021861e-05,0.00030085913,0.001717169
2018-03-24,6.0011596e-05,4.2310625e-05,2.7155587e-05,4.4542245e-05,3.01428e-05,2.7704336e-05
2018-03-25,-4.373478e-06,-3.0314532e-05,-1.7064685e-05,-3.242408e-05,-2.3788256e-05,1.1364318e-06
2018-03-26,-0.0012087937,0.00025438605,-0.0009282816,-0.0002503717,-0.0004273091,-0.00085233763
2018-03-27,-2.9556224e-05,-0.0001871238,0.00024932646,-0.00041770056,-0.00031736513,-0.0007090312
2018-03-28,-0.00027426778,-0.0007415056,-0.00026758236,-0.000946164,-0.0005291981,-0.00034479445
2018-03-29,-0.0012364519,0.0002872193,-0.0006025613,0.0001069778,3.8322807e-05,-0.00054184685
2018-03-30,-0.0004552556,-0.0003598273,-0.0001813918,-0.0006541818,-0.00031974944,-0.00041271703
2018-03-31,-8.25636e-05,-1.8529954e-05,-1.9512943e-05,-4.4277756e-05,-2.7624765e-05,-5.3364278e-05
2018-04-01,0.00014701136,3.5586e-06,-2.0417367e-06,4.535126e-05,1.3909998e-05,0.00013695635
2018-04-02,0.00094558956,-0.00058758515,5.938609e-05,-0.0007552542,-0.00046351322,0.0003332597
2018-04-03,-0.00066287967,5.2424304e-05,4.4183635e-06,5.8957517e-05,2.0711163e-05,-0.00025371276
2018-04-04,6.4319593e-06,-0.00016544462,0.00016795436,-0.00012313206,-3.7795864e-05,-0.00023975865
2018-04-05,-0.0016939578,0.00023577538,-0.00046104373,-0.00012957319,-1.630204e-05,-0.0010681403
2018-04-06,0.0008871807,-0.00043266328,2.4937579e-05,-0.0003852445,-0.00024561214,0.00010359445
2018-04-07,-0.0001533859,5.340917e-06,4.023042e-06,-2.0371821e-05,8.3077e-07,-0.00013682529
2018-04-08,-0.000110082365,-2.1423098e-06,-8.618189e-06,-2.0556947e-05,-5.0167837e-06,-9.8312215e-05
2018-04-09,-0.0003369704,0.0006968401,-7.149034e-05,0.000581641,0.00031430717,0.00013740432
2018-04-10,-0.0005881178,0.00091566157,6.0419738e-05,0.0010887866,0.0005934474,-1.4620572e-05
2018-04-11,0.00039977836,0.00036327657,0.00020610032,0.0005079022,0.00037177798,0.0001358646
2018-04-12,-0.0005124837,0.0001591658,-0.00014400459,0.00020507391,7.623177e-05,-0.00015923943
2018-04-13,0.00040539316,0.0003335237,0.00021200813,0.00048613228,0.00032704318,0.00024157156
2018-04-14,1.902609e-05,2.7335649e-05,-3.8689177e-06,3.4566274e-05,1.6517732e-05,-1.0147452e-05
2018-04-15,0.00013837994,0.00017748644,-3.008161e-06,0.00022563696,0.00011425529,-3.1916738e-06
2018-04-16,-0.0005947854,-4.929502e-05,-0.0001891679,-0.00014598337,-1.4903658e-05,-0.00023799394
2018-04-17,0.00051494327,0.00080897065,0.0003074206,0.0010959491,0.00047635214,0.00080946
2018-04-18,0.0010246182,0.0013268706,0.00057798956,0.0019474713,0.00095325644,0.0008436409
2018-04-19,-0.00086439494,-0.0008090599,-0.00043024123,-0.0011823457,-0.00058353756,-0.0010043868
2018-04-20,-0.000486968,-0.00085014064,-0.00044280975,-0.0010545717,-0.00042089188,-0.0009882951
2018-04-21,-0.00011124743,-8.877749e-05,-6.59989e-05,-0.00018326518,-7.143686e-05,-5.041624e-05
2018-04-22,1.7411407e-05,3.5169296e-06,-2.7978365e-05,3.143482e-05,7.772681e-06,2.831566e-06
2018-04-23,-5.5761884e-05,-0.0002396125,-0.0003223823,-0.00028342233,-0.00016681565,-0.0002570927
2018-04-24,-0.00018898981,-8.030381e-05,-0.00025965585,-0.00017597976,0.00015024531,-0.00024885702
2018-04-25,-0.0003155519,-0.00076537137,-0.00021486927,-0.0013033191,-0.00041154615,-0.000247764
2018-04-26,0.001268886,0.0014570894,0.00074150803,0.0020650052,0.00084592897,0.0009810146
2018-04-27,-0.00024071008,0.00032136877,-6.780895e-05,0.00022637707,7.7794924e-05,6.904797e-05
2018-04-28,0.00025259244,0.00025590614,2.9614497e-05,0.00040765628,0.00017049661,0.00022933808
2018-04-29,8.961549e-05,8.542562e-05,2.9360572e-05,0.00015565362,6.63516e-05,8.688103e-05
2018-04-30,-0.00036881934,-0.0006472744,-3.0432251e-05,-0.00078849954,-0.0004179231,-0.0004557777
2018-05-01,0.0010190299,0.00015868439,0.00034639167,0.00035459915,0.00036189964,0.00073365297
2018-05-02,0.0009753701,0.0003686261,0.0003618583,0.0007843992,0.00046003697,0.00074921176
2018-05-03,4.316934e-05,0.00017495257,-0.0001615552,0.00020916395,0.00021687069,6.129789e-05
2018-05-04,-0.00058378105,4.698104e-05,-0.00049408956,-0.00041037245,-0.00027211962,-0.00032055337
2018-05-05,0.000117365846,0.00010511426,2.987755e-07,0.0001845973,7.660428e-05,0.00010324504
2018-05-06,-7.88539e-05,-9.373444e-05,-3.4882985e-06,-0.00012579055,-6.004543e-05,-9.9264376e-05
2018-05-07,0.0005119393,0.00021297912,0.00015487743,0.00046014145,0.00024390277,0.00043199136
2018-05-08,6.8237e-05,-0.00011270206,-2.1154847e-05,-0.00019518132,-0.00015462682,4.681664e-05
2018-05-09,0.0010447823,0.0011532044,0.00047477594,0.0017670337,0.00094119104,0.0010803974
2018-05-10,-0.0003457535,0.0008125889,0.00020067304,0.0007839177,0.00047731868,-8.5476735e-05
2018-05-11,-0.00087019993,-0.00072637823,7.818584e-05,-0.0012278325,-0.00073360716,-0.0009943867
2018-05-12,-6.719842e-05,3.3420707e-05,-1.0097863e-06,-1.8368912e-05,-3.329265e-05,3.9999097e-05
2018-05-13,-8.461496e-05,4.5146116e-05,3.8904145e-06,-2.5380123e-05,-3.0717332e-05,5.81406e-05
2018-05-14,0.0003427264,0.000320974,0.00025048124,0.00055803516,0.00026547493,0.00030137238
2018-05-15,0.000280093,-0.00082598295,-0.00043663426,-0.00087612943,-0.0005591484,-0.00014751645
2018-05-16,0.0009872228,0.0007587161,0.00024636847,0.0011886192,0.00064646907,0.00086460914
2018-05-17,0.0004311447,-3.8731203e-05,-2.660044e-06,0.0001800217,-1.2803697e-05,0.00014749847
2018-05-18,-0.0005021776,-0.00023051482,-0.00029871028,-0.00060369755,-0.000172949,-0.00040088125
2018-05-19,3.1984057e-06,-1.2354141e-05,1.8736752e-06,-2.8745267e-06,-7.452433e-06,-1.365342e-05
2018-05-20,-0.0001477141,1.255644e-05,-1.34811835e-05,-4.5963374e-05,-7.3245183e-06,-8.390349e-06
2018-05-21,0.0007771011,0.0010986453,0.00040424825,0.0015809691,0.0006692496,0.00048087732
2018-05-22,-0.0002969738,-0.00032494,-0.00025391878,-0.0005761698,-0.00029333812,-0.00053979445
2018-05-23,-0.000804155,-0.0010864264,-0.00033056803,-0.0015565917,-0.00070578896,-0.0012142896
2018-05-24,-0.0011849655,-0.0009812153,-0.0002728917,-0.0016700887,-0.0007605742,-0.0010151148
2018-05-25,-0.00052401616,-0.00069375127,-0.00020319126,-0.0011548825,-0.0004719358,-0.00066966267
2018-05-26,6.735512e-06,2.90759e-06,-5.908346e-07,5.407832e-08,-5.978951e-06,4.813514e-06
2018-05-27,6.1241786e-05,-3.5513472e-06,2.5161468e-09,2.0090765e-05,-2.780994e-07,2.804021e-05
2018-05-28,0.0005919091,-0.00012866312,0.00013026732,-7.364655e-05,-3.807911e-05,0.0002464588
2018-05-29,-0.00025602584,-0.0011031495,-0.00033180165,-0.0014005854,-0.00010113226,-0.00094148546
2018-05-30,0.00020596724,0.00040691817,-0.00022087003,0.0003751411,-0.00010548575,0.0006562765
2018-05-31,-0.0008934016,-0.0006344885,-9.987783e-05,-0.0010562798,-0.0005044366,-0.001114944
2018-06-01,-0.00048082194,0.00025729084,3.305318e-05,1.20627765e-05,-0.00014994046,-0.00022336378
2018-06-02,-0.00013105075,1.7835162e-05,1.7685186e-07,-1.9070005e-05,2.04338e-05,-7.983783e-05
2018-06-03,-9.3299146e-05,1.829088e-05,-6.490711e-07,-5.0377016e-06,1.7178407e-05,-5.77469e-05
2018-06-04,-0.0007660842,-0.00021458614,-0.00031999286,-0.00057300326,-0.00050262344,-0.0007513662
2018-06-05,0.00032861272,0.00034982816,0.00022128523,0.00032334728,0.00017484743,0.00026704298
2018-06-06,0.00044141157,0.0009214905,0.00046791145,0.0012450473,0.0006942148,0.0007846338
2018-06-07,-1.5487003e-05,0.00026000882,7.4102914e-05,0.00010638079,0.00012295919,0.00014071443
2018-06-08,-1.2416177e-05,-0.00018461996,-7.449083e-05,-8.600076e-05,-0.00011081097,-0.0001795718
2018-06-09,9.968004e-06,-3.40079e-05,1.3217676e-06,-3.876691e-05,-2.9265699e-05,1.7790802e-05
2018-06-10,0.00031636716,-0.00017161762,6.523665e-05,-0.000122108,-0.00013361896,0.00034346455
2018-06-11,-0.00024135299,8.873458e-05,0.00016495511,8.1219405e-06,2.7103877e-05,-7.81217e-05
2018-06-12,0.00031278358,0.00012264149,-2.1829714e-05,0.00043923908,0.00021779061,0.0003357489
2018-06-13,3.2081658e-05,-0.00044667177,-0.00018558008,-0.00065751973,-0.00038343648,2.7668792e-05
2018-06-14,-0.000115578565,8.1518534e-05,0.000104967025,0.0001588701,3.975899e-05,-3.4875127e-05
2018-06-15,8.167066e-05,-0.0009181169,-0.00030599372,-0.0012448725,-0.00060681667,0.00015437
2018-06-16,-5.0593902e-05,6.781692e-06,1.2643894e-05,-8.79009e-06,7.190327e-06,-3.3691216e-05
2018-06-17,9.122393e-05,3.3132328e-05,1.727915e-05,5.0244023e-05,2.6639798e-05,8.491834e-05
2018-06-18,-0.00020283676,-0.00042743073,-0.00049433275,-0.00051466556,-0.0003489555,-0.00022439809
2018-06-19,0.00019918593,-0.0009912988,-0.00036660937,-0.0010993663,-0.00053193857,-0.0004144886
2018-06-20,0.0003817451,0.0005099082,2.5685333e-05,0.00086836534,0.00040940373,0.0008210817
2018-06-21,0.0006018483,-0.00039861162,0.0003796985,-0.0005260146,-0.00015504916,0.00031273972
2018-06-22,-0.00091324537,0.00022056316,-0.00049019395,9.6593234e-05,-3.4451416e-05,-0.0004952817
2018-06-23,-4.8014477e-05,-2.1254248e-06,1.002694e-06,-9.818536e-06,6.561083e-07,-5.139346e-05
2018-06-24,0.000105054845,-5.222542e-06,-1.2821699e-05,1.9800305e-05,-4.2819893e-06,8.2580125e-05
2018-06-25,0.00031868028,-0.0014560126,0.00036108782,-0.0018904582,-0.00088351814,-0.0006665836
2018-06-26,0.0008612947,0.0005939295,-1.6800706e-05,0.000996778,0.00039709074,0.0010690957
2018-06-27,0.00072047394,-0.000154177,0.00017974182,-3.0588977e-05,0.00013172918,0.00043827042
2018-06-28,0.0010048582,0.00041535043,7.573876e-05,0.00076165627,0.00030607817,0.0011163846
2018-06-29,-0.0019413844,6.379209e-05,5.67578e-05,-0.00040832593,-4.1696352e-05,-0.0015704682
2018-06-30,-0.00030865055,-3.3155287e-05,-2.3576997e-06,-9.327653e-05,3.5310475e-07,-0.00025454257
2018-07-01,7.2557273e-06,-6.3332986e-06,3.3655197e-06,-5.213015e-06,-8.248479e-06,-5.6668405e-06
2018-07-02,0.0005491803,-0.00046808735,-0.0001665348,-0.0007095703,-0.00048461466,0.0004270406
2018-07-03,0.0006100497,0.0006649333,0.00013875644,0.0011885389,0.0006859288,0.0005813843
2018-07-04,-0.0005460442,-0.0002779196,-0.000117368945,-0.0005853211,-0.00031913375,-0.00049147743
2018-07-05,-0.00028361214,0.0004914064,6.0230326e-05,0.00053855416,0.00032435125,0.00017533303
2018-07-06,-0.0008810103,0.00051151606,7.097957e-05,0.00038039128,0.00029675235,-0.0003177366
2018-07-07,-5.059146e-05,6.9246846e-05,-2.980566e-05,5.4469863e-05,6.097207e-05,-9.3914714e-05
2018-07-08,1.41245755e-05,-4.9132806e-05,1.2463889e-05,-4.880361e-05,-4.717624e-05,1.8207851e-05
2018-07-09,-0.0015133152,-5.2444506e-05,-4.64609e-05,-0.00064940896,-0.00026243398,-0.0009045324
2018-07-10,-0.00018148423,-1.6553739e-05,0.00023661143,-0.00019701976,-7.498982e-05,0.00010369696
2018-07-11,-0.00026440682,-0.0018997454,-0.00091221987,-0.0024210447,-0.0012528509,-0.00063757517
2018-07-12,0.0010059929,0.0016488708,0.0006582277,0.0021913676,0.0012055975,0.0014676068
2018-07-13,8.336918e-05,0.00033061716,5.638021e-05,0.0003293057,0.00024019841,-0.00013420288
2018-07-14,-1.5789989e-05,-6.2336045e-07,-1.5330928e-06,-1.0188348e-05,-2.480342e-06,-1.4572768e-05
2018-07-15,-9.1720925e-05,1.7005621e-05,-3.8982575e-06,-3.760099e-05,-1.1827997e-06,-0.00012471854
2018-07-16,-0.0010483313,-0.0007291227,-0.00036479573,-0.0012852127,-0.0005384781,-0.0011220734
2018-07-17,0.0005328247,0.00038938696,0.0001404391,0.00058222335,0.00024541776,0.00011500685
2018-07-18,9.304936e-05,0.00013595472,-2.6622414e-05,0.00017583893,0.00016777407,0.00015359663
2018-07-19,-9.667918e-05,-0.00025756113,-0.00024410344,-0.0005080001,-0.00020155533,3.384609e-05
2018-07-20,-0.0014995765,-0.00041086567,-0.00013946884,-0.00081078423,-0.0005480978,-0.0010644896
2018-07-21,3.9320177e-05,5.6485394e-05,-1.1145769e-05,7.7075376e-05,4.5015517e-05,-7.1897007e-06
2018-07-22,8.012301e-06,-1.0150941e-05,1.1241874e-05,9.3045895e-07,2.876062e-06,3.0640706e-05
2018-07-23,-0.00047307686,-0.00086625176,-0.00018556905,-0.0009698205,-0.000606579,-0.0008850536
2018-07-24,0.0005075033,0.0011402796,0.00053502974,0.0014632565,0.00074346724,0.0005659015
2018-07-25,0.00027216473,0.0011041852,0.0004545112,0.00150757,0.0006947847,0.00025502633
2018-07-26,-0.00024197846,-0.00040098312,1.9751833e-05,-0.0005301891,-0.00031679368,-0.00034488927
2018-07-27,3.233384e-05,-7.694001e-05,9.6280484e-05,-0.0001329797,-7.8583056e-05,0.0001449642
2018-07-28,1.2136535e-05,2.2403547e-05,7.3089777e-06,1.9026167e-05,1.2306635e-05,9.062952e-06
2018-07-29,1.18507505e-05,1.8904395e-05,1.2461306e-06,2.0067673e-05,2.1879661e-05,-2.7698241e-05
2018-07-30,-0.00040818713,-0.00052028644,-0.00028927563,-0.000771537,-0.00034362276,-0.0005745388
2018-07-31,0.0002456548,0.00041852982,0.00011599508,0.00068891485,0.00025985355,0.00026773495
2018-08-01,-0.00039685905,-0.00079253275,-0.00032885466,-0.0011147567,-0.000608186,-0.00023245394
2018-08-02,-0.00079692726,-0.00093180133,-0.00064928795,-0.0013545603,-0.00068397506,-0.0003077463
2018-08-03,0.00067549205,0.00096271903,0.00016711376,0.0013313118,0.00064547965,0.0009419978
2018-08-04,9.890412e-05,-5.8810718e-05,6.392558e-05,2.1959902e-05,3.3333527e-05,3.3631193e-05
2018-08-05,-0.00014999924,-3.4960198e-05,-0.00010448718,-0.0001122299,-9.776415e-05,-8.292936e-05
2018-08-06,0.0006163179,0.00026702235,0.0002173934,0.00069104676,0.00029592082,0.00054532086
2018-08-07,0.00047697284,0.0005446452,0.00012934294,0.0006712505,0.0002947963,0.000534122
2018-08-08,-3.659532e-05,-0.00040519895,-0.00023848203,-0.00028785106,-1.935598e-05,-0.0003622885
2018-08-09,-8.656841e-05,-0.00013702585,2.4653287e-05,-0.00032668907,-0.00022769869,-4.2228658e-05
2018-08-10,-0.0003502717,-0.0015455497,-0.00035036914,-0.0016404527,-0.00079284096,-0.00062589516
2018-08-11,0.00015601705,3.5169876e-05,8.295625e-06,0.00010158578,6.748788e-05,0.00014055574
2018-08-12,-9.351122e-06,8.557718e-06,5.119122e-06,-2.459396e-06,-3.0033303e-07,2.5058791e-06
2018-08-13,0.00083444465,-0.000622972,-5.647842e-05,-8.654394e-05,-1.77317e-05,0.00051785057
2018-08-14,0.0008802047,0.0010159173,0.00025145544,0.0011998052,0.00057343,0.001324091
2018-08-15,0.0017702486,-0.00075189705,0.0005925122,0.00013557762,0.0001852763,0.00084176194
2018-08-16,-2.5002464e-05,0.0008548717,5.827979e-05,0.00073264283,0.0003773652,0.0004936951
2018-08-17,-0.0018218476,0.0001176196,3.4483637e-07,-0.0005839955,-0.00026213497,-0.0012871749
2018-08-18,0.00027290822,8.945328e-06,-9.658306e-07,0.00010181965,2.494641e-05,0.00022764408
2018-08-19,-7.097317e-05,1.7047803e-05,1.5585241e-06,-8.490877e-06,1.8181092e-05,-6.631792e-05
2018-08-20,-0.00042115338,0.00023890533,9.38729e-05,7.691249e-05,1.9749255e-05,-0.00016045453
2018-08-21,-0.0013241995,-0.00020683075,3.6059453e-05,-0.00063106325,-0.00028822443,-0.0009930963
2018-08-22,-0.0012598565,-0.00029510242,-0.00027196595,-0.00063838635,-0.00035512086,-0.00088107673
2018-08-23,-0.00010283198,-0.0006113143,-0.00033958242,-0.0006712346,-0.0005151172,-0.00016469245
2018-08-24,0.0002861618,0.0011695129,0.00028670498,0.0013422922,0.00086707145,0.0006439531
2018-08-25,-3.866381e-06,-1.5910859e-05,4.3902153e-07,-1.5836747e-05,-1.3426244e-05,-1.2574778e-05
2018-08-26,2.063442e-05,1.8036662e-05,-1.5196998e-06,1.0996013e-05,2.756667e-06,2.4280049e-05
2018-08-27,-0.00062840903,0.0007965492,7.503796e-05,0.00091216655,0.0008439395,-0.00029159238
2018-08-28,6.822744e-05,-0.00016748649,-0.00028716872,-0.00017548799,-7.421918e-05,1.2936744e-05
2018-08-29,0.0011103402,0.0012022194,0.0009442252,0.0018792441,0.0009370278,0.0012258858
2018-08-30,-0.00048243234,-0.0007342773,-0.00032369947,-0.0012145268,-0.00079255435,-0.0006572539
2018-08-31,4.5927143e-05,-3.2563126e-05,-6.507242e-05,-3.4807043e-05,-0.00013590568,-9.563314e-05
2018-09-01,6.695107e-05,0.00015599276,5.0556435e-05,0.00023981903,0.00017225734,-3.5722314e-05
2018-09-02,-6.980703e-05,-8.461074e-05,-5.958478e-05,-0.00012107529,-6.289984e-05,-7.952854e-05
2018-09-03,-0.0002023055,-0.00038462933,-0.00017552057,-0.0004967974,-0.00027471842,-0.0001709698
2018-09-04,-0.0006214521,-0.0013114527,-0.0006207923,-0.001570083,-0.0009846294,-0.00089042337
2018-09-05,-0.00049470377,-0.001140668,-0.0006683751,-0.001728072,-0.00092296494,-0.0002511668
2018-09-06,-0.0003457996,-0.0002909012,-0.0003562452,-0.00060708326,-0.00023723804,-0.00030085433
2018-09-07,0.00023951505,-0.0007010304,-0.00014278437,-0.00045931197,-0.00027917506,9.1960836e-05
2018-09-08,0.00024341966,5.8322727e-05,5.0891114e-05,0.00018249535,0.00012238587,0.00025249252
2018-09-09,-1.0452472e-05,4.781372e-06,-7.2162215e-06,-5.706765e-06,-1.32353625e-05,-6.6097327e-06
2018-09-10,0.00017598737,0.00031874608,0.00010592522,0.00037015168,0.0001374987,0.00016764608
2018-09-11,0.0003348978,0.00055989483,0.00030282774,0.0006454817,0.0003501314,0.00021396436
2018-09-12,-0.00059857627,0.00013108761,-0.00025444233,-0.00012774482,-5.5422577e-05,-0.00051768956
2018-09-13,-0.0012808264,-0.00047309304,-0.00024930525,-0.0011388626,-0.0005844027,-0.0010128273
2018-09-14,-2.2609596e-05,0.00028091646,0.00023057114,0.00033025315,0.00020085998,8.7457316e-05
2018-09-15,-8.977221e-05,-3.2626784e-05,-9.641378e-06,-5.864529e-05,-3.9857172e-05,-6.940467e-05
2018-09-16,1.5314934e-05,1.3503884e-05,-1.1653601e-05,2.4518726e-05,1.0242689e-05,2.3893419e-05
2018-09-17,8.91194e-05,-0.00032731134,-0.0002866296,-0.00017266837,-0.00020858982,-9.4316e-05
2018-09-18,0.0005740519,0.00091285096,0.0003314714,0.0012831341,0.0008811899,0.00047266288
2018-09-19,-0.00062152004,0.00021722249,0.00018590287,2.8647362e-05,0.000318531,-0.00060817646
2018-09-20,-0.0005501807,0.0009013727,0.00013981773,0.0007667024,0.00089238834,-0.00025449254
2018-09-21,0.00022252892,0.0006105919,2.996853e-05,0.0007965753,0.0005493151,0.00010105171
2018-09-22,-4.4235254e-05,-7.3419105e-05,-2.02005e-05,-8.8386005e-05,-8.42267e-05,4.974788e-06
2018-09-23,9.141209e-05,0.0001243161,9.153732e-05,0.00015459108,0.00012912968,3.85625e-05
2018-09-24,-0.0008229153,-0.0012868355,-8.913584e-05,-0.0018546244,-0.0011312388,-0.00075690396
2018-09-25,0.00033033764,0.00060254865,0.00030958265,0.0008327107,0.0004937805,0.00047426915
2018-09-26,-0.00043314596,-0.0003433205,-0.00015406327,-0.0006371901,-0.00040689224,-0.0006552774
2018-09-27,0.0001626067,0.0001889727,1.0844902e-05,0.0001529484,0.00013796157,-3.0036303e-05
2018-09-28,-0.0008489927,-0.00064951123,-0.0005720836,-0.00088945375,-0.0005658797,-0.00069464545
2018-09-29,7.616997e-06,1.1123827e-05,-8.719761e-06,2.1212129e-05,1.8302717e-05,-7.808136e-06
2018-09-30,9.199666e-06,1.700272e-05,-2.5249528e-06,1.6575847e-05,1.0894211e-05,2.1157724e-05
2018-10-01,0.0014415237,0.0010460538,0.0009164858,0.0018640342,0.0009504412,0.0013517063
2018-10-02,-0.00045177943,-0.00032706786,-0.00020452932,-0.0004702581,-0.00020888772,-0.0006112678
2018-10-03,0.00073833787,5.500997e-06,0.00010468368,0.00038381436,1.288222e-06,0.0008200182
2018-10-04,-0.0011564494,-0.0020841348,-0.00081964466,-0.003065501,-0.001618815,-0.0011518433
2018-10-05,-0.0001140609,-0.0007256901,-0.00013834088,-0.000947651,-0.00039336344,-0.0002475626
2018-10-06,-3.4300003e-05,-7.479612e-05,-1.7130575e-05,-6.2338455e-05,-5.3887365e-05,-4.7823723e-05
2018-10-07,4.432814e-05,6.7152025e-05,4.415568e-05,7.8843565e-05,6.434598e-05,6.9094567e-06
2018-10-08,0.00013934958,-0.00010140648,0.00012048343,0.00026945886,0.00014713661,0.00029697025
2018-10-09,-0.00026864227,-0.00038232893,7.757433e-05,-0.00051367003,-0.00036837993,-0.0005236971
2018-10-10,0.0018419906,-0.0021226835,0.00089115906,-0.0016711261,-0.00043352062,-0.0002158919
2018-10-11,0.002182633,-0.0012799851,0.00062824355,-0.0004060132,0.00035244896,0.0008608976
2018-10-12,-0.002337567,-0.00036015114,-0.0010738327,-0.0012515335,-0.0009377906,-0.001759562
2018-10-13,-3.0761716e-05,-8.286263e-06,-3.0553947e-05,-2.3967883e-05,-2.013133e-05,-1.8010967e-05
2018-10-14,7.7699704e-05,2.306595e-05,5.569521e-05,5.820609e-05,5.3888514e-05,5.4167678e-05
2018-10-15,-2.5850093e-05,3.9200608e-05,-0.00037355107,-0.00013432477,-2.8670396e-05,-2.9165307e-05
2018-10-16,-0.0035751052,-0.00039335096,-0.0002548411,-0.0014526605,-0.0010309534,-0.0028606935
2018-10-17,0.0006030897,-0.00022142522,-5.9802598e-05,-3.4556233e-05,-0.00011173787,0.00041569822
2018-10-18,0.0017856231,-0.00043948082,-1.6925012e-05,-0.00023088724,-0.00019667149,0.0011241428
2018-10-19,-0.0002365614,-7.461349e-05,-0.00012317555,-0.00022733628,-0.00011765739,-0.00032304676
2018-10-20,-2.6477352e-05,2.8697884e-06,-2.3910892e-05,-5.1176294e-06,-1.7216923e-06,-1.22114025e-05
2018-10-21,8.201321e-06,4.0315777e-07,9.82346e-07,1.8903824e-06,-2.0692185e-06,1.9613392e-06
2018-10-22,9.9060715e-05,-0.00015499526,-5.8229856e-05,-0.0001545649,-8.024889e-05,2.9838775e-05
2018-10-23,0.0023473727,0.00019130773,6.9747366e-05,0.0006467942,0.00023324651,0.0016717941
2018-10-24,0.003316837,-0.00010938529,0.00023944833,-3.7270922e-05,-0.00015617862,0.0025666354
2018-10-25,-0.0009637357,-5.0051214e-05,0.00015887106,9.414946e-05,3.2078595e-05,-0.00084284367
2018-10-26,0.0013310709,0.0001673008,-0.00013273368,5.0348826e-05,2.363135e-05,0.0010524068
2018-10-27,1.4635431e-05,1.5169484e-05,1.752586e-05,2.1735e-05,1.6178363e-05,5.1922e-06
2018-10-28,-1.9174744e-05,-6.974825e-06,-2.3869816e-05,-1.5862335e-05,-1.1056794e-05,-9.546371e-06
2018-10-29,0.0008534941,-0.00026631204,0.00017836946,-0.00015751955,-0.00024177086,0.0005304789
2018-10-30,-0.0008396214,0.00038033366,0.0003482196,0.0006301346,0.00034040425,-0.0007652429
2018-10-31,-0.0017395654,-0.00025480878,-3.0618285e-05,-0.00026973785,-3.2848307e-05,-0.0013835878
2018-11-01,-0.0024371366,0.00021573606,-0.00029021277,-0.00034816435,6.022232e-05,-0.0016443259
2018-11-02,-0.0017030984,-0.0008340448,-0.0005200095,-0.0013574794,-0.00043831705,-0.0014630798
2018-11-03,7.850112e-05,6.41501e-05,1.9680938e-05,9.695312e-05,6.5795306e-05,6.670843e-05
2018-11-04,-0.00011957832,1.615522e-05,-6.3948486e-05,-4.7013993e-05,2.6325617e-05,-7.992705e-05
2018-11-05,-0.00020858708,0.00017002788,3.6685673e-05,1.1808901e-05,1.2764717e-05,-0.00011836021
2018-11-06,4.7266196e-05,0.00029414552,0.00011997627,0.000356114,0.00022697143,0.00021686581
2018-11-07,-0.00032500917,0.0010090816,-2.0035677e-05,0.0011578423,0.0006458415,0.0003722638
2018-11-08,0.000570353,-0.0006210712,7.0608265e-05,-0.0005170768,-0.0004071729,0.0002579637
2018-11-09,-0.00034812925,-0.0008776766,-0.00019643738,-0.0010850135,-0.0006464616,-0.0003739245
2018-11-10,2.6048081e-05,6.5012035e-05,2.9580755e-05,7.660946e-05,5.992773e-05,3.595142e-05
2018-11-11,2.5286903e-05,-9.27193e-06,1.1829895e-05,9.988395e-07,-9.145631e-06,3.0969564e-05
2018-11-12,-0.00043203463,-0.0013230292,-0.0004649736,-0.0017039904,-0.00080548733,-0.00037518583
2018-11-13,0.001122847,0.00014265171,-0.00013154317,0.00033229543,0.00010653876,0.00093177374
2018-11-14,0.00029896066,7.9891826e-05,0.00013034564,0.00066375925,0.00035517671,0.00057727244
2018-11-15,-0.00046455994,-5.1382412e-06,0.000136166,-0.00049756095,-0.00024620543,-0.00046756162
2018-11-16,-0.0003510364,0.00016312972,-0.00012436646,2.2350634e-05,3.8395774e-05,-0.00034602472
2018-11-17,5.7197136e-05,4.1361563e-06,-2.8656834e-07,2.223079e-05,3.3994363e-06,4.86895e-05
2018-11-18,-0.00011084914,-6.4055444e-06,-2.8494062e-05,-6.543892e-05,-5.1337254e-05,-6.6397115e-05
2018-11-19,0.0012571259,-0.00032672004,-0.00019601145,0.00045928158,0.00065225805,0.0010615202
2018-11-20,0.0016706174,-0.0011799227,-0.00014593187,-0.0005151921,-6.14021e-05,0.0015023317
2018-11-21,-0.0015655501,1.1159629e-05,-5.134971e-05,-0.00074600073,-0.0004866022,-0.0016237035
2018-11-22,0.00074595923,0.00017368594,-4.438783e-05,0.00045146397,0.00034829506,0.00066075596
2018-11-23,0.0009918675,-0.0002793904,-2.2951348e-05,-0.00018970187,-0.00020149273,0.00087679905
2018-11-24,0.00078200566,0.00027149613,-1.007287e-06,0.00046680542,0.00037738908,0.00064594764
2018-11-25,-6.4726395e-05,-3.7674905e-05,0.0,-4.0520474e-05,-3.683191e-05,-6.6970606e-05
2018-11-26,-0.0008001919,0.0001409438,-3.6543624e-05,-0.00023034072,-0.00010589825,-0.0008856834
2018-11-27,0.00030505026,0.00029306172,0.000116580515,0.00043745735,0.00015497836,0.00041647992
2018-11-28,-0.0019149836,0.0004233277,-1.08641225e-05,-0.00018376467,0.00016585612,-0.0015127007
2018-11-29,-0.0001292106,7.127613e-05,-4.957285e-05,6.714647e-06,6.0284343e-05,-0.00023329411
2018-11-30,0.0005619857,0.00025397612,0.00019951591,0.00034241038,9.4411655e-05,0.00059510086
2018-12-01,-0.00025135363,-8.126249e-05,0.0,-5.57843e-05,6.895717e-06,-0.00020973009
2018-12-02,3.942731e-05,5.26331e-06,0.0,4.665457e-06,-4.8001466e-06,2.9912937e-05
2018-12-03,0.00027560664,0.0014293133,0.00025427816,0.0012887844,0.0011070727,0.000113786235
2018-12-04,-0.0013302631,-0.0019955023,-0.0007530854,-0.002141555,-0.0013763304,-0.00080104946
2018-12-05,0.00017818811,-0.00032002566,-0.00022003353,-0.00037708145,-0.00040926112,0.00021680129
2018-12-06,-0.00020830634,-0.0012078703,-0.00037495838,-0.0014550561,-0.0012426451,2.374195e-05
2018-12-07,-0.00015109862,-0.00017131364,5.5350847e-05,-5.1300198e-05,0.0001608882,-0.00024531703
2018-12-08,-6.584452e-05,-6.3046054e-06,0.0,-2.2214981e-05,-6.483132e-06,-5.449946e-05
2018-12-09,-0.0002184391,-5.983963e-05,0.0,-7.787045e-05,-1.97911e-05,-0.00021110255
2018-12-10,0.00055855484,-0.00057838863,-7.5681084e-05,-0.00046445793,-0.00034090897,0.00025549365
2018-12-11,0.000115727766,0.00016777408,-0.00026347482,0.00010961236,-5.798794e-05,0.00039532056
2018-12-12,-0.0018868163,-0.0004453019,-0.00025835965,-0.0012822964,-0.0008686274,-0.0015312717
2018-12-13,-0.00041901314,1.9353993e-05,-0.0002896935,-0.00025178352,-0.00016820406,-0.00035525954
2018-12-14,0.0013695346,-0.0001597489,-1.0729444e-05,0.00021352562,4.8197955e-05,0.0010505752
2018-12-15,2.8788494e-05,1.0593521e-05,-1.9033017e-06,7.594761e-06,-1.097403e-06,3.092785e-05
2018-12-16,-0.00012424904,-3.8038284e-05,-5.0105274e-07,-4.1742816e-05,1.0246084e-06,-0.00012974178
2018-12-17,0.0007671209,-0.00011589607,3.0459125e-05,0.0002031188,0.00018217362,0.00010659957
2018-12-18,0.0008176665,0.0002469477,0.00014496791,0.0006418432,0.0004751112,0.0005785648
2018-12-19,0.0009973738,0.00031319587,-9.306434e-05,0.0007397877,0.0004975598,0.00084310083
2018-12-20,0.0022733815,0.0005986571,0.00025926644,0.0012828028,0.00095298066,0.0013029678
2018-12-21,0.0019014151,-0.00031167854,-7.731632e-05,0.00042082995,0.00012469928,0.0016159224
2018-12-22,5.4292523e-05,8.079106e-05,6.465374e-07,0.00011485947,8.4971434e-05,-3.2310218e-05
2018-12-23,6.44894e-05,8.989283e-05,-5.8228966e-07,0.00013330317,9.139477e-05,-2.6151132e-05
2018-12-24,0.0040990785,0.0011796644,0.00047220176,0.0026498379,0.0013806821,0.003274803
2018-12-25,0.00035002702,-0.00019174721,0.00021251234,-4.402504e-05,-2.979388e-05,0.0004636825
2018-12-26,-0.0046078553,-0.000871167,-0.00013784177,-0.002358173,-0.0009891903,-0.0042523034
2018-12-27,2.5456622e-05,0.0002755824,1.7188862e-06,0.00019632035,0.0001858126,0.00058893807
2018-12-28,0.00020251985,0.00056283263,5.2174993e-05,0.001023983,0.000546382,-0.00020020253
2018-12-29,-4.588338e-05,-6.569224e-05,1.558238e-06,-8.1742604e-05,-5.2691146e-05,2.660444e-05
2018-12-30,2.3713214e-05,2.4928615e-05,-3.692144e-06,3.997291e-05,2.2699283e-05,-1.4857413e-05
2018-12-31,-0.000101203674,4.566651e-05,0.00015787059,0.00036670401,0.00030071067,5.4967463e-06
2019-01-01,-6.0592472e-05,-0.00032651392,-3.4606357e-05,-0.000360054,-9.305617e-05,-0.00018845157
2019-01-02,0.00083014934,0.0006402867,0.00014474639,0.0011076741,0.00050531316,0.00068589457
2019-01-03,0.0029553317,0.0010060617,0.00028940872,0.0024184426,0.001310364,0.0029060384
2019-01-04,-0.004559469,-0.001881084,-0.00086454913,-0.0024750389,-0.0008750296,-0.00457586
2019-01-05,4.4611684e-06,7.743901e-06,4.9464556e-06,-9.599081e-07,1.6421109e-06,-9.951525e-06
2019-01-06,0.00011481317,0.000104629304,0.00012342523,0.0002554162,0.00011501545,4.2808897e-05
2019-01-07,-0.0017720083,-0.0006289541,-0.00048686995,-0.0012693111,-0.00061471725,-0.0019090557
2019-01-08,-0.0004805231,-4.2314634e-05,0.000100348996,0.00011770226,0.00019049876,-0.00061674387
2019-01-09,0.000109814966,0.00051322544,0.00032982585,0.0011186247,0.00089672033,-0.00022972
2019-01-10,-0.00042047456,-0.00040785686,-0.00040913568,-0.0010984312,-0.0005035889,-0.0005301025
2019-01-11,-0.00032292475,-5.5294575e-05,-0.00020847656,-1.9822024e-05,-9.241477e-05,-0.00013005677
2019-01-12,-5.8620357e-05,-4.370382e-05,-5.364066e-05,-0.00010053669,-5.1047988e-05,-6.215838e-05
2019-01-13,0.000107996115,6.9294125e-05,9.99359e-05,2.159959e-05,3.9823026e-05,-2.3902621e-05
2019-01-14,-0.00096846937,-0.0006337505,-0.0005802066,-0.0010382105,-0.0007097629,-0.00040092357
2019-01-15,0.00047811805,0.0005380247,0.00038645862,0.0009303741,0.00053071853,-8.974199e-06
2019-01-16,0.0003189178,0.00038432702,0.00022191186,0.0008797054,0.00045015736,-1.7751785e-05
2019-01-17,0.00039601745,0.00035900777,0.00027102427,0.00072383205,0.0002929945,0.00019613212
2019-01-18,0.000880397,0.000890811,0.0008900319,0.0018042185,0.0009975331,-2.5260346e-05
2019-01-19,-9.339658e-05,-6.3501815e-05,-8.146159e-05,-5.473188e-05,-4.017583e-05,-4.3619195e-05
2019-01-20,0.000106237734,6.505486e-05,0.000106035484,3.245194e-05,2.6462809e-05,2.3416891e-05
2019-01-21,-0.00013583223,3.062183e-05,-6.2623745e-05,-7.1115996e-05,-7.121435e-05,-4.6831035e-05
2019-01-22,-0.0013859929,-0.0012837204,-0.0010141796,-0.002496085,-0.0011779094,-0.00060064055
2019-01-23,0.00022760995,0.00030359832,7.121453e-05,0.0005256187,0.00021244552,0.00026927207
2019-01-24,0.00050927105,0.00048056478,0.0003903018,0.0010201252,0.00051096064,0.0003184578
2019-01-25,0.0012635649,0.0012124626,0.0010114746,0.002352192,0.0010266532,0.000646342
2019-01-26,6.804045e-05,5.5030316e-05,3.865292e-05,4.6762194e-05,2.8188704e-05,6.609846e-05
2019-01-27,7.213883e-05,4.314514e-05,7.4628e-05,1.4883589e-06,8.2810275e-06,3.4900153e-05
2019-01-28,-0.00069088826,-0.000733778,-0.00047770323,-0.0017173269,-0.0007903296,-0.00039401028
2019-01-29,0.00014225185,0.00025361145,-6.801056e-05,0.00036104882,0.00011589201,0.00018931585
2019-01-30,0.0009569731,0.0011671219,0.00064024405,0.0022288458,0.00092034903,0.00076518336
2019-01-31,0.00096848886,0.000763517,0.0005166633,0.0014264045,0.0006447276,0.00076318294
2019-02-01,-0.0003715731,-0.00033763575,-0.00011703618,-0.00054817373,-0.00029353736,-0.00043945806
2019-02-02,-5.8199978e-05,-3.3922774e-05,-6.4347296e-05,-1.4902996e-05,-8.334412e-06,-2.8149403e-05
2019-02-03,0.00010059506,5.782092e-05,8.239078e-05,1.7463803e-05,1.062364e-05,4.8642945e-05
2019-02-04,7.3909054e-05,0.00025592084,0.00013067844,0.00045546383,9.341837e-05,1.7827317e-05
2019-02-05,0.001043081,0.0011220959,0.0006630674,0.0021257577,0.0008929879,0.0009896747
2019-02-06,-0.00033045726,-0.00040832086,2.4142868e-05,-0.00097158196,-0.00039238128,-0.00046930285
2019-02-07,-0.001981982,-0.0013937671,-0.001594234,-0.0030556526,-0.0015579727,-0.0014210325
2019-02-08,-0.00093687535,-0.0004547085,-0.0008147503,-0.00057519606,-0.00031726676,-0.0007706597
2019-02-09,3.0972413e-05,3.2258995e-05,1.1510222e-05,4.880078e-05,2.4715018e-05,3.119692e-05
2019-02-10,4.703452e-05,4.764181e-05,2.9546707e-05,8.370534e-05,5.3015163e-05,2.4828214e-05
2019-02-11,0.00011014081,-0.00013869573,0.00020262264,-0.00010519713,-5.554909e-05,-0.00012927508
2019-02-12,0.00047473222,0.000869177,0.0004460474,0.0014215184,0.0005317167,0.0006485632
2019-02-13,0.0002995925,0.00023571082,0.00028952348,0.00039746493,0.00019284616,0.00020138889
2019-02-14,0.0002745502,0.00017996348,7.672365e-06,0.0003433114,0.00019229784,0.00018928498
2019-02-15,0.00044414873,0.00084589433,0.00012951494,0.0013913586,0.000346232,0.0006602777
2019-02-16,4.0070117e-06,6.5434515e-06,2.8398938e-06,5.1662864e-06,2.3512623e-06,5.5749746e-07
2019-02-17,4.1479707e-05,5.3780088e-05,4.0362655e-05,0.000108756605,6.0446142e-05,1.149603e-05
2019-02-18,0.0004550363,0.00057377963,0.0004002327,0.0010054861,0.00046062612,0.0005554406
2019-02-19,0.0002841771,0.0004718948,-0.00014043777,0.0007753564,0.00027773896,0.0004650604
2019-02-20,0.0007556706,0.0008667651,0.0004522612,0.0015205235,0.0006409012,0.0009815382
2019-02-21,-0.00136069,-0.0010881027,-0.00062944985,-0.0020039119,-0.0009636268,-0.0012974195
2019-02-22,0.001106622,0.0012328922,0.00030588696,0.002264948,0.00089030276,0.0012130231
2019-02-23,0.00020268922,0.00020078589,0.00018428061,0.00036844483,0.00017607122,0.00013749307
2019-02-24,-0.0007031323,-0.00068761944,-0.0006168454,-0.0012534981,-0.00060447055,-0.0005881301
2019-02-25,0.0006455506,0.00046277448,0.00061581563,0.0009904187,0.00052450324,0.0005722694
2019-02-26,0.00012413217,6.98855e-05,-2.6992284e-05,6.596111e-05,6.4622116e-05,0.00015629696
2019-02-27,-0.00042206267,-0.0005207564,-2.8874021e-05,-0.0008573563,-0.00036801325,-0.0005354205
2019-02-28,-0.0002335241,-0.00047578217,0.000109182205,-0.0007885738,-0.00023482315,-0.00040055378
2019-03-01,0.0002465821,0.00020947635,1.0425452e-05,0.000540333,0.00024150142,-0.0001444463
2019-03-02,3.303219e-05,2.6625767e-05,9.77494e-06,4.089061e-05,2.0338517e-05,4.6579302e-05
2019-03-03,-1.1773763e-05,-1.7275761e-05,5.612461e-06,-3.4705827e-05,-1.592294e-05,-3.9439445e-05
2019-03-04,-0.0002397348,-0.000107580876,-0.00025486207,-0.00033933626,-0.00012983066,-0.00022382292
2019-03-05,-0.0001923696,7.468455e-05,-0.0002771961,0.000112175905,-2.5895768e-05,1.5312567e-06
2019-03-06,-9.2752576e-05,-0.00025103346,8.774636e-06,-0.00060772424,-0.00016704883,-0.00028415857
2019-03-07,0.00015480073,-0.00037111895,0.0003889466,-0.00054113986,6.474314e-05,-0.00027892806
2019-03-08,-0.0011394062,-0.00084842223,-0.0003162331,-0.0017205355,-0.00074067,-0.0010379808
2019-03-09,-1.2857335e-05,9.572376e-06,-3.619375e-05,3.16779e-05,-6.0074703e-06,3.0502457e-05
2019-03-10,4.787434e-05,4.2918717e-05,5.8134563e-05,5.307744e-05,2.9535391e-05,-4.0486003e-07
2019-03-11,-0.00021702312,0.00066055125,-0.00033655172,0.00029904366,-0.00019762576,0.00071756094
2019-03-12,-0.0002612896,0.00028093418,-0.00033921257,0.0006128865,9.7307544e-05,0.00033080866
2019-03-13,-0.00039029465,0.00013397801,-0.00040623642,-2.056469e-05,-0.00013629081,-8.838759e-06
2019-03-14,2.8118095e-05,-0.00015013806,-9.9110424e-05,-6.2273764e-05,-7.447573e-05,3.3187793e-05
2019-03-15,0.00029602877,0.0009272118,-0.00013303879,0.0015915419,0.000670486,0.0010219986
2019-03-16,0.00013168865,0.00014975018,6.443597e-05,0.00020457384,9.183477e-05,0.00016151398
2019-03-17,-7.112786e-05,-7.349655e-05,-4.949694e-05,-0.00011158954,-5.5964218e-05,-7.328771e-05
2019-03-18,0.0002961884,0.0005787847,-9.627445e-05,0.00089946,0.00033196743,0.00066915463
2019-03-19,-0.0001528523,3.9507322e-05,-0.00014141614,3.5029672e-05,5.4204834e-06,-0.00014117191
2019-03-20,0.00017663493,0.00018133248,0.00024699024,0.00043601164,0.00019263287,-0.00019310412
2019-03-21,0.00024871566,0.00032125873,4.8718506e-05,0.0005643871,0.00023928814,0.0002591439
2019-03-22,-0.0018958648,-0.002040856,-0.000351081,-0.003447098,-0.0015119653,-0.0022997723
2019-03-23,7.460638e-05,9.5458716e-05,8.5245156e-05,0.0001710502,8.129503e-05,7.2418494e-05
2019-03-24,-3.088274e-05,-2.5478243e-05,-5.89543e-05,-3.719121e-05,-3.0098985e-05,1.9576408e-05
2019-03-25,-0.0004300478,-0.00023676667,-0.0003108258,-0.00061799784,-0.00043935142,-0.00046112924
2019-03-26,0.0002635893,0.00041562668,-6.0092414e-05,0.0006885639,0.00014603446,0.00062313944
2019-03-27,-0.0003122529,-0.0002164017,-0.00011684971,-0.0005186784,-0.00031419005,-0.00020396191
2019-03-28,-0.0007267009,-0.0003604149,-0.0006171533,-0.0007583929,-0.00045232507,-0.0005194934
2019-03-29,-0.00013362736,0.00032915417,-0.00042524352,0.00047094934,4.963517e-05,0.0004137332
2019-03-30,-2.4481611e-05,-2.0954549e-05,-3.4712913e-05,-2.840367e-05,-1.8096984e-05,-2.0937594e-05
2019-03-31,3.0818414e-05,3.554909e-05,3.825743e-06,3.4607536e-05,1.473153e-05,4.8233007e-05
2019-04-01,-0.00021533668,0.00067895924,-0.00045274533,0.00068568974,8.849834e-05,0.0007406902
2019-04-02,0.0011408356,0.0014940017,0.00033445962,0.0023498277,0.0009630306,0.0015710484
2019-04-03,0.00038308735,0.0005273159,0.00015186482,0.0008135589,0.00038475,0.00069685694
2019-04-04,0.00010800803,0.0002619271,6.0390757e-05,0.0004018324,0.00013438548,6.8246794e-05
2019-04-05,0.0014169959,0.0012177826,0.00058152515,0.0022415936,0.0011275999,0.0012877308
2019-04-06,-2.9561912e-05,-2.2129134e-05,-4.246952e-05,-4.3731812e-05,-2.1691663e-05,-2.6284222e-05
2019-04-07,0.0004135269,0.00038416477,0.00013349782,0.0006823107,0.00035616895,0.00041565584
2019-04-08,-0.00022724972,-0.00022410527,-7.634507e-05,-0.00026761906,-7.57015e-05,-0.00028573704
2019-04-09,-0.0012733234,-0.00102967,-0.00045371396,-0.0019893167,-0.00092784135,-0.0012850476
2019-04-10,0.00094596355,0.0009284028,0.00026808845,0.00170701,0.0006995527,0.00087710586
2019-04-11,-0.0011776162,-0.0012660653,-0.00019119494,-0.002369085,-0.0010627914,-0.0012429126
2019-04-12,0.0012899505,0.0011458994,0.00042421377,0.0022392517,0.0010019661,0.0012342193
2019-04-13,-5.7108455e-06,4.8110637e-06,-1.8416275e-05,4.132649e-06,-1.455123e-05,2.6799586e-05
2019-04-14,7.018912e-05,9.4184e-05,9.706585e-06,0.00015631638,5.7833222e-05,0.00011912929
2019-04-15,-0.00023012114,-0.000122049154,-0.00011400718,-0.00021946275,-0.0001342134,-0.00024975478
2019-04-16,0.0007646912,0.00063631724,0.00029363486,0.0012108856,0.0005271628,0.00074927177
2019-04-17,0.0007527448,0.00037556738,0.00053529255,0.0008248401,0.00053553906,0.00051738386
2019-04-18,0.00018625906,0.00027387124,-0.00019880451,0.0005166499,0.00011526114,0.00038059542
2019-04-19,0.00014577394,0.00011888643,2.940143e-05,0.00013571222,8.282037e-05,0.00015078556
2019-04-20,9.045156e-06,-9.779669e-07,1.5217267e-06,-7.96333e-06,-4.651919e-07,-3.052221e-06
2019-04-21,-8.14636e-05,-0.00012274072,7.7929935e-06,-0.0001993476,-6.615742e-05,-0.00018427512
2019-04-22,2.6461328e-05,-0.00017653352,4.8451806e-05,-0.00018892706,-0.00015201789,-0.00017886648
2019-04-23,0.0010224476,0.0009076457,0.0002907319,0.001624735,0.0007030119,0.0011976747
2019-04-24,-0.0004087369,-0.00043670493,5.8949434e-05,-0.0008985761,-0.00015459703,-0.00042621783
2019-04-25,-0.0009823963,-0.0008872305,-0.00023539468,-0.0016911766,-0.00063363713,-0.0010390525
2019-04-26,-0.0002198716,0.0002932471,-0.00019166761,0.00016570018,7.505766e-05,0.00011454973
2019-04-27,-3.0068908e-05,-1.8228076e-05,-7.638302e-06,-3.568337e-05,-2.0699923e-05,-1.1592455e-05
2019-04-28,3.90834e-05,1.2459283e-05,9.766453e-06,2.428042e-05,1.7456132e-05,-3.827288e-06
2019-04-29,6.6853e-05,6.119626e-05,-0.00021488577,-8.0640966e-05,-0.00011485534,-2.3731101e-05
2019-04-30,-0.00052070396,-5.7670604e-05,-0.0003344516,-0.00023217607,-0.00025452665,-9.326831e-05
2019-05-01,-0.00048598633,-0.00079641695,0.00025237637,-0.0015515251,-0.0005340872,-0.0008543702
2019-05-02,-0.00019810718,-0.0004518533,0.00028519914,-0.00082967535,-0.00018438685,-0.00058794767
2019-05-03,0.0007652746,0.0013078264,-8.085155e-05,0.0020988886,0.00075447996,0.0014536105
2019-05-04,2.6907213e-05,-1.6972916e-05,1.566287e-05,-2.2088636e-05,-1.5045034e-06,-1.8154753e-05
2019-05-05,6.9962375e-06,-9.8460405e-06,7.1612394e-06,-1.2372161e-05,-2.4295155e-06,-1.0447512e-05
2019-05-06,1.2312855e-05,-0.0011009595,0.00063080207,-0.0015063882,-0.00013975184,-0.0010531087
2019-05-07,-0.0011302651,-0.0017009433,-4.6152316e-05,-0.0025893727,-0.00084154826,-0.0021523866
2019-05-08,6.048234e-05,-0.00012428037,-4.9264007e-05,-4.2413692e-05,-3.5672513e-06,4.1477466e-05
2019-05-09,0.0014108163,-4.8179063e-06,0.0009460777,0.000744004,0.0009161267,0.00025760423
2019-05-10,-0.0005801243,0.00016639687,-0.00047095455,-9.627723e-05,-0.00022145537,7.659198e-05
2019-05-11,-9.067284e-05,0.00017940585,-0.00011138748,0.00030751308,7.507031e-05,0.00012956736
2019-05-12,-0.00018689349,-0.00020786498,-0.00010921966,-0.0002735271,-0.00015821622,-0.00016184362
2019-05-13,0.002947974,2.9065682e-06,0.0019901344,0.0017396251,0.00176641,-0.00010339778
2019-05-14,-0.0009772828,0.00016886345,-0.00037469217,-7.631167e-05,-0.00022896647,-0.00025522773
2019-05-15,-0.00024776478,0.00078694517,3.9775216e-05,0.0006066983,0.00022344108,0.00030499225
2019-05-16,-0.00095974165,-8.27805e-05,-0.0007412173,-0.00060643826,-0.00024228722,-3.8725382e-05
2019-05-17,0.00091777596,-0.0003200252,0.0004769555,-8.706531e-05,6.684202e-05,0.00050080766
2019-05-18,-2.2266639e-05,-2.1663607e-05,1.0545433e-05,-4.4771743e-05,-2.511322e-05,-3.7536247e-06
2019-05-19,0.0007341223,0.0007013594,0.0002972218,0.0010979635,0.0005256132,0.00063191686
2019-05-20,-0.00023765807,-0.0003920105,-4.7589976e-05,-0.0002666634,-0.00012334528,-0.00055834564
2019-05-21,-0.0010287435,-5.0487128e-05,-0.000636673,-0.00034702927,-0.00017138461,-0.0004591928
2019-05-22,0.00039077862,-0.00018234467,0.00028964272,-0.0001151164,-0.00011139045,0.0001571219
2019-05-23,0.0023509953,0.0003921912,0.001305371,0.0009983588,0.0005670902,0.0010712416
2019-05-24,-0.00062089454,0.00016240208,-0.0003814262,0.00023227166,0.0001653857,-0.00039623104
2019-05-25,-3.374227e-05,-2.537823e-05,4.921275e-06,-6.695125e-05,-2.027913e-05,-2.797891e-05
2019-05-26,0.00029633188,0.00031581213,0.000106137006,0.00046877158,0.00021829583,0.00035567654
2019-05-27,-0.00047897577,6.8195564e-05,-0.00012868154,-0.0002731218,-0.00025932732,-0.0003641065
2019-05-28,0.00090108707,0.00023267309,0.0006251254,0.00067898637,0.00028296563,0.0006715258
2019-05-29,0.000555505,-0.00012515235,0.0005128973,-0.0003239926,-0.00014193285,0.00014782301
2019-05-30,0.00036283332,0.00038389282,0.0004150989,0.0006928978,0.0003254089,0.0003219225
2019-05-31,0.0032051825,0.0012216294,0.0020670881,0.0020446368,0.0011248887,0.0025704713
2019-06-01,3.4429493e-05,2.7041262e-05,2.2386754e-05,3.1309322e-05,1.1916125e-05,1.623618e-06
2019-06-02,0.00021943927,0.00021900941,4.639605e-05,0.0003606071,0.00014575206,0.00024289415
2019-06-03,-9.179476e-05,-0.00019103893,-2.3216196e-05,-7.001054e-05,0.00012816432,-0.00046303935
2019-06-04,-0.0034525685,-0.0011549679,-0.0015361432,-0.0021352123,-0.0008119474,-0.003396365
2019-06-05,-0.00096419663,-0.0002805078,-0.00048289835,-0.00094432593,-0.00060169754,-0.0006256934
2019-06-06,-7.008075e-05,0.00041999662,0.00021705094,0.00060274417,0.0004018365,8.647864e-05
2019-06-07,-0.00010141522,0.0007831399,-5.3377862e-05,0.0013532201,0.0007144386,0.00043258248
2019-06-08,-2.2963588e-05,-3.7306814e-05,3.2721505e-06,-4.2338193e-05,-1.6683942e-05,-4.964295e-05
2019-06-09,-9.8716315e-05,-0.00017485092,2.8891318e-05,-0.0002399996,-6.9647605e-05,-0.00025851242
2019-06-10,-0.0014102943,-0.00043094778,-0.00072919915,-0.0011223054,-0.00046693906,-0.000919649
2019-06-11,-8.465488e-05,0.0003946629,-5.096376e-05,0.0005742406,0.0002960441,0.00045391684
2019-06-12,0.00015734811,0.00012810908,-0.00022524346,-0.000108408276,-0.00027011213,0.00021944572
2019-06-13,0.00039491564,0.0007269538,0.00029817605,0.0010795828,0.00046076247,0.0008461976
2019-06-14,-0.00049602805,-0.00059631275,-0.00058909407,-0.0009803498,-0.0005023513,-0.00014538282
2019-06-15,5.700821e-05,7.600774e-05,-2.2027816e-06,9.550294e-05,3.0110954e-05,9.528191e-05
2019-06-16,1.22293695e-05,3.1861557e-05,-1.0585107e-06,2.5058762e-05,6.183112e-06,4.2895736e-05
2019-06-17,8.732232e-05,0.00023491804,-5.986717e-05,0.00015409519,1.0482336e-05,0.00032048425
2019-06-18,0.0014795834,0.0017448437,0.0013518911,0.003065071,0.0012395298,0.0013063845
2019-06-19,0.00060741504,0.0009243283,0.00074673205,0.0014538954,0.0005464181,0.0003932419
2019-06-20,0.0025232378,0.0023287556,0.0018193889,0.00423463,0.0018880492,0.0024803928
2019-06-21,-0.00041836523,-0.00064281974,-0.00052893645,-0.0014235955,-0.0005896814,-0.00036284863
2019-06-22,0.00026644874,0.0002982605,1.9796746e-05,0.00038593943,0.00012488852,0.00035032953
2019-06-23,-2.7251328e-05,-2.6789521e-05,-6.093979e-06,-4.0416355e-05,-1.9850786e-05,-3.2377156e-05
2019-06-24,2.821839e-05,0.0002223478,-0.0001589252,0.00047480254,0.00015413617,0.00016252707
2019-06-25,-0.0013910799,-0.0012815385,-0.0014289211,-0.0024523658,-0.00094354583,-0.001131356
2019-06-26,-0.0007934829,-0.00058174494,-0.00023408583,-0.0008687785,-0.0004985243,-0.00089988095
2019-06-27,-0.00024498964,-1.2840786e-05,0.0006934597,4.4534074e-05,8.3681676e-05,-0.0006539179
2019-06-28,0.00075153727,0.0007425782,0.0006277752,0.0011732475,0.0004084852,0.0006393855
2019-06-29,2.7762013e-05,6.8645124e-05,-3.889075e-05,9.672286e-05,6.90571e-06,0.0001002729
2019-06-30,-0.00023639857,-0.00032891738,3.9068087e-05,-0.0004892284,-0.00010284269,-0.00040373416
2019-07-01,0.00016602411,0.00039949588,0.0006484561,0.00062055956,0.00010023807,-0.00016481038
2019-07-02,3.140485e-05,0.00043642698,-0.00013618349,0.00026378516,5.0447787e-05,0.0005409447
2019-07-03,0.0014753455,0.0014512006,0.0008842116,0.0025173272,0.00092338683,0.0017810657
2019-07-04,0.00053828553,0.00021454084,0.00047305055,0.00053274026,0.00039101267,0.0002067127
2019-07-05,-0.0017589781,-0.0014930641,-0.0010416388,-0.0026826705,-0.0012278527,-0.0018235778
2019-07-06,-0.00011940575,-8.1557e-05,-8.112462e-05,-0.000105223095,-8.164939e-05,-9.30014e-05
2019-07-07,-0.000113866576,-5.1190354e-06,-0.00012485174,-4.3348014e-06,-5.2124207e-05,1.6429209e-05
2019-07-08,-0.001760465,-0.0012366546,-0.0013512236,-0.0023974802,-0.0010935513,-0.0013576624
2019-07-09,-0.0005863243,-0.00041075615,-0.0003051659,-0.0008838494,-0.00039113907,-0.0006613938
2019-07-10,0.00076990476,0.000987171,0.000555371,0.0015933674,0.00054625433,0.0007846793
2019-07-11,-0.00011931611,-0.00032900373,-6.682764e-05,-0.000664984,-0.00028108625,-0.00021772448
2019-07-12,7.963813e-05,0.00045831993,6.6566434e-05,0.0008013381,0.00017473238,0.0002383835
2019-07-13,0.00010657482,2.0918651e-05,0.00010218709,2.2878643e-05,4.612046e-05,3.8154034e-05
2019-07-14,0.0004894857,0.00013380178,0.00043572305,0.00014489054,0.00021618545,0.00020209032
2019-07-15,-0.0004489082,-0.00024939308,-0.00034528173,-0.0005066128,-0.0004338166,-0.00016100369
2019-07-16,6.229645e-05,-0.00044047492,3.4169275e-06,-0.00081023795,-0.0001598079,-0.00015774349
2019-07-17,-0.00087492313,-0.0006776004,-0.0007705744,-0.0010656308,-0.00046502522,-0.0006055301
2019-07-18,0.000111968926,0.00027393133,3.2092958e-05,0.0004863701,0.00017109186,0.00042380585
2019-07-19,-0.00086799485,-0.00083293405,-0.00020762597,-0.0013653826,-0.00048658825,-0.0012246119
2019-07-20,-0.00018900233,-6.871019e-05,-9.519658e-05,-5.8733334e-05,-5.8226036e-05,-0.00010532377
2019-07-21,4.352582e-05,1.071819e-05,2.3352402e-05,5.3730846e-06,1.0473806e-05,2.2033182e-05
2019-07-22,0.00047267118,0.00036587458,0.00024469028,0.0005777588,0.00016041365,0.00042248264
2019-07-23,0.00045408896,0.0007121273,0.0001559887,0.00078840967,0.00014047668,0.0007887686
2019-07-24,0.00026014855,0.00049410196,0.00012999642,0.0006665299,0.00020047736,0.00056041067
2019-07-25,-0.0010171612,-0.0011417773,-0.0003736435,-0.0018569869,-0.00070440833,-0.0016130063
2019-07-26,-2.3010265e-05,0.0004309745,-8.4047e-06,0.0003214548,8.6109234e-05,0.0002139264
2019-07-27,0.00017332009,4.0320687e-05,8.9743706e-05,8.0113505e-06,2.1826912e-05,9.094502e-05
2019-07-28,-2.7523074e-05,-8.218367e-06,-1.554906e-05,-4.741167e-06,-7.0742844e-06,-2.1887354e-05
2019-07-29,1.5132243e-05,1.4278142e-05,1.4011449e-06,-7.127829e-05,-0.00014670822,0.00024011094
2019-07-30,-5.7365298e-05,-0.00045053495,-0.00010412591,-0.0005878159,-0.00020826641,-0.00020247143
2019-07-31,-0.00022116934,-0.0010614886,0.000401649,-0.0011237168,-0.0003274278,-0.00084091007
2019-08-01,0.00059264054,-0.00025125235,0.0006879657,0.0002477646,0.00028839728,5.9174046e-05
2019-08-02,0.0014455605,-0.00027100847,0.001149978,0.0006828609,0.0008892244,8.8448534e-05
2019-08-03,-9.69505e-06,1.4627517e-05,9.406456e-06,1.3255556e-05,4.702915e-06,-1.6242742e-05
2019-08-04,-1.0908267e-05,1.5007756e-06,1.7975157e-06,6.680441e-07,2.4598291e-06,-4.501235e-06
2019-08-05,0.0041388897,0.00014756221,0.0032392533,0.0027009626,0.002592991,0.00042613508
2019-08-06,0.0005300741,0.00046367428,0.00034118132,0.0007346292,0.00029482937,0.0006418726
2019-08-07,-0.000122578,0.000575264,0.00011938304,0.0003026859,4.7871443e-05,0.00012169264
2019-08-08,-0.0021143034,-0.00026923578,-0.0009843683,-0.0010061616,-0.0007931554,-0.0012122875
2019-08-09,6.6012326e-05,-0.00029385186,-0.00013298765,-0.0005217441,-0.0002101259,0.00010411981
2019-08-10,-0.00012931743,-9.050681e-05,-5.5292036e-05,-0.00013065357,-5.070675e-05,-9.0592446e-05
2019-08-11,-8.702406e-05,-2.8493103e-05,-9.021828e-06,-2.6532294e-05,-2.332596e-05,-0.00013996325
2019-08-12,0.003013625,0.0005774254,0.0011112931,0.0022694077,0.0010228415,0.002179304
2019-08-13,-0.0019895877,-0.00082419364,-0.001153454,-0.0011949245,-0.0005437423,-0.0015944685
2019-08-14,0.002521544,0.00016885897,0.0012843757,0.00019848882,-0.00022988733,0.0016525477
2019-08-15,0.0018797773,0.0010033434,0.00093917473,0.0022241632,0.0011836735,0.0016175667
2019-08-16,-0.0023364567,-0.0006144258,-0.00094125,-0.0010085813,-0.00053303223,-0.0018880748
2019-08-17,3.0624364e-05,1.3497041e-05,2.0472487e-05,3.0193842e-05,2.4698302e-05,2.741856e-05
2019-08-18,-0.0002728532,-0.00013325571,-7.5600954e-05,-0.00019389064,-0.00012042616,-0.0002581919
2019-08-19,-0.002507004,-0.00093226804,-0.00085581886,-0.0017553213,-0.00083545607,-0.002113609
2019-08-20,0.00096192135,0.00035282393,0.00020581558,0.000955023,0.00037265132,0.00074785406
2019-08-21,-0.0011002816,-0.00027015153,-0.00050812785,-0.0004001678,-0.00014317626,-0.00076051324
2019-08-22,-0.00039573995,-0.00035393584,4.3880354e-05,-0.0008192219,-0.00034423306,-0.0004932812
2019-08-23,0.0014159203,7.905397e-05,0.0003578947,0.00020156172,-5.6868812e-05,0.0011922839
2019-08-24,6.365437e-05,1.433041e-05,2.1137415e-05,1.5735282e-05,1.4259531e-05,5.7716963e-05
2019-08-25,2.491793e-05,1.0802042e-05,3.2645952e-05,2.2019101e-05,1.6332746e-05,8.61425e-06
2019-08-26,0.0006562794,0.0005395031,-4.6724103e-06,0.0007223594,0.0003066697,0.0007296418
2019-08-27,-0.00012083603,0.00022528364,-8.464491e-05,0.00057344395,0.00017957519,-0.000107435844
2019-08-28,-5.9815255e-05,5.1509065e-05,-0.00025810752,0.00040653037,0.00025600035,0.00013112646
2019-08-29,-0.00057358615,5.0066308e-05,-0.0003599319,0.0002923136,0.00014697509,-0.00028480464
2019-08-30,-0.0002731741,0.00011587168,-1.9351775e-05,0.00020254422,4.342085e-05,5.200592e-06
2019-08-31,-1.2834155e-05,-4.4581197e-06,1.1596619e-05,-6.7756896e-06,2.6219989e-06,-1.7994045e-05
2019-09-01,-5.1685125e-05,-2.094978e-05,-1.3121841e-05,-2.7725362e-05,-2.1036793e-05,-4.4085427e-05
2019-09-02,0.00014010705,4.2177933e-05,0.0001636849,0.00014084761,8.5728265e-05,0.00018426341
2019-09-03,0.00094086915,0.000434691,0.00015146947,0.000623927,0.00015449572,0.0011350397
2019-09-04,-0.0006007796,0.00053391594,-0.00012488685,0.00081939023,0.00039808213,-0.00073155534
2019-09-05,-0.0016849333,-0.0008417526,-7.889139e-05,-0.0016497797,-0.0007284401,-0.0020955254
2019-09-06,-2.2466465e-05,0.00027558053,0.0003055062,0.00023121502,0.00018818157,-0.00017834884
2019-09-07,-0.0002010801,-8.1209284e-05,-2.7923044e-05,-4.122823e-05,8.625538e-06,-0.00020754963
2019-09-08,-7.18971e-05,-3.7098125e-05,-8.262696e-06,-2.5902636e-05,-9.779135e-07,-6.7025154e-05
2019-09-09,-0.0004178252,-0.00035620743,0.00017228303,-0.00051922514,-4.165484e-05,-0.0008841154
2019-09-10,-0.00027285362,-0.0002893843,0.00013730834,-0.00031704197,0.00010047996,-0.00079793256
2019-09-11,0.00088214566,0.0007671133,0.0006857956,0.0010764798,0.00050337554,0.00048323287
2019-09-12,0.0005631644,0.00047623218,0.00045184017,0.0010081159,0.0004911737,9.811328e-05
2019-09-13,0.00034441045,4.7461035e-05,0.00049463817,0.0003152778,0.00027030273,-0.00053353736
2019-09-14,-4.7861035e-05,-2.1081136e-05,1.08002705e-05,1.4592034e-05,2.2500093e-05,-7.41293e-05
2019-09-15,-1.7814631e-05,-1.3738771e-05,7.582677e-07,-2.4131463e-05,-1.4701509e-05,-1.2156605e-05
2019-09-16,-0.00028853174,0.00012194807,-6.2996165e-05,2.6265872e-05,0.0002128322,-0.00032885533
2019-09-17,-0.0005032952,-0.0002484685,-0.00042110757,-0.00021627096,-0.00028937092,-8.696426e-05
2019-09-18,-0.00026014814,-0.00029770372,-7.721986e-05,-0.00035300764,-4.2907495e-06,-0.00064691086
2019-09-19,0.00026324598,0.00033936257,0.00013696845,0.0006059435,0.00022612249,0.00056650524
2019-09-20,-0.00085649476,-0.00028940596,-0.0007739421,-0.0007078191,-0.00039405684,-0.00016179691
2019-09-21,-4.5586847e-05,-4.1867384e-05,-3.833883e-05,-8.694629e-05,-4.2221895e-05,-1.9998406e-05
2019-09-22,-0.00012452074,-0.000106858875,-6.618068e-05,-0.00020407795,-0.000112626054,-5.088982e-05
2019-09-23,-0.0010479339,-0.0005834828,-0.0009427597,-0.0014759831,-0.0006014865,-0.00035297882
2019-09-24,-0.0008359988,-0.0007878267,-0.0005437439,-0.0016396403,-0.0005723541,-0.00027602082
2019-09-25,-0.00073287345,-0.0007970272,-0.000655833,-0.0013019644,-0.00068473775,-0.00091511104
2019-09-26,0.000522816,0.00041809664,0.00023294355,0.00063371484,0.00026948424,0.000704532
2019-09-27,-0.0006919487,-0.0006097471,-0.0003291139,-0.0010407919,-0.00044158546,-0.0007961005
2019-09-28,1.13881615e-05,1.2376018e-05,6.1275737e-06,3.1074635e-06,8.478071e-06,9.194315e-06
2019-09-29,0.0001549904,9.889496e-05,3.290179e-05,0.000115709525,8.139718e-05,0.00013509364
2019-09-30,0.000113189,7.134462e-05,0.00017275289,0.00027873032,-1.9471984e-06,-0.00010469181
2019-10-01,-0.00049904274,-0.0008801213,-0.0001682711,-0.0011868273,-0.0002891501,-0.00070768985
2019-10-02,-0.00085209997,-0.001725575,-0.00032559008,-0.0021609045,-0.00039140737,-0.0012848638
2019-10-03,-0.0011144233,-6.10046e-05,-0.00080097886,-0.0010453343,-0.0007670191,-0.00065622997
2019-10-04,-0.0017408418,-0.00032253534,-0.0013406498,-0.0016902009,-0.0011965893,-0.0009049819
2019-10-05,1.679861e-05,8.85563e-06,-3.1257764e-06,3.1728616e-06,4.0409753e-07,1.5654983e-05
2019-10-06,0.00011780819,8.2485254e-05,6.426826e-05,9.689781e-05,5.2723277e-05,9.246561e-05
2019-10-07,-0.0006106251,-0.00054897944,-0.00034067986,-0.00074754795,-0.0003126911,-0.0006360735
2019-10-08,0.001460939,0.00050474965,0.0012898509,0.0015351564,0.00088840723,0.00063723646
2019-10-09,-0.0008018029,-0.0002315164,-0.00073498633,-0.000563947,-0.00033547712,-0.00032006126
2019-10-10,-0.0014680326,-0.0006403769,-0.0014588117,-0.0014055122,-0.0008096352,-0.00084843935
2019-10-11,-0.0031350339,-0.00069351733,-0.002624324,-0.0021582018,-0.0014473647,-0.0015294346
2019-10-12,-3.7032783e-05,-3.027992e-05,-3.6357826e-05,-6.628567e-05,-2.7886961e-05,-3.141943e-05
2019-10-13,-3.5749163e-05,-1.5750298e-05,-2.4488649e-05,2.5785025e-07,1.3961588e-05,-7.195988e-05
2019-10-14,-0.0007010362,-4.8897702e-05,-0.00043421364,-0.0004782958,-0.0004739695,-0.00025375086
2019-10-15,0.0005468093,0.00066692074,0.00048693622,0.00088784663,0.0006815741,0.0008869664
2019-10-16,0.00054525473,0.0005135583,0.00043623924,0.00082223746,0.00048797094,0.00055089034
2019-10-17,0.00025586196,0.0003365382,0.00020623322,0.00072373333,0.00042287624,0.00012746105
2019-10-18,-0.00048584692,-0.0005330422,-0.00027949852,-0.0007832469,-0.0004105799,-0.00070596975
2019-10-19,-1.7688366e-05,-1.0812475e-05,-1.4232543e-05,-1.4551247e-05,-8.946398e-06,-1.563721e-05
2019-10-20,-7.163263e-05,-2.5895284e-05,-1.4460958e-05,-3.9564532e-07,1.2101035e-05,-7.733508e-05
2019-10-21,0.00079985586,0.0007928678,0.00076685194,0.0012441466,0.00076980446,0.00069536624
2019-10-22,-0.0001315206,-0.00014925946,-0.00016020921,-7.871163e-05,-4.4781806e-05,-9.148142e-06
2019-10-23,-0.00016227222,2.4291796e-05,-1.4279441e-05,-0.0002455152,-0.00019953183,5.6249144e-05
2019-10-24,0.00043406672,0.00046155902,0.0002653877,0.00089652214,0.00048492447,0.00043411815
2019-10-25,-0.00070803094,-0.00011185307,-0.00031364628,-0.0001193865,-0.00013637476,-0.0006090468
2019-10-26,-5.5368506e-05,-4.7179517e-05,-4.26266e-05,-8.709315e-05,-5.7904173e-05,-3.6845675e-05
2019-10-27,9.1982394e-05,0.00011601666,8.803541e-05,0.00017215674,0.0001417317,1.2807962e-05
2019-10-28,0.00089001056,0.00071301503,0.00063776557,0.0013059695,0.0006690808,0.00079912326
2019-10-29,4.4897304e-05,6.0127124e-05,-3.605427e-05,0.00013920393,0.000109321285,-5.765898e-05
2019-10-30,-0.0001991263,7.7120836e-05,-0.00026793114,1.8878854e-05,-0.00013700537,-1.1379719e-05
2019-10-31,-0.0017679939,-0.0011448127,-0.001342559,-0.0020913242,-0.0010424278,-0.0016297702
2019-11-01,0.00202208,0.0022239776,0.00142612,0.003574105,0.0015857649,0.0019140699
2019-11-02,7.224157e-05,6.872287e-05,5.889531e-05,0.00010628255,6.920923e-05,3.450779e-05
2019-11-03,-4.4139742e-05,-4.693798e-05,-3.603892e-05,-7.2752395e-05,-4.2403215e-05,-4.052182e-05
2019-11-04,0.0016132382,0.0013147297,0.0008390267,0.002438758,0.0013214839,0.0013036241
2019-11-05,-0.00014558465,1.6931506e-05,-9.12941e-05,-7.89781e-05,-2.7588778e-05,-0.00023082402
2019-11-06,-0.00027289506,-0.00017850836,-0.0003273393,-0.00042071886,-0.0002651448,-0.00016407485
2019-11-07,0.0008162336,0.0006854227,0.00057190756,0.0011831601,0.00071488763,0.00066012423
2019-11-08,-0.0008389722,-0.00092783244,-0.00049635844,-0.0013887959,-0.0005890539,-0.0008917612
2019-11-09,5.9192775e-05,6.847209e-05,5.7850546e-05,9.38753e-05,4.3305048e-05,3.7177284e-05
2019-11-10,0.00013797222,0.00014772452,0.000118172036,0.00022152628,0.000110414105,4.2721156e-05
2019-11-11,-0.0015020582,-0.0012984619,-0.0009924212,-0.0023406527,-0.0011968968,-0.0013288893
2019-11-12,0.0001546214,0.00028363994,5.7559413e-05,0.00050154567,0.00019919346,0.00020838092
2019-11-13,-0.001071392,-0.0008633754,-0.00053425826,-0.0014600264,-0.00071853824,-0.0010938005
2019-11-14,-0.0006691759,-0.00034294341,-0.0003853386,-0.00056825596,-0.00032805197,-0.00047381752
2019-11-15,0.0007124144,0.0009606343,-4.0903928e-05,0.0015791359,0.0005589623,0.0011792373
2019-11-16,-3.742431e-05,-1.7842207e-05,-3.568465e-05,-3.371177e-05,-2.70257e-05,-1.594708e-05
2019-11-17,-2.2058764e-05,-1.5073903e-05,-2.1096273e-05,-1.46381e-05,-7.5244216e-06,-1.1629641e-05
2019-11-18,-0.00049004506,-0.00034706047,-0.00037079558,-0.0005902883,-0.00035215358,-0.00039824928
2019-11-19,-0.00046174525,-0.00029977522,-0.00040468902,-0.0005806431,-0.00032244623,-0.00027929837
2019-11-20,-0.00058920024,-0.0005826506,-6.7832366e-06,-0.001162593,-0.00046042932,-0.00078320265
2019-11-21,-8.073351e-05,-0.00046450732,0.00020090546,-0.00081038504,-0.00021198201,-0.0007255409
2019-11-22,0.0004276321,0.00048631144,0.00019259959,0.00048924505,0.00022238842,0.00056041015
2019-11-23,-0.00032027764,-0.00017339806,-0.00019475026,-0.00030840558,-0.0002004359,-0.00024287138
2019-11-24,0.00064907153,0.0003665133,0.00026637482,0.0005926128,0.00038681334,0.0005336063
2019-11-25,0.00080325006,0.001344181,-5.116654e-05,0.0020308383,0.00067587715,0.001531862
2019-11-26,0.00024186366,0.00030156155,0.00013933693,0.00063609955,0.00016397516,0.0003450807
2019-11-27,0.00018048834,0.00033225966,0.00016498232,0.0005979652,0.0002567083,0.0003650032
2019-11-28,0.00046097778,0.0002120584,0.00017931017,0.00044527015,0.0001895075,0.00043195864
2019-11-29,-0.0015405875,-0.0015885145,-0.000614339,-0.0026018093,-0.0011803642,-0.0019179926
2019-11-30,0.00016015928,6.9966976e-05,2.9703775e-05,6.72954e-05,2.869423e-05,0.00012288136
2019-12-01,6.860194e-05,3.703738e-05,2.8797756e-05,2.3426523e-05,1.3288723e-05,7.213267e-05
2019-12-02,-0.0016598434,-0.0019480219,-0.0006870241,-0.0031456256,-0.0014682502,-0.0019781063
2019-12-03,-0.0015209173,-0.0011030216,-0.0006601473,-0.0021700764,-0.0011637161,-0.0017168066
2019-12-04,-0.00026628954,0.0004920633,-0.00075111125,0.00017779476,-0.00032136656,0.00086858927
2019-12-05,-6.640439e-05,6.634121e-05,-0.0002974415,0.000208538,2.8988048e-05,0.00015462181
2019-12-06,-0.00040400683,0.0005259254,-0.0009098478,0.000526333,-0.000105904066,0.0009403056
2019-12-07,-5.5682417e-06,-2.3428286e-06,-4.7237004e-06,-2.7885674e-06,3.5997073e-06,-8.726889e-06
2019-12-08,-6.260367e-05,-4.118226e-05,-8.773602e-06,-2.7157403e-05,-1.0118408e-05,-5.4050208e-05
2019-12-09,0.00022434685,-0.00012223194,0.00014687472,-0.00020588218,-9.787084e-05,-0.00019564712
2019-12-10,-2.8456669e-05,9.981279e-05,-7.584861e-05,0.00012446709,4.5543566e-05,1.6697635e-05
2019-12-11,8.140693e-05,0.0006556396,-3.0708776e-05,0.0007029625,0.00031136195,0.000511077
2019-12-12,0.0007953557,0.0010044682,0.00018632376,0.001699169,0.000981292,0.0014221714
2019-12-13,0.0008756341,0.0010669393,-0.00012649827,0.0019453848,0.00084170286,0.0014077768
2019-12-14,0.0001618928,0.00010633823,5.1956886e-05,7.811805e-05,1.6728825e-05,0.00016398197
2019-12-15,-1.5316004e-05,-1.09892535e-05,-4.3026625e-06,-6.390408e-06,-6.4301307e-06,-1.0225048e-05
2019-12-16,0.0016537618,0.001918225,0.0007996462,0.002695984,0.0013511734,0.002081446
2019-12-17,0.0013019193,0.0010313389,0.0009300524,0.0010263182,0.00049927627,0.0012584256
2019-12-18,-0.0014381063,-0.0007203971,-7.4044015e-05,-0.00080906745,-0.00031290084,-0.0014703455
2019-12-19,0.000546619,0.00043519156,0.00027650336,0.0007944695,0.00037192297,0.00055251876
2019-12-20,0.0003886824,0.00040955745,0.00051031716,0.00072477676,0.0005438666,0.00038209942
2019-12-21,8.3249426e-05,5.794926e-05,2.5079511e-05,4.0252355e-05,1.7648057e-05,6.323719e-05
2019-12-22,-0.00032102905,-0.00019077073,-3.1996577e-05,-0.00011928247,-1.7510369e-05,-0.00029468688
2019-12-23,0.00029466941,0.00033350632,4.4625853e-05,0.00031172557,6.052229e-05,0.00027092447
2019-12-24,0.00046518975,0.0004456591,0.0003078013,0.00075742626,0.00035673662,0.00039563922
2019-12-25,0.00017292707,8.084806e-05,4.842272e-05,8.8398716e-05,6.2851536e-06,0.00016226135
2019-12-26,0.0015540892,0.0014956852,0.0010405984,0.0027180926,0.0011676548,0.0014244772
2019-12-27,0.00054768595,0.00055338413,0.00038053634,0.0010419345,0.00049162493,0.0005738163
2019-12-28,-7.286464e-05,-4.5318742e-05,-2.0137411e-05,-2.9813335e-05,-4.4154484e-07,-7.7292716e-05
2019-12-29,-9.360831e-05,-3.8512782e-05,3.595536e-05,4.4582815e-05,6.8374175e-05,-0.00012764552
2019-12-30,-0.00086419744,-0.0011542154,-0.0009847061,-0.0019518074,-0.00095358817,-0.00083820673
2019-12-31,0.00026518313,0.00011721933,0.00019341313,0.00016484554,1.9327215e-06,0.00031713044
2020-01-01,0.0006453577,6.778141e-05,5.725003e-05,0.00063148444,0.0003012556,0.00072088133
2020-01-02,0.0016321196,0.0022926924,0.0015611266,0.003502254,0.0014882606,0.0017425981
2020-01-03,-0.002497771,-0.0017740142,-0.0012337803,-0.0034425175,-0.0015354081,-0.0025089805
2020-01-04,-3.4773762e-05,1.6315433e-05,-9.412284e-06,1.0304691e-05,3.632192e-05,-6.0596496e-05
2020-01-05,8.83361e-05,0.000107130385,1.9774792e-05,0.00010584597,9.003567e-05,5.418872e-06
2020-01-06,-0.00146436,-0.00053569814,-0.00041719293,-0.0015583297,-0.000703497,-0.0015593288
2020-01-07,-0.00030474842,-0.00028994895,-0.00031032358,-0.0003983142,-0.00028233038,-0.0001438958
2020-01-08,-0.00095661625,-0.0008115178,-0.00043476286,-0.00139694,-0.000604698,-0.00091237004
2020-01-09,0.00046866038,0.00097190257,1.2071589e-05,0.0013696485,0.00040396335,0.001163935
2020-01-10,5.6159875e-05,0.00031229982,0.00017689253,0.00030512613,0.00012744626,-0.00011452792
2020-01-11,2.976939e-06,2.7724686e-06,9.353485e-07,1.2589923e-05,3.2305256e-06,-2.5062775e-06
2020-01-12,0.00013421499,0.00013821338,9.1257374e-05,0.00022064961,0.00013031774,6.1832216e-05
2020-01-13,0.00067740795,0.00086589967,9.160439e-05,0.0014412409,0.0006243276,0.0009648061
2020-01-14,0.0014472858,0.0014815147,0.0007676604,0.002410108,0.0013084189,0.0012758747
2020-01-15,0.0007587429,0.000630736,0.0003919287,0.0009873258,0.00046703249,0.000612041
2020-01-16,0.0016249936,0.0014091696,0.0007348094,0.0024233197,0.0013298611,0.0017730484
2020-01-17,0.0016717297,0.0017863908,0.0007071511,0.0028824967,0.001351038,0.0019517768
2020-01-18,-9.3349874e-05,-9.911013e-05,7.81088e-06,-0.00017509719,-7.3225434e-05,-0.00010273399
2020-01-19,-0.00029281277,-0.00029331585,-0.000119936245,-0.000537265,-0.00026620415,-0.0002812859
2020-01-20,-0.00013375035,-6.2736246e-05,-1.0521549e-05,-0.00010367805,-9.957207e-05,-0.00017146632
2020-01-21,-0.0012476575,-0.001473272,-0.00010244157,-0.0024389622,-0.0011920034,-0.0017205116
2020-01-22,0.00054416026,0.00038674267,1.793007e-05,0.0008040252,0.00041713842,0.000411484
2020-01-23,-0.00084955856,-0.0010005045,-0.00027884604,-0.0016035365,-0.00069374277,-0.0012741568
2020-01-24,-0.00054038124,-0.0008879779,0.00013740966,-0.001298211,-0.0006074028,-0.0008047016
2020-01-25,-8.077622e-05,-9.49041e-05,-1.0718596e-05,-0.00015804415,-7.4460455e-05,-0.00010359468
2020-01-26,0.00013715768,0.00021733926,2.634613e-05,0.00031813068,0.00014386434,0.0002578543
2020-01-27,-0.00219417,-0.003537302,-0.0007399392,-0.0050815972,-0.0022177882,-0.0039263843
2020-01-28,6.62233e-05,0.0007605819,-0.00026674502,0.0010219121,0.00029989923,0.0009054093
2020-01-29,0.00029269274,0.0003488248,0.00023051641,0.00044394104,0.00013888805,0.00026580537
2020-01-30,0.0016640085,0.0005166571,0.00067414826,0.0015623429,0.0010185431,0.001032043
2020-01-31,0.0020212748,-0.00089693355,0.0015940395,-0.00015412498,0.00038811372,-0.00018572001
2020-02-01,0.00012700916,0.00012882655,8.326791e-06,0.00022787094,0.000107186264,0.00013022136
2020-02-02,8.544889e-05,8.062492e-05,1.2138807e-05,0.00014137072,8.3898274e-05,7.3853385e-05
2020-02-03,0.00054707524,-9.300312e-05,-0.0001033243,0.00027435264,0.0004668072,0.000341847
2020-02-04,-0.003156618,-0.0002763875,-0.002261208,-0.0015553043,-0.0010451062,-0.0015123119
2020-02-05,-0.0020582052,0.00065057364,-0.0012098538,-0.00019177247,-0.0003761375,-0.00065884716
2020-02-06,-0.0005043984,0.0004903255,-0.00029160627,0.0003552026,0.000104278646,-0.00012468401
2020-02-07,0.000971842,8.064622e-05,0.0004928406,0.00050243514,8.930753e-05,0.0005247831
2020-02-08,0.00018997057,0.00018494313,4.8043494e-05,0.0003446089,0.00018236386,0.00021749508
2020-02-09,0.0003551804,0.00034085734,1.1125244e-05,0.00063925964,0.00031139204,0.00041156606
2020-02-10,0.0015116805,0.00085156027,0.0005341292,0.0014471156,0.0007962514,0.0014824334
2020-02-11,6.9885966e-05,0.00077996607,-3.069266e-05,0.0012237052,0.00064178964,0.00037823096
2020-02-12,0.0002980482,0.0013058214,0.00021171873,0.0018863946,0.0010238463,0.00082160457
2020-02-13,-2.2986642e-05,-6.846153e-05,-8.3325154e-05,-0.00015725454,-0.00016608053,-0.0001151751
2020-02-14,0.0007841128,0.00075166806,0.00021897272,0.0013713434,0.000653249,0.0008668913
2020-02-15,-0.000807637,-0.00076874957,-2.555302e-06,-0.0014240164,-0.0006709213,-0.00088502094
2020-02-16,-0.00015219855,-0.00016776973,-1.2462466e-07,-0.00031024442,-0.00014601368,-0.00022480014
2020-02-17,-0.00013559128,-0.000110931076,0.000115461364,-0.00013759742,-4.0464383e-05,-0.00022085593
2020-02-18,-0.00036589347,-0.00010442676,-0.00036451584,-0.00022619012,-0.00024550667,0.000112963455
2020-02-19,0.0011773788,0.00081064645,0.0009917114,0.0015316225,0.00092235697,0.00084346446
2020-02-20,-0.00024436327,-0.0004070157,2.9577139e-05,-0.00077363383,-0.00043782027,-0.0002941642
2020-02-21,-0.0005331071,-0.00063468714,-0.00024330147,-0.0010579772,-0.00052108016,-0.0002504725
2020-02-22,-3.1388012e-05,-4.610302e-05,-1.4036826e-06,-7.645645e-05,-3.137437e-05,-6.9045585e-05
2020-02-23,-1.0693364e-05,0.00013539998,1.3697671e-06,0.00016330968,5.659107e-05,0.0002443993
2020-02-24,-0.003865422,-0.0054573882,-0.0019264182,-0.008742673,-0.004074802,-0.0041643023
2020-02-25,0.00029329612,-0.0015435546,0.00046663205,-0.0012781777,0.00022790584,-0.00054960634
2020-02-26,0.001223599,-4.8047423e-05,0.00034882766,0.0003041659,0.00037562015,0.00038419143
2020-02-27,0.0049260906,0.0004224439,0.002285721,0.0026129114,0.0029356354,0.00339509
2020-02-28,0.002587593,0.0003691585,0.0017892077,0.0014755147,0.0017967062,0.001753793
2020-02-29,7.938246e-05,1.23786585e-05,3.8173607e-06,6.210623e-05,4.6491776e-05,1.0435093e-05
2020-03-01,3.106528e-05,-1.0446833e-05,3.3832969e-06,2.319136e-05,3.196947e-05,-3.563935e-05
2020-03-02,-0.0028142307,-0.00033217366,-0.00041313947,-0.0009430684,-0.0007648099,-0.0023482214
2020-03-03,0.00047780393,0.00042822852,0.00044404896,0.0005314996,7.4332056e-05,0.00045031868
2020-03-04,-0.0027986842,-0.00042151622,-0.00058374257,-0.0010139546,-0.0005041073,-0.0023463415
2020-03-05,0.0027232408,0.0007589224,0.0006822479,0.0012947745,0.00045655714,0.0022668056
2020-03-06,0.005668914,0.0021568907,0.0014067334,0.004291846,0.0020827989,0.004958318
2020-03-07,9.2537455e-05,-6.2964e-05,1.6619944e-05,-4.8860416e-06,1.2776992e-05,-2.8337507e-05
2020-03-08,0.00048260757,-9.7907305e-06,6.0224207e-05,0.00015633882,0.00013997585,7.503202e-05
2020-03-09,0.015198417,0.0034261083,0.00190546,0.0069432715,0.0034754495,0.012620434
2020-03-10,-0.0052924342,-0.0016663388,-0.0012853899,-0.0032480012,-0.0012802785,-0.004652827
2020-03-11,0.0036145903,0.00032219288,0.00012192793,0.00021767736,-2.4598014e-05,0.0031084884
2020-03-12,0.01353565,0.0023246547,0.0006703101,0.0029855089,0.0015440916,0.011606433
2020-03-13,-0.0029278796,-0.0005016759,-3.6913052e-06,0.0003019374,0.00029413812,-0.0023609612
2020-03-14,0.00024387825,7.934077e-05,8.801689e-06,0.00018400136,8.6641274e-05,0.00021780792
2020-03-15,-0.00016348643,-5.3831078e-05,-5.602742e-06,-0.00010097444,-4.7511625e-05,-0.00014994519
2020-03-16,0.009878038,0.0021975238,0.00049077027,0.0026470192,0.000916276,0.009221173
2020-03-17,-0.0002874831,0.0001975477,9.409945e-05,0.0010379468,0.00078534463,-0.0002032995
2020-03-18,0.006043982,0.0012714087,9.189804e-05,0.0015585269,0.00070316705,0.0055513964
2020-03-19,0.001284722,0.0004168578,-3.7783233e-05,0.0023880352,0.0012244311,0.0014553785
2020-03-20,-0.0007699203,6.2035986e-05,0.00018284822,9.935567e-05,1.0849906e-05,-0.00067527365
2020-03-21,-2.0502946e-05,-2.408908e-06,-7.1241067e-07,-5.5486203e-06,-2.217812e-06,-1.6015847e-05
2020-03-22,0.0001543021,2.587676e-05,-1.0338427e-05,1.1458378e-05,2.101434e-06,0.00012980684
2020-03-23,0.0028107539,0.0010890851,4.7975132e-05,0.0014364584,0.0005658796,0.0027829194
2020-03-24,-0.0067237867,-0.0013331654,-7.795532e-05,-0.0015263113,-0.000608593,-0.0061160084
2020-03-25,-0.0040303357,-0.0010396815,-6.0488295e-05,-0.0017674312,-0.00084319175,-0.0035826254
2020-03-26,-0.002214234,-0.00056913274,-0.00019590514,-0.00074755726,-0.00031561477,-0.0014837247
2020-03-27,-0.00042057908,-0.00053033646,-0.00019914946,-0.0014662587,-0.00082664815,-0.00066199113
2020-03-28,1.646636e-05,-4.1623275e-06,-3.307601e-06,1.0872642e-05,-4.408006e-06,2.6522457e-05
2020-03-29,5.1957042e-05,-4.898887e-06,-8.394462e-06,5.1532734e-05,-1.2970932e-05,0.00010424275
2020-03-30,-0.0004222469,6.892643e-05,-7.393346e-05,-0.00014815762,-0.0001364744,-0.00020631085
2020-03-31,-6.34755e-05,6.709662e-05,6.000978e-05,0.00011293668,6.647148e-05,-6.49464e-05
2020-04-01,0.0011315948,4.0352552e-05,-4.9074406e-06,-0.0001972728,-0.00015268943,0.0010073434
2020-04-02,-0.00047553293,6.318248e-05,5.590265e-05,0.00031671676,0.000305835,-0.00031062873
2020-04-03,0.00018373491,-0.00013839803,-2.6035495e-06,-0.00012700583,-7.643661e-05,0.0001436706
2020-04-04,1.0680975e-05,1.2773417e-05,3.566476e-06,2.1708962e-05,1.4192387e-05,-2.034359e-05
2020-04-05,-8.433124e-06,-8.530913e-06,-1.2885249e-06,-2.0431577e-05,-7.3175947e-06,-5.842362e-06
2020-04-06,-0.0011356341,0.0002560624,1.224466e-06,0.00011949247,0.00032398995,-0.0014305868
2020-04-07,-0.00212689,-0.0006081276,-0.00018992428,-0.0013255867,-0.0004677784,-0.0023035975
2020-04-08,-0.0003006375,4.572713e-05,2.0772097e-06,-0.00027776737,-6.146786e-05,-0.0007157735
2020-04-09,-2.4609031e-05,0.0002839629,1.0276387e-05,0.00013902446,0.00022338108,-0.00038665693
2020-04-10,-0.00045776507,-0.00028357186,-0.00013344779,-0.0007383607,-0.00027183295,-0.00045964264
2020-04-11,1.9073796e-05,1.1464932e-05,6.9870557e-06,3.4099234e-05,1.2287265e-05,9.223353e-06
2020-04-12,4.038194e-05,2.8163557e-05,2.3639539e-05,8.471408e-05,2.3038687e-05,5.8257883e-06
2020-04-13,-0.000117620904,-0.00016573918,6.6209227e-06,-0.00022084366,-8.0902646e-05,8.7297805e-05
2020-04-14,0.00057402265,0.00036988783,3.404433e-05,0.0005931453,0.00035782918,-6.4572494e-05
2020-04-15,-0.0004024975,-0.00030363933,-5.7392073e-05,-0.00047498994,-0.00028976233,0.0006159338
2020-04-16,-2.655117e-06,0.00019965459,-1.9305955e-05,0.00033417696,-0.000109853725,0.0004758507
2020-04-17,0.00039367846,0.00019118928,2.537943e-05,0.0003535683,0.00023713798,-0.00086506247
2020-04-18,0.00010090839,8.086292e-05,4.9547314e-05,0.0002289834,6.848098e-05,3.1150477e-05
2020-04-19,-6.9936286e-05,-5.407569e-05,-3.2552107e-05,-0.0001475206,-5.4984874e-05,-3.371142e-05
2020-04-20,-0.00025134336,-0.00011857491,-4.3553187e-05,-0.00044367858,-0.00018859455,0.00032085547
2020-04-21,-0.0005149133,-0.0004224594,-0.00035677172,-0.00086659985,-0.0005071432,0.00082875637
2020-04-22,0.00037030637,0.00038320728,0.00011349318,0.0007187673,0.0002134642,-6.0932198e-05
2020-04-23,0.00015466473,0.00010522849,0.000118720396,0.00035281412,0.00015557733,-1.1135024e-05
2020-04-24,0.00031737646,5.3329866e-05,8.0140846e-05,0.00020688996,6.23867e-05,6.189359e-05
2020-04-25,3.7341553e-05,2.7108248e-05,1.565264e-05,7.2602896e-05,3.0092086e-05,2.8603856e-05
2020-04-26,0.000121146775,7.9621146e-05,5.8067806e-05,0.00023566771,0.000104370214,0.00010635754
2020-04-27,0.0006038283,0.00040877142,0.00017466153,0.00072735216,0.00027691084,-4.0911777e-06
2020-04-28,0.00032631084,0.0003391628,0.00017620194,0.00056485506,0.00029146555,-0.00010098286
2020-04-29,0.0008085826,0.0005496749,0.00044068022,0.0015808961,0.00078792963,-8.0942766e-05
2020-04-30,-0.0017710036,-0.00093545736,-0.0004497449,-0.0019344004,-0.00075752375,-0.0015699288
2020-05-01,-0.0011103654,-0.0003713995,-0.00037174133,-0.001155697,-0.00059351005,-0.00039992496
2020-05-02,0.00013036377,8.985668e-05,4.4742308e-05,0.00024530702,0.00011272702,0.00013347472
2020-05-03,-0.00015304472,-0.00011412645,-3.3989625e-05,-0.0002741073,-0.00012930276,-0.00014211623
2020-05-04,-0.0008953406,-0.00025071163,-0.0005337302,-0.0007880258,-0.0005814841,-0.00021562663
2020-05-05,0.00041977502,0.0002122004,0.00021151971,0.0006444495,0.00033284246,-8.282034e-05
2020-05-06,-0.000112832764,-0.00020414281,-4.207521e-05,-0.00040986395,-0.000212779,-2.196302e-06
2020-05-07,0.0005605383,0.000594037,9.439029e-05,0.0012323569,0.00043564892,0.0006408966
2020-05-08,0.00027011088,0.0002205488,0.0002489833,0.000581439,0.00021182177,-0.00034510085
2020-05-09,-4.0879408e-05,-2.7854288e-05,-4.597869e-07,-7.4688265e-05,-3.527513e-05,-3.38724e-05
2020-05-10,-0.00046654194,-0.00038392516,-3.3054555e-05,-0.0007997694,-0.00038678193,-0.00044150717
2020-05-11,-0.00049231254,-0.0003701566,-0.00010612096,-0.0007118628,-0.00031933034,-0.00050919125
2020-05-12,-0.00047035454,-0.00012930823,-0.000307655,-0.0005282519,-0.00031420455,-9.056305e-05
2020-05-13,-0.0005610616,-0.0004209824,-0.00031379217,-0.0009679439,-0.0005190096,-8.09395e-05
2020-05-14,-0.00033133305,-5.4539374e-05,-0.00025900433,-0.0002520322,-0.00018747627,-5.4457178e-05
2020-05-15,0.00015879895,0.00015975836,0.000107973276,0.00016084328,0.00015902935,-7.531291e-05
2020-05-16,-5.2791816e-06,1.3880139e-05,-5.0362896e-06,2.4170395e-05,4.071885e-06,3.199939e-05
2020-05-17,5.1292054e-06,1.8968598e-05,-5.465416e-06,3.328677e-05,1.0912766e-05,2.6307898e-05
2020-05-18,-0.00012371373,0.00023647197,-0.00017617912,0.0006361589,7.890945e-05,-0.00026520164
2020-05-19,-0.00034730879,-9.335196e-05,-0.00019880354,-0.00026876078,-0.00016018764,-0.00044777917
2020-05-20,0.00011334893,0.00036096133,0.00013006608,0.00052696856,0.0002770066,7.5993994e-05
2020-05-21,-0.00043564037,-0.0005877315,-0.00025353205,-0.00092780724,-0.000473687,-0.0005475051
2020-05-22,-0.0004174722,-0.00028523893,-0.0003016941,-0.0005247205,-0.0003355916,-0.0002087551
2020-05-23,-2.0204034e-05,-1.777205e-05,-5.2779724e-06,-2.9188846e-05,-1.4403129e-05,-7.972686e-06
2020-05-24,-2.8592554e-05,-6.176644e-05,1.6857475e-05,-0.00012153406,-4.8963142e-05,-0.00013947111
2020-05-25,-3.6473753e-05,9.809605e-05,-4.3045507e-05,0.00013635676,3.1959655e-05,7.287236e-05
2020-05-26,0.00047366618,0.00059335906,0.00015607775,0.0010014584,0.0006193737,0.00021921031
2020-05-27,0.0006263955,0.00034622877,0.0002181042,0.0007429436,0.00051676494,0.00046148183
2020-05-28,0.00019156265,0.0002224604,0.00021589424,0.0003645244,0.00027434275,0.00026807978
2020-05-29,2.1769056e-05,6.740912e-05,0.00011497564,0.00015517115,9.26485e-07,8.09089e-05
2020-05-30,0.00020587888,0.0002167627,-1.5597885e-05,0.00038674282,0.00019322,0.00033275498
2020-05-31,-0.0002130701,-0.00019968383,-5.027293e-05,-0.0003174158,-0.00017053292,-0.00022331915
2020-06-01,0.0011899857,0.0010474166,0.00047608308,0.0018283564,0.0009790089,0.0012116415
2020-06-02,0.0009956162,0.0005572995,0.000358646,0.0011569525,0.0007542963,0.0007948668
2020-06-03,0.0024582797,0.0013661744,0.00085072056,0.0029363125,0.0018246919,0.0019158112
2020-06-04,0.0003836058,0.00016587612,0.00029026772,0.0003748385,0.00027825145,0.00019719543
2020-06-05,0.0020582513,0.0013189635,0.00065484893,0.0029100834,0.0015257392,0.0017930233
2020-06-06,-2.9144188e-05,-2.7518063e-05,-1.8435798e-05,-3.6546022e-05,-2.5541334e-05,-1.5882606e-05
2020-06-07,5.0321647e-05,4.6304132e-05,1.1553165e-05,7.9005134e-05,4.4124616e-05,3.905429e-05
2020-06-08,0.0015608553,0.0009516825,0.00052853604,0.0020121385,0.0010219383,0.0014095748
2020-06-09,-0.0010340055,-0.00066432875,-0.0003615454,-0.0015272358,-0.0007880229,-0.00082478137
2020-06-10,-0.0011165747,-0.00032416737,-0.000114340146,-0.001026597,-0.00059152296,-0.0008506416
2020-06-11,-0.005379965,-0.0040640915,-0.0011537707,-0.008266911,-0.003912192,-0.004821902
2020-06-12,-0.0006132634,5.721317e-05,-0.00048328863,-0.0001305608,-0.00021766995,-0.00030782702
2020-06-13,1.1609487e-05,1.6445396e-05,2.9932278e-06,2.751835e-05,1.2954934e-05,1.811152e-05
2020-06-14,-2.7126549e-05,-4.6797584e-05,1.1309004e-05,-9.150211e-05,-3.65547e-05,-7.722422e-05
2020-06-15,-0.00018141036,-0.00019449409,-6.709027e-05,-0.00035903795,-0.00018650184,8.772297e-05
2020-06-16,0.0011967976,0.00093996804,0.00026128933,0.001839757,0.0006815128,0.0013680785
2020-06-17,-0.00035214244,-2.6372401e-05,-0.00011191804,-0.0002594329,-0.00017238842,-0.00026689467
2020-06-18,-0.00010562148,-8.542814e-05,7.2436844e-05,-0.00025854094,-0.00011941826,-0.00023008358
2020-06-19,0.00020230676,0.00018926787,0.000101326485,0.00023175057,0.00012427609,0.0002695033
2020-06-20,-3.655002e-05,-1.2924371e-05,-2.7996446e-05,-1.7402917e-05,-1.7282833e-05,-7.1357636e-06
2020-06-21,3.126155e-05,1.487073e-05,1.7060347e-05,1.29357395e-05,1.3003394e-05,1.6440825e-05
2020-06-22,-9.187938e-05,6.480346e-05,-0.00014140808,0.00014772247,1.5307938e-05,7.54695e-05
2020-06-23,0.0005222887,0.00045389845,4.7794187e-05,0.00092812255,0.00035237035,0.00079765054
2020-06-24,-0.0007892856,-0.0009152401,2.8946586e-05,-0.001972615,-0.00084465323,-0.0014072491
2020-06-25,-9.648628e-05,9.615691e-05,8.831579e-05,-1.05666095e-05,-4.521466e-05,-4.5185683e-05
2020-06-26,0.00021075782,-0.00014860192,0.00024741786,-0.000329564,-0.00011943472,-0.00029532623
2020-06-27,0.0001513004,2.1138694e-05,0.00013599693,-2.760922e-05,2.1924468e-05,7.2125746e-05
2020-06-28,-3.724097e-05,1.515727e-05,-5.2442734e-05,2.7215025e-05,-6.8450618e-06,-1.308199e-05
2020-06-29,-0.0005811687,-0.00022105216,-0.0002077582,-0.00013101772,-0.00015058566,-9.396929e-05
2020-06-30,-0.00024212617,0.00015492522,-0.0003112387,0.00023567471,3.5181853e-05,0.00027536767
2020-07-01,-0.00030177014,0.000101695136,-0.00036940625,0.00012215611,-3.007182e-05,7.0388014e-05
2020-07-02,5.298256e-05,0.00042746172,-0.00016858925,0.0006076319,0.00027362554,0.00057040504
2020-07-03,0.00018507878,0.00010397842,5.2280593e-06,0.00020091984,8.681401e-05,0.00018992437
2020-07-04,-3.949476e-05,5.1474153e-06,-1.9637753e-05,3.5371722e-05,1.4037876e-05,-1.2956254e-05
2020-07-05,-4.2658144e-06,-2.90949e-05,1.0394966e-05,-4.5874185e-05,-2.0905776e-05,-3.0226303e-05
2020-07-06,0.0006038115,0.0010785336,1.3187516e-05,0.0022136413,0.0010973797,0.0016570261
2020-07-07,0.000116267,4.19789e-05,4.1841163e-06,2.084711e-05,-5.2023344e-05,-0.00013760438
2020-07-08,0.0010009699,0.0011477527,0.0003665183,0.0016721607,0.0009737958,0.0010452499
2020-07-09,-0.0001183015,-0.00020826116,-3.205204e-05,-0.0001880189,-0.00016726828,-0.0002366644
2020-07-10,-0.00046648667,-0.0002729196,-0.00030807478,-0.00053294655,-0.0002514505,-0.00024830172
2020-07-11,0.00018100638,0.00017193839,5.486724e-05,0.00026072204,0.00012852928,0.00013962369
2020-07-12,0.00019993598,0.00018677644,1.1871141e-05,0.00027902654,0.00012878996,0.0001995946
2020-07-13,-0.00023272987,-0.0001736528,-0.0001586447,-0.00022578225,-0.00015850249,-0.0001061409
2020-07-14,9.3646966e-05,0.00026223765,-6.7206696e-05,0.0003329598,0.00014620682,0.000330125
2020-07-15,0.0004284582,0.0004782988,-2.205362e-05,0.00072498294,0.00044012308,0.00079894986
2020-07-16,-0.0010924815,-0.0008381201,-0.00028138535,-0.0014722339,-0.0007499972,-0.0010357487
2020-07-17,0.0006801152,0.0005838036,0.0002022026,0.0009843056,0.0005176737,0.0006720699
2020-07-18,-8.9424575e-06,1.1184468e-05,2.0230293e-05,2.2646213e-06,1.2087401e-05,-2.3310693e-05
2020-07-19,2.3067822e-05,3.1035917e-05,2.8679142e-05,5.220401e-05,1.9594854e-05,9.014251e-07
2020-07-20,0.0005227403,0.00022329192,7.094884e-05,0.00059293135,0.0002659726,0.00075496134
2020-07-21,0.0014287209,0.0012194819,0.0006430594,0.002100832,0.0010804313,0.0014684453
2020-07-22,0.0013194741,0.00079677365,0.0004717181,0.0016287855,0.0007955837,0.0012847629
2020-07-23,-0.0001925773,-6.5382985e-05,7.045291e-05,-0.00022448017,-0.0001247624,-0.00019104242
2020-07-24,-0.00073440984,-0.000587785,3.968511e-05,-0.001126288,-0.00053843454,-0.00080268923
2020-07-25,0.0005275646,0.0005502122,0.00025727347,0.0009096332,0.00044516832,0.0005167256
2020-07-26,0.0001370743,0.00010039285,2.5172849e-05,0.00017605859,8.803109e-05,0.0001279955
2020-07-27,0.00169978,0.0012693355,0.0008991423,0.0026248607,0.0012637742,0.001706012
2020-07-28,0.0006619237,0.00038924135,0.00037179122,0.00080619846,0.0004071714,0.00065639155
2020-07-29,0.00054056663,0.0006163848,0.00020614796,0.0010626026,0.0005189573,0.00057558727
2020-07-30,0.00040990405,-4.019982e-06,0.0003972073,0.00016251787,0.00013800048,0.0002295829
2020-07-31,0.0009880929,0.0005215412,0.00038422266,0.0012652437,0.000694846,0.0008388302
2020-08-01,0.0007522347,0.00074977183,8.47013e-05,0.0013843661,0.0006115084,0.0008173048
2020-08-02,-0.0006301657,-0.0006141448,-7.9063386e-05,-0.0011456931,-0.00050613045,-0.0006477082
2020-08-03,-0.00018710706,0.00056337845,-0.00034712,0.00058581436,0.00018997649,9.096269e-05
2020-08-04,0.0006986111,0.00083361607,0.00014660378,0.0014447599,0.00060623424,0.0007849574
2020-08-05,0.001037962,0.00081972795,5.209314e-05,0.0016684434,0.00069800456,0.0011449704
2020-08-06,0.0014725048,0.00084460306,0.00055680063,0.0019015417,0.00094718265,0.0013692031
2020-08-07,-0.0010804107,-0.0009199545,-0.00025538896,-0.0018083217,-0.00077113893,-0.0011816832
2020-08-08,0.00036309197,0.00034798917,7.037943e-06,0.000588145,0.00023966479,0.0003616928
2020-08-09,-1.6707249e-05,-1.6260787e-05,-2.1428277e-06,-3.8738654e-05,-2.2700902e-05,-1.563967e-05
2020-08-10,0.00016540212,0.00039594236,-6.6485074e-05,0.0005975143,0.00028403543,0.00016329087
2020-08-11,-0.0022790025,-0.0017619977,-0.000566508,-0.0033228612,-0.0014515972,-0.0022511126
2020-08-12,0.00087503344,0.00089245796,-0.00016664795,0.0017579579,0.0008085759,0.00094986765
2020-08-13,0.0004190763,0.00034480362,-5.045514e-05,0.0007524753,0.000278356,0.0005308745
2020-08-14,3.3969667e-05,-8.531289e-05,1.21559915e-05,-9.9326426e-05,-5.3830452e-05,-3.3770048e-05
2020-08-15,7.2687195e-05,0.0001047035,-1.6410104e-05,0.00013805,5.095295e-05,0.00013539704
2020-08-16,0.00023627511,0.00025872284,3.4661864e-06,0.00034998724,0.000169092,0.00029033772
2020-08-17,0.00089882594,0.0009249806,0.000136869,0.0016211476,0.00067739154,0.0012746685
2020-08-18,-0.00020913042,-2.6903344e-05,-4.2582007e-05,-0.00019808952,-0.00024228498,2.096638e-05
2020-08-19,-0.0011121004,-0.0010842922,-0.00021529164,-0.0017607909,-0.00078629743,-0.0013023986
2020-08-20,-0.0010247304,-0.00046775452,-0.0004790487,-0.001167857,-0.00064424693,-0.000973914
2020-08-21,-6.525917e-05,-0.00041810088,7.5662705e-05,-0.00033655163,-0.000104866565,-0.00018442894
2020-08-22,7.41454e-05,0.00011006229,-1.1545818e-05,0.00017325507,5.2769818e-05,0.000152585
2020-08-23,-3.1348234e-05,-5.159553e-05,9.9723065e-06,-6.708559e-05,-2.0193398e-05,-6.590408e-05
2020-08-24,7.187561e-06,0.00042972498,-0.0002459074,0.0007891747,0.00032091097,0.00024050252
2020-08-25,0.00043752335,0.00027295703,0.000196329,0.0005609852,0.0003027857,0.00024461973
2020-08-26,0.0007154988,0.00051268016,0.00011266472,0.0010667219,0.00046099178,0.0008943239
2020-08-27,2.0353258e-05,3.4760422e-05,0.00013312123,-0.00019521317,-2.9607807e-05,-0.00018507545
2020-08-28,0.00072594,0.0009563908,1.5643946e-05,0.0016605688,0.0006577087,0.0012755262
2020-08-29,-3.7402817e-05,5.719966e-06,-2.0578507e-05,1.5662865e-05,-4.867361e-06,2.8310985e-06
2020-08-30,5.108565e-06,0.00010153784,-6.158823e-05,0.00011640459,1.9194777e-05,0.00020651496
2020-08-31,-0.00014270695,-0.00031588678,0.00020717118,-0.0005928861,-0.00027571837,-2.890008e-05
2020-09-01,0.00071405555,0.00082539674,-9.774991e-05,0.0015136757,0.000613528,0.0011155253
2020-09-02,0.0002603759,2.5872403e-05,1.6099659e-05,0.00053697627,0.00034696335,-2.6619286e-05
2020-09-03,-0.0027055691,-0.0022163545,-9.943098e-05,-0.0043157726,-0.0019308892,-0.0033980943
2020-09-04,-0.0013894638,-0.0007779297,-0.00074880716,-0.0017847801,-0.00097028154,-0.0012578387
2020-09-05,0.00021764346,1.0052021e-05,0.00011261807,1.5111724e-05,0.00013487117,-5.9037327e-05
2020-09-06,-0.00023313992,-7.4009324e-05,-7.406211e-05,-0.00017300491,-0.0001747898,-4.5688845e-05
2020-09-07,0.00015889158,-1.5490426e-05,8.057161e-05,0.0002487136,0.00014747682,7.6555334e-05
2020-09-08,-0.000953813,-0.0011815123,1.1721661e-05,-0.0020084379,-0.0008152857,-0.0016401095
2020-09-09,-0.0013077093,-3.277273e-05,-0.0009800459,-0.00043228545,-0.0005340452,-0.00041882656
2020-09-10,0.0009401772,8.5405045e-05,0.000727405,0.00059156655,0.00035090905,0.00037259882
2020-09-11,0.0003508222,0.00036020068,7.426513e-05,0.000719483,0.0004227215,0.00026435047
2020-09-12,-2.8145962e-05,2.1157766e-05,-1.4375378e-05,2.4276083e-05,7.98557e-06,2.7921746e-05
2020-09-13,0.0001471828,5.990536e-05,3.5126126e-05,7.574074e-05,4.779152e-05,5.6395325e-05
2020-09-14,-0.00056586385,0.00012345622,-0.00029596486,0.0001261491,-7.4685566e-05,0.00033997098
2020-09-15,-0.00047120923,-7.666601e-05,-0.00021836926,-0.00025828116,-0.00018485845,-0.00011990426
2020-09-16,-0.00014873172,1.703183e-06,-0.0001453475,-6.0678496e-05,-1.93962e-05,-0.00024522495
2020-09-17,5.1808067e-05,-0.00010495851,4.1356514e-05,-0.000149382,-6.911321e-05,-0.00020259389
2020-09-18,0.00039934786,6.790581e-05,7.88264e-05,0.00022708603,1.2954985e-05,0.000165762
2020-09-19,1.2765718e-05,1.8458031e-05,1.796505e-05,2.343462e-05,1.29253995e-05,1.08694985e-05
2020-09-20,2.2565993e-05,-4.1020514e-05,-2.087845e-05,-6.482938e-05,-4.2082018e-05,-1.7404078e-05
2020-09-21,-0.0008290538,-0.0018731027,-5.128308e-05,-0.002857132,-0.0014098247,-0.0019117405
2020-09-22,-0.00033511588,-0.00014637221,-4.615291e-05,-0.00022574101,-5.6186513e-05,-0.00045859924
2020-09-23,0.0009787319,-6.0102437e-05,0.00074497017,1.3181439e-05,0.00024745913,-5.9989787e-05
2020-09-24,-0.0009301727,-0.00046647326,-0.00024006683,-0.000793335,-0.00024045068,-0.0011107095
2020-09-25,-0.00096097647,-0.000229338,-0.00044575488,-0.0003827283,-0.0001888981,-0.0006459444
2020-09-26,-6.0652823e-05,-2.6377986e-05,-3.8928324e-06,-5.8852518e-05,-4.286399e-05,-5.8986257e-05
2020-09-27,4.979693e-06,2.8339005e-05,5.1902375e-06,2.7162983e-05,1.8228533e-05,-6.9146506e-07
2020-09-28,-0.0017020893,-0.00034370893,-0.0010958127,-0.0007302701,-0.0006839602,-0.00095590996
2020-09-29,-0.00016617036,0.00010568392,2.3897952e-05,-2.4548937e-05,-0.00012026258,-0.00026866762
2020-09-30,-0.0006576835,0.00020524363,-0.00070719054,3.8550865e-05,-0.00016168116,-4.6350855e-05
2020-10-01,-0.00093602017,-0.00039280404,-0.00068273064,-0.00067825365,-0.00037514424,-0.00051160256
2020-10-02,0.00014530138,-0.00013096686,0.00024118072,-0.00032122753,-0.00015851969,-6.8353183e-06
2020-10-03,1.8106886e-05,2.6877979e-05,8.4315263e-07,4.4965844e-05,2.4052344e-05,3.1030464e-05
2020-10-04,-3.715267e-05,1.8254665e-05,2.423302e-06,3.680752e-05,1.10517185e-05,-4.9947215e-05
2020-10-05,-0.00078650354,0.00032262792,-0.0007338766,0.00039417075,0.00026608768,-0.00010334652
2020-10-06,-0.00048770243,-0.0004238624,-0.00065748015,-0.0005863803,-0.00032796987,-0.00072627695
2020-10-07,0.000805358,0.0009915561,0.0005844245,0.0013335075,0.00072073843,0.0010214052
2020-10-08,0.0001075238,0.0006643503,0.00024338835,0.0010154537,0.00061057974,0.00034122277
2020-10-09,0.00031489987,0.000919893,0.00012274363,0.0012429735,0.0005758942,0.00064590987
2020-10-10,5.1022853e-05,7.011957e-05,4.0954972e-05,7.727334e-05,5.200085e-05,3.3791344e-05
2020-10-11,0.00012690706,0.00013416467,5.066811e-05,0.00019468233,0.00011338131,9.275832e-05
2020-10-12,0.00024039019,0.0004738304,0.00028634974,0.00063641893,0.00025542534,0.00036769043
2020-10-13,-0.00086893735,-0.0008788214,-0.00072811823,-0.0014456958,-0.00074687065,-0.00092091697
2020-10-14,-0.0006839267,-0.00036211638,-0.00054376276,-0.0008787538,-0.00049108773,-0.00038125407
2020-10-15,-0.00053095014,-0.000721079,-0.0007566685,-0.0012958212,-0.00058134185,-0.00055355194
2020-10-16,-0.0002694624,-0.00021195435,-0.000109958484,-0.000420396,-0.00029314024,-0.00016618078
2020-10-17,2.3748591e-05,2.7027712e-05,1.1496022e-05,3.2401203e-05,1.4045313e-05,6.793475e-06
2020-10-18,4.2493655e-05,5.4323322e-05,3.0890882e-05,8.1297825e-05,3.657103e-05,5.0204584e-05
2020-10-19,-0.00019728566,-0.00036037396,-0.00016860338,-0.0005867869,-0.00013965045,-0.00026553354
2020-10-20,0.00069768133,0.0005131109,0.0005151183,0.0009279923,0.0004903942,0.000546581
2020-10-21,0.00048738113,0.00024921895,0.0004030443,0.000475931,0.00029729967,0.0004908992
2020-10-22,-0.00016215813,0.00020015611,-0.00025772877,0.00014154137,-4.7027224e-06,-0.000111162946
2020-10-23,-0.00013748022,0.00027943635,-0.00029766402,0.00017938904,-8.644332e-05,4.812213e-05
2020-10-24,0.0001469855,0.00014591028,0.000108267064,0.00024025598,0.00012969259,0.00013495925
2020-10-25,-7.562288e-05,-8.268819e-05,-6.7633446e-05,-0.00014185763,-7.158729e-05,-7.970886e-05
2020-10-26,-0.0013291979,-0.0017165022,-0.0009529155,-0.0024869891,-0.0009987088,-0.0013934278
2020-10-27,-0.00025716325,-0.00025181248,-7.3046365e-05,-0.00040841103,-0.000155296,-0.0003239487
2020-10-28,-0.0006607543,-0.0021406002,0.00015695913,-0.0023963426,-0.0004781776,-0.0011667133
2020-10-29,-0.0003626372,-0.00044676685,-0.0003554554,-0.000686506,-0.00041025132,-0.00023692894
2020-10-30,0.00026975284,-0.00025766034,0.00026356408,-0.00015945206,0.0001595457,-2.6632222e-05
2020-10-31,2.669423e-05,4.3367712e-05,3.2384885e-06,7.696927e-05,3.6400488e-05,4.3596996e-05
2020-11-01,-1.0565079e-05,1.4584701e-05,4.9370265e-06,1.2512666e-05,-1.1314573e-05,2.1395863e-05
2020-11-02,-0.0016849699,-0.0005544668,-0.0012721568,-0.0017587143,-0.001307498,-0.0010806912
2020-11-03,-0.0028803907,-0.0006949143,-0.0021840923,-0.0026259203,-0.0022525336,-0.001734571
2020-11-04,-0.0023912846,-0.00028079,-0.0019905702,-0.0012971304,-0.0012724855,-0.0014062242
2020-11-05,-0.00075506006,0.00067257613,-0.00067218783,0.0005062988,-0.00012243238,0.00031079372
2020-11-06,4.826244e-05,-5.8341364e-05,0.00025085447,3.4173787e-05,3.463508e-05,0.00024095856
2020-11-07,-0.00018304604,-0.00024844034,-4.4640434e-05,-0.00034525665,-0.00017644936,-0.00030305967
2020-11-08,0.0001129574,0.0001693221,4.3571155e-05,0.00024662347,0.00011306275,0.00021386828
2020-11-09,0.00015515483,0.00069897814,0.0002435181,0.001428068,0.0008140101,0.00019034297
2020-11-10,0.00089290336,0.001177364,0.0006993633,0.0018338641,0.0011996403,0.0009050948
2020-11-11,0.00063087966,0.0006381262,0.00045989393,0.0011657861,0.0006262774,0.00061642093
2020-11-12,-0.0014849171,-0.0015999742,-0.001202537,-0.0023909358,-0.0012639707,-0.001595069
2020-11-13,0.0007276941,0.001206328,0.00041105837,0.0015417847,0.00069706974,0.00090453954
2020-11-14,-0.00012209771,-0.00011643883,-2.6802705e-05,-0.00018284308,-0.00010048267,-0.00010875173
2020-11-15,-8.043832e-05,-9.456114e-05,-2.4499726e-05,-0.0001492075,-7.997004e-05,-0.00012747379
2020-11-16,0.0032689786,0.0029496176,0.0021763218,0.0052008405,0.00293678,0.003249583
2020-11-17,0.0009390597,0.0007804832,0.00047401772,0.0015283084,0.00083932636,0.00092920545
2020-11-18,-0.0006027685,-0.00044758714,-0.00019252434,-0.0008439734,-0.0005045599,-0.00044014805
2020-11-19,0.00019324254,4.8901064e-05,4.4368597e-05,0.00010614585,0.00011629997,7.439025e-05
2020-11-20,0.0002448127,0.0004934801,-1.6404807e-05,0.00073809514,0.00036545927,0.0003243889
2020-11-21,0.0014776755,0.0014528782,0.00053047057,0.0022523834,0.0011731667,0.0013292684
2020-11-22,-0.00035436687,-0.00032939788,-0.00012001136,-0.00051519857,-0.00028137778,-0.00033839155
2020-11-23,0.0024331482,0.0021611517,0.00092186616,0.0038054974,0.0019509712,0.0023844903
2020-11-24,0.0033064256,0.00330491,0.0015530009,0.0058098175,0.0028904527,0.0033930994
2020-11-25,-0.0005306117,-0.0007494966,0.00011170394,-0.0010908627,-0.00046363092,-0.0005952809
2020-11-26,-0.0006633529,-0.0007758868,-0.0003180539,-0.0012321736,-0.00055975764,-0.0006685769
2020-11-27,0.0009144892,0.000958202,0.00032862066,0.0015860512,0.0006719537,0.0010039062
2020-11-28,0.0002363113,0.00024625385,5.6575118e-05,0.00044431374,0.00017937623,0.000303897
2020-11-29,9.886151e-05,0.000104265346,1.454707e-05,0.00017820018,7.3809664e-05,0.00016972775
2020-11-30,-0.001955235,-0.0019909716,-0.00021182027,-0.003387947,-0.0017275531,-0.0018914843
2020-12-01,0.0010986668,0.0013120236,0.0002169495,0.0019013969,0.000963926,0.0010726647
2020-12-02,0.0012865548,0.0007603813,0.0006097552,0.0016080271,0.00090791937,0.0012506535
2020-12-03,0.0012008691,0.0010764756,0.0005283722,0.0017655945,0.00086136133,0.0011534871
2020-12-04,0.0009861403,0.0007599109,0.00018163816,0.0013776247,0.00082070276,0.0009807821
2020-12-05,0.00016339181,0.00017861415,1.8158442e-05,0.00028723472,0.000119052645,0.00025041355
2020-12-06,4.3650492e-05,4.392206e-05,4.939166e-06,6.580082e-05,3.0184277e-05,4.876944e-05
2020-12-07,-0.0007260756,-0.000544438,-0.00027803154,-0.0008799532,-0.00049985986,-0.00081557845
2020-12-08,-0.00023368794,-0.00028593765,-8.1873346e-05,-0.0005438184,-0.00024019268,-0.000438373
2020-12-09,-0.00034968785,-0.0003051861,-0.00028749122,-0.00045829685,-0.00024586119,-0.00023702814
2020-12-10,0.0004451681,0.0006665278,0.00023702074,0.0011955458,0.000464017,0.00044483654
2020-12-11,0.00029333806,-0.00012811043,0.0002067241,4.9443447e-06,2.8296341e-05,0.00018652159
2020-12-12,-1.900054e-05,3.4510864e-05,-2.5330368e-05,4.4918444e-05,-9.764096e-06,9.1490896e-05
2020-12-13,-1.5723072e-05,5.9608294e-05,-4.186569e-05,5.660279e-05,-9.002664e-06,0.00012346219
2020-12-14,-0.00014436261,2.5709196e-05,2.6229853e-05,-7.010775e-05,-8.570512e-05,-7.2483516e-07
2020-12-15,0.0011297546,0.0013762212,0.00014242939,0.0022162995,0.0010019194,0.0015680981
2020-12-16,0.0007423903,0.00096582,-7.284511e-06,0.0013164503,0.00056226045,0.0012237331
2020-12-17,0.0016880524,0.0017556179,0.00041201903,0.002539686,0.0012137739,0.0021440934
2020-12-18,-9.457725e-05,-0.00034113214,5.8934137e-07,-0.00044681557,-0.0002481788,-0.000118974596
2020-12-19,0.0001432071,0.00014469624,3.4137323e-05,0.00020472004,0.00010270104,0.0001558276
2020-12-20,8.713173e-05,7.080333e-05,3.11357e-05,0.00012302196,6.794606e-05,7.49653e-05
2020-12-21,-0.0026234135,-0.0023703503,-0.00026305838,-0.0038153983,-0.0019218347,-0.0031476999
2020-12-22,-0.0010972063,-0.0007807556,-0.0003747304,-0.0014186784,-0.00075449806,-0.0010068559
2020-12-23,0.0005397735,0.0009562974,0.00019690982,0.0012784724,0.00059075374,0.00073673547
2020-12-24,0.00041768202,0.00067837234,-0.000115129216,0.0009824942,0.00029260298,0.0010196574
2020-12-25,0.00022870942,0.00018883018,2.7220465e-06,0.00031661062,8.769806e-05,0.00036730868
2020-12-26,0.0002046669,0.00017116079,2.9722192e-05,0.00027278266,0.00013568987,0.00019104987
2020-12-27,-5.3293275e-05,-4.423962e-05,-1.4269904e-05,-6.834793e-05,-5.143604e-05,-4.6933055e-05
2020-12-28,0.0005546787,0.00070345827,1.9759931e-05,0.0011680921,0.0005326249,0.00096442964
2020-12-29,0.00037211995,0.0006469367,-1.5125413e-05,0.00087947084,0.0002725516,0.00065829844
2020-12-30,0.0013814049,0.0013885798,0.00022208168,0.0022117565,0.0009272174,0.0017526291
2020-12-31,0.0006941114,0.00044367218,0.000297295,0.0009860314,0.00037482046,0.0007348583
2021-01-01,0.00015776676,-2.1452358e-06,0.00021149099,5.4462173e-05,6.338758e-05,-0.0001436986
2021-01-02,0.00071011466,0.000629494,0.00013028929,0.0010876815,0.00055890734,0.0007276953
2021-01-03,0.00057508243,0.0006653634,0.00024968458,0.0010240489,0.00058591086,0.0005445472
2021-01-04,-0.00027085026,-0.000105168816,0.00044468007,-0.0003166018,-0.00016337883,-0.00038774312
2021-01-05,0.0021467682,0.0025228693,0.0011844798,0.0038242328,0.001810276,0.0026560165
2021-01-06,0.0018571926,0.0017297545,0.000559806,0.0026332324,0.0014982484,0.002166525
2021-01-07,0.0013121618,0.0015699816,0.00040798335,0.002318133,0.0011315456,0.0018756004
2021-01-08,0.0005732215,0.001075823,0.00012419414,0.0012257581,0.0007398632,0.0007918847
2021-01-09,0.00052518444,0.000534762,0.00023271998,0.00087988854,0.00045840046,0.0005122497
2021-01-10,-0.00017664945,-9.213852e-05,-9.4567076e-05,-0.00018631216,-0.00010387109,-5.1885156e-05
2021-01-11,-0.0029084557,-0.0028230161,-0.0012883102,-0.004611902,-0.0023028639,-0.0033327292
2021-01-12,0.0014242915,0.0017152085,0.0007792813,0.0025705968,0.0011942621,0.0016593281
2021-01-13,0.0003488421,0.0005808474,-0.00010579944,0.00081729057,0.0003156934,0.0007193577
2021-01-14,0.0011803709,0.0012224411,0.00047324627,0.0017445481,0.0009264441,0.0012360846
2021-01-15,-0.0022285203,-0.0023688748,-0.00092880905,-0.0036342167,-0.0018284327,-0.0024569386
2021-01-16,0.00021817225,0.00023915165,-6.0376283e-06,0.00036734185,0.00019109996,0.00025057915
2021-01-17,0.00013963925,0.00014511458,5.392801e-05,0.00022682932,0.00010672638,0.00013160481
2021-01-18,-0.000596719,-0.0003300053,-0.00021702121,-0.00065979344,-0.00028619857,-0.0009115201
2021-01-19,0.0006355189,0.00077155186,0.00023701717,0.0013652779,0.0005877403,0.00093212683
2021-01-20,0.001171401,0.001543719,0.00046921536,0.002322384,0.0011412549,0.0016376076
2021-01-21,-0.00025386777,-0.00060056703,0.00017839375,-0.00073237944,-0.00045451516,-9.664626e-05
2021-01-22,-0.00154785,-0.0013955352,-0.0007366,-0.0022890423,-0.0012607018,-0.0015073764
2021-01-23,6.3931286e-05,6.931842e-05,1.2798935e-05,0.00010048721,4.884046e-05,6.182065e-05
2021-01-24,3.8164395e-05,7.521949e-05,1.5546164e-05,9.7199656e-05,4.0682837e-05,9.033417e-05
2021-01-25,-3.0957457e-05,0.0003000432,-7.057639e-05,0.00042873988,0.0002543032,-0.00021146056
2021-01-26,-0.0005553843,-0.00029161127,-0.00040419414,-0.00065796176,-0.0003414794,-0.00023920122
2021-01-27,-0.0023899416,-0.003179127,-0.0013118417,-0.004968336,-0.0025485652,-0.0031309933
2021-01-28,-0.0010770205,-6.522078e-05,-0.000733364,-0.00018756962,-0.00021371193,-0.00044770844
2021-01-29,-0.000113554954,-0.001484601,8.230043e-05,-0.0019222687,-0.00081593497,-0.0013751087
2021-01-30,4.7959506e-06,9.973254e-05,-2.1471067e-06,5.9027578e-05,4.5407196e-05,-1.38639425e-05
2021-01-31,5.585648e-07,-4.0163588e-05,-1.1957382e-05,-4.9146423e-05,-2.4665673e-05,-7.250219e-05
2021-02-01,0.0003725857,0.001835964,-6.956238e-05,0.0022514195,0.0010926151,0.0017390742
2021-02-02,-0.00022111324,0.0008244784,-0.00054299727,0.00093953114,0.0002869711,0.0009899212
2021-02-03,0.00017023459,0.00046221263,-0.00013215648,0.00056718115,0.0002154029,0.0006454974
2021-02-04,0.00064305007,0.0007436996,0.00039655442,0.0008966671,0.0004955225,0.00091417745
2021-02-05,0.00089470576,0.0014358344,0.0004333567,0.0019168317,0.0011801224,0.0014278145
2021-02-06,8.3164334e-05,8.805709e-05,6.720125e-05,0.00014565274,7.264789e-05,9.8460405e-05
2021-02-07,-1.0665041e-05,-2.3378454e-05,-2.7390359e-05,-5.84675e-06,-7.875338e-07,-9.669565e-06
2021-02-08,0.0014378389,0.0021156312,0.00058247254,0.002874347,0.0015199542,0.0022633593
2021-02-09,0.00048568888,0.00088281545,-7.154986e-05,0.0012282255,0.0005752963,0.00082759454
2021-02-10,-0.0002734372,-7.52597e-05,-0.00031381735,-5.8348207e-05,-0.000114478134,-0.00025969607
2021-02-11,0.00035129665,0.0004209633,9.009409e-05,0.00058747677,0.00018822472,0.0004782383
2021-02-12,0.0015420216,0.001342051,0.0008568132,0.002114825,0.0010644039,0.0015775112
2021-02-13,0.00056481553,0.00055248913,0.0002526238,0.0009526798,0.00040837398,0.00053122465
2021-02-14,-0.00012553402,-0.00011900337,-4.4477616e-05,-0.00021716005,-9.835878e-05,-0.0001252975
2021-02-15,0.00047976605,0.0004523919,0.0003576397,0.0006434963,0.00042549925,0.0005811533
2021-02-16,0.0017502304,0.0012706696,0.0011317282,0.0020812245,0.0011070995,0.0017885885
2021-02-17,-0.00020576474,0.00011918951,-0.0004801698,6.435182e-05,-7.519607e-05,-0.00020293708
2021-02-18,-0.0010689471,-0.0011403433,-0.0009383629,-0.0017417619,-0.000918934,-0.0010900521
2021-02-19,0.0020030998,0.0016905753,0.0012070449,0.0028610583,0.0013423645,0.0018872198
2021-02-20,-0.00017353271,-0.00017337113,-1.7573284e-05,-0.0003177523,-0.00012551765,-0.00017278541
2021-02-21,0.00013049338,0.00014035216,2.4533962e-05,0.00023437277,0.000103061146,0.00014411946
2021-02-22,0.0007741085,0.000102873186,0.0005235145,0.0006017962,0.00037647205,0.0005397997
2021-02-23,-0.000424619,-0.00041927703,-8.536737e-05,-0.0007434133,-0.00032853545,-0.00055167574
2021-02-24,0.0021353487,0.0020810838,0.0011979353,0.003504054,0.0017857456,0.0024011587
2021-02-25,0.0001760038,-0.0017687246,0.00023244365,-0.0024008383,-0.0010907145,-0.00066507066
2021-02-26,-0.0042825933,-0.0035231523,-0.0027616187,-0.006433176,-0.0031096889,-0.0045276503
2021-02-27,6.807701e-06,5.8543385e-05,-1.863369e-07,7.93272e-05,1.8539033e-05,7.084874e-05
2021-02-28,1.4526364e-05,-5.1554984e-05,4.8674688e-06,-8.2447994e-05,-2.3518909e-05,-6.745569e-05
2021-03-01,-0.000658585,0.0013616983,-0.00072369765,0.0010095602,0.0003339795,0.0008321948
2021-03-02,0.000113503505,-0.00015710188,-3.110015e-05,0.000117363874,1.4647868e-06,-7.1405855e-05
2021-03-03,0.0008655418,0.00027051198,0.00060081575,0.00048712717,0.00029902832,0.0005473923
2021-03-04,0.0007481656,-0.0006412786,0.00048176898,-0.0009827763,-0.00046878753,-0.00027411603
2021-03-05,0.0007673769,0.0012834182,0.0001387727,0.0019871185,0.0011237317,0.0012202809
2021-03-06,-2.0130967e-05,8.251749e-06,-1.7675471e-05,1.2069066e-05,7.940028e-06,8.208477e-06
2021-03-07,1.4730902e-05,7.889764e-05,-3.9305482e-06,0.00010897765,5.3605738e-05,8.161673e-05
2021-03-08,0.0016400086,0.0006659234,0.0013909639,0.0009384524,0.00045249678,0.0013695951
2021-03-09,-0.00017886091,0.001020613,4.1839678e-05,0.0016988642,0.0011201712,0.00043613173
2021-03-10,-0.0006839834,0.00013407369,-0.00041118235,-8.047525e-05,-6.759997e-05,-0.00023906463
2021-03-11,0.00031683626,0.0012721403,-2.1433469e-05,0.001821794,0.0010210383,0.0010223972
2021-03-12,0.000683291,0.0001332389,0.00027457427,0.00017820296,2.83754e-05,0.0005067424
2021-03-13,0.00018255516,0.00025942683,0.00015245673,0.0003201508,0.00017781905,0.00023658891
2021-03-14,-0.00015618249,-0.00018912338,-0.000121472214,-0.0002399982,-0.00013385147,-0.00017964617
2021-03-15,0.00039283765,0.00035114182,0.00026961783,0.0006672352,0.00046212427,0.00036329904
2021-03-16,-0.00042712837,-0.00017099571,-0.00022810444,-0.00032837558,-0.00021894698,-0.0002756238
2021-03-17,1.0873453e-05,0.00015008554,0.00010831915,0.00026443467,9.675166e-05,0.00017357497
2021-03-18,-0.0009890524,-0.0019671582,-0.0010355134,-0.0025315287,-0.0014058433,-0.0015529363
2021-03-19,-0.00086223,-0.00040901662,-0.000692536,-0.0011027858,-0.0005306464,-0.00063340354
2021-03-20,-2.5732227e-06,1.4541037e-05,-2.5348622e-06,1.0738592e-05,6.9771113e-06,-3.8642975e-06
2021-03-21,-3.179789e-05,-4.641434e-05,-3.1706306e-05,-4.8511567e-05,-2.8358516e-05,-3.586411e-05
2021-03-22,-0.0006947587,-0.00027801262,-0.00034355168,-0.00049543264,-0.0002936829,-0.0006671361
2021-03-23,-0.00093865034,-0.001627967,-0.00082381413,-0.002436635,-0.0011598527,-0.0016435677
2021-03-24,-5.4412056e-05,-0.00042128743,-3.5217272e-05,-0.00070054684,-0.00022543597,-0.0002673974
2021-03-25,0.00042106493,0.00016534406,0.0002977183,0.00018359473,-2.9241988e-05,0.00022907369
2021-03-26,0.00018733864,0.0016655227,1.7387196e-06,0.0026645113,0.0011458445,0.0014110649
2021-03-27,-6.139055e-06,6.7555848e-06,-9.673436e-06,9.510044e-06,-2.7602316e-06,9.581115e-06
2021-03-28,1.8186223e-05,3.3478274e-05,1.7118427e-05,3.8870217e-05,2.4303301e-05,4.566658e-05
2021-03-29,0.00027189875,0.00022127885,0.000109782166,0.00032882087,0.00014157609,0.00046530596
2021-03-30,0.0005811893,0.00023599513,0.0005051222,0.00035916036,0.00017315891,0.00036422315
2021-03-31,-0.0002859456,0.00019532365,-0.00056804775,0.0002621284,9.657871e-05,-7.2153e-05
2021-04-01,0.0004986505,0.0011925347,0.00040425578,0.0018718013,0.0010542102,0.00095426576
2021-04-02,-3.4014567e-05,0.00022899124,5.14902e-05,0.00024351201,0.00015143814,8.197294e-05
2021-04-03,-0.00019994435,-0.00021292172,-0.00022973478,-0.00027531668,-0.00017643394,-0.00015648614
2021-04-04,0.00041037874,0.00041932895,0.00033433147,0.000661637,0.0003426131,0.00037956453
2021-04-05,0.0016070447,0.0016554805,0.0015311165,0.0025411735,0.0013888789,0.0015258535
2021-04-06,-0.00025900576,0.00029183397,6.6771754e-05,0.00048442776,0.00025597424,-0.00014629416
2021-04-07,-0.0014990261,-0.0011982817,-0.00092424155,-0.0019962285,-0.0010439368,-0.0016266212
2021-04-08,0.00072486536,0.0012351532,0.0008176714,0.0017578644,0.00096854835,0.0008233437
2021-04-09,-0.00016854447,-0.00039373458,-0.00011529759,-0.00035826268,-0.00022262483,-0.00027573633
2021-04-10,0.0004931341,0.00050029194,0.00039038336,0.00084932905,0.00041483244,0.0005015406
2021-04-11,0.00027519246,0.0002712357,0.00028749,0.00046127656,0.00022320545,0.0002654612
2021-04-12,-0.00030737804,-0.0005546998,-0.00044812853,-0.0008468372,-0.00051759783,-0.00043901853
2021-04-13,0.00093104556,0.0013394722,0.0007810571,0.002109014,0.0011148882,0.0009846064
2021-04-14,0.0002909487,0.0007020089,0.0001983728,0.0011039762,0.00059826556,0.00067919184
2021-04-15,0.0017450276,0.0022604503,0.0015917929,0.003954427,0.0019310497,0.0017908762
2021-04-16,0.0010243156,0.0009752205,0.0008100764,0.0020248918,0.0009817883,0.0010785429
2021-04-17,-0.00013528726,-0.00012703986,-0.000101052974,-0.00024750756,-0.000116941424,-0.00012858614
2021-04-18,-0.0004097377,-0.00039993823,-0.00031638762,-0.0006671525,-0.00033467668,-0.00035345455
2021-04-19,-0.00065211166,-0.00052073103,-0.0005668773,-0.0010990137,-0.0005383102,-0.00072472275
2021-04-20,-0.0013191943,-0.0013590817,-0.0014124216,-0.0024716381,-0.0012251943,-0.0014515027
2021-04-21,0.000981834,0.0011449348,0.00096838654,0.0018019048,0.0008292543,0.00088145776
2021-04-22,-0.00025189473,-0.00027842855,-9.7725075e-05,-0.00050628843,-0.00022113476,-0.00018255356
2021-04-23,0.0010790054,0.0012681407,0.00114286,0.002067792,0.0008842903,0.0011322503
2021-04-24,1.468241e-05,-0.00010643123,2.58347e-05,-0.00011188872,-2.9318906e-05,-6.714092e-05
2021-04-25,5.1858395e-05,3.9607927e-05,7.621629e-05,5.0201852e-05,3.7417074e-05,3.162602e-05
2021-04-26,0.0013301683,0.0015654962,0.0011490912,0.0026563294,0.0012391923,0.0015765758
2021-04-27,-0.00019604842,3.8612026e-05,-0.0001471016,0.00013727431,-3.940225e-06,0.00019941636
2021-04-28,0.00015925725,0.000492938,0.00025600794,0.00061010104,0.00036125796,0.00036043566
2021-04-29,0.0005942919,0.00024128772,0.0004538635,0.0006870765,0.0004806023,0.0006034635
2021-04-30,-0.0015872815,-0.0016222924,-0.0016893819,-0.0025787519,-0.0013646766,-0.0016324135
2021-05-01,0.00023032226,0.00025792778,0.00010834977,0.00035477846,0.00018133907,0.00027363104
2021-05-02,-0.00010762734,-0.00011417186,-3.727814e-05,-0.00016049248,-8.8654335e-05,-0.00013529901
2021-05-03,0.00035706625,0.0009216113,0.00041444914,0.001059741,0.00045127532,0.0006726114
2021-05-04,-0.0004944764,-0.0009645982,-0.00053262804,-0.0013518753,-0.00071357586,-0.0010041632
2021-05-05,0.0012543829,0.0019014433,0.00093722914,0.0027360804,0.0012902474,0.0017572433
2021-05-06,0.0011170651,0.0014594349,0.00093169074,0.0022055383,0.0010219454,0.0014579956
2021-05-07,0.0016134122,0.0019242332,0.0014056615,0.0029206823,0.0014114212,0.0023257476
2021-05-08,0.00011047883,0.00012306652,6.832189e-05,0.00020231064,9.699225e-05,0.0001264735
2021-05-09,0.00015041785,0.00014778021,0.00017920931,0.00025958894,0.00012339727,0.00013358801
2021-05-10,-0.0009290192,-0.0010665813,-0.0006071362,-0.001636145,-0.0007428493,-0.0010348907
2021-05-11,-0.0011464221,-0.001368211,-0.0012221814,-0.0018508598,-0.0012386045,-0.0017144418
2021-05-12,-0.0028562713,-0.0035203116,-0.0023967063,-0.0053859106,-0.0027544007,-0.0035161353
2021-05-13,-0.0012228694,-0.0004921213,-0.0010727132,-0.0013228183,-0.00075398985,-0.00064628205
2021-05-14,0.00029616425,0.0014165561,0.0002939624,0.0020508962,0.0008494058,0.0012657546
2021-05-15,-0.00013266159,-0.00019659703,-2.9501505e-05,-0.0002718009,-0.00011843966,-0.00019965113
2021-05-16,3.998583e-05,4.673139e-05,4.360799e-05,7.8877165e-05,3.469295e-05,5.7414127e-05
2021-05-17,0.001024769,0.0006612215,0.0010762494,0.0010792579,0.0005893941,0.00081053394
2021-05-18,-0.000113258284,0.0002081317,-0.00022647594,0.00023268443,0.00012741587,-5.9114445e-05
2021-05-19,-0.0017109672,-0.0029026812,-0.001311216,-0.0043080673,-0.0021375618,-0.0028163793
2021-05-20,-0.00047228075,0.0007671075,-0.00042539777,0.0009809922,0.00031472297,0.00033148026
2021-05-21,0.0004695588,2.2538854e-05,0.0003297395,0.000163668,0.00013953497,0.0003270436
2021-05-22,0.00014980126,6.3077965e-07,8.899686e-05,-8.698594e-06,3.6198755e-05,5.5551565e-05
2021-05-23,0.0002942971,2.4177898e-05,0.00016641051,-1.1601378e-05,3.3127486e-05,0.00015158874
2021-05-24,-0.0005302881,0.00041757955,-0.00022058786,0.00076922396,0.00031770454,0.00016788785
2021-05-25,-5.7769677e-05,0.00010102969,-4.664871e-05,0.00014884699,0.00011463165,2.391843e-05
2021-05-26,-0.0002223134,0.00011432998,-3.6101952e-05,0.0002070275,0.000120441146,0.00010943457
2021-05-27,-0.0001780695,0.00028126902,-4.9667073e-05,0.0004515767,0.00023682218,0.00022113047
2021-05-28,0.0013694717,0.0012359179,0.00087323587,0.0018549368,0.00097152416,0.0013128032
2021-05-29,0.00012607855,-1.1406719e-05,1.9109253e-05,-3.7461894e-05,-2.5742786e-05,8.4296036e-05
2021-05-30,-0.00010880237,5.4584034e-06,-2.3072567e-05,3.0550265e-05,1.7240249e-05,-7.842556e-05
2021-05-31,-0.00035875972,-9.525439e-05,-0.0001505192,-2.3525781e-05,-2.7161035e-05,-0.0003361643
2021-06-01,0.0008103243,0.001228098,0.0006770463,0.0018086288,0.0010606265,0.0013427184
2021-06-02,0.00017918431,0.000502264,0.00024017949,0.0006390311,0.00031299316,0.0004150783
2021-06-03,-0.0009568154,-0.0011987457,-0.0008299892,-0.0017380271,-0.0009616096,-0.0012157308
2021-06-04,0.001078029,0.0015482764,0.00091038196,0.0021801128,0.0011102451,0.0012993315
2021-06-05,2.8789796e-05,-2.7611508e-05,1.2393191e-05,-3.076221e-05,-2.3452394e-05,1.260305e-05
2021-06-06,-1.0653194e-05,2.5870237e-05,-1.653272e-06,2.3456616e-05,1.8140981e-05,-3.4208754e-06
2021-06-07,0.0004178691,0.00015670859,0.0004303705,0.00056131784,0.00019722464,0.00042346178
2021-06-08,-0.000104094004,5.2757598e-05,2.3191344e-05,-7.004825e-05,-1.1484734e-05,-8.431033e-05
2021-06-09,-0.00041804655,-0.00030100538,-0.0003353424,-0.0005393669,-0.00026471622,-0.00043990588
2021-06-10,0.0008438651,0.00088972284,0.00073406304,0.0013847585,0.0006705813,0.0009494956
2021-06-11,0.00013902047,-0.000109803455,0.00020330538,-0.000102741295,-6.712003e-05,7.902486e-06
2021-06-12,-2.0123864e-06,-9.60604e-06,-4.78247e-06,-1.0874198e-05,-9.485617e-06,6.8364197e-06
2021-06-13,-0.00013248668,3.5100642e-05,-8.323073e-05,3.484389e-05,1.828582e-05,-0.00013400477
2021-06-14,-0.00023564577,-0.00018931806,-0.00013938143,-0.00035615565,-0.00022453812,-0.00044894347
2021-06-15,-0.00015067655,-0.000115929986,-0.00016267216,-0.0002726792,-0.00014290688,-0.00025661587
2021-06-16,-0.0008984646,-0.0016085914,-0.0006877438,-0.0022837932,-0.001193783,-0.0014479245
2021-06-17,-3.1667296e-05,-0.0012611859,0.0001691038,-0.0016963723,-0.00069347286,-0.0018500692
2021-06-18,-0.001496215,-0.0021528394,-0.0012092636,-0.003213179,-0.0013106037,-0.0023353966
2021-06-19,4.0418283e-05,-9.085459e-06,2.6858594e-05,-1.2713305e-05,-3.708796e-06,5.0309292e-05
2021-06-20,-4.2898082e-05,-4.7987064e-06,-2.2187414e-05,-1.5529038e-06,-1.2220034e-06,-4.131978e-05
2021-06-21,2.6685753e-05,0.00038517828,-6.251965e-05,0.0003226773,-5.0722436e-05,0.0004413993
2021-06-22,0.0003378166,0.000613401,0.0002717919,0.00069463934,0.00022077587,0.00067725044
2021-06-23,-0.0007691087,-0.00025879775,-0.000589439,-0.00058627804,-0.00032454327,-0.00070047646
2021-06-24,6.550562e-05,0.00087376905,5.4728334e-05,0.0013319076,0.00056633947,0.0005946955
2021-06-25,6.578414e-05,0.00018995091,3.9696803e-07,6.629492e-05,2.9493449e-05,0.00014298433
2021-06-26,-5.4182867e-05,-9.302838e-06,-3.5865854e-05,-4.5439438e-06,-2.834931e-06,-3.8841667e-05
2021-06-27,-0.00022369667,-3.5208082e-05,-0.00015018252,-3.574695e-06,2.0857178e-06,-0.0001600439
2021-06-28,-0.00057344756,-0.00051298214,-0.00044046185,-0.00067336194,-0.0004347536,-0.0006965544
2021-06-29,0.00026881456,0.000105527695,0.00024886447,0.00029057005,0.00013684387,0.00016822263
2021-06-30,-4.709081e-05,1.6658734e-05,-2.8190618e-05,4.53481e-05,4.4633907e-05,9.8183955e-05
2021-07-01,0.0005753004,0.0004445835,0.00046867906,0.00084496604,0.00035064825,0.0006094804
2021-07-02,6.225303e-05,0.0005357388,4.611618e-05,0.0010289382,0.00052950706,0.00038455206
2021-07-03,-1.8767372e-05,2.9973158e-05,-1.7894452e-05,3.438329e-05,2.7590115e-05,-7.837625e-06
2021-07-04,-3.2024578e-05,3.4086428e-05,-1.8605277e-05,3.5094767e-05,2.9919129e-05,-4.1079466e-06
2021-07-05,-0.00015603601,-5.3527383e-05,-0.000106250794,-3.0741638e-05,-0.00010934373,-0.00012562673
2021-07-06,-0.00088671135,-0.0012413696,-0.00058642833,-0.001761657,-0.0009266776,-0.0015419445
2021-07-07,0.00043709786,0.0004180918,0.00024813166,0.0007509569,0.00046924935,0.0005882381
2021-07-08,-0.0002653514,-0.0013274819,-0.00022217703,-0.001960477,-0.0008918902,-0.0011202192
2021-07-09,-0.0008372481,0.0005807408,-0.0009121998,0.00085444644,0.00016642726,0.0003983654
2021-07-10,1.4131105e-05,-2.4198695e-05,8.990622e-06,-1.0406259e-05,-1.2825648e-05,1.8935994e-05
2021-07-11,-1.540861e-05,1.629239e-05,-1.4688863e-05,3.0128435e-06,7.497744e-06,-1.7895269e-05
2021-07-12,-0.000118252974,0.0006551338,-4.2209944e-05,0.0010801182,0.00048983324,0.00023672308
2021-07-13,-6.0577437e-05,-0.0005043541,-0.00015063175,-0.00079119386,-0.0004535496,-0.0002796672
2021-07-14,0.000445704,0.00037092977,0.00031137845,0.00069883023,0.00037211037,0.0004045029
2021-07-15,-0.00044413382,-0.0007030479,-0.00024538254,-0.0010244244,-0.0004936838,-0.00083989336
2021-07-16,0.00027221357,-0.0006638164,8.57784e-05,-0.0010244658,-0.0004402002,-0.00014153252
2021-07-17,-3.407073e-05,-1.14270415e-05,-3.4861496e-05,-1.5428073e-05,-1.0772977e-05,-2.7933516e-05
2021-07-18,-2.3416846e-05,-2.513116e-06,-2.311229e-05,-1.0546719e-05,-5.4236684e-06,-2.091248e-05
2021-07-19,-4.7366382e-05,-0.0022192772,-0.00019397013,-0.0033225685,-0.0015519761,-0.0013706146
2021-07-20,0.00042373157,0.00093702716,-2.1868647e-05,0.0014185015,0.00054309476,0.00086828944
2021-07-21,-0.0026296715,-0.00019258348,-0.0023129727,-0.0003411522,-0.00047718457,-0.001673733
2021-07-22,-0.0005392172,0.00043121792,-0.0004136131,0.00055073964,0.00016691591,-0.00022437944
2021-07-23,-2.507167e-05,0.00052238535,-8.5507934e-05,0.0006569614,0.0002938801,0.00036701196
2021-07-24,-4.165016e-05,2.281838e-05,-4.1612693e-05,1.2845711e-05,2.4713583e-05,-3.1405903e-05
2021-07-25,-2.1843075e-06,5.494014e-06,-1.5305375e-06,-2.7800553e-07,3.27843e-07,2.6667353e-06
2021-07-26,0.0003754328,0.0005152218,0.00024027593,0.0007375392,0.00035968758,0.00034123776
2021-07-27,7.8222765e-05,-0.00033723156,8.255678e-05,-0.0006815128,-0.00029470833,-0.00031723847
2021-07-28,-0.00010635926,0.00042019883,-0.00026287758,0.0005372346,0.00026782573,0.00019281423
2021-07-29,-3.1004933e-05,0.000839195,0.00015045064,0.0010822071,0.00047872955,0.00020626739
2021-07-30,-0.00066985935,-0.001200175,-0.00049577845,-0.0018523157,-0.00093271944,-0.00110804
2021-07-31,7.132564e-05,9.2867944e-05,7.101552e-05,0.0001037598,7.189512e-05,6.839603e-05
2021-08-01,-0.00010568158,-0.00010557623,-0.000103352315,-0.00017058806,-9.5918294e-05,-8.673718e-05
2021-08-02,0.0002533196,0.00036132958,-6.474539e-05,0.0005594533,0.00034362962,0.00041103727
2021-08-03,0.00050635857,0.0007417958,0.00048505375,0.001008091,0.00049929036,0.0006234561
2021-08-04,-0.00048466152,-0.00036477056,-0.0004507199,-0.000692274,-0.00033668513,-0.0004849753
2021-08-05,0.00034764476,0.0006994509,0.0004765471,0.0009435393,0.00039114198,0.00046491987
2021-08-06,-0.00030191927,-0.00031393976,9.2520284e-05,-0.00043977416,-0.00040963804,-0.00022842274
2021-08-07,0.00038264904,0.00041215954,0.00037437645,0.00064150355,0.0003529976,0.0003190802
2021-08-08,-0.0003503039,-0.00034508394,-0.00033544147,-0.00057933736,-0.000305402,-0.0003327065
2021-08-09,-3.6430247e-05,-1.4666953e-05,-5.0178962e-05,5.0798124e-05,9.367912e-05,0.00031637275
2021-08-10,0.0004536287,0.0008062083,0.0004628399,0.0012752949,0.0006129565,0.000560511
2021-08-11,0.0005998978,0.0009967483,0.00069730025,0.0015787133,0.0006828363,0.0006245466
2021-08-12,3.4362904e-05,-0.00014951291,0.00027882474,-9.4924864e-05,-7.000907e-05,-0.00013192593
2021-08-13,0.00059023406,0.0011718244,0.0005885742,0.0016972751,0.00062999246,0.0008620319
2021-08-14,0.00020087627,0.00018882718,0.00020493359,0.00031372157,0.0001612579,0.00017240926
2021-08-15,0.00029621183,0.00027776064,0.00029081924,0.0005183924,0.00025338307,0.00026631
2021-08-16,-0.001189951,-0.0013056006,-0.0011183249,-0.0022156728,-0.0011156764,-0.0011024249
2021-08-17,-0.0012588277,-0.002023907,-0.001285226,-0.0032214248,-0.0014558295,-0.001248781
2021-08-18,-0.0004241348,-0.0006446616,-0.00047376714,-0.0011294622,-0.00066781323,-0.00013651043
2021-08-19,-1.7121745e-05,-0.0006520367,1.15957555e-05,-0.001336941,-0.0003905759,0.00010771509
2021-08-20,0.0010716621,0.00094209774,0.0008141238,0.0011259385,0.0005178901,0.0014072628
2021-08-21,-0.00016288314,-0.00016942662,-0.00013024436,-0.0002782044,-0.0001315265,-0.00016355833
2021-08-22,0.00011929439,0.00012468878,0.00010105215,0.00020564333,0.000100782156,0.00012482367
2021-08-23,-0.0010995666,0.0008061273,-0.0011339057,0.0010939019,0.00030067167,-0.00047348498
2021-08-24,-0.0024357357,-0.00095885794,-0.0019084051,-0.0015332366,-0.00094986754,-0.002241464
2021-08-25,-0.00083466363,-0.000105473526,-0.00044679182,-0.000244897,-0.00026459625,-0.0007121366
2021-08-26,-0.0012032941,-0.0013171794,-0.0009691614,-0.0020244422,-0.0011887552,-0.001189461
2021-08-27,0.00107721,0.0021976791,0.00095019815,0.002910078,0.0015773355,0.0015990628
2021-08-28,-4.945861e-05,-5.666322e-05,-9.992037e-06,-7.178953e-05,-3.6796868e-05,-4.866302e-05
2021-08-29,-4.2233067e-05,-4.3900825e-05,-2.5424924e-05,-7.055421e-05,-3.413722e-05,-4.039067e-05
2021-08-30,1.8384904e-06,9.4906696e-05,0.00021754585,0.0004035373,0.00017031896,-0.00021909268
2021-08-31,0.0001338305,0.00020281054,0.00016487676,0.0002898324,0.00022022918,1.4362942e-05
2021-09-01,0.0006063609,0.0008953849,0.00041702995,0.0010518368,0.0005600967,0.0007454012
2021-09-02,0.0006907314,0.0009741081,0.0007346532,0.0014220998,0.0008303307,0.00069391873
2021-09-03,0.00025108797,0.00040595754,0.0002673497,0.00065653445,0.00049627345,0.00014337046
2021-09-04,-9.410694e-05,-9.40315e-05,-9.059112e-05,-0.00015551629,-7.463424e-05,-0.000100030746
2021-09-05,0.0003668805,0.00039810076,0.000342108,0.0005273676,0.0003102234,0.00038969587
2021-09-06,0.00048147075,0.00054650876,0.00048055628,0.00088727084,0.0005080772,0.00046503177
2021-09-07,-0.0024092235,-0.0027955936,-0.0023055936,-0.004082048,-0.002261018,-0.0026084622
2021-09-08,-0.00081689464,-0.0008260496,-0.0008634542,-0.0013936823,-0.0009259033,-0.0008017391
2021-09-09,-0.0009446867,-0.000761487,-0.00092224777,-0.0012405964,-0.0007530369,-0.00081135024
2021-09-10,-0.00058192527,-0.0009572908,-0.0005115048,-0.0013777688,-0.00059593585,-0.0009805163
2021-09-11,-2.1046666e-05,5.037971e-05,-1.817781e-05,5.929747e-05,-1.8073418e-06,7.072769e-05
2021-09-12,-2.7648322e-05,8.0266116e-05,-3.9845803e-05,6.436132e-05,-3.6945974e-06,9.150176e-05
2021-09-13,0.000677513,0.00077337585,0.00064082735,0.0012583757,0.00049573777,0.000782612
2021-09-14,-0.00012326542,-0.00021243318,-0.00016055779,-0.00037563388,-0.00017244046,-0.00013988964
2021-09-15,2.7804306e-05,0.0004547331,-6.969634e-05,0.000736997,0.00016062017,0.00036313207
2021-09-16,-0.00027563222,-0.00077572453,-0.00019461957,-0.00078823004,-0.00043985673,-0.00034704333
2021-09-17,-0.00033787373,-0.0012166349,-0.00028826643,-0.0017806462,-0.000922381,-0.00092578575
2021-09-18,3.0044872e-05,8.854065e-05,9.257923e-06,0.0001083369,5.778769e-05,5.4481196e-05
2021-09-19,-1.3093331e-05,-9.553648e-05,-2.1020694e-06,-9.762371e-05,-5.417511e-05,-6.950489e-05
2021-09-20,0.0002364577,-0.0020173034,0.00034474948,-0.0031918974,-0.0015404894,-0.0013487749
2021-09-21,-0.00064610783,-0.00011052305,-0.0005513053,-0.00018604774,-0.00019621759,-0.00041972278
2021-09-22,-0.0019966029,-0.00017760205,-0.0018437034,-0.0002815768,-0.00040562524,-0.0013892705
2021-09-23,-0.0013705409,0.00026151133,-0.0012704774,0.00047569096,5.8510068e-05,-0.0008484299
2021-09-24,0.00042588628,1.9955585e-05,0.00054847525,-0.00025638065,-0.00029094346,0.00019649163
2021-09-25,-2.8380682e-06,-7.557478e-06,-2.9733658e-07,-1.5375981e-05,-6.5991912e-06,-1.4841158e-05
2021-09-26,2.0808551e-05,-4.15394e-06,2.257776e-05,-3.7980237e-06,-3.4716675e-06,7.244853e-06
2021-09-27,0.00058463204,0.00058981846,0.0005010905,0.000940938,0.0005856122,0.0004087933
2021-09-28,0.0008983159,-0.0012911297,0.00093298656,-0.0017412937,-0.0010425712,-0.0003175216
2021-09-29,0.00081414235,0.0004380919,0.0008460221,0.00088813645,0.00068487274,0.0006090992
2021-09-30,0.00040484912,0.00018073474,0.00036819186,0.00019716121,3.4919074e-05,0.00023494336
2021-10-01,-0.0011944433,-0.00015495355,-0.0011189126,1.2838258e-05,-9.5869604e-05,-0.0009760101
2021-10-02,-2.560468e-05,1.1926451e-05,-2.6645303e-05,1.1634737e-05,1.3171215e-05,-1.321793e-05
2021-10-03,1.5821969e-06,3.5201003e-05,7.6344963e-07,2.9121056e-05,2.666244e-05,-3.6298363e-07
2021-10-04,0.00050740794,8.947025e-05,0.0005240073,-0.00036234708,-0.00034612633,0.00038445875
2021-10-05,0.00038480802,0.00082122325,0.0002837388,0.001692588,0.00096321147,0.0004114891
2021-10-06,4.2395146e-05,-0.00023767569,0.00012296884,-0.00044070656,-0.0001261651,-6.549058e-05
2021-10-07,-0.00036573908,0.00047259295,-0.00043282434,0.0013216255,0.00077785674,-9.006715e-05
2021-10-08,0.0004551953,0.0003155452,0.00044955508,0.0005472055,0.00037440824,0.00033155942
2021-10-09,0.0001380752,0.00017432896,0.0001380752,0.00020563952,0.00013176374,9.93128e-05
2021-10-10,-0.00021556784,-0.00025921906,-0.00021556784,-0.0003351006,-0.00018819504,-0.00017938406
2021-10-11,0.001151246,0.00044125022,0.00088609365,0.0008545792,0.00054464047,0.0008765279
2021-10-12,0.00056113926,0.00046571434,0.0005423569,0.00063930353,0.00039477754,0.0006126168
2021-10-13,-0.00042560344,0.0005632068,-0.0004267466,0.00081184704,0.0005682411,-1.9331099e-05
2021-10-14,-0.00035463285,0.0012620479,7.4381176e-05,0.00196513,0.0010164566,0.000526572
2021-10-15,0.000828107,0.0010846555,0.0007847259,0.0018990735,0.00096168293,0.0012677509
2021-10-16,-2.1434591e-05,-2.1016378e-05,-1.9360696e-05,-4.2698895e-05,-1.6471591e-05,-2.9293575e-05
2021-10-17,-4.8019614e-05,-6.19247e-05,-5.142213e-05,-5.8171245e-05,-4.4829118e-05,-4.01222e-05
2021-10-18,0.00010133086,-4.901716e-05,0.00018014187,-8.321066e-06,4.9625556e-05,5.7865596e-05
2021-10-19,0.00083663437,0.0011359308,0.00081048225,0.0016957915,0.0007958385,0.0010196319
2021-10-20,0.0019242001,0.001946381,0.0018955084,0.0032915045,0.0016465572,0.0018238955
2021-10-21,-0.00087878393,-0.0013476653,-0.000863958,-0.002087968,-0.0009816695,-0.00093182357
2021-10-22,-0.0003231915,0.00019817773,-0.00031747003,4.758457e-05,-0.00011851893,-0.00014788694
2021-10-23,0.00015752294,0.00017577557,0.00015196519,0.00022767096,0.00013874222,0.00014472903
2021-10-24,-5.047272e-05,-5.4549604e-05,-4.628782e-05,-9.3621566e-05,-4.308642e-05,-6.313288e-05
2021-10-25,0.00079964276,0.0011360159,0.0008119508,0.0017641248,0.00069891976,0.0009274706
2021-10-26,0.00040176304,0.00025633673,0.00031493072,0.000391572,0.00011839848,0.00040945192
2021-10-27,-0.0021604472,-0.0021245207,-0.0021212872,-0.0035003156,-0.0013410815,-0.0021737795
2021-10-28,0.00063636806,0.0009236723,0.00071493495,0.0014362577,0.00018966281,0.00056231074
2021-10-29,-0.00045549372,-0.00065334886,-0.00050507503,-0.0009364349,-0.00045739813,-0.00036509475
2021-10-30,-7.820805e-05,-0.000102043894,-7.055043e-05,-0.00014304218,-8.000433e-05,-0.000107921944
2021-10-31,-2.6504904e-05,1.5085731e-05,-2.1690017e-05,3.9284446e-06,-1.12210355e-05,2.0411235e-05
2021-11-01,0.0019007423,0.001875685,0.0015509074,0.0031725122,0.001288879,0.0020018294
2021-11-02,0.0005214109,0.00036503462,0.00051703036,0.0007097838,0.00020030566,0.0005514187
2021-11-03,-0.00018152408,0.00020998642,0.00015861185,0.000498599,-0.00011380221,-0.0002320078
2021-11-04,0.0002909552,0.00025092193,0.00023235151,0.0005242648,0.00023113181,0.00016118202
2021-11-05,0.00090575544,0.000893653,0.0009824538,0.0016821513,0.00066366215,0.000899688
2021-11-06,6.110572e-05,6.1781764e-05,6.171175e-05,0.00013386495,5.4111162e-05,5.348277e-05
2021-11-07,7.396679e-05,0.000106770996,6.163613e-05,0.00013288946,8.170659e-05,0.00010467928
2021-11-08,0.00014940086,0.00037580353,0.00022450752,0.00058383617,0.00020597067,0.00027965909
2021-11-09,-0.0003072579,7.763335e-05,-0.00027859744,-0.0002880097,0.000104897845,-0.00017774485
2021-11-10,-0.002108794,-0.002527043,-0.0019175775,-0.004010231,-0.001864258,-0.0021860334
2021-11-11,0.0007743235,0.0009488222,0.00063760433,0.0014695545,0.0007118549,0.001046518
2021-11-12,0.00045451478,0.0006086218,0.00050243,0.0010093815,0.0002802345,0.00031745163
2021-11-13,0.000101163445,0.00012154108,9.6158605e-05,0.00017510068,8.3947634e-05,0.00011756258
2021-11-14,8.769605e-05,8.357754e-05,7.48219e-05,0.00012606026,7.862536e-05,8.7512046e-05
2021-11-15,-0.00021539729,-1.221149e-05,-0.00016711061,-2.5906038e-05,-9.513941e-05,1.1596872e-05
2021-11-16,-0.00034963686,-0.0006766816,-0.00033818936,-0.00074333494,-0.0005160923,-0.00030583548
2021-11-17,0.0001636644,4.0296214e-05,0.00012115564,2.4116109e-05,0.000102933445,-0.000292781
2021-11-18,-0.00052008097,-0.00076427375,-0.0004371577,-0.0009503232,-0.00049227313,-0.0008357018
2021-11-19,-0.00034724767,-0.0004935805,-0.0004116854,-0.0009383651,-0.00049756566,-0.0007593991
2021-11-20,-6.5835266e-05,9.6180665e-06,-6.6727116e-05,-9.766983e-07,-2.2099983e-05,-5.3887384e-06
2021-11-21,4.7731683e-05,-5.319515e-06,5.4792716e-05,1.6052956e-05,1.9376794e-05,1.0851743e-05
2021-11-22,0.0010609602,-0.0002050895,0.00067167816,5.9868915e-05,0.00032521394,0.00052201626
2021-11-23,-0.0007134367,-0.00020523737,-0.0008254264,-0.00025676383,-1.0739796e-05,-0.00032168924
2021-11-24,0.000371681,0.00027729067,0.00030916656,0.00037408667,0.00013237572,0.00044753315
2021-11-25,0.00041027478,0.0003246998,0.00011810105,0.0006512993,0.00027137055,0.00041181364
2021-11-26,0.00015069134,-0.0036114247,0.00044321327,-0.0053460756,-0.0019400272,-0.0036722918
2021-11-27,-7.9480225e-05,-8.0607315e-06,-6.980154e-05,-1.5499876e-05,-2.178324e-05,-3.9014274e-05
2021-11-28,-0.00016478777,-2.5301715e-05,-0.00015256004,-2.9348037e-05,-3.4192675e-05,-0.00010101256
2021-11-29,0.00024117179,0.00045735552,0.00010982009,0.00081173476,0.00012493828,0.00047747948
2021-11-30,0.0008576048,-0.000981751,0.0009522213,-0.0012045461,-0.00024885742,-0.0005764247
2021-12-01,0.00072023185,0.00012480996,0.0006519408,0.00028661458,0.00015495034,0.00046497726
2021-12-02,-0.0016318586,-3.251007e-05,-0.0016356134,-5.6209883e-06,-6.3281994e-05,-0.00096889096
2021-12-03,0.0010207047,0.000117479896,0.00079793873,0.00013934383,-2.736349e-05,0.0004781033
2021-12-04,0.00055483065,6.1636674e-05,0.00051983196,0.00017313902,8.873908e-05,0.0004814607
2021-12-05,0.00021101537,5.1686886e-05,0.00018468575,0.000108741275,6.526591e-05,0.00017820954
2021-12-06,-0.0011497688,-3.394033e-05,-0.0009964909,0.00038703167,0.00014832593,-0.00032336486
2021-12-07,-0.0031126654,4.4370925e-05,-0.0019541027,-0.000108800115,7.693887e-05,-0.0016580293
2021-12-08,-0.0016877196,-0.0005726003,-0.0010002876,-0.0013667537,-0.0006493048,-0.001374719
2021-12-09,0.00031610802,-0.00055232306,0.00051886943,-0.0008361122,-0.0004700143,-0.00028116646
2021-12-10,0.0006048767,0.00053158094,0.00029516974,0.00069553684,0.00035783026,0.0008045668
2021-12-11,-0.00042150242,-0.00010010572,-0.00025625457,-0.00016332838,-9.429719e-05,-0.00036141463
2021-12-12,-6.6063876e-05,-4.352953e-06,-1.9862679e-05,-8.0652135e-06,-2.2082804e-06,-3.6523124e-05
2021-12-13,0.00076150894,-0.0002797288,0.0005389334,-0.00050584885,-0.00025088264,0.00018558741
2021-12-14,0.00031606716,-0.00026811528,9.4781666e-05,-0.00053455116,-0.00035926214,0.000120388395
2021-12-15,-0.00037606593,0.00041578457,-0.00025894318,0.00072302547,0.00028726945,-2.4612695e-05
2021-12-16,-0.0009983538,7.980203e-05,-0.00047377893,7.483406e-05,3.5530982e-05,-0.0009070444
2021-12-17,9.8248085e-05,-0.00073215936,8.681771e-06,-0.0010694799,-0.00065372884,-0.000390111
2021-12-18,-0.00014750265,-2.4652853e-05,-4.70258e-05,-3.4258443e-05,-6.293267e-07,-0.00011733958
2021-12-19,2.6082545e-05,-4.062672e-06,1.7772905e-05,3.5447858e-06,4.707885e-08,2.1666641e-05
2021-12-20,0.00040147654,-0.0010040785,-1.6350745e-05,-0.0013497602,-0.0007790268,-0.0003257141
2021-12-21,-0.001627334,0.00041197755,-0.00087420683,0.0005025002,0.00023447034,-0.000751761
2021-12-22,-0.00091587735,0.00063889916,-0.00039340742,0.0007480769,0.00051117025,-0.00034835594
2021-12-23,-0.0005965061,0.00043338785,-0.00012566877,0.00046201795,0.00039520615,-0.00029901048
2021-12-24,-0.00012054242,-0.00011074204,-7.604734e-06,-0.00014058524,-0.00010097038,-0.00024757694
2021-12-25,-4.911849e-06,2.9942514e-05,2.9274312e-07,2.3750827e-05,3.2185315e-05,-3.516187e-05
2021-12-26,1.850369e-05,4.274216e-05,5.7221196e-06,3.6428573e-05,2.4099698e-05,-3.748316e-07
2021-12-27,0.0008399333,0.0012590821,0.00071957544,0.0017345867,0.0009451924,0.0011656183
2021-12-28,-6.0706625e-05,-0.00012448103,-0.000116710704,-1.2751147e-05,-7.809411e-05,0.00011772347
2021-12-29,0.00033936437,0.00011732826,0.00028643286,0.00033820706,0.0001704947,0.0002747415
2021-12-30,-5.9864757e-05,7.949933e-05,-3.0432413e-05,4.2660857e-05,5.7261463e-05,-0.00016059956
2021-12-31,-0.00018101302,-0.00020602968,-0.00019269738,-0.00030545818,-9.8071374e-05,-0.00018652221
2022-01-01,-6.5790795e-05,3.0310955e-05,-4.7930578e-05,3.0076564e-05,2.3394019e-05,-0.00016155031
2022-01-02,-6.5058586e-05,-1.5162776e-05,-5.7358928e-05,-4.6570814e-05,-2.532204e-05,-7.327568e-05
2022-01-03,0.0005203025,0.00019987782,0.000444896,0.0006255373,0.00011608422,0.0005871481
2022-01-04,0.00079889083,0.0009905832,0.0007792577,0.0015436618,0.000775525,0.0009931113
2022-01-05,-0.00019818654,-0.0011560291,-0.00019216994,-0.0014713721,-0.0005779254,-0.0005743465
2022-01-06,-0.0011636404,-0.0011632957,-0.0011405867,-0.0019489914,-0.0009826235,-0.0009837191
2022-01-07,0.00019807245,0.00016927836,0.000113279675,0.00020580343,0.00022942043,0.00012314333
2022-01-08,0.0001696559,4.9633163e-05,0.00013153197,0.00010157267,9.1411406e-05,0.00012712459
2022-01-09,-5.8417023e-05,1.3428428e-06,-3.9108523e-05,-7.1016684e-06,-1.2690276e-05,-5.1449806e-05
2022-01-10,-0.00066688855,-0.0011374495,-0.00075207243,-0.0015921773,-0.0006140546,-0.0009677382
2022-01-11,0.00014179583,0.0014038185,0.00026333792,0.0017026963,0.00060540426,0.00033894388
2022-01-12,0.0004965393,0.001149451,0.00045922375,0.0015625893,0.0005005533,0.0004280813
2022-01-13,-0.0006926694,-0.0011830211,-0.0006200215,-0.0016299173,-0.0011274847,-0.00090895366
2022-01-14,-0.00024249927,-0.00032844083,-0.0002611966,-0.00043702804,-0.0004050018,-0.0003122913
2022-01-15,-5.493355e-05,-1.8854622e-05,-4.6433073e-05,-3.075379e-05,-1.5228511e-05,-5.7154142e-05
2022-01-16,-2.0628462e-05,4.1420976e-06,4.836456e-06,-4.5249044e-06,-1.7162109e-06,-9.852115e-06
2022-01-17,8.71902e-05,0.00016503772,0.00012282513,0.00027905434,0.00011218231,0.00013665712
2022-01-18,-0.0005020037,-0.0016879996,-0.0005026244,-0.002160413,-0.0013406785,-0.000889782
2022-01-19,0.0007634295,0.00045854383,0.0008797118,0.0007826413,0.0005689074,0.00054678257
2022-01-20,0.00070728187,-2.6206737e-05,0.0005353135,9.096945e-06,4.5544864e-05,0.00034046095
2022-01-21,0.0009343097,-0.0011942602,0.00057757244,-0.0010509451,-0.0003211613,0.0001729654
2022-01-22,0.0006466081,0.00020703014,0.00036747177,0.0003619418,0.00029382488,0.00054681685
2022-01-23,-0.00042808786,-0.00014832694,-0.00015745104,-0.00025810482,-0.00021235808,-0.0003782473
2022-01-24,-0.0007140266,-0.0016609892,-0.0006868103,-0.002041275,-0.0008669965,-0.001313824
2022-01-25,0.0010599411,0.00046644753,0.00081781566,0.0006711087,0.00014525032,0.0007610648
2022-01-26,0.0007474647,0.00034805288,0.00035301797,0.00058735546,8.278107e-05,0.00074655656
2022-01-27,0.0010313006,3.662647e-05,0.00034506133,0.00024808472,0.00017117723,0.00062314904
2022-01-28,-0.001123141,0.00014733942,0.00010222591,0.00018440222,0.00042711102,-0.0010841778
2022-01-29,-0.00017081511,-5.5420605e-05,-5.8668127e-05,-7.032672e-05,-3.5944882e-05,-0.00014669985
2022-01-30,0.00014200494,5.324778e-05,9.2469774e-05,5.5557473e-05,2.5381878e-05,0.00012069205
2022-01-31,-0.0018631443,0.00033064964,-0.0008647885,-1.7768683e-05,0.00013307409,-0.0012166324
2022-02-01,-0.0016816341,-3.432935e-05,-0.0011171368,-0.0005022941,-0.00037225688,-0.001025817
2022-02-02,-0.0010765367,-9.636605e-05,-0.0007776598,-0.0006677105,-0.00046252384,-0.000592124
2022-02-03,0.00088133616,-0.00055893086,0.00053006905,-0.0002171935,-0.0004976936,0.00058719603
2022-02-04,-0.0008845307,-8.476482e-05,-0.00043771105,-0.00020320434,-0.00018774265,-0.000589835
2022-02-05,-8.072939e-05,-7.779851e-06,1.8869716e-06,-1.5103011e-06,1.5627098e-05,-8.735964e-05
2022-02-06,-3.5751033e-05,4.458758e-05,-3.8043643e-05,5.2162428e-05,5.7124682e-05,-8.765546e-05
2022-02-07,1.3382551e-05,0.0005283483,-0.00010252129,0.0006226577,0.0005346743,-0.00023033514
2022-02-08,-0.0006185986,-1.4665938e-05,-0.00035729105,-0.0003542636,-8.79863e-05,-0.00020644857
2022-02-09,-0.00035134444,0.001424661,-8.3007966e-05,0.0017476473,0.0012198292,0.00018064844
2022-02-10,0.00030394876,-0.0009856347,0.00018528487,-0.0012955556,-0.0008942345,0.00015370654
2022-02-11,-6.690493e-05,-0.0004101982,0.00010639457,-0.00043351547,-0.0004923301,5.4136926e-05
2022-02-12,1.8083461e-05,2.1727275e-05,4.822851e-06,3.1728283e-05,2.1651382e-05,1.1669094e-05
2022-02-13,1.8253515e-05,7.56439e-06,1.7151453e-05,1.8866946e-05,1.1515559e-05,1.2078233e-05
2022-02-14,-0.00013120797,-0.00091924996,-0.00026388466,-0.0012498244,-0.0010361291,-0.00021874296
2022-02-15,-0.00064476713,0.00045222157,-0.00059759786,9.483365e-05,0.00022423812,-0.000683591
2022-02-16,0.00018802614,0.00067693996,0.00016106707,0.00095931947,0.0005944744,0.00034941608
2022-02-17,-0.00071470824,-0.0014170406,-0.0003765757,-0.0016589228,-0.0011317328,-0.00065803726
2022-02-18,-0.00019565962,-0.00054992933,-6.153746e-05,-0.00057838816,-0.00039142603,-0.00016437953
2022-02-19,-1.4405595e-05,8.562929e-06,-1.4855142e-05,6.1301785e-06,5.146715e-06,-8.0725085e-06
2022-02-20,0.00014698252,-6.890328e-06,0.00014589624,3.6452588e-05,3.9486793e-05,7.2040646e-05
2022-02-21,0.00045527786,-0.000119101365,0.00041731977,-0.00011247654,-1.2073024e-05,0.0001281273
2022-02-22,0.0005379137,3.3622004e-05,0.0004075182,0.00027736742,-0.00011540309,0.0005940052
2022-02-23,0.0016969653,0.0005092598,0.0012393256,0.0008927643,0.0005309642,0.001354347
2022-02-24,-0.00018722417,-0.0011966361,0.00030865156,-0.0012506715,-0.00082946446,-0.00080098957
2022-02-25,-0.0049644904,-0.0012503407,-0.003683948,-0.0027827777,-0.0014108326,-0.0041548363
2022-02-26,-7.098282e-05,-3.752278e-05,-6.020463e-05,-3.8718706e-05,-3.3306478e-05,-4.4907763e-05
2022-02-27,0.00031228006,7.4143674e-05,0.00030434903,0.00012555033,5.7255707e-05,0.00024166376
2022-02-28,0.00094525085,0.0013978599,0.0004662804,0.0020936362,0.0012629916,0.00090959284
2022-03-01,0.0031750416,0.0017326891,0.0018465081,0.0027579505,0.0014092657,0.0026151373
2022-03-02,0.00058808626,0.0010479981,-0.00011821046,0.0016020486,0.0009492928,0.000883759
2022-03-03,0.0017010617,0.0007121094,0.00103861,0.0011692473,0.0005637685,0.0016262266
2022-03-04,0.004540496,0.0016757221,0.0021703057,0.0029793035,0.0014836071,0.0037187822
2022-03-05,-0.00011013875,-1.0268818e-05,-0.00011249609,-1.6253518e-05,4.685038e-06,-9.140938e-05
2022-03-06,0.00016234667,2.3075974e-05,0.00015574825,2.4096964e-05,-8.1963935e-06,0.00011660963
2022-03-07,0.0043582455,0.00041280917,0.0019355334,0.0018476107,0.0009471561,0.0037323344
2022-03-08,0.0005578372,0.00065352063,1.8902267e-05,0.0010151882,0.00048474476,0.000785567
2022-03-09,-0.0065828776,-0.002733633,-0.0020017873,-0.00504952,-0.0024020644,-0.005843483
2022-03-10,-6.572091e-05,-0.00024967192,0.00023998127,-0.00068470655,-0.00057949795,-8.3994884e-05
2022-03-11,0.001735245,0.0005006574,0.0005711241,0.0010385197,0.00056785427,0.0015824067
2022-03-12,1.6866015e-06,1.7841301e-05,1.8006103e-06,2.4233048e-05,2.4337833e-05,3.3318886e-06
2022-03-13,0.0001281455,1.4931205e-05,0.00012792466,2.308273e-05,-2.0104046e-05,7.392145e-05
2022-03-14,-0.00029830233,-0.00082183135,-0.00030468398,-0.0010395469,-0.0004703272,-0.0002971348
2022-03-15,-0.0015720886,-0.0007857586,-0.00025624203,-0.001236595,-0.00059301767,-0.0016320989
2022-03-16,-0.0035659038,-0.00037705613,-0.0006052898,-0.0006857808,8.283795e-05,-0.0027601798
2022-03-17,-0.00028088802,0.0011887058,0.00010424728,0.0010802553,0.0007447168,0.0003752205
2022-03-18,-0.00017241095,0.0003951563,-7.517292e-05,0.0002517134,0.0002533463,-2.3267165e-05
2022-03-19,-2.1490896e-05,7.2181356e-05,-2.1490896e-05,7.99987e-05,0.00012456437,-3.9730425e-05
2022-03-20,-4.0375162e-05,-6.624759e-05,-4.0375162e-05,-7.843184e-05,-7.773359e-05,-4.6729833e-06
2022-03-21,0.0014109922,0.0009310861,0.0007139691,0.0013014693,0.00072968425,0.0016352498
2022-03-22,0.00110986,0.0012292295,0.00066614326,0.0016732079,0.0010837457,0.0008253427
2022-03-23,0.00060377707,0.00050930347,0.00068329356,0.0010735663,0.0007531691,0.0008422546
2022-03-24,0.0015423296,0.001169058,0.00090337754,0.0017044997,0.00095067266,0.0013387328
2022-03-25,0.0014101496,0.0008383507,0.0007947924,0.00147918,0.0006351971,0.0013735793
2022-03-26,0.00014094035,0.00015242521,0.00014030897,0.00021210822,0.00013676459,0.00010972046
2022-03-27,0.00043487767,0.00045585982,0.0004277298,0.00071161217,0.00042204143,0.00036408062
2022-03-28,-6.102276e-05,-0.0004744757,-1.615997e-05,-0.00042756932,-0.00028967878,-0.000348981
2022-03-29,0.00062596344,0.001365464,0.00075723475,0.0022350426,0.0009720665,0.00033831698
2022-03-30,-0.0005778283,-0.000104634986,-0.00013001464,-0.0002962007,-9.7369215e-05,-0.00043856577
2022-03-31,-0.0021059185,-0.0022077959,-0.0012800316,-0.0036150622,-0.0017039248,-0.00207771
2022-04-01,0.00087140815,0.0008214351,0.00060774904,0.0012013047,0.00047358163,0.0007273371
2022-04-02,-9.651619e-05,-0.000100927544,-8.681539e-05,-0.00017594702,-9.047182e-05,-9.464779e-05
2022-04-03,0.00020541817,0.00024042852,0.00019726352,0.00035562337,0.00020244706,0.00022335001
2022-04-04,0.00073937554,0.00091134664,0.00033712594,0.001334741,0.0005992028,0.00095645833
2022-04-05,-6.262176e-05,-0.0010009103,-0.0005363815,-0.001259687,-0.0007485733,0.00015218715
2022-04-06,-0.001046145,-0.001684741,-0.0012382554,-0.0022455698,-0.0011562207,-0.0010602846
2022-04-07,-0.0006176319,-0.00015816648,-0.00021260668,-0.0004520849,-0.00022754009,-0.00043528745
2022-04-08,0.00028111073,0.0003920582,4.3958527e-05,0.0005319046,0.0002620918,0.00032204264
2022-04-09,5.080323e-06,0.00010022311,2.1989365e-05,7.004298e-05,2.0528081e-05,9.831864e-05
2022-04-10,3.4167704e-05,-3.497462e-05,2.6187206e-05,-2.4863195e-06,1.6531494e-05,-3.7633446e-05
2022-04-11,0.00028493343,-0.0009467369,-4.1239207e-05,-0.000662183,-0.00018191259,-0.00053639914
2022-04-12,-0.00031457693,0.00023853789,-0.00023285442,0.0002387017,0.00018318582,8.767971e-05
2022-04-13,-0.00042986474,0.00054788816,-0.00035493265,0.0002953772,-6.689717e-05,0.00043126047
2022-04-14,0.0007574645,0.00012802739,0.00023034844,0.00047100626,0.00027988537,0.00029641628
2022-04-15,-7.257631e-05,0.00011078333,-0.00010091301,4.5578654e-05,-5.582166e-06,7.392274e-05
2022-04-16,-4.8105798e-05,-1.1564596e-05,-4.2636024e-05,-3.2108845e-05,-2.2006012e-05,-2.8226172e-05
2022-04-17,0.00018188314,-1.4330817e-06,0.00017441729,8.9120804e-05,6.501604e-05,6.2762294e-05
2022-04-18,0.0007330986,0.00065983523,8.852835e-05,0.0010175415,0.0006225688,0.00080983504
2022-04-19,-0.00036428924,-0.00035465247,-0.00060864177,-0.000817634,-0.0004898612,0.000101968726
2022-04-20,0.00030353182,0.0010921744,-8.525591e-05,0.0014180805,0.0008245663,0.0007632433
2022-04-21,8.200676e-05,-0.0008663404,-0.000121883975,-0.0009143707,-0.00078019506,-0.00041039297
2022-04-22,-0.0001418119,-0.0015652166,-8.18513e-05,-0.0013661719,-0.0008705872,-0.0012861667
2022-04-23,8.726059e-05,2.0707252e-05,8.190325e-05,4.773529e-05,3.7242735e-05,4.453374e-05
2022-04-24,3.4114844e-05,-3.3386652e-05,3.87939e-05,-2.3424347e-05,-1.5702693e-05,-1.5019146e-05
2022-04-25,-0.001267328,-0.0014238014,-0.00066638784,-0.0016345645,-0.00096756505,-0.0015499552
2022-04-26,0.0023480435,0.0002433908,0.0023467739,0.00072102295,0.00060441246,0.0009962611
2022-04-27,0.00039863744,0.0003366828,0.00030329643,0.00039349767,0.00025155576,0.0004353978
2022-04-28,-0.0008310902,0.0004094255,-0.0008344351,0.00043131688,0.00024866968,0.00012009986
2022-04-29,0.0021358598,0.0004208693,0.0012295372,0.0008389151,0.00019685384,0.001400737
2022-04-30,0.000520152,0.00011473693,0.00046812496,0.00026037765,0.00015160009,0.00039442122
2022-05-01,-0.00040275187,-9.1391834e-05,-0.00036450854,-0.00019987581,-0.00012113288,-0.00035593755
2022-05-02,0.00056674186,-0.0003494278,0.0002849414,-0.0003816603,-0.00011841627,-0.00015204556
2022-05-03,-0.0003322758,0.00015922471,-0.0001869949,0.00031323815,0.00021044313,-0.00012155348
2022-05-04,-0.0033017201,-0.0004638006,-0.0018336735,-0.00081897486,-0.00019711704,-0.0023854887
2022-05-05,0.0024112775,-0.00040026437,0.0020081503,-0.0007785639,-0.0011025092,0.0016446802
2022-05-06,0.003304034,0.0010747175,0.001704275,0.0022061667,0.0011101394,0.0024093138
2022-05-07,0.00024053005,5.1221345e-05,0.00020598252,8.429734e-05,3.486725e-05,0.00019047901
2022-05-08,0.0002792529,0.00010979215,0.00022599619,0.00015413389,7.483207e-05,0.00026084704
2022-05-09,0.0041433987,0.00013446904,0.0029516951,0.0003300728,-9.890519e-05,0.002342811
2022-05-10,-0.0001890064,2.1766646e-06,-9.7992335e-05,3.350171e-05,6.061784e-05,-0.00026804104
2022-05-11,0.0015974041,0.00088576943,0.0008592324,0.0009949468,0.0004936644,0.0015200957
2022-05-12,0.0020565577,0.00049511594,0.0012112118,0.00084739964,0.00039152626,0.0016248276
2022-05-13,-0.0031429706,-0.0007842924,-0.0014906512,-0.0006443154,-0.00021480267,-0.0024858555
2022-05-14,-0.0002655811,-8.639878e-05,-8.745626e-05,-0.00010604563,-3.610641e-05,-0.00024267692
2022-05-15,-0.0004156424,-0.00012701066,-0.00011461072,-0.00015091467,-3.1135172e-05,-0.00035167576
2022-05-16,-0.0002770008,0.00029737392,-9.943004e-05,5.8514226e-05,6.181282e-05,7.430265e-05
2022-05-17,-0.0027850159,-0.0007389411,-0.0011148597,-0.00073330663,-0.00017602646,-0.0019304571
2022-05-18,0.000734254,-0.00086754933,0.0007035133,-0.0014423161,-0.0010392157,-0.00021259983
2022-05-19,-8.759888e-05,-0.0001408866,-0.0002670145,-3.2073178e-05,-7.979646e-05,-0.00044677235
2022-05-20,-0.0012035128,-0.00040777013,-0.0006288262,-0.0009231787,-0.00036562775,-0.0011115761
2022-05-21,-9.205978e-05,-1.2513169e-05,-5.537601e-06,-1.3398495e-05,9.273897e-06,-7.7317185e-05
2022-05-22,-0.00018264883,-1.9041569e-05,-1.8419445e-05,-1.6327434e-05,2.8994e-05,-0.00015130528
2022-05-23,-0.000954304,0.00017679784,-0.0006911629,0.00022276388,0.00024270381,-0.0006821234
2022-05-24,-1.0689734e-05,-0.00020219314,-1.14605455e-05,-0.00027762112,-7.319344e-05,-0.00036506096
2022-05-25,-0.0001870921,6.370209e-05,-8.554037e-05,0.00013649969,0.0001190188,-0.00023885294
2022-05-26,-0.00035094703,0.00057144806,-0.00024813414,0.0007150359,0.00044513846,9.4980605e-06
2022-05-27,-0.0004263048,0.00081142527,-0.00045784356,0.0009388465,0.00062748947,2.6237258e-05
2022-05-28,-0.00012382901,-1.4323764e-05,-1.9256033e-05,-3.6211117e-05,1.1644311e-05,-0.00013009022
2022-05-29,-0.00014144492,-1.3986704e-05,-4.1692878e-05,-4.22882e-05,1.29760265e-05,-0.00014411469
2022-05-30,-0.0006763258,2.4815867e-07,-0.0004493077,-9.9283985e-05,0.00013291047,-0.00059781794
2022-05-31,-0.00088712666,-0.0010258397,-0.0006267664,-0.0014061123,-0.00078410946,-0.00078519975
2022-06-01,-0.0003518667,-0.000620276,-0.00011973292,-0.0008306845,-0.0005363365,0.00016818746
2022-06-02,0.00056333374,0.0013943255,0.00040379658,0.0016994602,0.0009513311,0.00070442056
2022-06-03,6.2283914e-05,-0.00064569525,0.00011991071,-0.0005901513,-0.00030395557,-0.0001034721
2022-06-04,-6.5049615e-05,-1.868914e-05,-6.145899e-05,-2.9291554e-05,-8.558859e-06,-7.7714394e-05
2022-06-05,2.79539e-05,1.1381791e-05,1.9897414e-05,1.5451864e-05,4.8764814e-06,3.1064897e-05
2022-06-06,0.00020191974,0.00038160494,0.00019414737,0.0005325379,0.0003916756,0.0005316257
2022-06-07,0.00031548398,0.0006188837,0.0003251775,0.0007512805,0.00028307136,0.00038316814
2022-06-08,0.00016564512,-0.00017938793,0.0002758636,6.195962e-05,0.00012534439,0.0002795657
2022-06-09,-0.0005125065,-0.0011135621,-0.0004455921,-0.001336355,-0.00055429665,-0.00023695492
2022-06-10,-0.0009149417,-0.0021341485,-0.0005008672,-0.0024536694,-0.0009750691,-0.0006725151
2022-06-11,0.00028018092,3.4585217e-05,0.00026086203,6.9535505e-05,2.5631272e-05,0.0003321337
2022-06-12,0.0003633329,0.0001153365,0.00030755962,0.00016615908,0.00011324916,0.0004031057
2022-06-13,0.0017628359,-0.0014437201,0.0015270265,-0.0007050738,0.00050983875,0.0018618474
2022-06-14,0.0006529291,-0.00023379631,0.00058423815,-0.00013671459,0.00036283268,0.00048150032
2022-06-15,-0.0023728244,-0.0005835834,-0.0017731527,-0.0013683008,-0.0012759299,-0.0021058847
2022-06-16,0.0022362133,0.0005615395,0.0014033176,0.00092150195,0.000897568,0.0017188678
2022-06-17,-0.0007467294,-0.00082167756,-0.0002762105,-0.0011575907,-0.0005881271,-0.00097251864
2022-06-18,0.000368404,0.00016543003,0.00011312755,0.00020462912,0.00016139439,0.0003445801
2022-06-19,-0.00067078375,-0.0002736387,-9.66208e-05,-0.00033153812,-0.00021693925,-0.0006132587
2022-06-20,0.000469824,0.00044720309,0.00045384883,0.0007414716,0.00036893683,0.00040115914
2022-06-21,-0.001892961,-0.0005744836,-0.0010094618,-0.0010548984,-0.00067642675,-0.0016401077
2022-06-22,0.0009715412,0.00013198619,0.00048740866,0.00029690223,0.00021622442,0.0008373414
2022-06-23,0.00038247602,-0.00010266883,0.00042338143,0.00023645864,0.00027084112,0.00014851698
2022-06-24,-0.003076556,-0.0010187451,-0.0010648591,-0.0011236396,-0.0003230199,-0.002732261
2022-06-25,-1.6053918e-05,3.1007758e-06,-4.7563293e-07,7.0947167e-06,1.402427e-05,-2.1056729e-05
2022-06-26,3.8945014e-05,-1.7427354e-05,1.5097568e-05,-3.4638124e-05,-4.8843816e-05,3.9579652e-05
2022-06-27,-0.00083906844,-0.0003715165,-0.0005372802,-0.00066060526,-0.00041248574,-0.0006181365
2022-06-28,0.00045284352,8.148771e-05,0.00019988851,4.638885e-05,-0.00012021415,0.00063011737
2022-06-29,0.00082697783,0.00027362892,0.00031256163,0.0002800268,7.313454e-05,0.0007557376
2022-06-30,0.0014180201,0.00014783864,0.0006084084,0.0001963541,-0.00010799792,0.0010459332
2022-07-01,-1.774231e-05,-1.84059e-05,0.00027634346,3.897743e-06,1.3499797e-05,-9.454225e-05
2022-07-02,-6.1002967e-05,-1.8902172e-05,-2.6453221e-05,-2.4129962e-05,-5.3568906e-06,-5.106953e-05
2022-07-03,-1.8532233e-05,-1.0537212e-06,-1.5744345e-05,-6.2102968e-06,-5.132076e-07,-2.27986e-05
2022-07-04,0.000107458865,0.000106277635,-9.868743e-05,0.00024731344,0.00019202285,4.6156685e-05
2022-07-05,0.001988037,0.00023557083,0.0011020461,0.00027956092,-4.913298e-05,0.0015932331
2022-07-06,0.0008626446,0.00032340005,0.00043094516,0.0005442887,0.00037787994,0.00081657025
2022-07-07,-0.002003613,-1.1484703e-05,-0.0005450794,0.0001351318,0.0004897857,-0.0016462788
2022-07-08,-0.0010472347,-0.00028545293,-0.00049073185,-0.00041944443,-0.00018587279,-0.0009035857
2022-07-09,-2.6601587e-05,5.4605052e-06,-2.417365e-05,5.1717043e-06,1.6424414e-05,-3.6046175e-05
2022-07-10,-1.3113816e-05,-8.747982e-05,-7.0213946e-06,-0.000103230384,-0.0001283773,5.724593e-05
2022-07-11,0.0008885345,-6.6190136e-05,0.0005128691,-0.00013103007,-0.0003487791,0.0008049631
2022-07-12,0.0017986381,0.00028870621,0.0008619304,0.00067274494,0.00023181245,0.001503465
2022-07-13,-0.00016989942,-0.00020382862,-8.2810235e-05,-0.0002555382,-0.00017503546,-0.00019574768
2022-07-14,0.0015634765,0.00020710271,0.0009796349,0.00030354873,-9.568266e-05,0.0015953566
2022-07-15,-0.0017952087,-0.0002243498,-0.0011314392,-0.00056759955,-2.2822496e-05,-0.0018310916
2022-07-16,-0.00010224607,3.4771318e-05,-0.000105614774,8.665937e-06,6.175416e-05,-9.196127e-05
2022-07-17,2.2550998e-05,-2.0461569e-06,2.240143e-05,-2.9361022e-06,-8.387606e-06,2.7759863e-05
2022-07-18,-0.0017743525,-0.00032279524,-0.0010152407,-0.0005857054,-0.00011539248,-0.0016722735
2022-07-19,-0.0014226141,0.00023745748,-0.0011328494,-1.3538143e-05,0.00034802008,-0.001137232
2022-07-20,-8.253423e-05,-7.05667e-05,0.00021041173,-0.00022518654,-2.8154567e-05,-0.00027098073
2022-07-21,0.00070825557,0.00083172176,0.00042323442,0.0011390839,0.00080375286,0.00037141162
2022-07-22,-0.00039581134,-0.00034336792,-0.00022961655,-0.00053145,-0.0003429474,-0.00030763322
2022-07-23,1.0426187e-05,1.2758346e-05,9.889304e-06,1.52123e-05,1.660414e-05,1.71472e-06
2022-07-24,9.972891e-05,0.0001101939,0.00010146288,0.0001595402,0.00010797268,5.629113e-05
2022-07-25,-0.00085354265,-0.0005344266,-0.00083995063,-0.0007665846,-0.00060139137,-0.00059809024
2022-07-26,-0.00056137674,-0.00048911903,-0.00027318049,-0.000690366,-0.0004488603,-0.00044727666
2022-07-27,0.0010527781,0.0019542922,0.0008303568,0.0026086285,0.001723102,0.0007649358
2022-07-28,0.00061568187,0.0013944873,0.0005702419,0.0019277065,0.0014479167,-6.063584e-05
2022-07-29,0.00077073503,0.0007534373,0.00070821214,0.001257775,0.00078995933,0.00025038244
2022-07-30,-3.146339e-05,-2.863992e-05,-2.6838397e-05,-6.952612e-05,-3.0969626e-05,-4.4898195e-05
2022-07-31,-8.545252e-05,-9.3184295e-05,-8.0176964e-05,-0.00014187637,-9.2195995e-05,-7.188784e-05
2022-08-01,-0.00028924798,-0.00047466665,-7.258159e-05,-0.00059590687,-0.0003256612,-0.00040513554
2022-08-02,-0.0012488554,-0.0018520791,-0.0012675015,-0.002592529,-0.0014241766,-0.0013261313
2022-08-03,0.0004946732,0.0010472909,0.00064165983,0.001382933,0.00062677456,0.0009432229
2022-08-04,0.0005068735,0.0007845541,0.00046062624,0.0010678505,0.00064341555,0.0001893511
2022-08-05,-0.0005454849,-0.00067281653,-0.0005471981,-0.0010050982,-0.00066339504,-0.00055158447
2022-08-06,-4.789581e-05,-5.886145e-05,-4.639409e-05,-7.286756e-05,-4.9177663e-05,-5.7375393e-05
2022-08-07,7.921093e-05,9.582378e-05,8.084418e-05,0.00013004181,8.719715e-05,7.460584e-05
2022-08-08,0.00041383295,0.0010913918,0.0004242266,0.0014843651,0.0008778571,0.0005719461
2022-08-09,-0.00049531006,-0.00073980924,-0.0005456582,-0.0010329193,-0.00063495303,-0.0005506752
2022-08-10,0.0017305523,0.0023700693,0.0016496109,0.0033671902,0.0019267437,0.0015416886
2022-08-11,0.00046238938,0.00022527784,0.00033849565,0.00047726132,0.00029988895,2.340759e-05
2022-08-12,0.0013799019,0.0015704033,0.0012343613,0.0024535765,0.0013559496,0.0014486563
2022-08-13,7.61355e-06,1.2493495e-05,1.69004e-05,5.1612588e-08,7.2468283e-06,2.4146925e-06
2022-08-14,-5.192166e-05,-5.7604713e-05,-2.384764e-05,-8.943496e-05,-5.7219928e-05,-8.994587e-05
2022-08-15,-0.0009086643,-0.0011872487,-0.0006563045,-0.0017386801,-0.00091497257,-0.00072936807
2022-08-16,-0.000116844065,2.319784e-05,3.4641e-05,0.00015389071,-8.4450156e-05,7.126583e-05
2022-08-17,-0.001424135,-0.0012883657,-0.0012297346,-0.0021276688,-0.0010935287,-0.0013894422
2022-08-18,-0.0005032799,-0.00026847626,-0.0003523269,-0.00028558963,-0.0002608076,-0.00027420244
2022-08-19,-0.001081806,-0.0018980819,-0.00091311726,-0.0024060071,-0.0011697444,-0.0015634988
2022-08-20,-5.727512e-05,-8.258076e-06,-3.6237936e-05,-4.321994e-05,-4.2686814e-05,-2.5319741e-05
2022-08-21,-0.00018564712,-2.7068789e-05,-0.000120242985,-0.00013031304,-0.00013413568,-3.3504388e-05
2022-08-22,-0.0009124124,-0.0014793959,-0.0008228071,-0.0021697679,-0.00093366415,-0.00132712
2022-08-23,-0.00020485558,7.547819e-05,-0.00014440264,-0.00010917809,-0.00013693156,-1.1731837e-05
2022-08-24,0.00013975266,7.9347206e-05,0.00019640832,0.0001473768,7.055076e-05,0.0002086711
2022-08-25,-0.0008760816,0.000342247,-0.0006522624,-0.00026310957,-0.00041651278,8.829858e-05
2022-08-26,0.0008447437,-0.0010937141,0.0007092306,-0.00033023366,0.00020826321,-0.0011748832
2022-08-27,-5.932661e-05,-1.9556435e-05,-5.2713927e-05,-4.162908e-05,-4.8979633e-05,-4.950451e-05
2022-08-28,0.00021959406,6.149368e-05,0.0001675725,0.00014217543,0.00015666439,0.000141686
2022-08-29,0.00015829054,-0.0001722164,2.9452724e-05,0.00014074192,8.656477e-05,-0.0006144424
2022-08-30,0.0006114261,-0.00023228295,0.0005202443,1.8567982e-05,0.00020003405,0.00011702805
2022-08-31,0.0007779015,-7.1309456e-05,0.0006726,0.0002459452,0.00038398767,1.8134492e-06
2022-09-01,0.0012458315,-9.415965e-05,0.0011510949,0.00053158926,0.0006252177,0.00049347355
2022-09-02,-3.696174e-05,0.00022815388,-0.00026763522,0.00023261675,-6.2915016e-05,-2.6837517e-05
2022-09-03,-3.5311947e-05,-1.4347946e-05,-3.7899816e-05,-1.9791214e-05,-1.993932e-05,-3.3278375e-05
2022-09-04,-8.7547895e-05,-1.4889666e-05,-6.792983e-05,-3.5057423e-05,-2.5779442e-05,-9.0222835e-05
2022-09-05,0.00060818077,0.00026596777,0.0004481229,0.000548171,0.00037347028,0.0006373266
2022-09-06,0.00077831064,-0.00025506286,0.0006993742,4.026661e-05,9.468715e-05,0.00040562972
2022-09-07,-0.0012491583,0.00013265338,-0.00082938327,-0.00020755023,-0.0001544192,-0.00085538
2022-09-08,-0.000543909,0.00018478719,-0.00040139034,-2.7142536e-05,0.00012642956,3.686097e-07
2022-09-09,-0.0027665773,-0.00022104014,-0.002321309,-0.0010969974,-0.00047819904,-0.0014922393
2022-09-10,-2.7950969e-06,3.9941344e-05,-1.8284705e-06,3.6577305e-05,4.007584e-05,-2.8128583e-05
2022-09-11,-2.0986838e-05,-3.917119e-05,-2.1070287e-05,-4.2599706e-05,-3.577043e-05,1.102219e-06
2022-09-12,-0.0022446315,-0.0004137028,-0.0018397182,-0.0012750946,-0.00036712896,-0.0013028843
2022-09-13,0.0011733843,-0.0014793641,0.0012400099,-0.00070191897,-0.001415131,0.00020398104
2022-09-14,0.0008082346,0.00041410537,0.00051313406,0.00082574144,0.00037580502,0.00058135774
2022-09-15,0.0003827136,-0.0006609701,0.00028253676,-0.0008120711,-0.0006177102,0.00011184456
2022-09-16,0.00089289097,7.065258e-05,0.00054647384,0.00038483154,0.00014170978,0.00048977544
2022-09-17,-6.432922e-05,1.87525e-05,-6.432922e-05,-3.5989774e-06,-4.5261354e-06,-0.00010522308
2022-09-18,0.000108392494,-8.246793e-05,0.000108392494,-3.702531e-05,-1.3301466e-06,0.00015028132
2022-09-19,-0.0008197489,-0.00024253027,-0.000550911,-0.000503978,-0.00030803555,-0.0004865861
2022-09-20,0.0018093926,0.0008245805,0.0014588534,0.001198976,0.0005924376,0.0015440467
2022-09-21,0.001888125,0.0006002579,0.0014324455,0.0010178041,0.00055733434,0.0014920558
2022-09-22,0.0023114795,0.0008079754,0.0014793682,0.0013021543,0.00054702896,0.0019792137
2022-09-23,0.0030505757,0.00030321482,0.0025606703,0.00041476122,-0.00019170134,0.002398935
2022-09-24,4.1958196e-05,1.7280175e-06,4.065659e-05,-1.2117554e-05,9.9276895e-06,4.4304426e-05
2022-09-25,6.966448e-05,3.1527998e-05,6.38012e-05,4.1644496e-05,3.84081e-05,7.879266e-05
2022-09-26,0.00440589,0.0011142151,0.0027673389,0.0023222216,0.00080121035,0.004081231
2022-09-27,0.0012141177,0.0006950416,0.00081825943,0.001123847,0.0006224305,0.001118613
2022-09-28,-0.0029074554,-0.00078058336,-0.0019397897,-0.0011913944,-0.00023484533,-0.0028386225
2022-09-29,0.0018500999,0.0004733852,0.0012004548,0.00039109465,-7.617636e-05,0.0016387982
2022-09-30,-0.00010267028,4.158744e-05,0.00015290448,-0.00043702393,-0.0004461974,-0.00019899676
2022-10-01,3.022682e-05,-3.3207045e-06,3.2476783e-05,-9.773597e-06,-1.00072775e-05,6.278406e-05
2022-10-02,4.11771e-05,-1.767247e-05,3.8162398e-05,-2.6058904e-05,-1.0057405e-05,3.6420326e-05
2022-10-03,-0.0027525732,-0.0003733396,-0.002131088,-0.00028122592,0.0002380953,-0.0022945658
2022-10-04,-0.0066857873,-0.0021831065,-0.0042922636,-0.0031943547,-0.0011007692,-0.0057946243
2022-10-05,0.00048665935,-4.81672e-05,0.00030818698,-0.00033196158,-0.00028907388,0.00035138693
2022-10-06,0.00049938395,-0.00013170016,0.00084236905,-0.00025039163,-0.00042442576,0.00033771485
2022-10-07,0.0021110964,0.00032005698,0.0017415741,0.0005595632,-0.0002228196,0.0017824566
2022-10-08,5.775109e-06,-1.8379893e-05,1.0687244e-05,-1.43186235e-05,-1.3156742e-05,2.4333483e-05
2022-10-09,3.1422514e-06,3.1945074e-05,-3.3996703e-06,3.7483027e-05,2.4114237e-05,4.7298545e-06
2022-10-10,0.0010318456,-0.00018419046,0.00067025225,-0.000104747785,-0.00027447546,0.0011459994
2022-10-11,0.00056890014,-0.00018354849,0.0003942564,-0.00013423875,-0.0002592071,0.0005076449
2022-10-12,0.00019858488,-0.00013312048,0.00022505526,-0.00019111545,-0.00018922062,0.00029440536
2022-10-13,-0.0013471467,-6.405646e-05,-0.0007053458,-0.00019221217,3.0413781e-05,-0.0012890672
2022-10-14,0.0008413418,-0.000118756616,0.0007360711,-1.3001663e-05,-0.00017702716,0.000355632
2022-10-15,2.5527133e-05,-2.3303615e-05,3.1472424e-05,-4.619314e-06,-1.970494e-07,2.8487653e-05
2022-10-16,-0.00019716757,-6.8804475e-05,-0.00018698258,-0.00014047643,-0.00013158476,-0.00016342063
2022-10-17,-0.001459478,5.4942146e-05,-0.0013334815,5.0980103e-05,0.00029907373,-0.0009659967
2022-10-18,-0.0012582331,-0.00032973243,-0.00069126184,-0.00056305504,-9.03855e-05,-0.0012852575
2022-10-19,0.0012046011,0.00013863151,0.0011191206,0.00029001202,-7.742238e-05,0.00098422
2022-10-20,0.00048548894,0.00020443126,0.00027222536,0.00025038127,2.068336e-06,0.00061489025
2022-10-21,-0.00075382553,0.0003515612,-0.0007053846,0.00026093738,0.0003741398,-0.00078863435
2022-10-22,-9.638378e-05,-2.8810366e-05,-7.991091e-05,-5.4271517e-05,-4.4389082e-05,-6.7967376e-05
2022-10-23,-0.00021042326,-7.213007e-05,-0.00017901983,-0.000113406146,-9.93975e-05,-0.00015914685
2022-10-24,0.00053233746,0.00019976764,0.0005224945,0.00011585894,8.422793e-05,2.9666364e-05
2022-10-25,-0.0005827178,0.00097120594,-0.0006812456,0.0009999891,0.0009794612,-0.00038806515
2022-10-26,-0.000269584,0.0004192985,-0.00017567693,0.00046309203,0.0005457685,-0.0005506181
2022-10-27,-0.00038073334,-0.00033521268,-0.00017995623,-0.0005427161,-0.0002452849,-0.0006267142
2022-10-28,0.00083198457,0.0007411575,0.000579863,0.00096885517,0.00048487657,0.0006460418
2022-10-29,0.00041984982,0.00044934748,0.00041231854,0.00073166593,0.00046963998,0.00038775956
2022-10-30,-5.9431968e-05,-7.402309e-05,-5.339563e-05,-9.133403e-05,-7.7483084e-05,-3.7577756e-05
2022-10-31,-7.630956e-05,7.548882e-05,-5.98004e-05,7.985074e-05,-9.290312e-07,0.0004022154
2022-11-01,-0.0001485684,0.00041621504,-6.4657135e-05,0.00071382563,0.0004772923,-0.00021291051
2022-11-02,-0.0014129318,-0.001676428,-0.0012049457,-0.0023808577,-0.0014061766,-0.0011309715
2022-11-03,-0.00055136165,-0.000891493,-0.00041664107,-0.0012954621,-0.0009113682,2.6396721e-05
2022-11-04,0.0010294837,0.0026242472,0.0011662344,0.0033095866,0.0022520565,0.00047616602
2022-11-05,5.8215082e-06,1.6163738e-05,1.2832584e-05,1.583853e-05,1.5915111e-05,1.5150362e-05
2022-11-06,-0.0003710634,-0.00041488392,-0.00033753237,-0.0006307383,-0.0004084602,-0.00034847294
2022-11-07,0.00022197678,0.00016918372,0.00027426772,0.00046932124,0.0002645134,-0.00036820647
2022-11-08,-0.0006671687,-0.00043254383,-0.0006268209,-0.0008892454,-0.0005212004,-0.00064291677
2022-11-09,-0.0006826761,-0.0016621896,-0.0005064129,-0.002091745,-0.0010645068,-0.00070338737
2022-11-10,0.00042187364,0.0027513797,0.0003666364,0.0032733912,0.0018029988,-0.0002387932
2022-11-11,0.001921469,0.0016080905,0.0015385287,0.0024805148,0.0015731248,0.000893209
2022-11-12,0.00018766448,9.471398e-05,0.00015776178,0.00013519955,0.00014588665,0.00013236809
2022-11-13,0.00025283048,0.000102190286,0.00017462308,0.0001656305,0.00015820094,0.00019037555
2022-11-14,-0.00055374956,-0.0010265538,-0.00060078193,-0.0011923473,-0.0008464682,-0.00076831586
2022-11-15,0.0008583504,0.0011929553,0.0006487135,0.0016875732,0.0010778615,0.00060037215
2022-11-16,-0.00035582998,-0.00062026,-0.00045479983,-0.0010474406,-0.0005312447,-0.0005329854
2022-11-17,-0.0007531101,-0.0007516567,-0.00046844909,-0.0012323111,-0.00071202783,-0.00043621697
2022-11-18,-0.00011085972,0.00028971862,0.000119515345,0.00028381334,7.595444e-05,9.5638454e-05
2022-11-19,-3.2774096e-05,-3.0689264e-06,-2.826182e-06,-1.2488997e-05,2.5797551e-06,-2.865829e-05
2022-11-20,0.00033450677,0.00014006201,0.0001882033,0.00016256145,9.951151e-05,0.00025563547
2022-11-21,-0.00053522945,-0.00071604084,-0.0004722272,-0.0011509013,-0.0006059785,-0.00052825664
2022-11-22,0.00024193521,0.0010920239,0.00051819865,0.0015137637,0.0008404428,0.0005612966
2022-11-23,0.0009966878,0.00091275113,0.0008806075,0.0014926315,0.0008880454,0.0008210472
2022-11-24,0.0007543824,0.00052584027,0.0004929348,0.00092400773,0.00052003126,0.00069759757
2022-11-25,0.00017580905,-4.6922273e-06,0.00016557072,0.00010094635,-1.7873414e-05,0.0001967764
2022-11-26,2.9850269e-06,1.1224332e-05,-7.4514282e-06,2.0480318e-05,1.1150336e-05,8.317053e-06
2022-11-27,-1.4874417e-05,-9.822385e-06,-1.0275122e-05,-2.6815394e-05,-1.369219e-05,8.354984e-06
2022-11-28,-0.0013622203,-0.0015518657,-0.0010836299,-0.0025197028,-0.0013774916,-0.001394816
2022-11-29,-0.00016438452,0.00019059223,-5.0028546e-05,0.00019413336,8.6383916e-05,-8.3110426e-05
2022-11-30,0.0016536961,0.00251309,0.0013295121,0.003481081,0.002021535,0.0020495276
2022-12-01,0.0010829368,0.000815418,0.00076994096,0.0013057712,0.00068082585,0.0008967051
2022-12-02,0.0008044337,0.0001456918,0.0003575478,0.0005468691,0.00027563018,0.0006242977
2022-12-03,-2.6153586e-05,-6.4266635e-05,-1.7405368e-05,-9.5130235e-05,-8.44144e-05,1.4200851e-05
2022-12-04,-9.8567725e-06,2.317921e-05,-6.4871033e-06,2.554304e-05,2.8951144e-05,-2.1250939e-05
2022-12-05,-0.0012480366,-0.0019637174,-0.001129466,-0.0029076815,-0.0017499125,-0.0015183295
2022-12-06,-0.000880105,-0.00068855955,-0.00057312334,-0.0010941547,-0.00058856094,-0.0009822223
2022-12-07,0.00033963114,0.00012158027,0.0002245839,0.0002811608,0.0001326061,0.00029280348
2022-12-08,0.0005655732,0.00063661713,0.00029151814,0.00077570137,0.0004273823,0.00065741275
2022-12-09,-0.00010278728,-0.00021155353,-9.877446e-05,-0.00032997853,-0.00019362022,-0.00019732735
2022-12-10,2.4371377e-06,3.6878516e-06,1.8441153e-06,4.9683617e-06,3.0102615e-06,-1.8537231e-06
2022-12-11,3.270416e-05,-1.6033697e-05,3.3395023e-05,1.0906796e-06,-5.6830613e-06,4.2131323e-05
2022-12-12,-0.00077341386,-0.00037880836,-0.0007264781,-0.0006825926,-0.0004354807,-0.0004765164
2022-12-13,0.00039700884,0.001580985,0.0005937723,0.0017379558,0.0011449294,0.0011663099
2022-12-14,0.00013650642,-0.0002392753,-7.088465e-05,-0.00011520663,-0.00013242164,2.7623792e-05
2022-12-15,-0.0012977617,-0.002469856,-0.0012091098,-0.002740533,-0.0016821593,-0.0027222529
2022-12-16,-0.00021784332,-0.000670146,0.00016072285,-0.0006788694,-0.00032514005,-0.0008141877
2022-12-17,-0.00013566726,-2.5234198e-05,-0.00011802337,-9.334443e-05,-9.0361114e-05,-0.00014149428
2022-12-18,9.415665e-06,1.673384e-07,2.0045953e-05,9.615886e-07,1.5870384e-06,2.4005542e-06
2022-12-19,0.00013578456,-0.00049275614,-2.6982138e-06,-0.0003970874,-0.00016555307,-0.000100457524
2022-12-20,-0.00033128163,0.00013943661,-0.00028655815,-8.752875e-06,-8.105593e-06,-0.0002885446
2022-12-21,-0.001042051,-0.0001287389,-0.0007034948,-0.00072399946,-0.0006388579,3.88164e-05
2022-12-22,0.00027873344,-0.00040731608,0.00039095755,-0.00016876002,3.591883e-06,-0.00066365884
2022-12-23,-0.00017446239,0.00026013327,-0.00016086332,0.00021234233,0.0001855952,9.3175615e-05
2022-12-24,3.219363e-05,2.1097641e-05,1.5183279e-05,2.0841357e-05,1.7992303e-05,2.440848e-05
2022-12-25,8.805718e-06,1.7196951e-05,-1.0668733e-05,5.063417e-06,-4.6749708e-08,1.8106171e-05
2022-12-26,-0.00044286952,-0.00013191468,-0.00026519093,-0.0002939538,-0.00026671824,-0.0002123044
2022-12-27,9.285353e-07,0.00017888521,2.384488e-05,0.00020765922,0.00019296039,6.7297566e-05
2022-12-28,0.0011137774,1.2153197e-05,0.00096592604,0.00052528817,0.00044817233,-3.918849e-05
2022-12-29,-0.0009936751,0.00023087802,-0.0008939093,-0.0003733915,-0.00039436723,0.00023615923
2022-12-30,0.000713778,-0.00012320509,0.0005562807,0.00012216564,0.000112409456,3.717436e-05
2022-12-31,-2.179601e-05,1.0536699e-05,-2.2503373e-05,-6.080311e-06,-2.7755439e-06,-3.2851124e-06
2023-01-01,-5.2204683e-05,-1.5656751e-05,-1.0824204e-05,-2.0106176e-05,-1.2058413e-05,-3.964837e-05
2023-01-02,-0.00018790009,-0.00010859683,-7.745414e-05,-0.00014602019,-0.00016887081,9.663711e-05
2023-01-03,-0.0003744493,-0.0003433699,-0.0003121353,-0.00060070585,-0.00044622712,-7.7162884e-05
2023-01-04,-0.0014401159,-0.0002203481,-0.0009826452,-0.00086812855,-0.0006737059,-0.00033140392
2023-01-05,0.00019231536,-0.00015452388,0.00043346614,3.246549e-05,0.0001566687,-0.00021062947
2023-01-06,-0.0004639711,0.0007001382,-0.0007928331,0.0005240799,8.480225e-05,0.0006643421
2023-01-07,-1.1135361e-05,-1.3857235e-05,5.524439e-06,-1.3696006e-05,-1.1649361e-05,-7.478114e-06
2023-01-08,3.352023e-05,6.6393324e-05,-1.0965556e-05,0.00015978841,9.602282e-05,7.639909e-06
2023-01-09,3.081546e-05,0.00039959984,-8.5081716e-05,0.0006439949,0.0003084606,0.00054071116
2023-01-10,3.19055e-05,-8.477005e-05,4.8647245e-05,-0.0001203605,-0.00012373623,-5.889888e-05
2023-01-11,0.0008334617,0.0009945969,0.00048469804,0.0017059831,0.0010102768,0.00078654144
2023-01-12,0.0014896608,0.0015873375,0.0006940542,0.0026364822,0.001584564,0.0014164279
2023-01-13,0.0015426463,0.0011986768,0.0006796912,0.0020820256,0.0012260104,0.0012911465
2023-01-14,0.0005959878,0.00057041115,0.0004813493,0.0011507326,0.0006315418,0.00050587516
2023-01-15,-0.00010342969,-9.7990596e-05,-7.326707e-05,-0.00019942524,-0.000108186905,-8.174079e-05
2023-01-16,0.0002023289,0.000106872765,9.110335e-05,0.00021186042,5.7044614e-05,0.00018847713
2023-01-17,-0.0006772437,-0.0003817335,-0.00019005714,-0.00064785936,-0.00039556125,-0.00065030775
2023-01-18,-0.0013709842,-0.001359132,-0.0005262135,-0.002582097,-0.0013791596,-0.0012369415
2023-01-19,-0.0007403046,-0.0004973246,-0.00035862616,-0.0011808097,-0.0006711226,-0.00062724616
2023-01-20,0.0014928791,0.0017243135,0.0005727227,0.0029006216,0.0014701402,0.0013447994
2023-01-21,-0.00012069758,-0.00011957389,-2.159242e-05,-0.00020901892,-0.000120540666,-0.00011166096
2023-01-22,7.8874364e-05,8.329342e-05,2.2924605e-05,0.00012016559,7.926641e-05,7.02693e-05
2023-01-23,0.00077057426,0.0008439055,0.0004738584,0.0017296568,0.000967323,0.00080599263
2023-01-24,-0.0005785629,-0.00033603338,-0.000115933304,-0.00074087724,-0.00043082258,-0.00047018155
2023-01-25,0.00080000603,0.000740409,0.00019505413,0.0012344483,0.00071259204,0.0008689251
2023-01-26,0.0009938938,0.0009022032,0.00050694833,0.0016936138,0.0009084193,0.00090867607
2023-01-27,-4.7245976e-05,-3.881174e-05,7.61932e-06,5.3212072e-05,8.1449434e-05,-0.000112564194
2023-01-28,-7.202527e-05,-7.360407e-05,-1.6269827e-06,-0.00014057104,-7.943242e-05,-7.187933e-05
2023-01-29,0.0003297023,0.00036154522,1.1168186e-05,0.0005859694,0.00034609204,0.0003721648
2023-01-30,-0.0021237074,-0.0020172694,-0.00082425267,-0.003731768,-0.0021072116,-0.0020807146
2023-01-31,0.0008808384,0.0012830013,0.0005135249,0.001905678,0.0010916941,0.00097076554
2023-02-01,0.0012082533,0.0013048156,0.00041837528,0.0020465786,0.0010506306,0.0015470808
2023-02-02,0.0011234797,0.00081872224,0.00059738464,0.0017732078,0.0009663625,0.0011919464
2023-02-03,-0.0016321761,-0.0017754672,-0.000518385,-0.00283034,-0.0015795463,-0.0020763571
2023-02-04,-1.6133896e-05,-2.3495693e-05,1.0498925e-06,-3.8292812e-05,-1.9089362e-05,-2.6388272e-05
2023-02-05,-0.00023058965,-0.00026323643,-7.685575e-06,-0.00037458324,-0.00022932961,-0.00030027993
2023-02-06,-0.0025821608,-0.0019273871,-0.000600438,-0.0034961896,-0.0019936152,-0.0029874449
2023-02-07,1.7589547e-05,0.00065101223,-5.2792628e-05,0.0009789654,0.00044897923,0.00033773444
2023-02-08,-0.00047489195,-0.00055921276,-0.00019971837,-0.0009174346,-0.0006433269,-0.00046872898
2023-02-09,-0.00038932497,-0.000775708,-2.5944068e-05,-0.0010083799,-0.0005594063,-0.0008668043
2023-02-10,-0.0006295883,-0.0005644294,-0.0002812386,-0.00090161455,-0.00048554532,-0.0008765438
2023-02-11,-7.1724004e-05,2.07871e-05,-1.11789495e-05,-2.6792302e-05,-5.262645e-05,4.7513753e-05
2023-02-12,4.2402142e-05,-1.9461551e-05,1.8388635e-05,1.0776179e-06,1.4624991e-05,-4.2607207e-05
2023-02-13,0.00044422684,0.00067282416,3.55896e-05,0.0007287847,0.00043979273,0.0006829305
2023-02-14,-2.2777465e-05,0.0001830173,1.4235025e-05,0.00029068743,0.00013616036,0.00017626774
2023-02-15,-0.00011205025,0.00012445859,-0.00016456739,0.0001717618,0.00012986665,0.00010511784
2023-02-16,-2.8895656e-05,-0.00034833758,0.00010188318,-0.00028826087,-0.00013140337,-0.00054046477
2023-02-17,-0.00011586012,-1.2512746e-06,-0.00010837149,-0.00015382678,-0.00014682475,-0.00011027548
2023-02-18,3.813678e-06,2.6766107e-05,3.7795786e-07,2.6460059e-05,1.5748565e-05,3.6189507e-05
2023-02-19,-3.499679e-05,-4.522152e-05,-8.584811e-06,-5.1036768e-05,-4.0262334e-05,-4.4659475e-05
2023-02-20,-2.3105014e-05,5.679743e-05,-1.578976e-05,6.4865276e-07,3.09328e-05,7.041116e-05
2023-02-21,-4.52067e-06,-0.0009843233,0.00050807226,-0.00078421086,-0.0002742472,-0.0009609035
2023-02-22,0.00014666091,-0.00024078118,0.00032766676,-9.857089e-05,2.3951936e-05,-0.00033839073
2023-02-23,-0.0004521787,-0.00018814068,-0.0002848786,-0.0004521573,-0.0004154288,-0.00025129312
2023-02-24,0.00052104425,-0.0007563951,0.0008598794,-0.00046670818,7.393105e-05,-0.00057679415
2023-02-25,-8.764461e-06,-1.765223e-05,8.1846265e-06,-2.0828977e-05,-1.3919586e-05,-1.5661093e-05
2023-02-26,-6.601139e-06,6.715236e-05,-2.4782446e-05,7.513197e-05,3.6188216e-05,8.366614e-05
2023-02-27,0.00047208028,0.0007433854,0.0002996835,0.0011331987,0.0006586244,0.0007404218
2023-02-28,0.00048417656,0.00017005226,0.00020948502,0.00052007684,0.00031831278,0.00021995069
2023-03-01,-0.00072076055,-0.00015852743,-0.00035641532,-0.00049225625,-0.00022986608,-0.00043946406
2023-03-02,-0.00063273165,-0.00041412143,-0.00033761977,-0.00080170913,-0.00052706635,-0.00043038433
2023-03-03,-0.0011289185,0.00015188903,-0.0009903075,-0.0002289012,-0.00041161486,-0.00021697595
2023-03-04,7.131161e-05,1.7417946e-05,6.342911e-05,3.6288882e-05,5.0486437e-05,3.610677e-05
2023-03-05,-3.945167e-06,7.316932e-06,-3.5716196e-06,1.4935319e-05,1.29519385e-05,9.165912e-06
2023-03-06,-5.944753e-05,-3.9453455e-05,-0.00011270849,-4.5447014e-05,4.1704006e-06,2.3127845e-05
2023-03-07,0.0007700857,-0.00064468745,0.00051836396,-0.00030579002,-0.0001267549,-0.0001559564
2023-03-08,0.00091148855,0.00047324086,0.0005143895,0.0008444226,0.00067577313,0.0007533732
2023-03-09,0.0011707782,-0.00010289546,0.0010283517,0.00020808411,0.00030374507,0.00039458938
2023-03-10,-0.0003323177,-0.0010482315,0.00018010747,-0.0010528154,-0.0007981292,-0.0009983286
2023-03-11,-0.00010981668,-2.6211716e-05,-3.029848e-05,-3.9098522e-05,-2.2021433e-05,-8.6582804e-05
2023-03-12,-0.00081042695,-0.0002638781,-0.00011968098,-0.0003861739,-0.00036365035,-0.00069950934
2023-03-13,-0.001192894,-0.0010621881,-0.00027187655,-0.0014657179,-0.0011025859,-0.0016627396
2023-03-14,-0.0017640709,-0.0007537445,-0.00084255426,-0.0015231787,-0.0011626907,-0.0011852413
2023-03-15,0.0024133387,0.00035549217,0.0016099641,0.0007084825,0.0007198871,0.0012065644
2023-03-16,-0.0019413022,-0.0006293375,-0.001246636,-0.0011341983,-0.0009021516,-0.0014075263
2023-03-17,0.0013537668,0.00083972915,0.0010145793,0.0013833381,0.0009788347,0.00072356005
2023-03-18,-0.00011746607,-0.00016243804,-0.00010277666,-0.00023601197,-0.0001488349,-6.212263e-05
2023-03-19,9.577375e-05,0.00015612032,9.118806e-05,0.0002253719,0.00012718515,3.4194225e-05
2023-03-20,-0.0009889364,-0.0003836158,-0.0005634811,-0.00071763626,-0.00060383236,-0.00089289603
2023-03-21,-0.0017843059,-0.0003085298,-0.00087392953,-0.0006555027,-0.00053753186,-0.0014602934
2023-03-22,0.000368835,6.531833e-05,0.00021862418,0.00018440509,0.0001402016,0.0005431735
2023-03-23,0.0015118902,0.001146551,0.00095544563,0.0017700663,0.0012645343,0.0011813585
2023-03-24,-0.00075673003,-0.00073987694,-0.0005411757,-0.0010890164,-0.0007496333,-0.000844703
2023-03-25,-1.744684e-05,-1.7524235e-05,-2.511286e-05,-2.8228285e-05,-1.2433882e-05,2.671485e-06
2023-03-26,0.00010156426,0.00011876294,6.2220184e-05,0.00016643756,9.679218e-05,7.771365e-05
2023-03-27,-0.0018634985,-0.0010554926,-0.0011500767,-0.0016105378,-0.0011315502,-0.0013197367
2023-03-28,-0.0003422731,0.0001550252,-0.00015323552,0.00021556616,7.252766e-05,-0.00023571271
2023-03-29,-0.0007369553,0.00030128122,-0.00024458652,0.0001233489,7.3500073e-06,-0.00052753795
2023-03-30,3.197911e-06,0.00065008074,0.00012085635,0.0009613347,0.00052651594,0.00029968275
2023-03-31,0.00048009804,0.0009989246,0.0005177508,0.0014036334,0.00096440915,0.00024536418
2023-04-01,-4.7686128e-05,-3.3202898e-05,-2.2981178e-06,-8.868062e-05,-3.8266768e-05,-7.941943e-05
2023-04-02,-9.8559765e-05,-0.000105194726,-5.738791e-05,-0.00014514157,-0.00010732865,-6.3572435e-05
2023-04-03,0.00021666143,0.00042193482,0.00021616071,0.00064040476,0.00042919122,2.0767871e-05
2023-04-04,0.0005469452,0.00047470772,0.00040064,0.00069876335,0.00045766996,0.0004582969
2023-04-05,-3.51483e-05,-0.00021329259,-0.00033493747,-0.00026869876,-3.9555878e-05,0.00013426921
2023-04-06,-0.00011407983,2.130487e-05,-7.5129195e-05,-9.037482e-06,-0.00018601329,8.076303e-06
2023-04-07,0.00026683576,0.00019339124,3.026655e-05,0.00038047618,0.00021627851,0.00036780557
2023-04-08,-4.0560128e-05,-4.5685025e-05,-1.2154202e-05,-6.4252265e-05,-4.1537685e-05,-4.7071197e-05
2023-04-09,3.9919105e-05,6.612878e-05,1.5126822e-05,6.963127e-05,4.320807e-05,5.717926e-05
2023-04-10,-0.0006296378,-0.00038730056,-0.0003773822,-0.00080731336,-0.0005092105,-0.0005192387
2023-04-11,0.0007428324,0.0010764011,0.00060809153,0.0017421794,0.0008979653,0.00060845143
2023-04-12,0.0007895247,0.00057483354,0.00037845998,0.0010809422,0.00061701215,0.0006970497
2023-04-13,0.0019268957,0.0018488371,0.0012944438,0.0030021118,0.0016134065,0.0018461461
2023-04-14,-0.0008944459,-0.0006894811,-0.00025673248,-0.0014067239,-0.0007943487,-0.0009951568
2023-04-15,4.815449e-05,4.2863267e-05,3.627635e-05,5.4910157e-05,3.7879527e-05,4.190189e-05
2023-04-16,0.00019574248,0.00019476443,0.00016454693,0.0002949744,0.00018433515,0.00018237928
2023-04-17,-0.00013051702,-0.000110025234,-0.00014713983,-0.00012628947,-3.2665215e-05,-0.00035615225
2023-04-18,0.0003299708,0.00062993955,0.0003021643,0.0010791633,0.0004719217,0.0003322773
2023-04-19,-0.0017689762,-0.0018320653,-0.0011570393,-0.0030282177,-0.0017490163,-0.0017261609
2023-04-20,-0.00065173145,-0.00064305495,-0.00061233435,-0.0010696783,-0.0006164018,-0.00038270836
2023-04-21,4.5177578e-05,-0.00026298122,6.068318e-06,-0.00014250263,-5.4437285e-05,-0.00019313321
2023-04-22,-0.00013573792,-1.5359039e-05,-8.710026e-05,-8.619997e-05,-0.00010656411,4.394415e-05
2023-04-23,5.197907e-05,1.7555156e-05,3.642556e-05,2.9277331e-05,3.976399e-05,-1.8709174e-05
2023-04-24,0.00047921896,0.0005014907,0.00012274628,0.00072030077,0.00042042843,0.0007640229
2023-04-25,-0.00094732194,-0.001346625,-0.00054493966,-0.0019248774,-0.0008351365,-0.00088620733
2023-04-26,-0.00022962794,-0.0005406168,-8.535686e-05,-0.0007438576,-0.00030729017,-0.00045891077
2023-04-27,0.0001332727,0.000673339,-0.00026943622,0.000720999,0.00019534449,0.00071604137
2023-04-28,-0.00029379936,0.00044929428,-0.00028711275,0.00028028016,-5.8603473e-05,0.00014222189
2023-04-29,-5.8247766e-05,-2.9115938e-05,-6.0615333e-05,-2.8818442e-05,-3.5304365e-05,-2.2944398e-05
2023-04-30,5.1375086e-05,3.521578e-05,4.7525977e-05,1.822237e-05,2.5350355e-05,2.5548641e-05
2023-05-01,-0.0004308912,-0.0005271284,-0.00020824822,-0.00081740227,-0.0003950058,-0.00081126584
2023-05-02,-0.0005596699,-0.00081699726,-1.4772967e-05,-0.0012194634,-0.0005273266,-0.0006945608
2023-05-03,-0.00046113468,-0.0004110544,-0.00013397813,-0.00057184073,-0.00037271527,-0.000442836
2023-05-04,0.00011537893,-0.00012697368,-0.00022512159,-7.0636255e-05,-5.592433e-05,0.000261107
2023-05-05,-0.0024104193,-0.0007427171,-0.0016980937,-0.0016877957,-0.0016007392,-0.0013430776
2023-05-06,6.0676488e-05,-2.594228e-05,6.721524e-05,-5.8189296e-05,1.8070825e-06,-8.652547e-05
2023-05-07,8.031288e-06,-1.8316729e-05,1.1814461e-05,-4.2220778e-05,-1.1856461e-05,-2.9093613e-05
2023-05-08,-0.0006259181,-0.00023160272,-0.0002000425,-0.00062732655,-0.0005685675,-0.00067320076
2023-05-09,-0.00014632629,-0.00029440876,-4.9826904e-05,-0.00022978106,-0.00015447501,-0.00038294896
2023-05-10,0.00025334157,0.00024857197,0.00011546861,0.00031089797,0.00021371293,0.00040106842
2023-05-11,2.958116e-05,-0.00051476725,0.00047717578,-0.00083222584,-0.00030007967,-0.00039253282
2023-05-12,-0.0004816149,-0.00040750316,-0.00014292664,-0.00067265576,-0.0004943749,-0.00052062125
2023-05-13,7.260107e-05,3.67358e-05,6.6486435e-05,3.5128087e-05,3.37603e-05,6.5661356e-05
2023-05-14,-8.533947e-05,-4.12152e-05,-7.730352e-05,-2.7547172e-05,-2.5457839e-05,-6.694499e-05
2023-05-15,-0.0007406472,0.00015182531,-0.0006206722,5.119456e-05,-0.00015087004,-0.00033202488
2023-05-16,0.00082266453,-0.00012621842,0.0008091743,-4.0346575e-05,9.312805e-05,5.926008e-05
2023-05-17,-0.00023596495,0.00016068465,-0.00045326873,0.00034272115,0.00018208723,-3.900818e-05
2023-05-18,0.00095351564,0.000621361,0.0004984021,0.001060844,0.00079441175,0.0006584851
2023-05-19,-4.7292e-05,0.00032113626,1.2604511e-06,0.00037180673,0.00023975596,0.00017631103
2023-05-20,3.4646346e-05,4.5238496e-05,-5.933264e-06,7.993417e-05,4.55382e-05,3.6497997e-05
2023-05-21,0.0001543275,9.960335e-05,6.0896295e-05,0.00011718745,8.741914e-05,0.00014441104
2023-05-22,-0.00045382066,-0.0003033531,-0.0004189611,-0.0003217314,-0.0003255227,-0.00050061505
2023-05-23,-0.00012687984,-0.00059364084,2.5587473e-05,-0.00081504683,-0.00049343763,-0.00054283935
2023-05-24,0.00035369745,-0.0006497345,0.00062413857,-0.00094748376,-0.0004267972,-0.00026640767
2023-05-25,0.0011406606,0.00050305674,0.0010380734,0.0009810714,0.00057351444,0.0010080271
2023-05-26,2.0692773e-05,0.001033607,-0.0003970616,0.0016822234,0.00090379163,0.0005327422
2023-05-27,-8.375671e-05,-2.3040495e-05,-8.827946e-05,3.834599e-06,-4.7355334e-05,-8.4038045e-05
2023-05-28,-0.0001537139,4.2017773e-06,-9.488917e-05,-9.344612e-06,-2.4607201e-05,-0.00010703712
2023-05-29,0.00014728014,0.00012631522,-2.2142145e-05,0.00024348631,9.175405e-05,0.00019417192
2023-05-30,0.0009974297,0.00035820782,0.0006287311,0.00034889823,0.00020772696,0.0006839044
2023-05-31,0.0005623597,-6.325987e-05,0.0006999552,-0.00017064803,-0.00013142453,0.00023687881
2023-06-01,-0.0014928472,-8.059126e-05,-0.001379722,-0.0001628287,-0.00026503805,-0.00096618955
2023-06-02,-0.0015718215,1.2000988e-05,-0.0015232227,0.00034799645,9.467073e-05,-0.0010516556
2023-06-03,-7.0624024e-05,-6.7204106e-05,-1.2595102e-05,-8.359991e-05,-5.635264e-05,-6.736313e-05
2023-06-04,1.012667e-05,1.6720296e-05,-8.732708e-06,2.9813424e-05,1.6969101e-05,4.7346743e-06
2023-06-05,-0.0005770236,-0.00057433534,-0.00048562846,-0.0007564714,-0.00069142896,-0.00023325815
2023-06-06,0.00010350508,0.0004828974,4.1775013e-05,0.0008327983,0.00035567413,0.00014118654
2023-06-07,0.00053288724,0.000119900855,0.0006152911,0.00023174834,0.00031090507,0.0005003074
2023-06-08,0.0003368317,0.0009315289,-0.00015944359,0.0016256382,0.00080283807,0.00037071554
2023-06-09,0.0003064565,0.00013759475,0.00014951383,0.00029769732,0.00019495761,0.0001632556
2023-06-10,0.0008134732,0.00048251994,0.0004237429,0.00044636815,0.00047791062,0.00075453083
2023-06-11,3.2540014e-05,3.5775167e-05,-1.0158867e-05,3.1896052e-05,1.9895999e-05,4.7388217e-05
2023-06-12,0.00062208186,0.0004896255,0.00021944265,0.0010592917,0.00057187857,0.0007040326
2023-06-13,0.0008189231,0.0010147357,0.0004555933,0.0017701134,0.0009833545,0.0007037614
2023-06-14,0.00066677004,0.00059584115,0.00016802305,0.0007912242,0.0005807095,0.000664499
2023-06-15,0.0012183049,0.0016662321,0.00076869124,0.0029290656,0.001541722,0.0009214826
2023-06-16,0.00047283465,0.00043340222,0.00022038989,0.0009177558,0.0006761937,0.00030207212
2023-06-17,-0.00017498716,-0.00011391034,-2.1603963e-05,-8.311284e-05,-8.582777e-05,-0.00014192199
2023-06-18,5.805841e-05,3.3276116e-05,-1.2305766e-07,1.688125e-05,2.2309723e-05,5.3716052e-05
2023-06-19,8.267928e-05,-5.228716e-05,-0.00012933474,3.193811e-05,0.000121625686,0.00014679502
2023-06-20,-0.0021471013,-0.001942772,-0.0014048497,-0.003220387,-0.0017043927,-0.0017822469
2023-06-21,-0.00090039463,-0.00045934418,7.322715e-05,-0.0007051689,-0.00034408757,-0.0010953615
2023-06-22,-0.00061347894,-0.0010382044,-0.00073427154,-0.0016210593,-0.0008457368,-0.0003777228
2023-06-23,-0.0012004345,-0.0013422216,-0.0010006155,-0.0019732895,-0.0008446235,-0.0010307229
2023-06-24,0.000110474786,8.916068e-05,1.04182245e-05,0.0001144254,8.704686e-05,6.606871e-05
2023-06-25,-1.278095e-06,9.151141e-06,-1.8046485e-05,2.4009953e-05,4.3527593e-06,-2.400614e-05
2023-06-26,-0.0003211912,-1.5123982e-05,-0.000107590575,-0.00020856767,-0.00020147748,-0.00020431649
2023-06-27,0.00041234607,0.0007036768,0.00012953869,0.00088818773,0.00030398378,0.0007396815
2023-06-28,-0.00054781797,-0.0004462736,-0.0004330945,-0.0008513144,-0.0005181619,-0.00033815994
2023-06-29,0.00030917645,0.00028829553,0.00019872341,0.00050172204,0.00029818134,0.0006001481
2023-06-30,0.001075377,0.001965948,0.00037822666,0.002861942,0.0014773206,0.0013010466
2023-07-01,-5.2120984e-05,-2.2195283e-05,-2.8105964e-05,-5.2257998e-05,-1.3081488e-05,-7.6524564e-05
2023-07-02,4.9715174e-05,5.8712838e-05,1.1844142e-05,0.00011803391,5.8899757e-05,4.56262e-05
2023-07-03,-0.00022415913,0.0002313117,-0.00033353776,0.0002245248,-2.6114136e-05,2.4549701e-05
2023-07-04,-0.00023909568,-0.00016369783,-0.00012086257,-0.0003687288,-0.00022055159,-0.0002311338
2023-07-05,-0.0012855948,-0.0013268869,-0.00088517694,-0.0020928327,-0.0011991867,-0.0012682227
2023-07-06,-0.0019247934,-0.0025613334,-0.001125129,-0.0037950266,-0.00213805,-0.00204541
2023-07-07,-0.0006658496,4.6565376e-05,-0.0001161293,-0.00025122642,-0.00026911497,-0.00038422257
2023-07-08,3.4528493e-05,4.9196267e-05,2.6018088e-05,7.528488e-05,4.2342755e-05,2.7980292e-05
2023-07-09,-0.00010758465,-0.00012845997,-7.5264914e-05,-0.0002063082,-0.00011058645,-0.000114554554
2023-07-10,-0.00029317904,8.818658e-05,-0.000111539965,-7.449821e-05,-0.00017817279,8.449173e-06
2023-07-11,7.658889e-05,0.0007650277,-6.313318e-05,0.0009867126,0.00051703415,0.00044751473
2023-07-12,-0.00067540444,0.00024419147,-0.00055246626,0.00035748273,0.00010558475,-0.00016688308
2023-07-13,0.00043143847,0.0016539779,0.00028620547,0.002360993,0.0013490675,0.00094484526
2023-07-14,-0.0009931445,-0.0010285529,-0.0006224235,-0.0013949784,-0.00088870514,-0.0007199286
2023-07-15,1.2356674e-05,3.5259232e-05,3.4094617e-05,3.6010613e-05,2.2931988e-05,2.5012283e-05
2023-07-16,-0.0001144498,-0.00012920907,-8.702531e-05,-0.0001907991,-0.00012489707,-8.6556036e-05
2023-07-17,0.00047688492,0.00049921375,-3.513715e-05,0.0007336407,0.00038168387,0.0005293631
2023-07-18,0.00077449455,0.0009017514,0.0005065944,0.0014862987,0.0007428463,0.00084830564
2023-07-19,0.0005553559,0.00061560125,0.00038397385,0.00086424156,0.0006501708,0.0004471723
2023-07-20,-0.0009741023,-0.00087750476,-0.00029118062,-0.001751164,-0.0007472718,-0.00086967845
2023-07-21,-0.00072171394,-0.00022179197,-0.0001286586,-0.00063605636,-0.00046726855,-0.0006484416
2023-07-22,-5.8309215e-05,-9.444774e-05,1.2190441e-05,-0.00011976501,-7.793338e-05,-6.9361246e-05
2023-07-23,1.6663116e-05,6.483877e-05,-6.52759e-06,6.516824e-05,4.191885e-05,6.315974e-05
2023-07-24,0.0007145887,0.0007650693,0.0005143337,0.0013556535,0.00083527673,0.0009264047
2023-07-25,0.00016581756,0.00037537757,0.00010855684,0.0005720096,0.00017018274,0.00017383478
2023-07-26,0.00067441765,0.00072319875,0.000173306,0.0010986973,0.00056695926,0.0007917632
2023-07-27,-0.0014223767,-0.0015919071,-0.00050523964,-0.0027277032,-0.0012065946,-0.0015027031
2023-07-28,0.00072008546,0.0010663832,0.00047070393,0.0018541568,0.00069339096,0.00054616417
2023-07-29,-2.447344e-05,2.6566328e-08,-2.3064349e-05,-1.0557143e-06,-7.2870366e-06,-4.7678705e-06
2023-07-30,-0.00013083412,-0.00014344287,-2.2657046e-05,-0.00018677211,-0.00012099622,-0.00013331464
2023-07-31,0.00073259656,0.0008449122,0.00033868515,0.0013658338,0.0007158713,0.00097062916
2023-08-01,-0.0017402006,-0.0015911415,-0.0010082504,-0.0027406155,-0.0014943632,-0.0016450607
2023-08-02,-0.0032998542,-0.0037189354,-0.001689776,-0.0061626607,-0.00296104,-0.0037859809
2023-08-03,-0.00047798007,-0.00070601964,-0.00016795263,-0.0009941189,-0.00033654398,-0.00084902125
2023-08-04,-0.0007175855,-0.00029050582,-0.0006792804,-0.0006591767,-0.0005753496,-0.0005350138
2023-08-05,-1.1268308e-05,1.35116325e-05,-1.1876487e-05,1.0097784e-05,-3.3998779e-06,4.728363e-06
2023-08-06,7.1200557e-06,-7.6073848e-06,1.4839822e-05,-9.915018e-06,1.2127724e-06,-6.258683e-06
2023-08-07,-0.00015822082,0.000279419,-0.00014223953,0.0003173154,9.938048e-06,0.00040156156
2023-08-08,-0.00012314842,-0.000525509,-6.874207e-05,-0.000561671,-0.00025168268,-0.0007083416
2023-08-09,0.00063739263,0.00040195874,0.0002163985,0.00074845797,0.00050510844,0.00041258635
2023-08-10,-0.00011652337,-4.144104e-05,6.0867787e-05,-0.00021963961,-0.00011861788,-3.9422717e-05
2023-08-11,0.00078133587,0.000103995444,0.00046988358,0.00038466122,0.00034514986,0.00036695204
2023-08-12,-1.6328167e-05,2.9797848e-06,-1.7275608e-05,-5.027297e-06,-7.1727613e-06,-1.3318286e-05
2023-08-13,8.058608e-06,-2.1026979e-05,2.1410835e-05,-2.705574e-05,-7.961713e-06,-1.0532868e-05
2023-08-14,0.0001654624,-0.00015937949,0.0002116118,-4.666049e-05,-4.3957873e-05,-1.7945244e-05
2023-08-15,0.0009336808,-0.00057650293,0.0010026565,-0.00044046415,-6.937989e-05,-0.00049659057
2023-08-16,0.0015507621,0.00024462148,0.0011319537,0.0007904739,0.00073148054,0.0006456805
2023-08-17,0.002428379,0.00055195997,0.001390283,0.0012914038,0.0011977593,0.0013995534
2023-08-18,-0.00016546258,-8.923423e-05,0.00022282786,-0.00013281837,-0.00010077013,-0.00022432105
2023-08-19,-0.0001145318,-3.4076733e-05,-3.342303e-05,-4.4604254e-05,-5.5731012e-05,-8.712427e-05
2023-08-20,-0.00013435626,-3.2485023e-05,-4.6596204e-05,-3.5160694e-05,-3.766819e-05,-0.00010609867
2023-08-21,9.523632e-05,0.0001862702,4.7602643e-05,0.00015067922,0.00026097044,0.000119115895
2023-08-22,0.0002634922,9.0662914e-05,-8.791584e-05,0.00034891153,0.0001754117,0.00013248468
2023-08-23,-0.0030285378,-0.0008705373,-0.0009086773,-0.0013721604,-0.0011628593,-0.0022896905
2023-08-24,0.00023328346,-0.0006919262,8.994026e-05,-0.001289965,-0.00077397213,-0.00041475683
2023-08-25,0.00022478591,0.000484732,9.9838e-05,0.0006667925,0.00047737322,0.0005752939
2023-08-26,-8.4522355e-07,1.7621383e-06,1.1438537e-05,-3.2138248e-06,2.1346575e-06,-1.909283e-06
2023-08-27,-0.00010079799,-2.5075697e-05,-2.4052026e-05,-1.7772294e-05,-1.693252e-05,-8.425755e-05
2023-08-28,-0.0011717429,-1.4149342e-06,-0.0005677914,0.00014054918,-2.2968341e-05,-0.0006820788
2023-08-29,-0.0017108253,0.00027747598,-0.00066730677,0.00044637054,0.00013223267,-0.00094711396
2023-08-30,-0.0007879225,-0.00047656536,-0.000525841,-0.0008880092,-0.00064593914,-0.0006595212
2023-08-31,-4.6747544e-05,-0.00028212884,-0.0002394225,-0.0005597719,-0.00028918558,2.9246663e-05
2023-09-01,-4.831762e-05,9.904182e-05,2.1528109e-05,-0.00017983264,-7.175574e-05,4.875309e-05
2023-09-02,-4.034516e-05,-1.2525542e-05,-2.7490164e-06,-8.50605e-06,-1.2471978e-05,-3.5162673e-05
2023-09-03,-3.2098724e-05,-5.6520453e-06,-1.8185678e-05,5.4653225e-07,-3.338757e-06,-2.5076451e-05
2023-09-04,3.4876906e-05,5.0495426e-05,-3.0080108e-05,0.00013734716,7.975974e-05,0.00010906112
2023-09-05,-7.881628e-05,-0.0005208743,-0.00023830056,-0.0009619486,-0.000473535,-2.0681031e-05
2023-09-06,-0.0001015,-0.00031027058,-0.00031642552,-0.00038969782,-4.645373e-05,0.0001531581
2023-09-07,-0.00022605078,-0.00035052176,-9.6732736e-05,-0.0006416963,-0.00028403316,-0.00032648424
2023-09-08,9.637466e-05,2.5393154e-05,1.1775988e-06,-1.1630967e-05,-2.5418252e-05,0.000101559366
2023-09-09,1.1517186e-05,6.645395e-06,1.645801e-05,5.478559e-06,1.2680661e-06,1.33324575e-05
2023-09-10,0.00011678464,9.190335e-06,5.5070734e-05,-6.948343e-06,-9.095756e-06,0.00015415653
2023-09-11,-0.00043979802,0.00013678697,-0.0003496044,-3.3365253e-05,-0.0002646729,-0.0003474245
2023-09-12,-0.00026454136,-0.0001318631,-0.00015472154,-0.00019552668,-0.00025856597,-0.0003787477
2023-09-13,0.00018359118,0.00013233892,0.00029971512,0.00024668447,0.00013163516,0.000121952595
2023-09-14,0.00040046696,0.0011606974,0.00014930537,0.0015731995,0.0007086211,0.00048451847
2023-09-15,-0.00010520348,-0.0003836098,-1.8466539e-05,-0.0003324149,-0.00013012016,-0.00038933908
2023-09-16,-4.199898e-05,-5.0804036e-05,-1.3010753e-05,-6.488523e-05,-4.568886e-05,-1.9466239e-05
2023-09-17,2.510081e-05,-2.415608e-05,1.6299471e-05,-4.61682e-05,-3.833977e-05,6.6208435e-05
2023-09-18,-0.0006957922,-0.00062906713,-0.0005473895,-0.00092668907,-0.0005508508,-0.0007585474
2023-09-19,-5.8640286e-05,-0.00013322473,-9.884341e-05,-8.704597e-05,1.6371167e-05,-0.00019883354
2023-09-20,-5.422608e-05,-0.0003873887,5.543188e-05,-0.0006216829,-0.00011478104,-0.000188425
2023-09-21,2.7209533e-05,-0.0016339782,-0.00010200124,-0.0020416568,-0.001024743,0.00043684637
2023-09-22,-0.00019143139,-0.00013014507,-0.000221491,-0.00014943573,-0.00014445558,-0.00032739757
2023-09-23,1.9560364e-05,1.9089804e-05,1.1414134e-05,4.1419236e-05,1.7138635e-05,2.7439924e-05
2023-09-24,9.47697e-06,-3.5959285e-05,-5.9103113e-06,-5.9966584e-05,-3.374964e-05,4.3624004e-05
2023-09-25,0.0006055439,1.2864827e-05,0.00023310662,0.0002549876,0.00018963109,0.00051729806
2023-09-26,0.0020197798,0.0003082646,0.0016080496,0.0005757643,0.00044306426,0.00179714
2023-09-27,0.0011057543,0.00077067927,0.0006014599,0.0011996496,0.0007815631,0.0012592591
2023-09-28,-0.001200278,-0.00032364493,-0.00079877686,-0.0001725411,-0.000113076974,-0.0010948558
2023-09-29,-0.00015469514,-0.00023243878,-0.00014798447,-0.0006076979,-0.0004632026,-0.00053100946
2023-09-30,2.9440796e-05,5.2916675e-05,-2.2411925e-05,6.563361e-05,6.651549e-05,-1.922813e-05
2023-10-01,0.00024755477,0.0003068736,6.190837e-05,0.00041878523,0.0003283032,1.7957069e-05
2023-10-02,0.0016180285,0.0001682295,0.0012565767,-0.00018502616,-7.3560172e-06,0.0014793929
2023-10-03,0.0029670098,0.00092864345,0.0016607469,0.0006428977,0.0003993985,0.0025924786
2023-10-04,-0.0004966868,-0.00045687467,0.00019404125,-0.00033256508,-9.805126e-05,-0.00082593184
2023-10-05,-0.0008213501,-0.0004046581,-0.00060755806,-0.0007294918,-0.00045270225,-0.0009188041
2023-10-06,-0.0019522709,-0.00047873185,-0.0009334743,-0.00026578552,-0.00017980322,-0.0016222753
2023-10-07,-6.6502776e-06,-1.3201851e-05,-1.2538796e-05,-7.2109033e-06,-1.3742105e-05,2.959354e-06
2023-10-08,4.30497e-06,-4.0907066e-06,-4.1418e-06,-3.6420802e-06,-8.841233e-06,2.3116283e-05
2023-10-09,-0.0015744518,-0.000653729,-0.000113313035,-0.00089893653,-0.00066035305,-0.0011592127
2023-10-10,-0.0021392854,-0.0007682039,-0.0011442722,-0.0006199119,-0.0003617533,-0.0017369839
2023-10-11,-0.0006372862,-0.00024841243,-9.271166e-05,-0.00013356468,1.421262e-05,-0.0006258747
2023-10-12,0.00014217617,-0.00025415834,3.6401416e-05,-0.00065106346,-0.0004130077,0.00025586886
2023-10-13,-0.0011176462,-0.00052488927,-0.00043739245,-0.00096325116,-0.0007036327,-0.0006475265
2023-10-14,-9.4911054e-05,-6.288911e-05,-8.493258e-05,-7.823513e-05,-6.281577e-05,-8.786296e-05
2023-10-15,-5.811542e-05,-2.4309552e-06,-4.092791e-05,-8.557246e-06,-8.905824e-06,-1.8446859e-05
2023-10-16,-0.0005541046,-0.00019460244,-0.0001830902,-0.00014636508,-0.00012057858,-0.0003371024
2023-10-17,0.00021808337,0.00026482577,0.00013617749,0.00031369494,0.00013237387,0.00020657595
2023-10-18,0.00012002613,-0.00069413,-0.00012220931,-0.0011625517,-0.00069437176,4.4583925e-05
2023-10-19,0.0012636002,0.00023864332,0.00039332535,0.00028384413,0.0002184163,0.0010865519
2023-10-20,0.0014559656,0.0003642713,0.0008916144,0.00076209806,0.0005418432,0.0011336829
2023-10-21,4.3077896e-05,0.0001501608,9.545656e-06,0.00023126445,0.00015882128,0.00017461959
2023-10-22,6.693039e-05,9.215414e-05,2.1690432e-05,0.00011060899,0.00010908915,8.27455e-05
2023-10-23,0.0004098346,0.00029683494,0.00022620204,0.00052257284,0.0004583806,0.00010997977
2023-10-24,-0.0015758096,-0.00077784195,-0.00075977325,-0.00090849266,-0.00062939763,-0.0015046499
2023-10-25,0.0014404003,0.00059119985,0.00038988038,0.000430154,0.00011813275,0.00169615
2023-10-26,0.0010601082,0.00047487082,0.0009786726,0.0006245464,0.00038045412,0.0010277565
2023-10-27,0.00021410466,0.00011154669,-0.00018214669,-0.00027194122,-0.00031641775,0.00030139374
2023-10-28,0.00011372497,0.00011669431,8.8396795e-05,0.00018130404,0.00010865325,8.9452325e-05
2023-10-29,0.0004186563,0.00041233076,0.00014567126,0.0006910112,0.00040228287,0.00036113843
2023-10-30,-0.0013714948,-0.00058124645,-0.0004624032,-0.00015714622,2.9303277e-05,-0.0014714308
2023-10-31,-0.00047204323,-0.00013174921,2.0527327e-06,-7.43929e-05,-0.0001385201,-0.00042884424
2023-11-01,-0.001199589,-1.948664e-05,-0.00038161103,0.0006225885,0.00041223495,-0.0009980887
2023-11-02,-0.0040850453,-0.0015578268,-0.0014198857,-0.0011678465,-0.0002846299,-0.0038250762
2023-11-03,-0.0012928077,-0.00020208233,-0.00063179,4.077263e-05,0.000294694,-0.0015979992
2023-11-04,0.00021287307,0.00021895618,7.48593e-05,0.00036804492,0.00019304268,0.0002009438
2023-11-05,0.00040744385,0.00041378642,5.272927e-05,0.00072097336,0.00038277043,0.00039500993
2023-11-06,-0.00035148126,-0.00021724567,-0.00020897706,0.00011137504,0.00017099852,-0.00053840975
2023-11-07,3.1973046e-05,-0.0004927302,0.00014044101,-0.0008590151,-0.00049842946,-3.887907e-05
2023-11-08,5.1674815e-05,1.6402406e-05,-0.00024014416,1.1883306e-05,-0.0001305711,0.00023237824
2023-11-09,-0.00012746929,-0.00018881995,-0.00034051258,-0.00037378797,-0.00016219246,0.00024317823
2023-11-10,0.0005862525,0.0009108613,0.0002784774,0.0015117464,0.00048820893,0.00065832544
2023-11-11,0.00012183268,0.00011821445,-8.432822e-07,0.00021368977,0.00010724649,0.00010567293
2023-11-12,-2.411656e-05,-2.6561316e-05,-3.5995356e-06,-4.290493e-05,-1.7744454e-05,-1.9957692e-05
2023-11-13,-0.00056562136,-0.00021736362,-7.096912e-06,-0.0003781909,-0.00026509812,-0.00055828795
2023-11-14,0.0018706108,0.0027402728,0.0019205635,0.0041705244,0.0020317559,0.0009246054
2023-11-15,0.0016458547,0.0014586172,0.0009010948,0.0026091863,0.0014675978,0.001443114
2023-11-16,-0.0003513853,-0.0007023385,-0.0001667516,-0.0012950087,-0.00079544645,-0.0003488976
2023-11-17,0.0003338437,0.00064376096,0.0005193343,0.0011566496,0.00054565823,0.00042679318
2023-11-18,-4.8038997e-05,-5.849504e-05,-3.431611e-07,-7.885547e-05,-4.4971228e-05,-5.851656e-05
2023-11-19,0.00012769653,0.00020703595,-6.7862097e-06,0.00029459703,0.00015279232,0.0002386592
2023-11-20,0.0009663853,0.0009788706,0.00087776437,0.001968068,0.0010389736,0.00072242966
2023-11-21,-0.00073574245,-0.0009607506,-0.00043044076,-0.0014999746,-0.00068074383,-0.0010052442
2023-11-22,-0.00014295739,0.0002710929,-7.435194e-05,0.0002814475,-0.00013226188,0.00011779573
2023-11-23,-2.2997103e-05,0.00021785632,4.936383e-05,0.00022870292,8.585416e-06,5.042874e-05
2023-11-24,0.0010729608,0.00076236035,0.0007552076,0.0013748202,0.0007669264,0.001033241
2023-11-25,3.972597e-05,0.00010655817,-2.9766601e-05,0.00011148016,5.8098893e-05,0.0001291651
2023-11-26,-6.455127e-05,-9.4500385e-05,5.0579147e-06,-0.00010929214,-6.416302e-05,-0.00011277625
2023-11-27,0.0001945788,-0.00024158604,-4.9021357e-05,-0.00039707078,-4.1990046e-05,-1.7153927e-05
2023-11-28,0.00081804406,0.0010791471,0.0006484971,0.0019060146,0.0009598598,0.00081973214
2023-11-29,0.0007372623,0.00053414475,0.00033283938,0.0012302601,0.00058053795,0.00066956604
2023-11-30,0.0001881361,0.0003853298,0.00016997647,0.00054917776,9.96297e-05,0.00026015102
2023-12-01,0.002181954,0.0022955234,0.0018557113,0.004237046,0.0018830773,0.0020532901
2023-12-02,0.00015294869,0.00020887588,-3.661175e-06,0.00026711487,0.00016492771,0.00026475222
2023-12-03,-2.0462294e-06,3.8130029e-06,-5.4499e-06,2.605819e-06,3.7732343e-07,1.0511107e-05
2023-12-04,-0.0001232458,-0.00086427835,-0.0004586383,-0.0015833386,-0.0004633052,-0.00040627262
2023-12-05,-0.00019717266,-2.6753316e-05,-0.00027798812,-7.601862e-05,-2.150776e-05,-0.00010548076
2023-12-06,0.00046995326,0.00012317812,0.00018907752,0.00013691292,4.127699e-05,0.00022004715
2023-12-07,0.000940124,0.0010659302,0.000507874,0.0016862279,0.0008668059,0.0009779294
2023-12-08,0.0007912212,0.00075377,0.00027084234,0.0014921319,0.0007149065,0.0005916829
2023-12-09,-6.467928e-05,-5.946417e-05,-3.1488595e-05,-0.000100100224,-5.6940404e-05,-5.555693e-05
2023-12-10,0.0001386862,0.00013714991,2.5985476e-06,0.00022594993,0.00012732993,0.00014232782
2023-12-11,-0.0011636926,-0.0007364372,-0.0004119714,-0.0012652787,-0.0008897152,-0.00091257435
2023-12-12,0.0007946571,0.0007847337,0.0002150264,0.0011005246,0.0005776223,0.00081228657
2023-12-13,0.003234781,0.0034171527,0.00065157394,0.0059334394,0.00277868,0.003758959
2023-12-14,0.0016708309,0.0021708137,0.00031048877,0.003921287,0.001660119,0.0022741635
2023-12-15,-0.0018164259,-0.0014318798,-0.0006769698,-0.0023401363,-0.0014083756,-0.0018294734
2023-12-16,6.300045e-05,9.471968e-05,5.491667e-06,0.00013347734,5.8794663e-05,0.00013504933
2023-12-17,-0.00016723624,-0.00020384385,-9.229812e-06,-0.00030193315,-0.00016450557,-0.0002476957
2023-12-18,0.00036799966,0.00027212704,9.843788e-05,0.0005865019,0.00022499244,0.00030944377
2023-12-19,0.0017602334,0.0018366287,0.00039226966,0.0033027257,0.0016526011,0.0017930076
2023-12-20,-0.0016964831,-0.0016437123,-0.00023083843,-0.003256891,-0.0013034521,-0.0014074453
2023-12-21,0.0018220937,0.0018899196,0.00014227499,0.0034299935,0.0015555096,0.0019223064
2023-12-22,0.0010555735,0.00066183787,0.00018983049,0.0010778017,0.0006455548,0.0011149441
2023-12-23,7.942249e-05,7.3471165e-05,1.4400577e-05,0.00011499631,6.5625885e-05,5.4574757e-05
2023-12-24,-0.00014695158,-0.0001606274,-7.280639e-05,-0.00021984395,-0.00013485111,-0.00017384408
2023-12-25,0.0002238356,0.00013907345,-3.0099283e-05,0.00024340565,0.00013087486,0.00029448813
2023-12-26,0.00095072883,0.0011111692,-8.045353e-05,0.0019847092,0.00084383745,0.000975709
2023-12-27,0.0018230575,0.0017264906,0.00025142796,0.0031922252,0.0016005031,0.0020327016
2023-12-28,-0.00019016881,-0.00040910972,8.601278e-08,-0.0005353981,-0.00012505856,-0.00016856
2023-12-29,-0.0008230962,-0.0008748932,-0.00026137318,-0.001433838,-0.0007523163,-0.00089505955
2023-12-30,5.009681e-05,4.2468455e-05,7.2185285e-05,6.166982e-05,5.1037165e-05,3.7869995e-05
2023-12-31,-0.000112565496,-0.0001184544,-5.937746e-05,-0.00017048039,-0.00010854343,-0.00011905387
2024-01-01,0.0001458073,0.00015849598,4.9299168e-05,0.00024851458,0.00017596465,0.00025421393
2024-01-02,-0.0018727378,-0.0018146059,-0.0002806782,-0.0033709307,-0.0015969643,-0.0017843447
2024-01-03,-0.0036960107,-0.003156444,-0.0008446643,-0.005899373,-0.0030622375,-0.00439886
2024-01-04,-0.00054756796,-0.00022186391,-0.00011517135,-0.0004058498,-0.00019641098,-0.00034257182
2024-01-05,-4.0159033e-05,0.0001485616,0.00027651995,8.0467034e-05,6.8650195e-05,-0.00013692459
2024-01-06,7.660457e-06,-5.1136874e-05,4.2225343e-05,-0.00013714288,-5.737978e-05,-7.98583e-05
2024-01-07,0.00015021696,3.2350745e-05,0.00014198167,-3.430965e-05,3.1865453e-05,2.3915916e-05
2024-01-08,0.00046658306,0.0009145456,0.00012906364,0.0017605873,0.000834574,0.0016322115
2024-01-09,-0.00038939572,-0.0007567774,-4.3959564e-05,-0.0011735321,-0.00055564486,-0.0011615908
2024-01-10,-0.00020103696,0.00017355898,-0.00019539376,0.00038630236,0.00010866284,0.0002893518
2024-01-11,4.946988e-05,0.00017358457,0.00010880033,0.00041842126,0.00029410495,-0.0001121849
2024-01-12,0.00026680433,0.00035750278,3.821717e-05,0.00059106806,0.000292778,0.0005396948
2024-01-13,1.0551652e-05,5.9218368e-05,2.1348405e-05,0.00011828967,7.6528384e-05,7.035774e-05
2024-01-14,-0.00014098923,-0.00016723157,-6.848262e-05,-0.00028498672,-0.0001616717,-0.00017374785
2024-01-15,-1.6583072e-06,3.6763584e-05,4.8009955e-05,0.00010717056,2.8307652e-05,-6.9803477e-06
2024-01-16,-0.0007435571,-0.0016138223,2.9622559e-05,-0.0023460563,-0.0011973042,-0.0022126208
2024-01-17,9.384666e-05,-0.0009863316,0.00030795683,-0.0014904761,-0.00069353246,-0.0015603184
2024-01-18,-8.438881e-05,0.00049412146,-5.1126583e-05,0.00066478277,0.0003627169,0.00016068983
2024-01-19,-0.0002008058,0.00078864145,9.317954e-05,0.0009467785,0.00031393368,0.00059154216
2024-01-20,-0.00013590074,-5.472347e-05,-0.00012310765,-3.795066e-05,-3.3824883e-05,-8.522382e-05
2024-01-21,-1.2969849e-05,-3.4669723e-05,-1.1683469e-05,-5.8768175e-05,-3.731188e-05,-3.3456574e-05
2024-01-22,0.0002979535,0.00039983742,0.0003469689,0.00032797488,0.00022379703,0.00064675283
2024-01-23,-8.233642e-05,-1.4747696e-05,-0.00010076551,0.00019675771,8.367428e-05,-0.00034264344
2024-01-24,-0.00079039973,0.00010482842,-0.000466478,-0.00012036579,-0.00029177975,-0.00041821413
2024-01-25,-1.4741551e-05,0.0004949036,0.00020234696,0.0004564516,0.00026066965,0.00042510382
2024-01-26,-0.00014523114,0.00025134665,-0.00017989318,0.000417722,0.00018080368,0.0001717719
2024-01-27,-5.7417677e-05,-3.2761734e-05,-5.6865672e-05,-3.987506e-05,-3.275203e-05,-3.3285705e-05
2024-01-28,3.7610153e-07,-1.12384e-05,-6.890725e-06,-1.4084412e-05,-7.616856e-06,-1.385998e-05
2024-01-29,0.00035364015,0.00078873476,0.00013147945,0.0013615557,0.0006910034,0.0010680867
2024-01-30,-0.00015944475,4.8334467e-05,-0.0001331668,-0.00013099595,-0.00012874446,9.088423e-06
2024-01-31,-0.0016396655,-0.0016328631,-0.00086111843,-0.0029006584,-0.0014921008,-0.0015581097
2024-02-01,0.0007292255,0.0011623302,8.034931e-05,0.001821413,0.0008818554,0.001291185
2024-02-02,0.00038963347,-2.4772036e-05,8.675864e-05,0.0003315001,0.00011480147,0.0002573551
2024-02-03,-6.779226e-05,-5.470626e-05,-3.2037988e-05,-7.436403e-05,-5.089908e-05,-5.5728862e-05
2024-02-04,6.6899105e-05,1.542376e-05,2.3873334e-05,4.145165e-05,2.1724729e-05,7.3839794e-05
2024-02-05,-0.00030300498,-0.0008394422,-2.5211935e-05,-0.0010239809,-0.00040901222,-0.00076258223
2024-02-06,-0.00073649,0.000345542,-0.0005888244,0.0003758262,-0.00017414185,-0.00026245564
2024-02-07,7.6012344e-05,0.00027971924,-7.139698e-05,0.0004988561,9.63667e-05,7.982235e-05
2024-02-08,0.00036058025,0.00036164172,-3.6765883e-05,0.0007798358,0.0004260937,0.00037243875
2024-02-09,0.001003702,0.0009284922,0.00045619605,0.0016835708,0.0009995807,0.001205812
2024-02-10,7.682668e-05,6.980115e-05,4.550497e-05,0.00012599544,6.3522275e-05,7.082768e-05
2024-02-11,0.00012584071,0.000120536555,0.00011187062,0.00019176607,0.00011407377,6.1024006e-05
2024-02-12,0.00023516905,0.0005788837,0.00012227178,0.0007373293,0.00034808653,0.00014920389
2024-02-13,-0.0011744294,-0.0022197298,4.8941616e-05,-0.0035228122,-0.0018548784,-0.0016392794
2024-02-14,0.001273023,0.0016079866,0.00036045976,0.0027248946,0.0015256868,0.0016813158
2024-02-15,0.00060227845,0.0014894499,-0.00022385067,0.0021552017,0.001022852,0.00088412897
2024-02-16,-0.00036007384,-0.00013005377,-0.00018465242,-0.00043783704,-0.00031918034,-0.0003258598
2024-02-17,-9.540285e-05,-9.755955e-05,-0.0001365329,-0.0001472386,-8.9203844e-05,-5.6183042e-05
2024-02-18,0.00014515591,0.00014961335,9.849212e-05,0.0002512355,0.00013154732,0.00011288218
2024-02-19,0.00033288816,0.00034055015,0.00028946743,0.00058007834,0.00033353092,0.00023546659
2024-02-20,-0.0005978753,-0.0003646754,-0.0005467409,-0.0005202444,-0.00038268606,-0.00049408607
2024-02-21,-6.2507893e-06,3.1947693e-05,-0.0001588259,8.9309215e-05,3.513932e-05,-0.00017308445
2024-02-22,0.0020694467,0.0021334072,0.00074288464,0.0037612813,0.0020681007,0.002288268
2024-02-23,0.0004743938,0.0003869682,-1.1146277e-06,0.0007769348,0.00038064475,0.00052495237
2024-02-24,0.00010831384,0.00014746106,3.9544902e-05,0.00022881628,9.741073e-05,0.0001830464
2024-02-25,8.765277e-05,9.813044e-05,6.369409e-06,0.00019418166,8.716927e-05,0.000106809326
2024-02-26,-0.00018046887,-0.0001302578,-0.00011244299,-0.00015927732,-0.00020411133,2.1517468e-05
2024-02-27,0.00085259404,0.0009472178,0.0003541111,0.0014886154,0.000881888,0.00084198115
2024-02-28,-0.00064348965,-0.00062284665,-0.0002135254,-0.0009979106,-0.0005975792,-0.0006262884
2024-02-29,-8.3767096e-05,0.0003247367,-0.00016338933,0.00028471817,0.00018423813,0.00017913061
2024-03-01,0.0018571747,0.0023560983,0.00071211765,0.0038211595,0.0020615847,0.0020762857
2024-03-02,0.0012835094,0.0012097172,0.0010658497,0.0020988586,0.0011771896,0.0012732871
2024-03-03,-3.056957e-05,-3.7181693e-05,-0.00012798232,-2.1157406e-05,-4.3296466e-05,-4.0746363e-05
2024-03-04,0.000876563,0.00081832084,0.0003626283,0.0016349945,0.0007949531,0.00067825796
2024-03-05,-0.0017129922,-0.0018924153,-0.00031003536,-0.0033191901,-0.001696161,-0.0017913663
2024-03-06,0.002042143,0.0022439812,0.0006023065,0.0039546075,0.0021021457,0.0019696266
2024-03-07,0.0016378156,0.0018305755,0.0005683066,0.003195032,0.0017116052,0.0013359768
2024-03-08,-0.00046299046,-0.00040269553,-0.00011624068,-0.00077397097,-0.00051375484,-0.00082281727
2024-03-09,5.7961057e-05,4.8116235e-05,-7.010249e-06,8.767961e-05,4.370651e-05,6.236231e-05
2024-03-10,-6.7650966e-05,-5.7542737e-05,-1.9728888e-05,-0.00012458494,-5.6060486e-05,-6.0471335e-05
2024-03-11,0.0004438196,0.00028820473,-6.0903017e-06,0.00044399532,0.00032104028,0.0003076515
2024-03-12,0.00064340065,0.0008398624,-0.00019388058,0.0014645614,0.00072733546,0.00074357376
2024-03-13,0.0006896003,0.0010370775,-2.3506364e-05,0.0018224124,0.00087780354,0.0010002502
2024-03-14,-0.0016279969,-0.0016706809,-0.00080768333,-0.0029535338,-0.0015882441,-0.0014132009
2024-03-15,-0.0010622389,-0.0007762435,-0.00032927515,-0.0015190557,-0.00092983677,-0.0009482047
2024-03-16,-0.00050189503,-0.00052008266,-9.017617e-06,-0.00094342185,-0.00047662118,-0.00062505953
2024-03-17,0.0001785725,0.0002237501,4.9113038e-05,0.00040302656,0.00019720456,0.0003041296
2024-03-18,0.0001924957,0.00050299265,-0.00017533859,0.0007196206,0.0003684498,0.00044031566
2024-03-19,-0.00017380141,-0.000115803465,-0.00023525643,-0.0003992687,-0.00024810267,-0.00034111875
2024-03-20,0.00074659544,0.0015913217,0.00014855147,0.002661049,0.0014017206,0.0017726284
2024-03-21,0.0010016526,0.0012079022,0.00034377797,0.00202154,0.0010259069,0.001434554
2024-03-22,-0.0006714848,-0.0008597271,-0.00018842614,-0.0014598434,-0.000769888,-0.0010644061
2024-03-23,-3.5051733e-05,2.5111254e-05,8.513007e-06,2.376608e-05,1.6380735e-06,4.4703633e-05
2024-03-24,-1.24747185e-05,9.349193e-05,5.435838e-06,0.00018716075,8.507387e-05,0.0001582384
2024-03-25,-0.0001694915,2.0957412e-05,-0.00036284426,-2.2873177e-05,-8.6707914e-05,-0.00019829614
2024-03-26,0.00028351523,0.00010999808,0.0001860878,0.00032761233,0.00019897489,0.00041576585
2024-03-27,0.0016903502,0.0017526977,0.0005466559,0.002952348,0.0016690072,0.0016556012
2024-03-28,0.0005665569,0.0006566401,7.49179e-05,0.0011373465,0.0006927624,0.0007567643
2024-03-29,0.000100324265,0.00013438716,4.109843e-05,0.00021697574,0.000110597764,0.00010674495
2024-03-30,-0.00010970235,-0.00010905685,5.7715687e-07,-0.00017322696,-9.998882e-05,-0.00015247686
2024-03-31,0.0001731065,0.00019040584,8.969814e-06,0.00033889778,0.00017504125,0.00024030649
2024-04-01,-0.00062976225,-0.0008416835,-0.00039762797,-0.0012665374,-0.0007939925,-0.0006027947
2024-04-02,-0.0010279351,-0.0011644472,-0.00051658985,-0.0019173205,-0.00097013236,-0.0011338888
2024-04-03,0.00015735964,0.000419792,-0.00024749635,0.0006090471,0.00028808834,0.00037984032
2024-04-04,-0.001035746,-0.0005739071,-0.00059560855,-0.0012387399,-0.0009849643,-0.0008744016
2024-04-05,0.0004039391,0.00032508787,0.0001425248,0.00059095625,0.0003462454,0.0004013411
2024-04-06,-9.054656e-06,5.150052e-05,-1.5958383e-05,0.00012262895,5.8749327e-05,5.3514254e-05
2024-04-07,-3.3065335e-05,5.1040734e-06,-2.2563332e-05,4.4266282e-05,2.3429306e-05,1.4234982e-05
2024-04-08,0.0003176309,0.00067617884,4.2706826e-05,0.001275381,0.0007328036,0.00084214914
2024-04-09,-8.758012e-05,-5.199692e-05,-0.00019100691,-5.158698e-05,-2.8109453e-05,-1.2501031e-05
2024-04-10,-0.00030287608,-0.0013365381,0.00032476598,-0.0021652658,-0.0011670858,-0.0011766192
2024-04-11,8.203197e-05,0.00016045258,-5.7306934e-05,0.0002404699,0.00011756895,0.00027446056
2024-04-12,0.00014731727,-0.0011253386,0.00036272436,-0.0018953884,-0.0010443061,-0.0010614982
2024-04-13,0.00036572045,6.54412e-05,0.00026338256,-9.46616e-05,2.1171007e-05,0.00014679426
2024-04-14,-0.00031575025,-0.00010045896,-0.0001087953,-4.7392637e-05,-8.561986e-05,-0.00019978856
2024-04-15,0.0011849256,6.477094e-05,0.00064266706,0.00021808081,0.00034915924,0.0005263901
2024-04-16,0.00019302648,-0.0009967256,0.0006667676,-0.0015322566,-0.00064692955,-0.00090793
2024-04-17,-0.000183218,-0.00016925075,-0.000174713,-0.00054794375,-0.0003829901,-0.00014320727
2024-04-18,-9.422256e-05,0.00022928034,8.544938e-05,0.00020938557,1.7328146e-05,0.00020609866
2024-04-19,0.00041728423,0.00026655121,4.07733e-05,0.0005638768,0.00033737335,0.0002465851
2024-04-20,-0.0003556038,-0.00012295197,-5.106545e-05,3.751511e-05,9.337467e-06,-0.00020606273
2024-04-21,6.684899e-05,2.245008e-05,4.589972e-06,3.1448658e-06,3.8331755e-06,2.9636603e-05
2024-04-22,-0.0022838854,-0.00054951874,-0.0011446516,-0.0009170914,-0.00051781547,-0.0013597492
2024-04-23,-0.0016280302,5.3397995e-05,-0.0011708523,0.00014223893,5.8443464e-05,-0.0004705593
2024-04-24,-0.0002421407,-5.803649e-05,-1.6988773e-05,-0.00037025684,-0.00034380791,-0.00022756592
2024-04-25,0.00058317836,0.0002853252,0.00031512478,0.0004252333,0.00027411385,0.00047760652
2024-04-26,-0.00020042059,0.0005236083,-0.00029075515,0.00085864693,0.0004648518,0.0004180909
2024-04-27,-3.6400186e-05,-1.43090265e-05,-1.9720406e-05,-1.1994019e-05,-1.3779679e-05,-1.8343331e-05
2024-04-28,4.7927613e-05,2.6829537e-05,9.515882e-06,1.0976657e-05,1.4804248e-05,1.1903235e-05
2024-04-29,-8.4690055e-06,0.00059679535,-5.491917e-05,0.0014897966,0.0007927225,0.0006060755
2024-04-30,-0.0009099351,-0.0023140635,-0.00030749314,-0.004040312,-0.002258181,-0.0020975512
2024-05-01,-0.00015346755,-0.00027336454,-0.00031410603,-8.771174e-05,-1.8786706e-05,-6.15988e-05
2024-05-02,-0.00085734366,0.00030628438,-0.0004924216,0.0003638698,-5.191792e-06,-0.0007857663
2024-05-03,-0.0016840949,-1.5418385e-05,-0.0010751266,-0.0004365044,-0.00042849133,-0.001276868
2024-05-04,-6.097877e-05,-2.2764778e-05,-4.957891e-05,-3.7933671e-06,-4.299742e-06,-1.5202975e-05
2024-05-05,-3.368378e-06,1.8612935e-05,-1.6241851e-05,2.4688756e-05,3.2203472e-05,-2.7986587e-05
2024-05-06,0.000262128,0.0010529148,0.0003255838,0.0015020985,0.0008408801,0.0006686065
2024-05-07,0.0002180378,0.0004582716,-4.2890988e-05,0.0008062851,0.000407399,0.0006679591
2024-05-08,-0.00041279936,-0.00037129773,-0.00026825478,-0.00069651485,-0.00040089875,-0.00031831893
2024-05-09,0.0009421733,0.0013312778,0.0007121206,0.0020518259,0.0010786538,0.0010432384
2024-05-10,0.0008586091,0.00062782905,0.00037652257,0.0012111829,0.0006464569,0.00086270465
2024-05-11,-1.099189e-06,-1.4568588e-05,-2.5084905e-06,-2.4128458e-05,-1.241172e-05,6.2922857e-07
2024-05-12,1.5627862e-05,1.8547884e-05,1.2515192e-06,3.663603e-05,2.0360354e-05,1.37070265e-05
2024-05-13,0.00017602395,0.00023351806,-3.4591816e-05,0.00034229225,0.00017849711,0.0001389622
2024-05-14,0.0013616778,0.0012134053,0.0008773978,0.0022078657,0.0010938493,0.0013061845
2024-05-15,0.0019682322,0.0024068132,0.0015989717,0.004418581,0.0021316458,0.0017232152
2024-05-16,-0.00032618127,-0.0004357622,-0.0003629302,-0.00066066725,-0.00020614314,-0.00071742566
2024-05-17,0.0009481438,0.0011347166,0.0001767948,0.002076358,0.0011275259,0.0011998713
2024-05-18,-2.7337683e-06,2.7159425e-07,-7.672609e-06,-4.3076257e-06,1.3415955e-06,-8.332729e-06
2024-05-19,-6.483272e-05,-8.9344256e-05,-5.710901e-05,-0.00013172037,-9.791436e-05,-2.4837382e-05
2024-05-20,0.00085242704,0.0008913331,0.0003707824,0.0014939881,0.0009963638,0.00072855223
2024-05-21,-0.0005919557,-0.00042297773,-0.0003271702,-0.00084262656,-0.0004915293,-0.0005095153
2024-05-22,-0.0018256989,-0.001740396,-0.0010967271,-0.0031701054,-0.0015336397,-0.0016211688
2024-05-23,-0.0019207969,-0.0019252818,-0.0010191085,-0.0034068062,-0.0015760417,-0.0017336267
2024-05-24,0.00042626285,0.0007106009,0.00057605805,0.0011143099,0.00042557955,0.00048239506
2024-05-25,9.355169e-05,8.3438215e-05,9.058111e-05,0.00013135452,8.439744e-05,5.0207702e-05
2024-05-26,-6.7231136e-05,-7.885744e-05,-6.8013236e-05,-0.00011558717,-7.171194e-05,-4.1904186e-05
2024-05-27,0.0006841148,0.0005227085,0.00032546985,0.0010483596,0.00058785325,0.0006171551
2024-05-28,-1.7524924e-05,-0.00019413736,-0.00028816095,-1.30511335e-05,-2.6126521e-05,-0.00010597491
2024-05-29,-0.0021890572,-0.0027282904,-0.0012220831,-0.0045210663,-0.002281465,-0.0024228608
2024-05-30,-0.0013931997,-0.0007529197,-0.00075264584,-0.0018078155,-0.0009979584,-0.0011185473
2024-05-31,-0.00089608383,-0.000103925,-0.00039797885,-0.0007279034,-0.00048882863,-0.00064773177
2024-06-01,1.7289929e-05,2.5764453e-05,1.3476223e-05,4.4571916e-05,2.0597266e-05,1.9702475e-05
2024-06-02,-1.5764152e-05,-1.4666813e-05,-2.696617e-05,-4.3240718e-07,5.7239354e-06,-1.8647333e-05
2024-06-03,0.0012061889,0.0009269278,0.00083736615,0.0013771772,0.0006403564,0.0012883318
2024-06-04,-0.00031685852,-0.00078430993,-0.00015054301,-0.0010347577,-0.000513282,-0.0007363597
2024-06-05,-7.1370334e-05,0.0007018441,0.00022402816,0.0008843075,0.0004722005,0.00025165445
2024-06-06,7.4798604e-06,0.00038731704,-0.00026658745,0.0009357585,0.00041595034,0.00047307246
2024-06-07,-0.000985137,-0.0017841756,-0.00092871086,-0.003049935,-0.0017727887,-0.0017742262
2024-06-08,0.00012630013,8.993649e-05,4.3787433e-05,0.00018434177,0.0001259595,9.551332e-05
2024-06-09,-6.456475e-05,-4.800202e-06,-7.411595e-05,2.5884178e-06,-1.2752103e-05,1.2108625e-06
2024-06-10,-0.0012380845,-0.00047315322,-0.0007420977,-0.0010516745,-0.00064617954,-0.0009730936
2024-06-11,0.000674769,-7.135805e-05,0.000455383,8.437389e-05,0.00012904199,0.0001045449
2024-06-12,0.00053388503,0.0012256969,9.130664e-06,0.002000384,0.00093638885,0.0012979603
2024-06-13,0.00088470336,0.000114276154,0.0008327579,0.00018534604,0.00014478414,0.00023579296
2024-06-14,0.00076956226,-9.1686205e-05,0.0007080705,-0.00023423138,6.992158e-06,-0.0002062107
2024-06-15,-0.00012444843,-4.3057928e-05,-8.198006e-05,-3.7975178e-06,-2.4254328e-05,-6.9097056e-05
2024-06-16,-5.3028332e-05,-7.92305e-06,-4.8123293e-05,1.2153843e-05,-2.5596516e-06,-2.8424505e-05
2024-06-17,-4.6166657e-05,0.00010871334,-6.742928e-05,5.428671e-05,-2.3492585e-05,-0.00023402937
2024-06-18,0.0005550589,0.0009534837,0.00032373454,0.0015093101,0.00077541417,0.0008917577
2024-06-19,0.00019198844,2.6797647e-05,8.979335e-05,0.00023865596,0.00012234681,0.0002382899
2024-06-20,-0.0005018125,-0.00012404294,-0.00025528827,-5.619225e-05,6.813697e-05,-0.00022025176
2024-06-21,0.00013663704,-0.0002887432,0.00036298716,-0.0004633721,-0.00014655717,-0.0004456073
2024-06-22,4.9756544e-08,1.02798285e-05,-3.3000088e-05,4.1464424e-05,2.2559498e-05,1.1240999e-05
2024-06-23,0.00017798918,5.7804733e-05,7.530199e-05,-8.722755e-06,-3.4395505e-06,0.00012594498
2024-06-24,-0.00066035386,0.00015395468,-0.0002706974,0.00020399668,0.000217201,9.15788e-05
2024-06-25,-0.0002269828,-0.00031286606,-0.00018427105,-0.00023713954,-0.00023210968,-0.0005080338
2024-06-26,3.8952745e-05,-0.0002168022,-8.847865e-05,-0.00031258524,-0.00020344726,-0.00023421158
2024-06-27,0.00055383233,0.00055216294,0.00038842697,0.0012761905,0.0007854912,0.0005462094
2024-06-28,-0.00044322354,-0.000358403,-0.00029070518,-0.0007127761,-0.00040765502,-0.00055602466
2024-06-29,3.8194896e-05,3.3680375e-05,2.7383585e-05,6.4261796e-05,3.313524e-05,4.254462e-05
2024-06-30,-0.00018475474,-5.2466894e-05,-7.891132e-05,6.20623e-06,8.680224e-06,-0.00012541408
2024-07-01,-0.0002372729,-3.4798133e-05,-0.00016718249,4.33858e-05,-5.964585e-05,-0.00032144258
2024-07-02,0.0005389766,0.00083283696,0.00019624384,0.0013368087,0.00072504114,0.000713095
2024-07-03,0.0003490319,0.0010405936,-0.00015914625,0.0017913115,0.0008633535,0.0011399726
2024-07-04,0.0005451093,0.00027376934,0.000112156886,0.00044423214,0.00013282287,0.00074147666
2024-07-05,0.00045966893,0.0006524052,0.00019057376,0.00080751104,0.00044834882,0.00060853316
2024-07-06,-0.00054452877,-0.00020015961,-0.00014299511,-7.520597e-05,-7.641998e-05,-0.0004714579
2024-07-07,0.0005005659,0.00011678694,5.5798377e-05,-0.0001008856,-4.9945123e-05,0.00040972338
2024-07-08,-0.0009791516,-0.0007247927,-0.0008373614,-0.0011252268,-0.0006480696,-0.00065543415
2024-07-09,-0.00015148676,-0.00021135584,-0.00010157984,-0.00012962797,-0.00011000276,-0.0003709416
2024-07-10,0.0014715131,0.0017014303,0.00082851294,0.0030199972,0.001657191,0.001620351
2024-07-11,0.00080391124,0.0011643443,0.0010169137,0.0021214404,0.0012750825,0.00077986653
2024-07-12,6.9108704e-05,0.00064789964,0.00075885025,0.00046310536,0.00052400836,1.6082164e-05
2024-07-13,-6.759347e-05,0.000106329615,7.3266556e-06,0.00016651046,0.00016967363,-0.00014153462
2024-07-14,-8.929446e-05,-1.015719e-05,-2.0530251e-05,-1.1556871e-05,1.2513834e-05,-4.6289268e-05
2024-07-15,-0.00018254654,-0.0004063441,-0.00016421394,-0.00040294384,-0.00012111247,-0.0002652027
2024-07-16,0.0019055766,0.0017975667,0.0015466252,0.003525675,0.0018192998,0.0017016962
2024-07-17,-0.0014801704,-0.0013487922,-0.00040218933,-0.0026007686,-0.0012906742,-0.0013835165
2024-07-18,-0.002482176,-0.0026340617,-0.0015894704,-0.0050215167,-0.0024149676,-0.002559528
2024-07-19,-0.0014006397,-0.0013941231,-0.00077558093,-0.002606211,-0.0012579797,-0.0015735822
2024-07-20,8.711048e-05,0.000103941726,4.0175586e-05,0.00015986785,9.487461e-05,5.1667466e-05
2024-07-21,0.00014539718,0.00015717755,0.00012041152,0.00025682166,0.0001441635,9.9524244e-05
2024-07-22,0.00027456039,0.0006303919,0.0002667461,0.0011945656,0.0004582865,0.00033760758
2024-07-23,0.0006037857,-8.391545e-05,0.0002750316,0.00036876881,0.00028595296,0.00038332393
2024-07-24,-0.00094037486,-0.001864984,-0.0006253387,-0.003319393,-0.0016017223,-0.0018117335
2024-07-25,0.00051921274,-0.00056040485,2.276218e-06,-0.0006324841,-0.00021073327,0.00012581858
2024-07-26,0.0014459358,0.0015456921,0.0008361946,0.002720562,0.0014684352,0.0018631793
2024-07-27,-1.9765119e-05,-1.8375995e-05,-1.8850999e-06,-3.339795e-05,-1.8451814e-05,-1.8969493e-05
2024-07-28,5.8088415e-05,5.2151456e-05,3.85345e-05,7.721748e-05,5.5409877e-05,4.532485e-05
2024-07-29,-0.00028451756,-0.00021925643,-5.5461016e-05,-0.0005019177,-0.00027033564,-0.0002396527
2024-07-30,0.0007077901,0.00039661373,0.00038399745,0.0007350832,0.00045763902,0.00052840076
2024-07-31,-0.00090374204,0.00050585915,-0.0006397483,0.0006517984,0.00017397468,-4.647164e-05
2024-08-01,0.00035275662,-0.0012543825,-3.1696753e-05,-0.0022781666,-0.0012417204,-0.0008390662
2024-08-02,0.0014630599,-0.00079805136,0.0007854235,-0.0010555575,-0.0004158657,-0.0002135622
2024-08-03,0.00010090688,-9.299202e-06,8.6625325e-05,3.8905982e-05,5.8827467e-05,1.270161e-05
2024-08-04,0.00042059756,0.00015001297,0.00034002573,0.00025091597,0.00026788196,0.0001977098
2024-08-05,0.0018922373,-0.0018901372,0.001023753,-0.002950357,-0.0011259537,-0.00027252978
2024-08-06,-0.0019465022,-0.0007525422,-0.0010826021,-0.001311131,-0.0009734337,-0.0013876518
2024-08-07,-0.0014919091,-0.00072942046,-0.0009213897,-0.0015607387,-0.0009939694,-0.0014330059
2024-08-08,-0.0036209528,-0.0008617374,-0.0013194086,-0.0010149176,-0.0010039875,-0.002575221
2024-08-09,-0.00156071,-4.0196628e-05,-0.00010416326,-0.00023324133,-0.00014523028,-0.0012112837
2024-08-10,-2.26756e-05,-7.893822e-06,-3.3410113e-05,-2.0226933e-06,-2.3267075e-06,-1.3647677e-05
2024-08-11,0.00022611796,5.8493333e-05,7.10016e-05,2.059413e-05,7.651493e-06,0.00020006987
2024-08-12,-0.00015709952,7.5677167e-06,-0.000118126554,0.00013048759,5.656044e-05,-5.008152e-06
2024-08-13,-0.0001355432,0.0006234103,2.1460202e-05,0.0013746377,0.0008371902,0.00044751615
2024-08-14,-8.6240834e-05,0.00025540596,7.412245e-05,0.0005110837,0.000351896,0.00012722034
2024-08-15,-0.00022319495,0.00044368528,-0.00010933967,0.0006651559,0.00049182173,0.0006193533
2024-08-16,4.4032495e-05,0.00074293447,0.0005203145,0.0012679179,0.00074667815,0.00032487707
2024-08-17,-8.1194e-05,-1.35020755e-05,-2.0316114e-05,5.9495223e-06,4.1726817e-06,-7.421937e-05
2024-08-18,3.6202196e-05,5.0120534e-06,2.5956077e-05,-5.2102446e-06,-1.611766e-06,3.49499e-05
2024-08-19,0.0012802744,0.0011873656,0.0010054957,0.0023600627,0.0014191987,0.0012273669
2024-08-20,0.00090384495,0.00035322312,0.0004926413,0.0008376429,0.0005332638,0.00064821134
2024-08-21,0.0012960747,0.0009459067,0.00086190074,0.0019602187,0.0011401196,0.0012825037
2024-08-22,-0.0014620348,-0.0012051604,-0.0010794749,-0.0024750382,-0.0012817004,-0.0013025467
2024-08-23,0.0021088088,0.002719496,0.0018799626,0.005000246,0.0024564853,0.002108608
2024-08-24,-2.1680393e-05,-7.82944e-06,-2.9229297e-05,-2.7175503e-05,-8.7266436e-08,-3.0243351e-05
2024-08-25,-6.174923e-05,-7.669311e-05,-9.1550304e-05,-9.2595714e-05,-8.011069e-05,7.3562537e-06
2024-08-26,0.0004707218,-0.00012694756,-0.00021815032,0.00016285908,0.00021766103,0.00033195355
2024-08-27,-0.00031879728,-0.00026751217,-0.000118468706,-0.00042158642,-0.00036548576,-7.193505e-05
2024-08-28,-0.00047791042,-0.0007742143,-0.00056104915,-0.0012977488,-0.0006164356,-0.00038146527
2024-08-29,-0.00017150637,0.00023755524,0.00034076453,0.00038698403,0.00013225923,-0.00043351596
2024-08-30,0.00033203213,0.0004026643,0.000457398,0.0007736256,0.00036262703,0.0001521098
2024-08-31,1.1221461e-05,-1.9675615e-06,2.4505396e-05,-1.1918991e-05,2.5721888e-06,6.8492327e-06
2024-09-01,0.00013975149,4.4006138e-05,0.00014578983,5.5824574e-05,6.943612e-05,0.00015171201
2024-09-02,-0.00052359066,-0.00017089234,-0.00023540649,-0.00036857137,-0.00029567673,-0.00048659503
2024-09-03,-0.0022098504,-0.002350676,-0.0016897265,-0.0045387074,-0.0021305738,-0.0019202027
2024-09-04,-0.00063130027,-0.00034033103,-0.00047558814,-0.0009149972,-0.00054843543,-6.563667e-05
2024-09-05,0.00028204513,0.00012999444,0.00014301448,5.5122535e-05,5.3216278e-05,0.0005203426
2024-09-06,-0.00013792493,-0.0012141266,8.449829e-05,-0.0018676997,-0.0007385268,-0.00036167563
2024-09-07,-0.00018342637,-8.795475e-05,-0.0001806319,-8.2325285e-05,-9.485182e-05,-0.00011817397
2024-09-08,-0.00015728144,-7.410919e-05,-0.00016744492,-6.027558e-05,-7.676658e-05,-9.813241e-05
2024-09-09,-7.892814e-05,0.00056854996,-0.00033116213,0.0010844348,0.00029148452,0.0003064033
2024-09-10,0.00018282152,8.8056026e-05,0.00013909698,4.2988853e-05,9.444839e-05,-3.0051755e-05
2024-09-11,-9.08597e-05,0.00012335303,-0.00012136163,0.00028885793,0.00013737676,0.000104714054
2024-09-12,-0.00067309145,0.00056984375,-0.00046417542,0.00068185996,0.00030224703,-0.00038958652
2024-09-13,0.00074509875,0.0011161776,1.4808213e-05,0.0017955763,0.00097199756,0.0013460154
2024-09-14,-2.5590243e-05,-3.6966234e-05,-2.5231113e-05,-5.3782947e-05,-4.5368823e-05,-2.3126908e-05
2024-09-15,-7.7693374e-05,-0.00014675643,-9.5049414e-05,-0.00016987018,-0.00014942803,1.6378857e-05
2024-09-16,0.0004313705,0.0004730462,3.6866793e-06,0.00089282455,0.00049838464,0.0006628553
2024-09-17,-0.00057242904,-0.00016858344,-0.00012243901,-0.00037506924,-0.00016834725,-0.00030246942
2024-09-18,-0.0011260116,-0.00074544107,-0.00045161461,-0.0014718933,-0.0008410227,-0.0011738912
2024-09-19,0.0014675915,0.0020788575,0.0012194291,0.0033438783,0.0020103783,0.0015930036
2024-09-20,-0.00032172038,-0.00046628423,-0.00038784562,-0.00062547735,-0.00035885282,-0.00049499545
2024-09-21,0.00014651849,0.00018610855,0.00013123456,0.00026096348,0.00017958925,6.113847e-05
2024-09-22,-0.00011762243,-0.0001385586,-0.00011155809,-0.00019419656,-0.00013528888,-4.1878207e-05
2024-09-23,0.0007748506,0.0009753471,0.0005965443,0.0016558722,0.0009861273,0.00072854717
2024-09-24,0.001563943,0.0017808711,0.0013515885,0.0031501336,0.0017698571,0.0016349533
2024-09-25,-0.00095748913,-0.0014422332,-0.00087834673,-0.0023889695,-0.001251279,-0.0009719658
2024-09-26,0.0016590512,0.0023088295,0.0016369285,0.0037368352,0.0020392768,0.0013373335
2024-09-27,0.001696738,0.0012467991,0.0008168042,0.0026394206,0.001647158,0.0016867861
2024-09-28,1.0868507e-05,-4.5690695e-06,2.0530426e-05,-1.2660967e-05,-2.2248516e-06,-2.4717172e-05
2024-09-29,2.2402608e-05,-1.970749e-06,3.426222e-05,-2.757955e-05,8.062089e-06,-1.0956584e-05
2024-09-30,-0.0013426236,-0.0014658222,-0.0009815899,-0.002711788,-0.0015170934,-0.0012186697
2024-10-01,-0.0011507531,-0.0008297974,-0.00083719176,-0.0016509151,-0.0008368581,-0.00097061816
2024-10-02,-0.0006580034,-0.0003625751,-0.000101270394,-0.00092086213,-0.0006060922,-0.0009392655
2024-10-03,-0.0013371868,-0.0012534524,-0.0005206309,-0.0023836487,-0.0009990238,-0.001926189
2024-10-04,-0.00034417392,-9.989271e-05,2.9177581e-05,-0.00042974582,-0.00033451326,-0.00070246507
2024-10-05,-5.9059374e-05,-2.859184e-05,-3.1866e-05,-6.138009e-05,-4.0383697e-05,-4.6211426e-05
2024-10-06,-1.8758778e-05,-4.6884634e-06,-4.8638758e-05,-2.0407511e-05,-3.6875055e-05,3.727333e-05
2024-10-07,-0.00028487848,-0.00044500144,-0.00019710764,-0.00086478726,-0.00022082425,-0.0010690694
2024-10-08,-0.0013418584,-0.0010834994,-4.4339133e-05,-0.0021423276,-0.0012109664,-0.0011111757
2024-10-09,0.00013679462,0.00019024099,0.00027444787,0.00014882835,0.000107714346,0.00019606038
2024-10-10,0.00041364104,0.00037122398,5.0304578e-05,0.0006809433,0.00048362277,0.000119607874
2024-10-11,7.081254e-05,0.00060956867,-7.815572e-05,0.0010010435,0.00037238043,0.0010134239
2024-10-12,-1.9516348e-05,1.0487615e-05,-2.6034992e-05,1.8161942e-05,-8.512814e-06,2.3606015e-05
2024-10-13,7.454777e-05,2.405636e-05,6.6993314e-05,3.616678e-05,4.3363005e-05,1.7307675e-05
2024-10-14,1.5971123e-06,0.00020618361,5.675192e-05,0.00045267024,0.00015065575,0.0003747796
2024-10-15,-0.0015275172,-0.0013409042,-0.00090812903,-0.0022255923,-0.0012649787,-0.0014905814
2024-10-16,0.00036624086,0.00047954856,0.00017418696,0.0007504723,0.00040791713,0.00042521552
2024-10-17,0.00044430344,0.00015974544,0.0003787104,0.000180507,4.6907706e-05,0.00026192414
2024-10-18,0.0007248366,0.0009034572,0.00022723502,0.0016815292,0.0010212933,0.001158516
2024-10-19,8.157947e-05,9.117011e-05,8.114123e-05,0.00013634351,8.6536485e-05,6.340792e-05
2024-10-20,0.00010572966,0.00012825624,0.00010553159,0.00018251961,0.000121763514,9.0701295e-05
2024-10-21,-0.00069611904,-0.0011655819,-0.00030376815,-0.0022602633,-0.0013292077,-0.0012263868
2024-10-22,5.195968e-05,-0.00017667613,-9.209071e-05,-0.0003490415,-0.0002538601,-0.00010956399
2024-10-23,-0.00067019474,-0.0011300527,-0.000368147,-0.0020230166,-0.001136638,-0.0008155915
2024-10-24,0.00045800605,0.000631746,0.00017346878,0.0011958712,0.0007182307,0.00049636
2024-10-25,-0.00016053907,-0.00046843357,7.971904e-05,-0.00095174555,-0.00053631025,-0.00047753862
2024-10-26,4.703896e-05,7.840194e-05,3.8618495e-05,0.0001256925,4.8791888e-05,7.635085e-05
2024-10-27,3.6593497e-05,6.648025e-05,1.86522e-05,0.00010482704,4.082801e-05,7.811487e-05
2024-10-28,0.0008529889,0.00070201413,0.00026216762,0.0015305534,0.0008825219,0.001204151
2024-10-29,0.0002941875,0.00012640645,9.250214e-05,0.00030863823,0.0001790335,9.3051545e-05
2024-10-30,-0.0005237496,-0.00068443187,-0.0002886433,-0.0011400911,-0.00068176846,-0.00073372055
2024-10-31,-0.0009600474,-0.0015556022,-0.00037929378,-0.0028252522,-0.0015263798,-0.0017204225
2024-11-01,-0.00020438716,-0.0002782281,9.040034e-05,-0.00074173685,-0.0005215341,-0.00023958906
2024-11-02,-1.0457136e-05,-2.9286948e-05,9.5495025e-06,-4.337913e-05,-1.4755412e-05,-2.9904295e-06
2024-11-03,2.7390308e-05,-3.643401e-05,8.153364e-05,-5.5131997e-05,8.099968e-06,-5.5049713e-05
2024-11-04,-0.0010685849,-0.00016766266,-0.00078206573,-0.00029303745,-0.00014659892,-0.0007050788
2024-11-05,-0.0009637414,0.00024996817,-0.0009929627,0.00069158245,0.00020494069,0.0002689982
2024-11-06,-0.0004254805,-0.00011609843,-0.00028619185,-0.0005526989,-0.0007108324,0.00056288077
2024-11-07,-0.0005551579,0.0009849239,-0.0011790214,0.0016367554,0.00092685263,0.00084822386
2024-11-08,-4.3465647e-05,-0.00026484107,0.00049005594,-0.0005432449,-0.00033983178,-0.00057312817
2024-11-09,0.00032566895,0.00037270816,0.0002606547,0.0005508663,0.00035598836,0.00025639404
2024-11-10,0.00081439305,0.0008452989,0.000533199,0.0014323991,0.0008335104,0.000718948
2024-11-11,0.0017370274,0.0010094196,0.0007443222,0.0021185928,0.0011997421,0.0014431512
2024-11-12,0.00082477106,-0.0005650431,0.000616554,-0.0011113241,-0.00045715435,1.4869752e-05
2024-11-13,0.0006850933,-5.5749544e-05,0.00014362256,-0.00013967833,-5.0450813e-05,0.0005899289
2024-11-14,-0.00023883418,-0.0004424844,-0.0003712215,-0.0007369679,-0.00028874545,-0.0001233075
2024-11-15,0.000485523,0.00016155528,8.635106e-05,0.000108481814,0.00014371089,0.00044245383
2024-11-16,0.0009775215,0.0010385864,0.00042902664,0.0018689671,0.0009951025,0.0009833273
2024-11-17,-0.0002861164,-0.00028141178,-0.00022628483,-0.00047095286,-0.00028622613,-0.00028797446
2024-11-18,-0.00106767,0.00018937537,-0.00021764058,0.00030380042,-6.1050014e-06,-0.00093002047
2024-11-19,-0.00047713643,3.369296e-05,6.426921e-05,-6.7450026e-05,-0.00010371439,-0.00018029343
2024-11-20,0.00021597148,5.119686e-05,0.00023542062,7.562665e-05,-1.0223901e-05,6.27161e-05
2024-11-21,0.0015404833,0.0013898256,0.00045256145,0.002564256,0.0014323437,0.0018567794
2024-11-22,0.0010447906,0.0011962877,0.00039202944,0.0024302437,0.0013064195,0.0010973009
2024-11-23,0.0006106266,0.0006143403,0.00015292803,0.001088802,0.0006028987,0.0006291064
2024-11-24,-2.8225015e-05,-2.5310144e-05,7.788327e-06,-5.6723646e-05,-2.6331722e-05,-2.4164387e-05
2024-11-25,-0.0010193089,-0.00015898459,0.000101916994,-0.00029552283,-0.00011117472,-0.0008049399
2024-11-26,0.000429895,-1.060823e-05,0.00023669533,9.851503e-05,-1.8903486e-06,0.00031647214
2024-11-27,3.9517952e-05,0.0004164926,5.0635274e-05,0.00067150325,0.00039821802,0.00011886759
2024-11-28,-0.0006245588,-0.0002606937,-2.7397173e-05,-0.0005152763,-0.00033952948,-0.0007349257
2024-11-29,0.0007012936,0.0011217169,0.00033485392,0.0018771746,0.0010698,0.00088940695
2024-11-30,8.4849904e-05,8.3001985e-05,1.8591176e-05,0.00013980837,7.614903e-05,6.960164e-05
2024-12-01,0.00039113007,0.0003758762,0.00011231592,0.00065850705,0.00036043485,0.00039562944
2024-12-02,0.0005778407,0.00031594577,-2.3250874e-05,0.0004688413,0.00041345193,0.0005427671
2024-12-03,0.0012135109,0.0014276864,-0.00010681981,0.0021676533,0.0014997292,0.0015726527
2024-12-04,0.000378742,0.0005498057,0.0002486753,0.0009151642,0.0004916316,0.00044125417
2024-12-05,-0.00049244694,-9.455705e-05,-7.174909e-05,-0.00025694925,-0.00020955708,-0.00043465578
2024-12-06,0.0004974669,0.00040388116,0.00025120826,0.0006360947,0.00032593912,0.00038118174
2024-12-07,8.585565e-06,1.1068565e-05,3.0014282e-05,2.1310963e-05,1.3137858e-05,1.6452195e-05
2024-12-08,0.00014697699,0.00014096395,9.557176e-06,0.00024803836,0.00013744086,0.00014584715
2024-12-09,-0.0012616889,-0.0012546083,-0.0005804494,-0.002122668,-0.000978592,-0.0011420225
2024-12-10,-0.0011399757,-0.00077909627,-0.00059543864,-0.0014365247,-0.0007587163,-0.0010495612
2024-12-11,0.00079826236,0.0007777724,0.00034643244,0.0016212058,0.0008995473,0.0012793181
2024-12-12,-0.0008644728,-0.0010308655,-0.0006394361,-0.0018115166,-0.00089554174,-0.0007661004
2024-12-13,-0.00016912856,-0.0002126523,-0.00021282934,-0.00031742887,-0.00018797816,-1.0927175e-06
2024-12-14,-6.1018916e-05,-8.708916e-05,-9.934835e-06,-0.00016805432,-9.577397e-05,-0.00014294693
2024-12-15,9.8595614e-05,0.00012549237,4.5721786e-06,0.00022434634,0.00012993097,0.00018192946
2024-12-16,5.8316487e-05,0.00010080101,2.1185638e-06,7.192542e-05,1.0998657e-06,3.1431344e-05
2024-12-17,-0.000532421,-0.0006196375,-0.0004920179,-0.0009471435,-0.00045021973,-0.0006831756
2024-12-18,0.0012721854,-0.0015411502,0.0011353269,-0.0021712938,-0.0007267007,0.00019946802
2024-12-19,0.0015859974,-0.00017901171,0.00065921055,0.00073719915,0.0006359696,0.0015742412
2024-12-20,-0.0018985984,-0.0003985331,-0.0010164082,-0.0010387405,-0.00077899196,-0.001710076
2024-12-21,5.7794136e-05,-2.0569883e-05,2.5669016e-05,-8.101692e-05,-2.9031053e-05,-7.947239e-05
2024-12-22,5.0018134e-05,3.1990708e-06,1.0817471e-05,-2.6016907e-05,2.0343064e-06,-2.2711856e-05
2024-12-23,-0.00068796973,-3.3387048e-06,-0.00024038978,-7.771224e-05,-0.00016506527,-0.00021383907
2024-12-24,-0.00025615116,0.00047907644,-0.0004897787,0.00090517866,0.0003877534,0.00020061604
2024-12-25,0.00011190089,7.3562887e-06,-2.6420648e-06,5.8033904e-05,5.086438e-05,4.306249e-05
2024-12-26,-0.00023630605,-0.00018954011,-0.00016292169,-0.00043456652,-0.00022637397,-0.00043924464
2024-12-27,0.00077349844,0.0001458931,0.00041184633,0.00017469806,0.0001376107,0.00043943824
2024-12-28,-8.442315e-05,-4.039438e-06,-3.855775e-05,6.17481e-05,2.836347e-05,1.4857308e-05
2024-12-29,7.3295014e-05,-1.8863528e-05,1.05256795e-05,-8.723039e-05,-4.7272457e-05,-6.075872e-05
2024-12-30,0.00034839273,6.579038e-05,0.0002755784,4.0267783e-05,-3.147724e-06,0.00020322904
2024-12-31,9.474991e-06,-6.66608e-05,-0.00010266574,-0.00015513456,-0.00015188976,-8.467155e-06
2025-01-01,-0.00018766853,3.5922014e-06,-8.851146e-05,0.00011438055,6.5210246e-05,-3.1717168e-06
2025-01-02,0.0005217834,0.0005227767,-5.772872e-05,0.0010650863,0.0005623806,0.0007040909
2025-01-03,-0.00167303,-0.00063206896,-0.00064592314,-0.0011092145,-0.00083562464,-0.0011305606
2025-01-04,-2.0551812e-05,-1.1137002e-05,-1.6302959e-06,-1.4161509e-05,-1.5969094e-05,-2.5766565e-05
2025-01-05,-2.349528e-05,-2.9477655e-05,-2.5856229e-05,-3.5587404e-05,-1.5145129e-05,-7.92854e-06
2025-01-06,-0.0007640356,0.0005420466,-0.0005102453,0.00022430302,0.00017952875,-0.00035079828
2025-01-07,-0.0006240852,-0.00084768666,-0.00040064438,-0.0011400719,-0.00053227815,-0.0008228809
2025-01-08,8.445212e-05,-0.000120667966,5.0905477e-05,-0.00019490813,-0.00013569939,0.00012587347
2025-01-09,0.0004321318,0.00019607886,3.7463724e-05,0.0005081029,0.0002862114,0.00038055694
2025-01-10,0.0017193243,-2.362188e-05,0.00027786376,8.36715e-05,-2.4931966e-05,0.00096078723
2025-01-11,5.206899e-05,7.481609e-05,4.1798394e-05,8.1396465e-05,3.5306228e-05,3.4845747e-05
2025-01-12,-1.7719702e-05,-4.813506e-05,-2.085074e-05,-4.9560946e-05,-2.5460165e-05,-2.0604335e-05
2025-01-13,0.00020122512,-0.0001420657,-0.00012923521,0.00010391548,1.9203531e-05,0.00013600722
2025-01-14,-0.0010693704,0.00010614553,-0.00020836155,0.00013836482,3.188313e-05,-0.0009647689
2025-01-15,-0.0013757249,0.0013242731,-0.0002491055,0.0019760572,0.0010918309,-0.00078999816
2025-01-16,-0.000477833,-0.00014985177,2.5757627e-05,-0.000403919,-0.0001912496,-0.0005188434
2025-01-17,0.00036381616,0.00096097635,0.0003874153,0.0012438732,0.000656631,0.0007928815
2025-01-18,-0.00012833695,-0.00015691083,-8.351111e-05,-0.000213614,-0.00013716726,-9.177607e-05
2025-01-19,-0.000430532,-0.0005023103,-0.0003199155,-0.0007069957,-0.00039927854,-0.0003606731
2025-01-20,0.00011406297,0.00031134035,3.818174e-05,0.0004018869,0.00019871739,0.00020920466
2025-01-21,-0.0009580745,0.0008115819,0.0001581684,0.00037310235,0.00028034448,-0.0010174087
2025-01-22,-0.00030969043,-0.00018228711,-0.00023606926,-0.00025838404,-6.127892e-05,3.416418e-05
2025-01-23,0.00055681186,0.00069614867,0.00047617985,0.0010839,0.00047825134,0.00043979907
2025-01-24,4.3433774e-05,0.00020359918,-5.3346765e-05,0.00019880319,0.0001226654,-4.131291e-05
2025-01-25,5.580544e-06,1.9445115e-05,4.7551084e-06,2.0260684e-05,9.821123e-06,1.060898e-05
2025-01-26,-0.00012547172,-0.00019298025,-9.690658e-05,-0.00023033441,-0.00014021379,-0.000119751916
2025-01-27,-0.0012686589,-0.0011944035,-0.0009372003,-0.0018807608,-0.00087999017,-0.0014238904
2025-01-28,0.0003329487,0.00027395622,0.00032614789,0.0005856987,0.0001371213,0.0005290004
2025-01-29,-4.2924657e-05,0.00028331822,-2.9960935e-05,0.00031765673,0.00020630508,0.00021772961
2025-01-30,0.0017945817,0.0020985487,0.0014422687,0.003205902,0.0013844965,0.0013592477
2025-01-31,-0.001101604,-0.0013414714,-0.0010145686,-0.0020026697,-0.00086603436,-0.0006921553
2025-02-01,-7.0257843e-06,-0.00022601611,-3.0102024e-06,-0.00020143297,-0.00013442802,-9.706019e-05
2025-02-02,0.00019972525,-0.00022986792,0.00016338262,-0.00018190235,-0.00011316517,6.540936e-05
2025-02-03,-0.001715081,-0.001469419,-0.0012098226,-0.0027899123,-0.0013480216,-0.0013218257
2025-02-04,0.0007445627,0.0012624582,0.00076237944,0.0016319436,0.0006746819,0.0002864999
2025-02-05,0.0011554454,0.0010830292,0.0010012015,0.0018404172,0.00075520255,0.00058099435
2025-02-06,0.0009887243,0.0007859622,0.00060763664,0.001387118,0.0006542942,0.00075613626
2025-02-07,-0.00093596894,-0.0013611123,-0.00083209993,-0.0020149518,-0.0009376783,-0.00079592416
2025-02-08,-0.00014903191,1.1207245e-05,-7.9057145e-06,-9.89372e-06,-1.0188114e-05,-8.534599e-05
2025-02-09,1.9881572e-05,9.407092e-06,-5.6035183e-06,1.0769085e-06,5.472284e-06,3.273713e-05
2025-02-10,0.0010107415,0.0014116914,0.00079306506,0.0021745705,0.00090662064,0.0012395979
2025-02-11,0.00013503007,3.778651e-05,-0.000107132044,8.741243e-05,5.1460753e-05,0.00022048346
2025-02-12,-0.0006565481,-0.00014509412,-7.305482e-05,-0.00013497304,-6.61326e-05,-0.0004919829
2025-02-13,0.0015050392,0.0023634108,0.0010777152,0.0032397103,0.0014840129,0.001658349
2025-02-14,-0.0002447473,-9.42495e-05,-0.00025309005,-0.00043655798,-0.00020510018,-0.00037875248
2025-02-15,8.105293e-05,3.356555e-05,1.6958342e-05,3.7766295e-05,2.0040898e-05,6.9056274e-05
2025-02-16,2.740811e-05,-4.665035e-05,-3.1579697e-05,-5.3354564e-05,-2.4842697e-05,5.117584e-06
2025-02-17,8.447112e-05,0.00010589491,-3.5354274e-06,0.00024828906,9.300028e-05,-1.8246532e-05
2025-02-18,0.0012613963,0.0011982877,0.0006560403,0.0022146993,0.0010069045,0.0014416244
2025-02-19,-0.0010411004,-0.00092049094,-0.0005062812,-0.0018662799,-0.00085646095,-0.0009872364
2025-02-20,-0.00026219792,-0.00026258233,-8.870126e-05,-0.00042443417,-0.00021848176,-0.00033858887
2025-02-21,-0.00034270048,-0.0013690519,-0.0006273547,-0.0017042855,-0.00071120576,-0.0008631207
2025-02-22,-5.9276044e-05,3.921911e-05,3.4719671e-06,1.5136322e-05,1.4693011e-05,-5.9421e-05
2025-02-23,2.3313412e-05,1.5327387e-05,1.3560071e-05,2.6703758e-05,2.3424946e-05,1.49841835e-05
2025-02-24,-0.00027753058,-0.0010605042,-0.00022072608,-0.0012463633,-0.0007027738,-0.00038286674
2025-02-25,0.0002634533,0.00012750465,0.00019709668,0.00022731711,0.00014812841,5.7911126e-05
2025-02-26,0.0011364887,0.00093537866,0.0004500931,0.001669845,0.0008026964,0.0011040698
2025-02-27,-0.00081328367,-0.0017137164,-0.00065995374,-0.002287159,-0.0010173727,-0.0014058664
2025-02-28,-0.0004213735,-0.00021326893,-0.00012241866,-0.00016455224,-2.321643e-05,-0.0003126814
2025-03-01,-8.997905e-05,-7.7546855e-07,-4.4405857e-05,-2.8061391e-05,-3.2603577e-05,-7.603814e-05
2025-03-02,-0.0012595693,-7.427627e-05,-0.00036908002,-0.00012577862,-7.430566e-05,-0.0009646614
2025-03-03,0.0015426379,0.00048819097,0.00043067813,0.0011528258,0.00025422155,0.0012470641
2025-03-04,0.0006647057,-0.000757166,0.00070367765,-0.00096659537,-0.00031035586,-0.00021434232
2025-03-05,-0.0007227639,0.001500284,-0.00036110988,0.0015217563,0.00058600085,0.00039663012
2025-03-06,-0.00017318371,-0.0004609826,-0.00020881664,-0.001184336,-0.00067255046,-0.00034823135
2025-03-07,-0.0002823825,-0.00019004212,-0.00013968958,-1.73736e-05,-0.000107076536,-0.00022824432
2025-03-08,6.9863163e-06,-2.1499092e-05,1.5093717e-06,-2.7130536e-05,-1.5537074e-05,1.463708e-05
2025-03-09,0.00018800584,-0.00013969801,-1.7847313e-05,-0.00016843707,-0.00013095464,0.00013815207
2025-03-10,0.0021032935,-0.0005017713,0.00053770083,-0.0002422836,-6.0998893e-05,0.0010313962
2025-03-11,8.457009e-05,-0.00050514366,0.00013865429,-0.00062467245,-0.0003666988,-0.00034516957
2025-03-12,-0.00023049039,0.00038085846,-2.9108807e-05,0.00046714162,0.00023900734,8.368514e-05
2025-03-13,0.00047193302,-0.00019545844,3.160233e-05,-0.00072003494,-0.00031821808,0.00024717217
2025-03-14,-0.0013591634,0.000556695,-0.00024240382,0.00096386473,0.00040136086,-0.00036038048
2025-03-15,-9.817993e-05,1.1951245e-05,-1.340278e-05,1.0958625e-05,1.5242331e-05,-8.591778e-05
2025-03-16,0.00014594679,-3.0578452e-05,3.9159895e-05,-2.7559005e-05,-1.465905e-05,0.00010326473
2025-03-17,-0.0012562939,0.0006498843,5.951165e-06,0.0003206959,0.00034566838,-0.00036643317
2025-03-18,0.0003779771,0.0002337309,7.471409e-05,-2.2604847e-06,0.00010292367,0.00034672066
2025-03-19,-0.00030958504,0.0006103518,2.7192105e-05,0.00091645407,0.0004307592,0.0002038066
2025-03-20,-0.0003522123,-0.00042243817,-0.00025892284,-0.00055371446,-0.0003812603,-0.00038176155
2025-03-21,-0.0009826525,-0.0011094969,-0.00050158385,-0.0017352536,-0.0009974996,-0.001083828
2025-03-22,-1.5555557e-05,-6.4400324e-06,-3.2983062e-06,-9.374259e-06,-4.7937992e-06,-7.74135e-06
2025-03-23,-4.6242214e-05,1.1133905e-05,-7.804467e-06,1.7851675e-05,3.736909e-06,-3.614267e-05
2025-03-24,-0.0010226958,2.6127309e-05,9.959088e-06,-3.5990722e-06,-0.000120745564,-0.00072217296
2025-03-25,0.00010857675,0.0003830076,5.315788e-05,0.00050898915,0.0002474876,0.00022975891
2025-03-26,-0.0007275749,-0.001036045,-0.00029143144,-0.0013528859,-0.0006840844,-0.0012197242
2025-03-27,2.338095e-05,0.00015123178,9.407781e-05,0.00016498366,0.00011736734,-0.00016599864
2025-03-28,-8.520282e-05,-0.00090061675,-0.00029948307,-0.0013027231,-0.000488358,-0.00010333117
2025-03-29,2.080338e-05,-9.0485446e-05,-3.4183793e-06,-6.891367e-05,-2.6569604e-05,7.818718e-05
2025-03-30,2.4632192e-05,-3.5179013e-07,1.7624301e-05,1.0086841e-05,8.415337e-06,3.0231755e-05
2025-03-31,-0.00022127222,-0.00031891887,3.558746e-05,-0.0005086461,-0.0003527885,-0.00058498344
2025-04-01,-0.00042527894,0.00058324245,-0.00028308635,0.00045955024,0.00020547271,8.521287e-05
2025-04-02,-0.00024577434,3.813927e-05,0.00022254928,5.7087076e-05,2.2669812e-05,-0.00038162727
2025-04-03,0.0012335285,-0.0018927637,-0.0009292637,-0.002699855,-0.0011961841,0.000817923
2025-04-04,0.0007963571,-0.0045760428,-0.0009075737,-0.005552477,-0.0028140564,-0.0013518463
2025-04-05,5.727121e-05,-5.12277e-06,4.614292e-05,1.0560594e-05,1.347068e-06,5.451627e-05
2025-04-06,0.0006483838,-2.607472e-06,0.0005082284,0.00016157357,6.4929496e-05,0.0005737075
2025-04-07,0.0029101323,-0.0021015145,0.00038282617,-0.0011380354,-9.711364e-05,0.0011704902
2025-04-08,0.0005118756,0.00040093457,0.00013983232,0.00011274641,0.00014703878,0.00019311535
2025-04-09,-0.006822424,-0.0014545036,-0.00096107234,-0.0014880009,-0.0010566424,-0.0055731926
2025-04-10,-0.0007044018,-5.90731e-05,-2.427352e-05,-0.00081286044,-0.0005505231,-0.0008748828
2025-04-11,-0.00036206807,0.00049899967,-6.320259e-05,0.0010343074,0.0007152357,0.00016206864
2025-04-12,-0.00021487425,4.135186e-05,-0.00012552469,-7.721847e-06,4.122454e-05,-0.00018519818
2025-04-13,0.0001162074,-3.0748556e-06,7.818445e-05,3.1328396e-05,-5.5462433e-06,8.821664e-05
2025-04-14,-0.0021644959,-0.00033907205,-0.00016398593,-0.00073649746,-0.0005072926,-0.0013176625
2025-04-15,-0.0008208741,-0.00018571573,-0.00017274547,-0.0004702761,-0.00030279314,-0.0004204652
2025-04-16,8.454057e-05,0.00029056432,8.30203e-06,0.00028970366,9.423952e-05,0.00011727262
2025-04-17,0.00015292682,0.0001543522,2.7951462e-05,0.0003564882,0.00030110366,0.00016292837
2025-04-18,-0.000107412976,-3.407838e-05,-6.2100306e-05,-5.627186e-05,-2.4611945e-05,-7.901949e-05
2025-04-19,-2.6766766e-05,4.912465e-05,-4.2261877e-06,5.310728e-05,5.03646e-05,-2.1586953e-05
2025-04-20,-8.439999e-06,-8.731584e-06,-1.2797457e-06,-1.0681665e-05,-5.2758583e-06,-5.794287e-06
2025-04-21,0.0011526013,0.00016808388,2.5937832e-05,0.00040592605,0.00011356739,0.0008834147
2025-04-22,-0.00044395044,0.00066847925,0.00025244776,0.000755915,0.0006288491,-0.00021491472
2025-04-23,-0.0019858298,-0.0004145844,-3.7757778e-05,-0.0011164553,-0.0005572892,-0.0016649383
2025-04-24,-2.7865321e-06,0.00084559363,0.00019848946,0.0010425455,0.0006038767,0.0002467119
2025-04-25,0.000102909595,0.00025935503,0.00010934336,0.00032558327,0.00021347788,0.00022259026
2025-04-26,3.2998687e-05,4.6835437e-05,3.0679625e-05,3.8345166e-05,2.1252245e-05,2.3725064e-05
2025-04-27,-0.00010448681,-0.000119367745,-4.7349167e-05,-0.00016050848,-0.00010325963,-7.971534e-05
2025-04-28,0.0006150325,0.0008703922,0.00045896962,0.0013682919,0.00074594596,0.00077283755
2025-04-29,0.00020826813,-3.919914e-05,-2.0483913e-05,-1.600963e-05,-4.6909618e-06,0.00023714274
2025-04-30,-0.00019908653,-0.00030904403,-0.00026423365,-0.0005041277,-0.00034229312,-8.6291606e-05
2025-05-01,-0.00083276344,-0.0006461354,-0.00032183973,-0.0011585384,-0.000575552,-0.0011865223
2025-05-02,0.00063599,0.0013559003,0.00034762706,0.0018699765,0.0008193713,0.0005063679
2025-05-03,-0.00014825222,-0.00017371365,-9.1286136e-05,-0.00022903655,-0.00014029753,-0.00012026053
2025-05-04,-0.00010674136,-0.00014994969,-7.5672746e-05,-0.00017383457,-0.00010968437,-6.7622495e-05
2025-05-05,0.0005450133,2.687837e-05,0.0001447323,0.00023245573,0.00014638877,0.00046835712
2025-05-06,-5.726983e-05,0.00027061818,0.00011656798,0.00022097789,0.000121307596,0.0001163321
2025-05-07,8.153138e-05,-6.9246475e-05,-1.14257e-05,-0.00013357365,-8.378994e-05,-9.204821e-05
2025-05-08,-0.0004555551,0.00021770346,-0.00019622932,-0.00012114465,-0.0001366875,-0.00048020371
2025-05-09,0.00031575176,0.000832776,0.00038038907,0.0010786331,0.00059865694,0.00037385736
2025-05-10,0.0006065591,0.0006417602,0.00039943727,0.00090461475,0.00055105746,0.00057355844
2025-05-11,-0.00031629813,-0.0003228499,-0.00021945029,-0.00051578734,-0.0002891293,-0.00027749865
2025-05-12,0.0014003351,0.0012538397,0.00057785,0.0023181816,0.0010277191,0.00086619303
2025-05-13,0.00052667555,0.0009414272,0.0003448377,0.0014372005,0.00081362354,0.00046666668
2025-05-14,2.269162e-05,-0.00028048034,2.1160142e-05,-0.00028946815,-0.00011700468,1.2174559e-05
2025-05-15,-0.0009897678,-0.00012765048,-0.00048401745,-0.000584299,-0.00053625414,-0.0002927288
2025-05-16,0.00022327158,0.00014490314,4.6891702e-05,0.00036101884,2.1858243e-05,0.00030725994
2025-05-17,-0.00015582949,-0.00017290672,-7.019586e-05,-0.00023277209,-0.00013599994,-0.00015355714
2025-05-18,0.0001843308,0.00026487117,6.2160005e-05,0.0002760296,0.00015571737,0.00025753625
2025-05-19,-3.0340872e-05,8.915274e-05,7.425779e-05,0.00020986208,0.00012858801,0.000104844905
2025-05-20,0.00028637933,0.0005392552,0.00020111154,0.0007016727,0.0003205261,0.00032858437
2025-05-21,-0.00046419195,-0.00058725476,5.461938e-07,-0.0012020111,-0.0004502095,-0.00023813474
2025-05-22,-0.000521123,-0.0004938407,-0.00028326307,-0.0009903185,-0.00043400718,-0.00041402527
2025-05-23,-0.00070143474,-0.00043276572,-0.00031537452,-0.00082461844,-0.0003445552,-0.0006265001
2025-05-24,7.233211e-05,7.886635e-05,-4.242125e-06,0.00011733104,5.82416e-05,7.846434e-05
2025-05-25,6.854044e-05,7.489065e-05,2.064403e-06,0.00011435188,5.4580803e-05,7.820581e-05
2025-05-26,0.00047143787,0.00025535142,5.6903482e-05,0.00054008706,0.00018203273,0.00069902145
2025-05-27,0.00022646875,0.0005325116,-0.00027419216,0.00075127993,0.00018911109,0.0007005389
2025-05-28,-0.00091988075,-0.0009539898,-0.00014207394,-0.0014680786,-0.00074765197,-0.001246324
2025-05-29,-4.6343284e-05,0.0002699533,8.620327e-05,0.00033775723,0.00019412111,2.2710854e-06
2025-05-30,9.439451e-05,-0.0004956904,7.862186e-05,-0.00037294225,-0.00020276058,-0.00015567557
2025-05-31,-1.4220236e-05,2.0252666e-05,-1.0504103e-05,-5.7961586e-07,-3.7072434e-06,9.1989705e-06
2025-06-01,-2.9358094e-05,4.5019282e-05,-1.754202e-05,2.4581715e-05,-1.1945952e-05,5.5660017e-05
2025-06-02,0.0003182562,0.00070189114,0.000121665485,0.0009301423,0.0004495112,0.00032376012
2025-06-03,0.0003077264,0.00019077251,-0.00012167482,0.00020998518,8.365806e-05,0.00044304968
2025-06-04,0.00043491574,0.0006610263,0.00026774826,0.0009507142,0.0005745329,0.00044140226
2025-06-05,0.0005909342,0.00027492916,0.00025490046,0.00068165205,0.0003614264,0.00046321654
2025-06-06,0.00021973431,0.0006287515,-0.0002634049,0.0007338831,0.000343604,0.00062604883
2025-06-07,-8.21998e-05,7.014549e-05,-7.655455e-05,2.9704254e-06,-7.4051645e-06,1.4664938e-05
2025-06-08,-4.7516052e-05,-3.004727e-05,-2.5739408e-05,-4.5804714e-05,-3.4371697e-05,-4.3741347e-05
2025-06-09,0.00012887627,0.0005593849,-4.0253002e-05,0.00062934,0.00031672927,0.0003902277
2025-06-10,0.00020399474,0.0003025886,-0.00014393199,0.00039866846,0.00020436852,0.0003160011
2025-06-11,0.00024674958,0.0002618366,0.00015325226,0.00042528004,0.00025433698,0.0001458129
2025-06-12,0.00019869771,0.00015509702,-4.6653266e-05,0.0002916503,5.718798e-07,0.00034947545
2025-06-13,-0.0009911234,-0.0011311345,-0.00024954768,-0.0020817304,-0.001061024,-0.001067045
2025-06-14,2.336389e-05,-3.9564555e-05,3.5737572e-05,-1.5971598e-05,-1.01530395e-05,1.2579044e-05
2025-06-15,-1.3388838e-05,5.2369636e-05,-9.316308e-06,2.9593086e-05,1.2760092e-05,1.0829695e-05
2025-06-16,0.00077883026,0.0011105908,0.0001813259,0.0017835957,0.0007909645,0.0010339041
2025-06-17,2.079718e-06,-0.00044396793,0.0002525936,-0.0005502121,-0.00010797927,-0.00046647186
2025-06-18,1.540407e-05,0.00021821081,0.0001510808,0.00024208665,0.00022616204,-0.00010734035
2025-06-19,-0.00011363531,-0.000208508,-7.039849e-05,-0.00028531576,-0.000122048055,-0.00035499097
2025-06-20,9.798908e-05,-0.00017816288,0.00023486755,-0.00016855671,-7.236522e-05,-5.297371e-05
2025-06-21,0.00025851192,3.1711974e-05,0.00023890323,0.0001436122,9.893535e-05,0.00019450899
2025-06-22,0.00023107926,1.0469634e-05,0.00021764767,0.00010887819,8.2458064e-05,0.00017228302
2025-06-23,-0.0012307722,-0.0001772723,-0.00048797525,-0.0009469387,-0.00052452885,-0.0007661384
2025-06-24,-4.0985367e-05,0.0006742765,-0.00014982886,0.00069768366,0.00017039798,0.0010781516
2025-06-25,0.00010838132,-0.0003106846,6.587908e-05,-0.00024104357,-0.00027516624,-2.0187634e-05
2025-06-26,0.001435499,0.0016139629,0.0004782532,0.002369587,0.0013596865,0.0019629812
2025-06-27,-0.00056122034,-0.00011698185,-0.00033323196,-0.00041535927,-0.00020872832,-0.00017106622
2025-06-28,-0.00012133656,-1.739998e-05,-8.971329e-05,-6.403327e-05,-2.3663695e-05,-0.000116454125
2025-06-29,-7.58589e-05,4.8555874e-05,-7.635732e-05,2.5816433e-05,4.5892262e-05,-9.7135664e-05
2025-06-30,0.0011427612,0.00092547986,0.0003514667,0.0016956392,0.0008675675,0.001192727
2025-07-01,0.00038998362,1.6565065e-05,0.00014130336,0.00010336052,3.1699399e-06,0.00060085405
2025-07-02,0.00033412853,0.00095730554,-0.0001461852,0.0011999386,0.0006415811,0.0005403043
2025-07-03,-0.000131189,1.1922692e-05,-0.00023159652,5.7471774e-05,-7.529565e-06,6.4119486e-06
2025-07-04,-0.00026592743,-0.0003552664,-0.00017070376,-0.00053340755,-0.00036219464,-0.00024488638
2025-07-05,1.9111143e-05,3.2035696e-05,1.5895968e-05,3.3728968e-05,2.4253666e-05,8.304837e-06
2025-07-06,5.1593146e-05,0.00011980183,7.235931e-05,0.00013908478,0.00011076221,-1.1065066e-05
2025-07-07,-0.0014985917,-0.0015822732,-0.0004850209,-0.0026416124,-0.0013510069,-0.0014882362
2025-07-08,0.0002043388,0.00075669173,0.00019603372,0.0009552641,0.0006060641,0.00038372533
2025-07-09,0.0010803433,0.0011481233,0.0005902104,0.0017863599,0.0010353005,0.0009925129
2025-07-10,0.00073538313,0.0010310968,0.0006384695,0.0013974807,0.00090826926,0.0006254912
2025-07-11,-0.00052809156,-0.00038177992,-0.00013974129,-0.00083334785,-0.000433648,-0.00045237073
2025-07-12,-4.7131936e-05,-5.093913e-05,-5.502738e-06,-6.0357313e-05,-4.7832997e-05,-3.8788534e-05
2025-07-13,0.00034448857,0.0003442653,0.0003360968,0.00058724266,0.00032274442,0.00031547673
2025-07-14,8.2325205e-05,9.0467984e-05,0.00024524608,0.00037575988,0.00026949967,-2.151704e-05
2025-07-15,-0.0007523641,-0.0010060394,-0.00016527573,-0.0015350078,-0.00072094874,-0.0008914213
2025-07-16,0.00036573326,0.00080370036,0.00025188844,0.0012866189,0.0006256565,0.0006384242
2025-07-17,0.0015428729,0.0016381586,0.0009440325,0.0025832641,0.001257722,0.0016836297
2025-07-18,6.5734814e-05,0.00034918947,7.4782954e-05,0.0005490776,0.00026001953,0.00010451721
2025-07-19,0.00021864775,0.00022150796,0.00020049782,0.00037762156,0.00022066294,0.00024232247
2025-07-20,0.00038838605,0.00039133488,0.00023150552,0.0006757167,0.00036771552,0.00041882793
2025-07-21,0.00055384764,0.00071510836,3.5329387e-05,0.0012279181,0.0005191229,0.0009836075
2025-07-22,0.0002829654,0.00056496315,6.410178e-05,0.00077190937,0.0003486454,0.000739338
2025-07-23,4.628935e-05,0.00043112523,-0.000289877,0.00042439767,0.00017770995,0.00049588684
2025-07-24,-0.0005771652,-0.00047513857,-0.00010035634,-0.00080357987,-0.0005190161,-0.00063250615
2025-07-25,7.002692e-05,7.8404104e-05,2.659945e-05,9.6536416e-05,4.099517e-05,7.248014e-05
2025-07-26,5.1583425e-05,6.019265e-05,8.572333e-06,9.200447e-05,4.6231286e-05,6.4545435e-05
2025-07-27,0.00031346673,0.0003646483,4.878578e-05,0.00055484474,0.00029017357,0.00039897425
2025-07-28,-0.0009955486,-0.0012194195,-0.00031316796,-0.0018538362,-0.0010278573,-0.0011216634
2025-07-29,-0.00044753737,0.0002619096,7.036798e-05,-0.00013520956,-6.744207e-05,-0.00038299075
2025-07-30,-0.0007276016,-0.0010840624,-7.231624e-05,-0.0016346257,-0.00079073414,-0.0011988517
2025-07-31,-0.0015414965,-0.0021537403,-0.00040243103,-0.0031252443,-0.0014448966,-0.0023881774
2025-08-01,-0.001534732,-0.001645369,-0.0006099839,-0.0024483441,-0.0011920605,-0.0017227095
2025-08-02,-3.9656043e-06,-0.0001465731,3.0653802e-05,-0.00010816429,-4.1157597e-05,-0.00018298824
2025-08-03,-0.00010203119,0.00015652605,-5.915695e-05,3.6899684e-05,-1.6580683e-05,0.00015698362
2025-08-04,-0.0009948523,0.0006401692,-0.0005782104,0.00020175368,-0.00049262727,0.00052889914
2025-08-05,8.0943755e-05,0.00012652586,0.00016015559,0.00028316752,4.14558e-05,-8.487484e-05
2025-08-06,9.128758e-06,0.0005429736,-0.00013366646,0.0006499981,0.00026543715,0.0006253946
2025-08-07,-0.0002146748,0.0006469022,-0.00010345427,0.00060370663,0.0002956461,0.0004743063
2025-08-08,-0.0005386584,-0.00010825738,-0.00017839001,-0.00049344666,-0.0003193851,-0.0003523311
2025-08-09,3.6233152e-05,9.140346e-05,1.6207228e-05,6.2629464e-05,4.707269e-05,6.750391e-05
2025-08-10,5.60697e-05,5.1326442e-05,1.0821043e-05,6.910475e-05,3.6714693e-05,8.2414605e-05
2025-08-11,-0.00012643661,-9.098689e-05,-5.591465e-05,-8.1443075e-05,-3.111267e-05,-0.00028957063
2025-08-12,0.0013371379,0.0018415443,0.00026311397,0.0024078544,0.0012805283,0.0018855536
2025-08-13,0.0009388007,0.0015676941,0.00043987783,0.0021797256,0.0012012915,0.0016708542
2025-08-14,-0.0013067899,-0.0014604629,-0.0005680588,-0.0020574573,-0.001233677,-0.0015688236
2025-08-15,-0.00039097533,-0.00022955681,-0.0003504257,-0.0004467509,-0.00025403246,-0.00039889416
2025-08-16,-4.87263e-05,3.099003e-05,2.1096022e-05,3.5607143e-05,3.2630243e-05,-2.809845e-05
2025-08-17,0.00014116106,0.00019370153,8.619817e-05,0.00030664867,0.00018346237,0.00015593077
2025-08-18,-2.6561558e-05,-9.643589e-05,-0.00011532687,4.3219457e-06,-2.4174786e-05,-9.972543e-05
2025-08-19,-0.0006118357,-0.0008185181,-3.98523e-05,-0.0012131964,-0.00058606727,-0.0006267544
2025-08-20,0.00022833343,0.0005724469,0.00018306667,0.00070209015,0.00038003025,0.0004247892
2025-08-21,-0.000116261355,-0.0002949967,-8.053573e-05,-0.00016784077,-6.1192615e-05,-0.00016269441
2025-08-22,0.0019225681,0.003372608,0.00079522387,0.0043805633,0.002172992,0.002902023
2025-08-23,-6.702581e-05,-0.00010541476,-4.3653467e-06,-0.00013564235,-6.787883e-05,-0.00010925462
2025-08-24,-5.380489e-05,-7.7722296e-05,-1.41095e-05,-8.5453255e-05,-5.7374036e-05,-9.178751e-05
2025-08-25,-0.00159864,-0.0018278268,-0.0009747717,-0.0026288924,-0.0015258411,-0.0017714679
2025-08-26,-0.000441179,-0.00023403135,-0.00042842707,-0.0006420445,-0.00026381697,-0.00021452818
2025-08-27,9.434123e-05,0.00012482441,2.8900342e-05,6.897958e-05,9.293014e-05,8.786112e-05
2025-08-28,0.00034780506,0.0006392756,0.00013355442,0.00082730036,0.00047028853,0.000506087
2025-08-29,-0.0003892679,-0.00059067336,3.683812e-06,-0.00078649586,-0.00043345257,-0.0007393612
2025-08-30,-4.2378124e-05,-1.235699e-05,-3.0680876e-05,-1.7014992e-05,-1.9203579e-05,-4.9058303e-06
2025-08-31,2.8578028e-05,-1.5532516e-05,3.6738806e-05,-1.2104687e-05,-3.4113973e-06,-1.4464453e-05
2025-09-01,-0.00010735476,-1.5911279e-05,-8.140416e-05,-9.110065e-05,-5.1860985e-05,-2.4221568e-05
2025-09-02,-0.0010538093,-0.0011685706,-0.00033198512,-0.0017671306,-0.00088809343,-0.0011482497
2025-09-03,-0.00029146322,0.00014227952,-0.00031403577,-6.406862e-05,-0.00015084857,0.00013844826
2025-09-04,0.0003822529,0.000545346,7.318307e-05,0.0007087462,0.0003855515,0.00054430496
2025-09-05,0.0008006361,0.0011181748,0.00028076966,0.001551107,0.0007893908,0.0011891598
2025-09-06,4.4839242e-05,-3.326454e-05,2.2658722e-05,-4.801915e-05,-1.1327583e-05,-1.2229955e-05
2025-09-07,-8.670813e-05,7.958794e-05,-4.7303747e-05,8.0689926e-05,1.7184939e-05,1.5205254e-05
2025-09-08,0.00085043564,0.001167782,0.00041382993,0.0015866776,0.00081528095,0.0012073074
2025-09-09,-0.00058260147,-0.000582935,-0.0002762667,-0.0009727816,-0.0005090299,-0.0006403846
2025-09-10,0.0002438666,0.0006915918,0.00013854551,0.0009394074,0.0003937214,0.000438459
2025-09-11,0.0021682037,0.0023854552,0.0009716229,0.0037047851,0.0019863986,0.002298064
2025-09-12,0.00034881264,0.00016412437,0.00036547912,0.00027248237,0.00020415496,0.0002578127
2025-09-13,8.050783e-05,8.450965e-05,6.95893e-05,0.00013437122,8.080852e-05,6.7117784e-05
2025-09-14,-0.00014370502,-0.00016455895,-0.00012160156,-0.00024188202,-0.00012990573,-0.00014855401
2025-09-15,0.00059771835,0.0010876296,6.15929e-05,0.0015991593,0.00072100974,0.00068251457
2025-09-16,0.00050118857,0.00040301235,0.00046043762,0.00063519645,0.00034697773,0.00011395479
2025-09-17,-0.00034206314,-0.0006778198,-0.0004001997,-0.0010183607,-0.00047761915,-0.0003685158
2025-09-18,-0.00046467557,-5.0707513e-05,-0.00041150532,-0.0003997459,-0.00032164349,-0.00017149383
2025-09-19,-0.0008349018,-0.00048252815,-0.0006642798,-0.0008564425,-0.00062738045,-0.0006312727
2025-09-20,0.000116657226,0.000112956055,4.842352e-06,0.00021037669,7.884853e-05,0.000117116215
2025-09-21,-7.793482e-05,-9.9857825e-05,-5.0593924e-05,-0.0001193198,-6.630452e-05,-6.833211e-05
2025-09-22,-3.56903e-05,2.4832161e-05,-0.00019417712,0.00034349132,4.2768395e-05,-2.4476927e-05
2025-09-23,0.00062466186,0.00058139133,0.00025769556,0.0008484104,0.00041531533,0.0005761416
2025-09-24,-0.0007941571,-0.0009070673,-0.0002610471,-0.0014976797,-0.0007099931,-0.0009313732
2025-09-25,-0.00039979952,-0.0010027102,0.00020237043,-0.0013167403,-0.0004387646,-0.0009574465
2025-09-26,-6.0559782e-06,0.0008468856,-0.000104047205,0.000970107,0.00037537873,0.000410498
2025-09-27,3.845034e-05,3.1381444e-06,1.8914972e-05,2.5090878e-05,2.2981898e-05,2.0854395e-05
2025-09-28,-0.00019003401,1.7921802e-05,-0.00015321918,-5.2333355e-05,-6.963226e-05,-8.7328975e-05
2025-09-29,0.00021722738,0.00083244086,-0.00044075452,0.0011691612,0.0002933637,0.00081018254
2025-09-30,9.9558265e-06,0.00032695266,-0.00015705005,0.00031519454,7.0633476e-05,0.00044847222
2025-10-01,5.48521e-05,0.0009935747,-0.0002904888,0.0010225555,0.0004468119,0.0008743968
2025-10-02,-0.00012859982,0.0003136638,-0.00013292271,0.00015584033,2.4843783e-05,0.00017979524
2025-10-03,0.0010489889,0.0011590633,0.00042244903,0.0018451771,0.000862332,0.00123782
2025-10-04,-7.6029035e-05,-0.00012497357,-3.8958573e-05,-0.00014290976,-9.165147e-05,-9.549821e-05
2025-10-05,-6.213164e-07,4.811114e-07,1.1066154e-05,6.063009e-06,-2.3766959e-06,8.213857e-06
2025-10-06,0.00011020992,0.00064355606,-8.1718106e-05,0.0007849878,0.00012892607,0.0004011365
2025-10-07,-0.00096549105,-0.0010192496,-0.0005380569,-0.0016184925,-0.0009294361,-0.0009006682
2025-10-08,0.001534502,0.0017370948,0.0008047804,0.0028157146,0.0013307264,0.0015580192
2025-10-09,-0.0007176416,-0.0011987662,-0.0003831801,-0.0018909902,-0.00081577245,-0.0010128797
2025-10-10,-0.0036639448,-0.0049723005,-0.0015717966,-0.0072641447,-0.0033944796,-0.0042028883
2025-10-11,5.111952e-05,-6.4174073e-06,4.4117205e-05,2.143236e-05,3.7596772e-05,2.1436314e-05
2025-10-12,-0.0004563045,1.0820621e-05,-0.000187239,-0.00011757027,-0.00024220564,-0.00027811807
2025-10-13,0.0006905454,0.0019247413,0.00027452022,0.0026929441,0.0009874813,0.0015328362
2025-10-14,0.00013212403,1.6038817e-05,-0.00011907905,9.1824244e-05,0.00020781069,0.00019190767
2025-10-15,0.00062528334,0.0009021398,0.00012407874,0.0013837483,0.0006430379,0.0011871466
2025-10-16,0.0010493245,0.00075483957,0.0004605149,0.0013193171,0.0006397466,0.0009757589
2025-10-17,-0.0014920824,-0.0015907141,-0.00055340095,-0.002618888,-0.0012100677,-0.0015751317
2025-10-18,-0.00013003017,-1.7904007e-06,-1.549042e-05,-2.370862e-05,-3.0909796e-05,-7.586738e-05
2025-10-19,-0.00014614077,-7.563941e-06,-3.2308133e-06,-1.0304027e-05,-1.4617354e-05,-9.5533236e-05
2025-10-20,0.00057896937,0.0017952529,9.222281e-05,0.0024729741,0.0012122098,0.0015658069
2025-10-21,-0.0007370324,-0.0010472862,4.4951285e-05,-0.0016278472,-0.00081318204,-0.0008695698
2025-10-22,-0.00064136967,-0.00043920285,-0.00021787222,-0.00081184966,-0.00036112306,-0.0007910392
2025-10-23,-0.0007703815,0.00027515157,-0.00040018663,0.00020297997,0.00027181627,-9.130622e-05
2025-10-24,0.00022235602,0.00054399885,-0.00014497658,0.0008396931,0.000407936,0.0006747179
2025-10-25,2.737259e-06,2.0282872e-05,-4.4003028e-07,1.6411623e-05,1.8462852e-05,2.5007228e-05
2025-10-26,-0.00010754738,9.345759e-05,3.9169795e-06,0.000111490204,7.1568065e-05,1.2149096e-05
2025-10-27,0.0010066099,0.0014414189,0.00040964826,0.0019967663,0.0010487534,0.0012683575
2025-10-28,-0.0003566288,-0.00035096117,-0.00020601013,-0.0005199988,-0.00036013106,-0.00037249547
2025-10-29,-0.0005636668,-0.0009136878,-0.00018737523,-0.001082439,-0.00061836204,-0.00058703375
2025-10-30,-0.0011415308,-0.0012155429,-0.00035622064,-0.002013578,-0.0010905574,-0.001155319
2025-10-31,0.00046462307,0.0005169664,0.00014515221,0.0006890537,0.0003694125,0.00045668008
2025-11-01,-8.689529e-06,5.6317484e-05,1.9906649e-05,5.5260025e-05,3.294969e-05,6.590438e-06
2025-11-02,-3.9319722e-05,-1.7061742e-05,-1.6608174e-05,-3.070987e-05,-1.4765232e-05,-3.6780664e-05
2025-11-03,0.00069889956,0.00037542364,0.00019428023,0.00065021665,0.0002655451,0.00061461737
2025-11-04,-0.001333603,-0.0019201275,-0.0004660259,-0.0028724843,-0.0014382986,-0.0014718109
2025-11-05,0.00012194818,0.00039534693,0.00016032424,0.00054484705,0.0001736676,0.0004849115
2025-11-06,-0.00072562456,-0.0009048498,-0.00041880048,-0.0014124955,-0.00076972443,-0.00067479303
2025-11-07,-0.0017760992,-0.00052455155,-0.0007024374,-0.0009850182,-0.00053776987,-0.0013215835
2025-11-08,5.9497448e-05,-2.591797e-05,2.3209512e-05,-1.8086823e-05,-2.8155851e-05,5.3419277e-05
2025-11-09,-1.5316384e-05,0.000121815145,-1.0570562e-05,0.00018912519,0.0001330849,2.5380814e-05
2025-11-10,0.00037003728,0.0019434672,0.00017071252,0.0025540818,0.0012456194,0.0014714587
2025-11-11,0.000691964,0.0011782735,0.00035831318,0.0016579089,0.0008117591,0.0012685574
2025-11-12,0.00028579638,0.00027888274,-4.9760474e-05,0.00039706583,9.0297035e-05,0.0008165948
2025-11-13,-0.001021512,-0.0018924584,-0.0006122731,-0.0024753087,-0.0014528967,-0.0016026816
2025-11-14,-0.0007888415,-0.0013425462,-0.0004949922,-0.001916824,-0.0011141925,-0.0010688703
2025-11-15,-5.4434473e-05,6.345646e-05,-9.101047e-06,6.6695284e-05,4.6492794e-05,-4.299415e-05
2025-11-16,0.00010228774,-3.876177e-05,1.3896024e-05,-5.4506232e-05,-4.7536807e-05,7.932874e-05
2025-11-17,-0.0006709909,-0.0011388764,-0.0004161638,-0.0017862612,-0.0008900714,-0.0008370906
2025-11-18,-0.0011725542,-0.0011563032,-0.0006450686,-0.0019329861,-0.00097560405,-0.0014044022
2025-11-19,3.133036e-05,-0.0005255455,8.422654e-05,-0.00076253933,-0.000503661,-6.133713e-05
2025-11-20,0.0012218917,-0.00017131654,0.00010941006,-0.00021735851,-0.00013023814,0.0008422585
2025-11-21,-0.00051522744,-1.7108292e-05,-0.00021191042,-5.248488e-05,-1.1502201e-05,-0.00038610687
2025-11-22,4.1320443e-05,4.4386623e-05,8.336291e-06,2.7250362e-05,9.49746e-06,7.1419454e-05
2025-11-23,-0.00023821574,-3.3327116e-05,-7.418468e-05,-2.4638177e-05,-9.240036e-06,-0.000165063
2025-11-24,-0.0017289644,4.0867937e-05,-0.00061672507,-0.0003261298,-0.00029161322,-0.0011163778
2025-11-25,-0.000784281,0.00055368646,-0.00032160903,0.00072940264,0.00038462976,-7.3141826e-05
2025-11-26,-0.00081471744,0.0009868589,-0.000192508,0.0010556536,0.0005568658,0.00022519578
2025-11-27,-0.0005520054,-0.00023595433,-0.00029410992,-0.00037461903,-0.0002443026,-0.00050069555
2025-11-28,-0.00028811378,0.00051523664,-0.00026714502,0.0004905323,0.00034853313,0.00014268611
2025-11-29,-4.2374243e-08,-3.8437236e-05,-9.260221e-06,-4.4740602e-05,-2.7411996e-05,1.5169854e-05
2025-11-30,8.257369e-05,4.2110907e-05,2.974086e-05,5.1221836e-05,2.7446671e-05,8.400394e-05
2025-12-01,-0.0005280909,-0.0012202685,-0.00076838094,-0.0014900637,-0.0008342497,-0.0006653335
2025-12-02,-0.0005935141,0.00022935237,8.1161794e-05,0.00015707723,6.1846054e-05,-0.00036884868
2025-12-03,0.00060208014,0.0010681936,0.00052913936,0.0014359349,0.0007852228,0.0006596
2025-12-04,0.0004241643,0.0003512875,0.00016449249,0.0006516924,0.0003567553,0.00036146372
2025-12-05,-0.00020657145,-0.000115421244,-9.835257e-05,-0.00031698676,-0.00017439692,6.672613e-05
2025-12-06,1.3901883e-05,3.2584976e-05,2.4855764e-05,3.865179e-05,2.8586872e-05,3.509547e-07
2025-12-07,1.4050936e-05,-1.2043217e-05,2.4174058e-05,-2.7884298e-06,-1.2954791e-05,-1.5107626e-05
2025-12-08,-0.0005463551,-0.000962927,-0.0005232009,-0.0011461221,-0.0005682042,-0.00065709883
2025-12-09,-0.00013379521,-2.928604e-05,-0.000115429764,-2.2601911e-05,1.9361849e-05,-0.00040487834
2025-12-10,0.0011962127,0.0014024724,0.00074551674,0.0022423358,0.001024162,0.001126451
2025-12-11,0.0013728149,0.0012948366,0.0010316396,0.0022943334,0.0010989102,0.0011995913
2025-12-12,-0.0012260922,-0.0014548799,-0.00091157225,-0.0024595133,-0.0010869359,-0.00107556
2025-12-13,-5.9637287e-06,1.699933e-05,1.360826e-05,1.5410556e-05,1.3436026e-05,-2.92514e-05
2025-12-14,1.2530519e-05,-7.862741e-05,-3.436e-05,-7.1349765e-05,-5.959412e-05,8.736822e-05
2025-12-15,0.00068364356,0.0005636642,0.00030525596,0.001017552,0.0005479805,0.0008175284
2025-12-16,-0.0006915558,-0.0010491139,-0.00048844947,-0.0015610686,-0.00066223927,-0.0010704465
2025-12-17,-0.00020383642,-0.00056368386,-0.00046915485,-0.0007304464,-0.00028512135,-0.00010589745
2025-12-18,0.00068841333,0.0010583233,0.0006317398,0.0013814492,0.0005857294,0.00085988536
2025-12-19,0.00030680536,0.0008151032,0.00022703185,0.0012829294,0.00055967044,0.0005692732
2025-12-20,2.6231488e-05,3.012285e-05,3.3196946e-05,4.2681433e-05,2.4293655e-05,2.1801116e-05
2025-12-21,4.2974443e-05,2.7907352e-05,2.3378498e-05,1.7788896e-05,1.0779167e-05,3.0072495e-05
2025-12-22,0.00071697147,0.0016326398,0.0004916578,0.0023017447,0.0010484316,0.0012747624
2025-12-23,0.0012338044,0.0012879823,0.0006924576,0.0022604193,0.0011190935,0.0012611096
2025-12-24,0.0001644836,0.00022847291,7.785226e-05,0.00028648868,0.00019311492,0.00025176583
2025-12-25,8.793368e-05,-2.9934878e-05,-1.1066354e-05,-0.00010387769,-6.701922e-05,9.0376474e-05
2025-12-26,0.00071149983,0.0006079563,9.368152e-05,0.0012871154,0.00048672102,0.0006940509
2025-12-27,-0.00023993281,5.0641925e-06,-0.00011111386,-5.1321917e-06,4.24699e-05,-0.00020126335
2025-12-28,3.8065489e-06,-1.0100367e-05,1.9227905e-06,-7.4876684e-06,-1.3530617e-05,5.9055037e-06
2025-12-29,-0.0015872363,-0.0014389058,-0.00052520377,-0.002813407,-0.0012453842,-0.0014762387
2025-12-30,-0.00015408958,0.000267956,-4.2251257e-05,0.00038773348,9.315905e-05,-0.00011392288
2025-12-31,-0.0011548814,-0.0016789064,-0.00082516624,-0.0025973176,-0.0013813087,-0.001096145
2026-01-01,-0.00022497337,1.7291019e-06,-3.3300752e-05,4.9040427e-05,8.106444e-05,-0.0002110837
2026-01-02,0.0012815073,0.0017923384,0.0010634366,0.0027566995,0.0014773003,0.0015242555
2026-01-03,7.997382e-05,0.000115903524,5.971401e-05,0.00012439738,8.984359e-05,8.9387526e-05
2026-01-04,-3.0504825e-06,4.6925074e-05,-2.2398013e-05,3.0233054e-05,4.6982554e-05,-5.9687187e-05
2026-01-05,0.0022664,0.0029994182,0.0015064711,0.004224688,0.002108109,0.002369933
2026-01-06,0.0019354576,0.0018180154,0.0013981981,0.0029115747,0.0014098763,0.0020823143
2026-01-07,-0.0017532825,-0.0016339376,-0.0012677883,-0.0025284667,-0.0012689034,-0.0015492606
2026-01-08,-0.00066364586,-0.00028023386,-0.00049281924,-0.00066153955,-0.00035410793,-0.0005981234
2026-01-09,0.0012763488,0.0014100394,0.0010007692,0.0022976862,0.0010613429,0.0012390832
2026-01-10,6.623115e-05,6.984598e-05,6.0289716e-05,9.525642e-05,5.2905798e-05,8.7969405e-05
2026-01-11,0.00012398478,0.00012528723,0.00012356759,0.00012560531,9.529175e-05,0.00016553291
2026-01-12,0.0013951401,0.0014910896,0.0009555466,0.002502344,0.0011350107,0.0015163148
2026-01-13,0.000358144,0.00046087397,0.0004094512,0.00036567872,0.00032889823,0.00023998936
2026-01-14,0.0012128225,0.0013073658,0.000667152,0.0019475651,0.0011370534,0.0011837072
2026-01-15,0.0003888045,0.0002286527,0.0002412799,0.0007546752,0.000212184,0.000386198
2026-01-16,-0.00019789992,-0.0003366875,-6.43877e-05,-0.00032502323,-0.00017226931,-0.00021696267
2026-01-17,6.5011256e-05,6.3116415e-05,4.7691843e-05,0.000109615044,5.7500816e-05,4.6055848e-05
2026-01-18,-0.00016249139,-0.00022551429,-0.00013091964,-0.00028349942,-0.00018194946,-0.00013490849
2026-01-19,-0.0012313185,-0.0011655042,-0.0008387619,-0.0020464312,-0.0010580642,-0.0012218029
2026-01-20,-0.0024297575,-0.0026375852,-0.0019543082,-0.0041821674,-0.001977062,-0.002364466
2026-01-21,0.0011449965,0.0019086048,0.0005247156,0.0028145532,0.0010628027,0.0017359358
2026-01-22,0.0013714471,0.001639418,0.0005215627,0.0023966918,0.0010705227,0.0018323129
2026-01-23,0.002219197,0.0018939412,0.001233918,0.0028868008,0.0018818375,0.002464679
2026-01-24,1.7464763e-05,-8.34141e-06,1.6581145e-05,5.279822e-06,1.0748954e-05,-7.824413e-06
2026-01-25,0.00036387987,6.959052e-05,0.0003269124,0.00020095948,0.0001967509,0.00012847704
2026-01-26,0.00033766803,0.00059311313,0.00014198311,0.0009957689,0.00050407293,0.00066844944
2026-01-27,0.0019635968,0.0023004592,0.0014272421,0.0038485362,0.0018439412,0.0020625205
2026-01-28,0.001797176,0.0004676868,0.00078975357,0.0014924053,0.00108188,0.0013235472
2026-01-29,0.0009313565,0.00039911678,0.00046712818,0.00063269975,0.00037184724,0.0007063662
2026-01-30,-0.0038544822,-0.0039321925,-0.0014298655,-0.00660688,-0.003251075,-0.003980225
2026-01-31,0.0009863585,0.00028349247,0.0006554432,0.00041609505,0.00014115951,0.000787039
2026-02-01,0.0003781718,0.00011761386,0.00018784341,0.000151285,5.8580514e-05,0.00028644307
2026-02-02,-0.003406141,-0.0019405669,-0.0013801297,-0.0038333763,-0.0020176598,-0.0027346818
2026-02-03,0.0014291881,0.0016583579,-2.7605345e-05,0.002372835,0.0010073854,0.001703336
2026-02-04,0.0016039378,0.00092422095,0.0003709513,0.0014241062,0.0008332637,0.0016127365
2026-02-05,-0.00027981476,-0.0015631513,-0.00076598435,-0.0028362337,-0.0015141427,-0.0011843855
2026-02-06,-0.0014098102,0.0012040248,-0.00032103533,0.0014520877,0.0005421715,-0.00027291346
2026-02-07,1.0566324e-05,1.0489094e-05,-7.0514784e-06,3.3199142e-06,2.6523043e-07,9.472131e-06
2026-02-08,7.068039e-05,1.806123e-05,2.6268228e-06,9.426833e-06,-9.989155e-08,5.6482648e-05
2026-02-09,0.0028944907,0.0028488769,0.0009585512,0.004128518,0.0022122592,0.003729636
2026-02-10,0.0008808482,0.0006000857,0.00050564914,0.00066178344,0.00034754517,0.0008763497
2026-02-11,0.00052179117,0.0005787615,-0.00034362,0.00071584724,0.00028983096,0.0006216577
2026-02-12,-0.0007099725,-0.001294438,0.00020047184,-0.0017121568,-0.0009119274,-0.0013818077
2026-02-13,-0.00048266293,-5.0065144e-05,-1.0486004e-05,9.390874e-05,2.7185222e-05,-0.00044096715
2026-02-14,-0.0003366692,-8.085752e-05,3.275745e-06,-1.49934185e-05,2.1489732e-05,-0.0002779177
2026-02-15,0.00017250766,-1.8369255e-06,-1.2218225e-06,-3.7715174e-05,-3.2000447e-05,0.000137361
2026-02-16,-0.00010432942,1.4897242e-05,-2.3444309e-05,-2.1603002e-05,-4.5043475e-05,-8.359974e-05
2026-02-17,3.6344638e-05,4.9141512e-05,-7.54452e-05,-2.1575896e-05,-0.00010500366,0.00012895868
2026-02-18,0.00056785863,0.0008396892,-8.521214e-05,0.0007597215,0.0005160117,0.0009794142
2026-02-19,-2.6837797e-05,0.00019071187,-0.00012597258,0.00020195339,0.000117979995,-0.00011411671
2026-02-20,0.0006043266,0.0013308161,0.00016738125,0.0017363017,0.0010855525,0.0010240945
2026-02-21,1.6065145e-06,1.04426035e-05,1.2017299e-05,1.2458357e-05,1.0788152e-05,7.1797655e-07
2026-02-22,0.000101656435,5.554293e-06,2.578288e-05,-1.3440731e-05,-2.6412994e-05,8.1717975e-05
2026-02-23,9.873933e-05,-0.00056529883,0.00020525526,-0.0007908964,-0.0005852316,3.5887402e-05
2026-02-24,0.00020240225,0.0006416877,-0.00022632003,0.00092639745,0.000488067,0.00037154628
2026-02-25,-0.00011128628,0.00100264,-0.00032569462,0.001426746,0.0008971988,0.000275297
2026-02-26,0.000506379,0.00015284402,0.00022590466,0.0004802022,0.00016721175,0.00058230845
2026-02-27,0.0010212726,0.000582254,0.00037702642,0.0010912922,0.0005478444,0.0007636317
2026-02-28,-1.5094085e-05,1.9366607e-05,2.849779e-06,2.0910158e-05,1.8065284e-05,-4.0835075e-05
2026-03-01,2.9392526e-05,-5.295259e-05,-1.0907596e-05,-4.7124035e-05,-5.152731e-05,8.779876e-05
2026-03-02,-0.0021221263,-0.0021403076,-0.0012693949,-0.003496201,-0.0018242749,-0.002522384
2026-03-03,-0.003646786,-0.0040884106,-0.0012682482,-0.0059959693,-0.0031158233,-0.00422748
2026-03-04,-0.0009125944,0.00018691932,-0.0005527031,-0.00024729935,-0.00017286268,-0.0008469354
2026-03-05,0.0009104444,-0.00049225177,0.00015440187,-5.912168e-05,0.00016878829,-2.150865e-05
2026-03-06,0.0012766073,0.00034096037,0.00026471517,0.00094344944,0.0007470442,0.00048345744
2026-03-07,6.9768066e-06,-2.7379248e-05,1.1117873e-05,-2.1779686e-05,-1.6631446e-05,4.8818067e-05
2026-03-08,4.646409e-05,-1.221705e-05,2.63797e-05,1.6280026e-06,4.5426787e-06,0.00011068078
2026-03-09,-0.00016676864,-0.00028899207,-0.00021941401,-0.00024106652,-5.4058346e-05,-0.00082688464
2026-03-10,-0.0020061105,-0.00037718622,-0.0005952184,-0.0009472652,-0.0007724213,-0.0011272611
2026-03-11,0.0014559617,0.0006250876,0.00031159236,0.0011534719,0.00059818657,0.0011314361
2026-03-12,0.0026745822,0.00024645185,0.0007599788,0.0007895102,0.0004889123,0.0012963604
2026-03-13,0.0011995956,2.489234e-05,0.00033926798,0.00013348165,0.00017271271,0.0006063432
2026-03-14,2.7279573e-05,2.9283123e-05,2.5277348e-05,4.5092354e-05,2.5531388e-05,4.679982e-05
2026-03-15,3.853909e-05,0.000107600616,1.7395676e-05,9.996591e-05,8.470119e-05,-3.1983556e-05
2026-03-16,-0.0022029202,-0.0001217287,-0.0005407737,-0.00063711876,-0.00027397455,-0.0017381761
2026-03-17,-0.00097113266,0.0002562038,-0.0003851552,0.00030439845,1.1634358e-05,-0.00036161288
2026-03-18,0.0016934774,-0.00025153966,0.00029238628,-0.00014302491,-0.00017350158,0.0007347062
2026-03-19,0.0010959754,-0.00023256947,6.3201165e-05,-3.9767583e-05,0.00012143165,-1.2282009e-05
2026-03-20,0.0017558751,-0.0009501883,0.00048646473,-0.0013200098,-0.00070311106,0.0004928231
2026-03-21,-5.7383822e-05,-0.0001315399,-4.611922e-05,-0.00010879379,-7.700004e-05,1.25947245e-05
2026-03-22,-2.6490676e-05,-5.606772e-05,-2.0767136e-05,-5.490189e-05,-3.4436136e-05,8.606003e-08
2026-03-23,-0.0019649032,-0.00028767163,-0.00031963392,-0.00036973332,-0.00020085585,-0.0015143934
2026-03-24,0.00011691714,9.972851e-05,6.1954044e-05,4.6281722e-05,8.565505e-06,5.4248052e-05
2026-03-25,-0.0017029926,0.0005498422,-0.00016730744,0.00094566523,0.0004185689,-0.001031193
2026-03-26,0.0027652974,-0.00015163019,0.00050845754,-8.210809e-05,8.917573e-05,0.0016808934
2026-03-27,0.00161673,7.128389e-05,0.00020483755,0.00018119458,0.00024290952,0.0009633255
2026-03-28,5.055491e-05,5.119691e-05,3.0627747e-05,6.661859e-05,4.946501e-05,3.8324204e-05
2026-03-29,7.26062e-05,1.0726383e-05,6.205776e-05,4.6439018e-05,3.7047732e-05,5.530908e-05
2026-03-30,-3.4062945e-05,0.00010315176,-8.305225e-06,0.00017479558,0.0001571745,6.275911e-05
2026-03-31,-0.0031477625,0.00023291503,-0.00051891414,0.00038362466,4.691115e-06,-0.0021871163
2026-04-01,-0.002677593,-0.00036805595,-0.00047752733,-0.00054612866,-0.0005281139,-0.0018640254
2026-04-02,0.001317572,0.0006165758,0.00046103104,0.0008053686,0.0003907279,0.0009712315
2026-04-03,0.00012608587,0.00012685898,1.4129479e-05,0.0001868939,8.9376794e-05,0.00021870804
2026-04-04,-0.00010803068,-2.577932e-05,-0.00012066925,-5.427126e-05,-3.7131278e-05,-5.5489e-05
2026-04-05,-6.638554e-05,-6.865193e-06,-8.770339e-05,-3.285053e-05,-3.0954165e-05,-2.8055063e-05
2026-04-06,0.0003320581,0.00037339496,0.00014044085,0.0005570951,0.00030234896,0.00040030936
2026-04-07,-0.0008622819,-0.00036647962,-0.00052214676,-0.0006673561,-0.00039137795,-0.0007246072
2026-04-08,-0.002004573,0.0014492769,-8.707548e-05,0.0013942741,-2.6099106e-05,-0.00062947423
2026-04-09,0.00032044077,0.00032245694,7.1639086e-05,0.00031943727,0.00012701328,0.00011734469
2026-04-10,0.0003208217,0.00045598386,0.00042817078,0.00057915127,0.0003602326,0.00036163678
2026-04-11,2.3657727e-05,-4.981868e-06,2.4388468e-05,8.898943e-06,-4.470414e-06,2.1780763e-05
2026-04-12,3.323491e-05,-0.00010644667,1.6167984e-05,-9.054003e-05,-0.000105026644,5.6249602e-05
2026-04-13,0.0007512379,0.001113332,0.00037587745,0.0014348488,0.00048941124,0.0007622214
2026-04-14,0.0016332823,0.0017061103,0.0011864747,0.0025387998,0.00094652985,0.0011473725
2026-04-15,6.691459e-05,0.00015319212,-4.376881e-05,0.0001827627,0.00011135625,-1.0499949e-05
2026-04-16,-0.00011691771,0.00017387819,-0.00014270302,0.00015373275,0.00014694298,7.586353e-05
2026-04-17,0.0016754895,0.0017740255,0.0016519382,0.0030844242,0.00070778903,0.001226108
2026-04-18,-0.00016420652,-0.00020926527,-0.00017801736,-0.00029455643,-0.00021982782,-5.9243433e-05
2026-04-19,-0.00016569563,-0.00020968572,-0.00015693158,-0.00029095457,-0.00020530398,-7.756306e-05
2026-04-20,-0.00048200265,-0.00028856812,-0.00027352604,-0.0006173944,-0.00017200243,-0.00031842937
2026-04-21,-0.0011304731,-0.0012744839,-0.0012280183,-0.0022813864,-0.00034854314,-0.00092136295
2026-04-22,1.8037344e-05,0.00034865225,0.00037545108,0.00068915397,4.2863354e-05,0.00032340683
2026-04-23,-0.00066176156,-0.00055941765,-0.0006886046,-0.0011712926,-0.00024603342,-0.00030510593
2026-04-24,6.7614e-05,0.00026107143,0.0002579622,0.00041528093,2.2308519e-05,0.00024622542
2026-04-25,-3.9436287e-05,-4.662649e-05,-4.1130672e-05,-6.2762665e-05,-4.759962e-05,-9.553341e-06
2026-04-26,0.00010048414,0.00012476156,8.852687e-05,0.00015138864,0.000109931345,7.215493e-05
2026-04-27,0.0001757402,-1.5016359e-05,-0.00012936188,0.0002011725,0.0001273908,0.00036007413
2026-04-28,-1.3507369e-05,-0.00025042443,-0.00034123944,-0.00037164646,6.179415e-05,-1.8792001e-05
2026-04-29,-2.7819578e-05,-0.0003588446,-0.00021511412,-0.00022351966,0.000126031,0.00016473266
2026-04-30,0.00011599433,0.0015916794,8.4179446e-05,0.0014448828,0.00014963809,0.00040448157
2026-05-01,-0.000450084,-0.00055064884,-0.00055195997,-0.0007614474,-0.0005356136,-0.00057152886
2026-05-02,-2.3186249e-05,2.4912772e-05,-2.8361092e-05,-3.584842e-06,-1.2360609e-05,1.9508341e-05
2026-05-03,6.571423e-05,6.264284e-05,3.204356e-05,6.9754235e-05,4.9432147e-05,8.161308e-05
2026-05-04,7.135941e-05,-0.0005002038,-0.00024505224,-0.00018183186,-3.9309873e-07,-8.656405e-05
2026-05-05,0.0003703506,0.0011603874,0.00017438432,0.0012963153,0.00034862786,0.0005403334
2026-05-06,0.00043617486,0.0017371699,0.00040505626,0.0017899596,0.00047205674,0.00079689827
2026-05-07,-0.0014858756,-0.0016930994,-0.001038036,-0.0022598351,-0.0013205981,-0.0016130456
2026-05-08,0.00078959897,0.0010058162,0.00035233307,0.0015297913,0.0007052863,0.0007746353
2026-05-09,-2.803785e-06,2.2692645e-06,-1.4843757e-05,-1.6636304e-05,-6.4849924e-06,4.409986e-06
2026-05-10,0.0002782783,0.00034255357,0.00025029128,0.00045188106,0.00030829804,0.00024616724
2026-05-11,0.000828894,0.00085284846,0.00027428207,0.0013676661,0.00055596646,0.0009753176
2026-05-12,-0.0007372772,-0.0008031577,-0.0005964508,-0.0013538087,-0.00063432875,-0.0006230817
2026-05-13,0.00041957872,0.000407064,0.00018264989,0.0007019056,0.0001749084,0.00034743224
2026-05-14,-0.0005101444,-0.00028200104,-0.00042913758,-0.00047155537,-0.00032663878,-0.00044272753
2026-05-15,-0.0022713845,-0.0031216268,-0.0013866255,-0.004461778,-0.0020718388,-0.002876896
2026-05-16,-6.9664e-05,-0.00015969062,-6.319067e-05,-0.0001514839,-0.00010354915,-0.00013217791
2026-05-17,4.4056585e-05,-6.504318e-05,4.4170392e-05,-2.402036e-07,1.1720667e-05,-2.3209397e-05
2026-05-18,-0.00044590406,9.18199e-05,-0.00026402465,-0.0003104131,-0.00017620424,-0.00027821088
2026-05-19,0.00024726914,-0.0002957928,0.00024049703,-0.00037412898,-0.000100246776,8.7106586e-05
2026-05-20,-0.0011189923,0.00029932198,-0.0007194941,-4.1121766e-05,-0.00022257048,-0.00027055037
2026-05-21,-0.00017114745,-6.7334855e-05,-0.00024287534,-8.690037e-05,-0.00014619579,0.00014203641
2026-05-22,0.00044925653,0.00039447742,0.0003111569,0.00067247153,0.00029217813,0.00046798997
2026-05-23,-0.00017545294,-4.872294e-06,-0.00016586918,-0.00013817758,-0.0001565753,-7.8519755e-05
2026-05-24,0.00012384061,4.5783017e-05,5.3248907e-05,0.000102436454,7.50027e-05,9.135691e-05
2026-05-25,0.00012404993,0.00048622617,8.4870386e-05,0.0005431135,0.00025996202,0.0003881455
2026-05-26,-0.00023549472,0.00020459059,-0.00041659162,0.00033646057,0.00019168544,0.00018003001
2026-05-27,8.032583e-06,-0.00010877322,5.76354e-05,-0.0001220547,1.509205e-05,-0.00024184692
2026-05-28,-0.00016335859,3.5996567e-05,-0.00030314398,-6.5360764e-05,-9.830095e-05,-0.00032990339
2026-05-29,0.00018626431,0.00011509702,6.510878e-05,0.0002548062,4.209132e-05,0.000115787494
2026-05-30,-0.00022306431,-3.760693e-05,-0.00020360123,-0.00020501617,-0.00020695444,-6.8615445e-05
2026-05-31,7.586479e-05,5.3318534e-05,6.386155e-05,0.00010028891,6.428313e-05,7.548566e-05
2026-06-01,0.00058558217,-0.00011086434,0.00015757242,0.0002483598,0.00015860028,0.00040892072
2026-06-02,0.0010858783,0.00088740076,0.000488234,0.0014333777,0.0008970496,0.0010952351
2026-06-03,-0.00013447476,-0.0010003418,-0.00020800285,-0.001491834,-0.0007454246,-0.00046300754
2026-06-04,0.00069418695,0.0005132487,0.00042520167,0.00083539146,0.0005398072,0.0005440472
2026-06-05,-0.00071418163,-0.0030765396,-4.9363814e-05,-0.0041425643,-0.0017217386,-0.0014545885
2026-06-06,4.8109105e-05,2.3748426e-05,1.730927e-05,5.038647e-05,2.4290779e-05,5.148851e-05
2026-06-07,-0.0007283943,-0.00017806292,-0.0001928986,-0.00040529305,-0.00027840966,-0.00066855276
2026-06-08,0.00026786988,-0.00020934075,-0.00010739176,-5.5120883e-05,-5.427995e-05,-6.1513497e-06
2026-06-09,0.00029274815,0.00031794707,0.00015694679,0.00029225057,0.00018646481,0.00030023267
2026-06-10,0.00014734191,-0.00072985236,8.4513464e-05,-0.00078242965,-0.000121091565,-0.00053200056
2026-06-11,-0.0010251204,0.0010083044,-0.00035151385,0.00091206474,0.00027012228,-4.3527663e-05
2026-06-12,-0.00038134132,0.00067090604,-3.6321442e-05,0.0005055873,0.00017662415,0.00040705813
2026-06-13,-0.00019405127,-5.291588e-05,-3.1795887e-05,-5.1809548e-05,-1.600443e-05,-0.00017577823
2026-06-14,-0.00019759736,-2.493144e-05,-4.2954172e-05,-2.3127739e-05,3.3340837e-06,-0.00019064687
2026-06-15,-0.0009675972,0.0005230266,-0.0003482197,0.00024525455,8.999147e-05,-5.647979e-05
2026-06-16,0.00019891183,0.0002713,0.00022102357,0.00020946152,0.00019326701,0.00016839665
2026-06-17,-0.00034679985,-0.0008140731,-0.00021314784,-0.0010639355,-0.00072978524,-0.00044351982
2026-06-18,0.0014889956,0.0007011938,0.0007874302,0.0012499253,0.0006432162,0.0015061555
2026-06-19,-0.00019171715,-6.473392e-05,-0.00018144457,-0.00021746726,-0.00011525193,-3.951832e-05
2026-06-20,-8.3113286e-05,-7.669813e-06,-5.6612294e-05,-5.0636104e-06,-5.6662084e-06,-6.275111e-05
2026-06-21,0.0001028369,-1.08988625e-05,0.00010370115,-7.612989e-06,-3.7898903e-05,8.850525e-05
2026-06-22,0.00073926855,0.00052709086,0.00038225154,0.00085676025,0.00044437224,0.0008748811
2026-06-23,-0.000702017,-0.0015226161,-0.0001678241,-0.0021389388,-0.0011342082,-0.0009247164
2026-06-24,0.0015933546,0.00046964982,0.000926098,0.00085733266,0.0005722574,0.0012022529
2026-06-25,0.0007278199,0.0010957739,0.00054074917,0.0015360442,0.00077816076,0.00087586464
2026-06-26,-0.00067292043,-0.00069353357,-0.00042425288,-0.0010653835,-0.00044677636,-0.0007833262
2026-06-27,0.00013757612,3.202512e-05,8.475258e-05,6.155215e-05,2.4811752e-05,0.00013743014
2026-06-28,7.2988936e-05,2.2230493e-05,4.2250023e-05,3.250168e-05,1.7827912e-05,6.500167e-05
2026-06-29,-0.00019217003,0.00016025982,-0.00013356123,0.00020149152,0.00012550247,-4.8002854e-05
2026-06-30,-3.8053484e-05,0.00018095617,-6.119408e-05,0.00012984384,-2.4470686e-05,0.00033372754
2026-07-01,-0.0011531977,-0.00075599644,-0.00083680067,-0.0012571695,-0.0006100965,-0.0012591862
2026-07-02,1.7816184e-05,0.00076254166,-8.46823e-05,0.0010194993,0.00061459845,0.00018501062
2026-07-03,-0.00041122077,0.00010679125,-0.00015231478,1.4496173e-05,9.590511e-06,-0.0003459982
2026-07-04,-8.828899e-06,4.728426e-05,-2.5200961e-05,3.5772464e-05,3.717666e-05,-5.466109e-05
2026-07-05,3.5112444e-06,3.3279488e-05,-4.8246607e-06,3.3856486e-05,2.1860518e-05,-3.3914246e-05
2026-07-06,-3.6941924e-06,0.00077647925,0.00014111366,0.0010349752,0.00046033048,0.0004727841
2026-07-07,-0.0005542237,-0.00078281766,-0.0002529446,-0.0009277163,-0.0005296712,-0.00062278594
2026-07-08,-0.0017321375,-0.0018305808,-0.00096376956,-0.0026112257,-0.0014358109,-0.0015181294
2026-07-09,0.00036613835,0.00088006974,0.00012383799,0.0011656545,0.0005510274,0.00046926452
2026-07-10,7.76602e-05,0.00048793227,0.00019043218,0.00039684126,0.00017066383,-0.00016019023
2026-07-11,9.584328e-06,-3.4906465e-05,6.554878e-06,-3.0659947e-05,-3.0492665e-05,3.1142517e-05
2026-07-12,2.0730118e-05,-1.7869168e-05,1.7339104e-05,-8.176491e-06,-6.823625e-06,4.387297e-05
2026-07-13,-0.00010328924,-0.00077999587,-0.00012024693,-0.00084823306,-0.000544641,-0.0002798613
2026-07-14,-2.6613985e-05,0.00086008693,-5.59365e-05,0.000828817,0.00055479584,-8.3623105e-05
2026-07-15,0.00018294837,0.000572207,0.00023909143,0.00073864614,0.00026939003,-0.00014344067
2026-07-16,0.00033879964,-0.00015954979,9.777552e-05,-0.0002672889,-9.6228825e-05,0.00039568162
2026-07-17,-0.000120636425,-0.00035737493,-8.943653e-05,-0.00047650322,-0.00034443729,-0.0004029751
2026-07-18,5.1165858e-05,7.5969016e-05,4.801877e-05,9.189581e-05,5.7037192e-05,2.2642394e-05
2026-07-19,1.7008166e-05,2.6938756e-06,1.7112894e-05,6.6971184e-06,-1.8759072e-06,2.4714824e-05
2026-07-20,-3.9576087e-05,-0.00031745338,7.67124e-05,-0.00037533004,-0.0003023876,-0.00030218688
2026-07-21,0.00024542876,0.0010344579,0.00025346162,0.0013379082,0.0005290755,0.0006652952
2026-07-22,0.0006660364,0.00075852004,0.00052942114,0.0010904145,0.00040296704,0.00062957266
2026-07-23,0.00015675485,-0.0009680903,0.00020734195,-0.00068619894,-0.0005432244,-0.00030497083
2026-07-24,9.981518e-06,0.00011686305,-2.9962044e-05,-0.00013513908,5.8172962e-05,0.00027264035
2026-07-25,-6.255175e-05,9.090362e-06,-6.4140935e-05,-9.1963e-06,8.129599e-06,-5.9078084e-05
2026-07-26,-0.0001241128,6.680325e-05,-0.000109255874,-6.284256e-07,1.5117885e-05,-1.8122535e-05
2026-07-27,-0.0008162631,-0.00064907724,-0.0005642757,-0.0013387565,-0.00041862592,-0.0006426182
2026-07-28,0.00019567276,0.00031843656,0.00011271931,0.00018859861,0.00025875663,0.00041854376
2026-07-29,-0.00022659652,-0.00079404877,-0.00033398537,-0.0009200993,-0.00062520604,-0.00078378816
2026-07-30,-0.0018148634,0.00024017696,-0.001096785,-0.00059486926,-0.0003866878,-0.0013933427
2026-07-31,-0.0012643419,-0.0012310691,-0.0007702663,-0.0018475404,-0.0010845952,-0.0013779079
2026-08-01,-1.0227635e-05,-1.1951717e-05,-1.4164534e-05,-1.298018e-05,-8.289668e-06,1.2478898e-06
2026-08-02,-0.00016471787,1.4587205e-05,-0.0001646684,-5.388433e-05,-3.4422923e-05,-8.0918915e-05
2026-08-03,-0.00086236687,-0.0001625242,-0.0007340971,-0.00046555616,1.42442605e-05,-0.00024538967
2026-08-04,0.00016478547,0.0010759922,0.00034597947,0.0012835565,0.00084420684,0.00057913084
2026-08-05,0.0002164867,0.0004638388,0.00010170903,0.0004934544,0.00038875247,0.00014519098
2026-08-06,-0.00028508838,-0.0006739501,-0.0001691751,-0.0007971722,-0.0005577993,-0.00037544014
2026-08-07,0.00087650627,0.0013963594,0.0006686279,0.001784054,0.0009546789,0.000980611
2026-08-08,-8.112657e-05,1.3736118e-06,-8.0228696e-05,-3.8219463e-05,-2.9361472e-05,-4.8148613e-05
2026-08-09,7.543678e-05,1.14704035e-05,5.2762654e-05,4.130691e-05,1.6013239e-05,6.64716e-05
2026-08-10,-3.9105444e-06,-0.00024358396,-0.00010172732,-0.0003055839,-0.00023115292,-4.9266248e-05
2026-08-11,-0.00034015853,-0.00015409787,-0.00022248532,-0.00026341717,-5.6462308e-05,-0.00032347016
2026-08-12,-1.7636557e-05,0.00024943144,0.00016422219,0.00021513322,3.673405e-05,0.00023196064
2026-08-13,-6.3765925e-05,0.000111031,-1.5868394e-05,0.00022295654,0.00010481136,-6.504365e-05
2026-08-14,0.00038437033,0.0002445067,0.0003443488,0.00038761768,0.000210284,0.00043057292
2026-08-15,5.8700312e-05,5.7163194e-05,3.2284897e-05,0.000102754384,6.0740684e-05,5.0974937e-05
2026-08-16,2.9463228e-05,-1.5897524e-05,1.9882127e-05,-2.5988138e-05,-2.2200364e-05,2.9143072e-05
2026-08-17,0.00035910873,0.00018634016,0.0002903203,0.0002134778,0.00023766163,0.0002934155
2026-08-18,-0.0013330848,-0.0013806497,-0.00093685027,-0.00237884,-0.00095212023,-0.0013746999
2026-08-19,0.00020524484,0.0014763961,0.00018022813,0.0017565656,0.0010862417,0.000554358
2026-08-20,-0.00022650044,-0.0005349753,0.0002805493,-0.0008097774,-0.0003177613,-0.00046573492
2026-08-21,0.0023250827,0.002908094,0.0017927611,0.0039969864,0.0023663007,0.00245435
2026-08-22,-8.809563e-05,-9.997874e-05,-0.0001207486,-0.00014706253,-9.363688e-05,-5.704509e-05
2026-08-23,6.8176574e-05,7.3591895e-05,9.797264e-05,0.00012860024,6.736746e-05,5.3093936e-05
2026-08-24,-0.00032747048,-0.0003754922,-0.00043119348,-0.00064376224,-0.00020482286,-0.00015132569
2026-08-25,-0.00020217389,0.00031787998,-0.00029163845,-2.1640415e-07,1.0516056e-05,-1.3988477e-05
2026-08-26,0.00010590838,8.1731756e-05,0.00013493652,0.00019453691,6.5208296e-05,5.338772e-05
2026-08-27,5.170116e-05,0.00025960492,0.00013713755,0.00034467416,7.8450226e-05,-4.731592e-05
2026-08-28,-0.0005987985,-0.00083696784,-0.00037507678,-0.0012078277,-0.0007337287,-0.00047763085
2026-08-29,1.4403001e-05,1.6764223e-05,2.382342e-06,3.5177913e-05,1.2970939e-05,1.3070719e-05
2026-08-30,-0.00019038525,-0.00025037536,-0.00015309923,-0.00031981335,-0.00018366918,-0.0002328758
2026-08-31,-0.00036362745,-0.00011880301,-9.156333e-05,-0.0003508023,-0.00021956064,-0.0003530364
2026-09-01,-0.00021043085,-0.001131074,-0.0002232938,-0.0010233404,-0.0005821579,-0.0007838757
2026-09-02,-0.00025157657,0.00027356955,-5.5439705e-05,-3.7620794e-05,-2.356111e-05,0.00011940898
2026-09-03,-0.00049420673,0.0007461554,-0.00025716712,0.00022139773,8.246839e-05,0.000698032
2026-09-04,-0.00064248906,-0.0010482346,-0.0004581453,-0.0012833802,-0.0008069834,-0.00064185733
2026-09-05,0.00029677965,0.0003705469,0.00013943375,0.00038124758,0.0002764198,0.00038282108
2026-09-06,0.00011040546,0.00016602481,6.938325e-05,0.00014062428,0.00010588171,0.00017891066
2026-09-07,5.9042723e-05,0.00014124271,0.00010470401,0.00014845193,4.6120163e-05,1.7562868e-05
2026-09-08,0.00077589054,1.3269449e-05,0.0006288035,0.0006799255,0.00044369625,0.00020932299
2026-09-09,0.00047672636,-0.0009167775,0.00035887145,-0.0007137341,-0.0004130739,-0.0004481441
2026-09-10,0.00061695126,-0.00071001524,0.00032402462,-0.00013477862,-0.00024717374,-0.00025273804
2026-09-11,-0.00092635734,-0.00013114455,-0.00045354338,-0.0006542004,-0.00037048975,-0.0005998157
2026-09-12,2.1498672e-05,3.7295984e-05,-7.353565e-07,1.8745955e-05,2.1130798e-05,4.1343574e-05
2026-09-13,-6.9536894e-05,-0.00014644444,-2.3132154e-05,-0.00010404072,-7.769169e-05,-0.00017269305
2026-09-14,0.000188339,-0.000373547,-0.0002327408,-0.0005557179,-0.00020113916,-0.00014791967
2026-09-15,0.0010617363,9.6881704e-05,0.0006275365,0.00076272484,0.0002876002,0.00033456576
2026-09-16,0.00017568504,-0.00019777816,0.00034354752,-0.0003649834,-0.00011501523,-0.00019244668
2026-09-17,-0.0011743414,0.0004333079,-0.0008349234,0.00029620042,0.00022561885,-0.00045595752
2026-09-18,0.00024947623,-0.00022543936,0.000209894,-0.0007969031,-0.0005227616,0.00044345693
2026-09-19,-1.4579501e-05,2.40134e-05,6.8625945e-06,2.742742e-07,-3.7331279e-06,1.7154234e-05
2026-09-20,6.297994e-05,7.4477095e-05,2.3030703e-05,7.221048e-05,5.3842265e-05,7.783131e-05
2026-09-21,-0.0006935478,0.0011285786,-0.00038254732,0.0011506648,0.0007390202,0.0003745394
2026-09-22,-0.00018689949,6.6973174e-05,1.340748e-05,1.0445377e-05,6.371815e-05,-7.462589e-05
2026-09-23,0.0006721397,-0.0013320262,0.00036952007,-0.0014564403,-0.001034753,-0.00044812806
2026-09-24,0.0019283965,0.0007069331,0.0007072573,0.0013925079,0.00072304753,0.0011836429
2026-09-25,-0.00018237003,0.00043023832,-0.00014408956,0.00047089398,0.00028956888,4.8448483e-06
2026-09-26,-6.443363e-05,-7.325883e-05,-5.842708e-05,-9.683428e-05,-5.8258975e-05,-6.3579944e-05
2026-09-27,-9.418107e-06,-1.09371085e-05,-1.1111947e-06,-8.150872e-06,-2.9088326e-06,-1.2317832e-05
2026-09-28,0.000989339,-0.00066359487,0.00047153674,-0.0007508406,-0.0005054048,0.00045117192
2026-09-29,0.00032213805,-0.00018309713,0.00027481213,-0.00028565273,-0.00013597505,9.756284e-05
2026-09-30,0.0011736825,2.6786859e-06,0.00048924057,3.9012328e-05,-2.710613e-05,0.0007969303
2026-10-01,0.00094366074,-7.555176e-05,0.000683367,0.00017316743,4.970411e-05,0.000468482
2026-10-02,-0.00014785271,0.0001713707,-0.0001813833,0.0004541746,7.0124384e-05,-9.305325e-05
2026-10-03,5.996118e-05,0.000103227976,1.3365904e-05,9.699167e-05,5.807382e-05,0.00010568503
2026-10-04,0.00014597879,0.00018878604,9.751536e-05,0.00018302012,0.000119216595,0.00017995469
2026-10-05,-0.0002162917,0.0006389326,3.4497465e-05,0.00072749937,0.00035893248,0.00020490949
2026-10-06,-0.0013020685,3.2242187e-05,-0.00035021486,-0.00016464845,-0.00010125819,-0.00065515336
