,base,S1_filter|selected,S2_regime|selected,S3_sizing|selected,S4_exit|selected,S5_params|selected
2006-01-02,0.0,0.0,0.0,0.0,0.0,0.0
2006-01-03,0.00016427781,0.00010504309,-8.767286e-06,0.00019861855,9.509159e-05,0.00014321112
2006-01-04,0.001760102,0.0016500033,0.0010925917,0.0028290262,0.0012732561,0.0022759503
2006-01-05,-0.0009463209,-0.00075708877,-0.0005963317,-0.0013953149,-0.00060697435,-0.0009116182
2006-01-06,0.003014863,0.0022557485,0.0014103325,0.003872832,0.0019192055,0.003363588
2006-01-09,0.0005028205,0.0005506989,0.00019382214,0.0010160817,0.00050936034,0.0006487515
2006-01-10,-0.0019600142,-0.0014756474,-0.00092797104,-0.0028499924,-0.0013088181,-0.0019794474
2006-01-11,0.0021143137,0.0015717624,0.0011835251,0.0029806292,0.0012321692,0.0019494843
2006-01-12,-0.0015415427,-0.001135575,-0.00080554635,-0.0021937494,-0.0010190883,-0.001436065
2006-01-13,0.0003799066,0.00030489167,8.316349e-05,0.0005987589,0.00037152565,0.00037238546
2006-01-16,-0.00020148091,1.8651359e-05,-0.0003654707,3.0946736e-05,-6.813418e-05,-5.068667e-05
2006-01-17,-0.0023389524,-0.0018387657,-0.0010707647,-0.003745743,-0.0014532373,-0.0022212146
2006-01-18,-0.0023952324,-0.0022339134,-0.00097111124,-0.0044036154,-0.0017743486,-0.0025246202
2006-01-19,0.0021601133,0.0022507133,0.000870785,0.0043244823,0.0015543175,0.0026763163
2006-01-20,-0.0019665544,-0.0021571228,-0.000742463,-0.0043606963,-0.0018437594,-0.002705197
2006-01-23,0.0013021291,0.0010723948,0.00047339863,0.0015298019,0.0006962348,0.001530636
2006-01-24,-0.00022543033,0.0003975792,-6.262978e-05,0.00066641095,0.00015999522,0.00026479177
2006-01-25,-0.0006772812,-0.000117687545,-7.4541196e-05,-0.00025807047,-0.00019872485,-0.00013715262
2006-01-26,0.00030229494,0.0011288754,0.00017003818,0.0017477261,0.000655198,0.001310542
2006-01-27,0.0001854477,0.0010336945,3.2147553e-05,0.0015695841,0.00044387198,0.0013075956
2006-01-30,0.00027336428,0.0002779137,0.00013580428,0.00055204506,0.00033715132,0.00019926082
2006-01-31,0.000409498,0.00029686387,0.00026337162,0.00042262644,0.00016448477,0.00047637304
2006-02-01,0.0004000348,0.0005125444,0.000117617885,0.0007979809,0.00032179942,0.0002567844
2006-02-02,-0.0021294525,-0.0018093365,-0.0006606531,-0.0030050017,-0.0011473377,-0.0022962277
2006-02-03,-0.000891134,-0.00073243264,0.00011475105,-0.0013640694,-0.0005438244,-0.001029342
2006-02-06,0.0011881085,0.0010018118,0.00033031916,0.001637309,0.0006197183,0.001095424
2006-02-07,-0.002887553,-0.00282782,-0.0014660711,-0.0046966407,-0.0019702076,-0.0032634859
2006-02-08,-0.00014000118,0.00017984415,3.7767368e-05,0.00021255604,2.071857e-05,-6.656941e-05
2006-02-09,0.00072906306,0.0008240171,0.00052879896,0.0014367765,0.0004985992,0.0008615734
2006-02-10,-0.001058481,-0.0012731034,-0.0005869254,-0.0018370553,-0.0008083904,-0.0014085063
2006-02-13,6.2154504e-05,-0.00043531947,-0.00017715462,-0.00074453367,-0.00019783576,-0.0007104441
2006-02-14,2.2199318e-05,0.0007529323,0.00020993083,0.00087847334,0.00026298457,0.0008701553
2006-02-15,0.000106623615,2.4470388e-05,-6.854598e-07,0.00011170464,0.00014949041,5.924007e-05
2006-02-16,0.00039425818,0.0010437893,0.000496985,0.0012919403,0.0005875825,0.0012951149
2006-02-17,-0.00018919978,0.0003845687,9.3515315e-05,0.000254426,-5.187696e-05,0.00027776023
2006-02-20,-5.663135e-05,0.00014392649,-1.706752e-05,8.7608656e-05,-5.3573764e-05,0.0001192842
2006-02-21,1.5213512e-06,0.0002831291,6.417537e-05,0.00037225848,9.197383e-05,0.00022622936
2006-02-22,0.0011996375,0.0009886586,0.00053312845,0.0016388884,0.0007586701,0.0011736318
2006-02-23,-0.0009490764,-0.00081450044,-0.0005225986,-0.0012748555,-0.00055674044,-0.0008204389
2006-02-24,0.00043467036,0.0005021219,0.0001352512,0.00076571066,0.0003763148,0.00073899125
2006-02-27,0.0016567092,0.0012135365,0.0011267129,0.0019299119,0.00094751763,0.0016401213
2006-02-28,-0.0032823747,-0.0023376404,-0.0018592614,-0.0041417,-0.0017205762,-0.003105255
2006-03-01,0.0011094469,0.0012961192,0.0005595338,0.0020485786,0.0007759922,0.0015931994
2006-03-02,-0.0009981929,-0.0006257818,-0.00043925276,-0.0012838251,-0.00044294895,-0.00063989067
2006-03-03,-0.00080715225,-0.00063236133,-0.0006926839,-0.0010378445,-0.00053260266,-0.0008191277
2006-03-06,-0.0006668628,-0.000469606,-0.00031991446,-0.00087460893,-0.0004955704,-0.00068337267
2006-03-07,-0.0018394383,-0.0017811424,-0.0009394999,-0.0028363492,-0.0012149038,-0.0019113559
2006-03-08,-0.00089088216,-0.00075807405,-0.00052366045,-0.0010211561,-0.00034641242,-0.00097088
2006-03-09,0.0005075444,0.00038800456,0.00037861007,0.00068762695,0.0002896674,0.00058918423
2006-03-10,0.00068905856,0.0012264814,0.00064828526,0.0014855381,0.00056609337,0.0014122418
2006-03-13,0.00010049988,0.0005950633,0.00028826264,0.00067131553,0.00011199521,0.00048356527
2006-03-14,-0.0011637373,-0.00036903768,-0.0007702917,-0.00037223133,-0.00012921651,-0.0006419927
2006-03-15,0.00033481955,0.000686652,-6.7608846e-05,0.0009237799,0.00048531353,0.0009261256
2006-03-16,0.0009354654,0.00069919747,0.0007380244,0.0013441507,0.0005882336,0.00077642174
2006-03-17,0.0014887641,0.000970597,0.0010162157,0.0014041119,0.0006852852,0.0013863508
2006-03-20,0.0010065623,0.0008268164,0.0010775671,0.001148617,0.00054364285,0.0010443474
2006-03-21,-0.0020060716,-0.0015235648,-0.0012994785,-0.0026886521,-0.0012958794,-0.0019268974
2006-03-22,0.00056029746,0.00047643878,0.000114625436,0.0010882906,0.00044026566,0.0004787491
2006-03-23,-0.00027123978,-0.000119261684,-0.00031982205,-0.0006728756,-0.00041129268,-1.4738108e-05
2006-03-24,0.0015337531,0.0011514892,0.0012111899,0.0020506626,0.0007571215,0.0012168312
2006-03-27,0.00015329203,5.5215107e-05,1.4095572e-05,-0.00023220234,-4.7169586e-05,0.00013687718
2006-03-28,-0.0010059308,-0.00076797407,-0.00079269346,-0.0015483794,-0.00075093174,-0.0008979738
2006-03-29,0.0014756074,0.0015396281,0.0008242747,0.0024044795,0.0009770783,0.0018100154
2006-03-30,9.243702e-06,0.00021023676,0.00011920409,0.00061189645,0.00013915838,0.00022719837
2006-03-31,-0.001107788,-0.00097608374,-0.000926204,-0.0015798081,-0.0006420515,-0.0011933063
2006-04-03,0.0023781776,0.0018777549,0.0016633841,0.003228073,0.001344596,0.0023588298
2006-04-04,0.0012979889,0.0009336969,0.0007909534,0.0015934589,0.000724661,0.0012537539
2006-04-05,0.0014008576,0.0012966301,0.0009981724,0.0023962776,0.0010030365,0.0015200677
2006-04-06,0.0005242464,0.00047598654,0.0003530483,0.00080591725,0.0002833968,0.00040373765
2006-04-07,-0.0021920735,-0.0017815143,-0.0012757836,-0.00359173,-0.0013680684,-0.0025403963
2006-04-10,0.0010330218,0.0006883974,0.00072397944,0.0013564199,0.00053698954,0.0009915995
2006-04-11,-0.0016615179,-0.0016294364,-0.0007626091,-0.0024938642,-0.00094279065,-0.0020762105
2006-04-12,-0.0006982935,-0.00046157776,-0.0007092552,-0.0007892405,-0.000324823,-0.0006535281
2006-04-13,0.000473383,0.00033222183,-0.00010387167,0.0003688603,0.000107062624,0.0004941321
2006-04-14,0.00034726888,0.00031586824,0.00030726084,0.00061672804,0.00024099837,0.0003232048
2006-04-17,0.000546011,0.0005273538,0.0007420064,0.00132842,0.00045023338,0.00057521637
2006-04-18,0.0019514117,0.0022994562,0.0015504763,0.004183762,0.0013988384,0.0031464999
2006-04-19,0.0020892632,0.0019438082,0.0012846129,0.0033095204,0.0013099685,0.002412794
2006-04-20,-0.0019787147,-0.00116202,-0.0011720269,-0.0027397764,-0.0011354693,-0.0016279282
2006-04-21,0.0010885635,0.0009928476,0.0005506697,0.0021628237,0.0006856664,0.0012577216
2006-04-24,-0.0017362445,-0.0014279637,-0.0008316404,-0.0029335385,-0.0010304587,-0.0016452286
2006-04-25,1.4570993e-05,-3.6555262e-05,-0.00010007305,-0.0003389829,-0.00021889184,-5.624709e-06
2006-04-26,0.001655826,0.0014221383,0.0009022077,0.002571938,0.0010178505,0.0015231183
2006-04-27,-0.0005641771,-0.0004973179,-0.00012226729,-0.0010385322,-0.00023668376,-0.0005514341
2006-04-28,0.0010307971,0.00091184763,0.0006001545,0.001764253,0.0005816202,0.001143244
2006-05-01,0.0002904909,8.5929525e-05,-0.00017219849,0.0001791726,-8.5658656e-05,0.0002128985
2006-05-02,0.0023275523,0.001983923,0.0010915407,0.0038056474,0.0014392214,0.0024211889
2006-05-03,-0.00032334912,-0.00029360683,-0.0002126608,-0.0006430324,-0.00024688724,-0.0004641994
2006-05-04,0.0012859534,0.0010729879,0.00079123524,0.0019286538,0.0007843598,0.001550278
2006-05-05,0.0020824128,0.0018868363,0.0010935396,0.003539927,0.0013146754,0.0022555648
2006-05-08,0.0009877926,0.0007963927,0.00020408287,0.0014760417,0.0005372455,0.0010943366
2006-05-09,0.001561481,0.0013133892,0.0008001603,0.0024109965,0.0008766253,0.0017693914
2006-05-10,-2.9818504e-05,6.916595e-05,1.8847795e-05,-5.253398e-05,-5.542516e-05,1.9701292e-06
2006-05-11,-0.0016851387,-0.0014769092,-0.00073777616,-0.0027640918,-0.0009916936,-0.0018428594
2006-05-12,-0.0022087102,-0.0022428222,-0.000963681,-0.0042571267,-0.0012866271,-0.0023818235
2006-05-15,-0.004171096,-0.0032630193,-0.0017817765,-0.0054545663,-0.0017923978,-0.004232875
2006-05-16,0.00025671805,-1.980172e-06,-8.6068896e-05,0.0004732886,0.00011579288,1.8926366e-05
2006-05-17,0.0009058948,-0.0010397894,0.00051728386,-0.0009392823,0.000510466,-0.00061816734
2006-05-18,0.00094927417,-4.7784648e-05,3.8440463e-05,0.0003985512,0.0005476607,0.0002494318
2006-05-19,-0.0016656505,-0.0008530334,-0.000541067,-0.0016758927,-0.00086659554,-0.0015021596
2006-05-22,0.0034363668,0.00019732311,0.000544946,0.0019591637,0.0016313501,0.0016993723
2006-05-23,-0.00089368643,-0.0003315537,-0.00036645605,-0.0006327601,-0.0003781935,-0.00044051444
2006-05-24,-0.00062378147,-0.00086974946,-0.00053552166,-0.0013192246,-0.00035643583,-0.0011333744
2006-05-25,-0.0026889427,-0.00045591063,-0.0004469829,-0.0014558262,-0.0008563146,-0.0019162068
2006-05-26,-0.0017887545,-0.00015290381,-2.214423e-05,-0.000665698,-0.00037631337,-0.0014266069
2006-05-29,-1.0895059e-05,0.00013869186,-5.9260678e-05,0.0001709047,5.732026e-05,0.00014878086
2006-05-30,0.0023423259,0.00028715743,0.00024138029,0.0011578889,0.00029342374,0.0019074586
2006-05-31,-0.0009417234,-0.0004878216,-0.00012294373,-0.0008119678,-0.00037086222,-0.0010304867
2006-06-01,-0.0009520432,-5.8141744e-05,-0.00013646162,-0.00018482053,2.9261797e-05,-0.0009168209
2006-06-02,-0.0006388799,0.00032853163,-6.4288295e-05,0.00028643777,0.00018167612,-6.333215e-05
2006-06-05,0.0005021287,-0.00063022744,-0.00010438165,-0.0006203327,-0.00061938656,-0.00010629103
2006-06-06,0.00045866467,-0.0004752253,-8.623959e-05,-0.0005891149,-0.00041250067,-0.00018064064
2006-06-07,0.00021481022,-0.0004720888,-0.00025366558,-0.0006553206,-0.00040791283,3.3048625e-05
2006-06-08,0.0010214408,-0.00061288726,-0.00057035725,-0.0007980383,-0.00042581244,0.0003761544
2006-06-09,-0.00060171227,-0.00033359122,-0.0003409083,-0.00055525784,-0.00023225576,-0.00063115073
2006-06-12,0.002306687,0.00051815604,5.6114008e-05,0.0007446576,0.00023636039,0.002097838
2006-06-13,0.0034066022,0.00014197457,-8.883887e-05,0.0005406052,0.00016228718,0.002362753
2006-06-14,-0.0020805444,-0.0006712037,-0.00043919386,-0.0009865658,-0.0005180525,-0.0017229924
2006-06-15,-0.004303351,-0.000457522,-3.1566462e-05,-0.00081208494,-0.00034029727,-0.0034787895
2006-06-16,-0.00038842828,6.20468e-05,-4.1754338e-05,2.7377573e-05,-6.6984308e-06,-0.0002431316
2006-06-19,0.0013711437,1.3438325e-05,-2.5739455e-05,0.00032388762,0.00010400145,0.0005355038
2006-06-20,-0.00060450553,-0.000200536,-0.00025779707,-0.00039333923,-0.00018226232,-0.00027378532
2006-06-21,-0.0012410242,0.00023216032,0.0001900642,0.00016963584,0.00013272876,-0.0006817387
2006-06-22,0.0009790519,0.00057605776,0.0005451343,0.0010381328,0.00044357992,0.0005362123
2006-06-23,0.00028772344,0.00017283365,7.497656e-05,0.00030120884,0.0001978694,0.0001269661
2006-06-26,-6.460084e-05,0.0002649568,0.00031812504,0.00046909094,0.0002905392,0.00019671048
2006-06-27,0.00014721965,-0.0003708869,-5.294865e-05,-0.0006084141,-0.0004499399,-0.00025029643
2006-06-28,0.0003299416,0.00039911625,0.0004352506,0.00063449156,0.00032083207,0.00030489216
2006-06-29,-0.0023435254,0.0001546309,-0.0006148742,8.9558824e-05,0.00018437889,-0.0013437927
2006-06-30,-0.0014371797,-0.00038177412,-0.00053512084,-0.000574037,-0.00032219136,-0.0010032037
2006-07-03,0.0012765817,0.0012716162,0.00086148246,0.0018892727,0.0009757929,0.0013827566
2006-07-04,-3.9052513e-05,4.9543603e-05,-3.4932047e-05,-3.0988801e-06,1.3680919e-05,2.3625074e-05
2006-07-05,-0.0010795507,-0.0009537193,-0.000652961,-0.0013623087,-0.0006845921,-0.00082619506
2006-07-06,0.0009765725,0.0008194092,0.00092396676,0.0013490441,0.0005422699,0.00065304595
2006-07-07,-0.0014528936,-0.0013089204,-0.0011076757,-0.0021147903,-0.0009018852,-0.001531766
2006-07-10,-0.00053004373,-0.00032239282,-0.00034813624,-0.000363896,-0.00012797631,-0.00029653596
2006-07-11,0.0005102267,0.00035192666,0.00034398065,0.0005880306,0.0004293237,0.00030339515
2006-07-12,-0.00095181004,-0.00089129835,-0.0008139855,-0.0012207023,-0.00042611646,-0.000622506
2006-07-13,-0.0019101491,-0.0019545255,-0.0017820463,-0.0029443959,-0.0010106603,-0.0013923307
2006-07-14,-0.00066070864,-0.000758271,-0.0006513413,-0.0011479623,-0.00029552256,-0.00035839068
2006-07-17,-0.0012963124,-0.0011541523,-0.0007708436,-0.0019766386,-0.0003649077,-0.00084378856
2006-07-18,-0.000530544,-0.00034178537,-0.00025857182,-0.00083320454,-0.0003194513,-0.0007042797
2006-07-19,-0.00095649913,0.00041160642,-0.0003110808,-0.00047705226,-0.0011945124,-0.0013515755
2006-07-20,-0.00020202753,-0.00015336275,-0.00032570594,-0.00025918116,-0.00014026013,-0.0002447493
2006-07-21,0.00021447697,-0.00013934985,-4.2488984e-05,5.58107e-08,0.00027539427,0.000110270455
2006-07-24,-0.00057415606,0.00026182277,5.7468437e-06,-6.5504273e-06,-0.0006690051,-0.0005196092
2006-07-25,-0.00018021054,5.5893455e-05,-0.00011284057,-6.844819e-05,-0.0001415483,-0.00020344443
2006-07-26,4.349209e-06,7.115912e-05,-5.8947673e-05,0.00012952578,-5.0666886e-06,2.4777699e-05
2006-07-27,-1.3847141e-05,-3.3816297e-05,-7.013963e-05,-0.00024846508,-0.00012361933,-0.00022361356
2006-07-28,0.0005868518,0.00061394746,0.0005833184,0.0011521177,0.0007320421,0.00051013153
2006-07-31,-0.00026028062,-0.00010664686,-9.786251e-05,-0.00026252563,-0.00010923566,-0.00025381567
2006-08-01,-0.00021808263,-0.00021112853,-0.00025073552,-0.0003739995,-0.0003167392,-0.00022818774
2006-08-02,0.0008890477,0.00085956004,0.0007735096,0.0014299252,0.00081400183,0.0008706607
2006-08-03,-0.00013340623,-4.3768596e-05,-7.197698e-05,-4.8920472e-05,6.7075075e-06,1.0961063e-05
2006-08-04,0.0016824717,0.0012661696,0.0013219396,0.0022040983,0.0010020512,0.0015719385
2006-08-07,-0.00090385287,-0.0007873267,-0.0010323647,-0.0012975441,-0.000641787,-0.0009026344
2006-08-08,-0.0002725357,-0.0001881249,-0.0001286566,-0.0002803752,-0.0001769543,-0.0003390709
2006-08-09,0.00060001615,0.00048373544,0.00029661754,0.000632854,0.00023629819,0.00053637044
2006-08-10,-0.0011809793,-0.00071559474,-0.00085418345,-0.0015559316,-0.0006949274,-0.0009952391
2006-08-11,-0.00036411008,-0.00039483592,-0.0003675823,-0.00070364383,-0.00032610833,-0.00044030478
2006-08-14,-0.00031339377,-0.00022027266,-9.996497e-05,-0.00029120865,-0.000110096444,-0.00036973885
2006-08-15,0.0004655136,0.00094290345,0.0001905178,0.0012349994,0.00055758696,0.0011184441
2006-08-16,0.0013867873,0.0012704976,0.00081862434,0.0018563461,0.0011427973,0.0015577942
2006-08-17,-0.0005326522,-0.00051075197,-0.00045711026,-0.00074096303,-0.0002273712,-0.00073813554
2006-08-18,0.000103355,0.00027325007,0.00010002027,0.00034438653,0.00022352263,0.0002737674
2006-08-21,-0.000270368,-5.947139e-05,-1.12000835e-05,-0.00022520978,-0.00020540871,-0.00014132554
2006-08-22,1.0694893e-05,9.162335e-05,-0.00011753798,0.00014642025,-4.1507286e-07,8.2913335e-05
2006-08-23,-0.0010809298,-0.0009857384,-0.00042192423,-0.0012937182,-0.0006120472,-0.0012861139
2006-08-24,-0.00024122116,-0.000103576655,-5.312388e-05,-0.00011144886,-6.793231e-05,-0.00021319627
2006-08-25,0.0007201063,0.00058898295,0.00054500386,0.0008822872,0.00039862574,0.00060658966
2006-08-28,0.00083260133,0.000676781,0.000320626,0.00097350817,0.00048816547,0.0008495004
2006-08-29,0.00037709373,0.00037182192,0.00014347088,0.00055502664,0.00023525125,0.00059472444
2006-08-30,0.00069442886,0.0008910209,0.00066621666,0.0012186541,0.00055071624,0.0009497686
2006-08-31,0.00076259696,0.0007096678,0.0006493954,0.0010235112,0.0004204695,0.0007867207
2006-09-01,0.0008961284,0.00074901147,0.00040596438,0.0011417369,0.0005269698,0.0011167965
2006-09-04,-0.00026937475,-0.00015526987,-0.00030378162,-0.00038215047,-9.10185e-05,-0.000107858854
2006-09-05,-0.0006798872,-0.0004708878,-0.00054725696,-0.0010474392,-0.00037391737,-0.000592796
2006-09-06,-0.0018914365,-0.0017830473,-0.0010488044,-0.0028513812,-0.0013408104,-0.0022974967
2006-09-07,-0.0019164211,-0.0016588962,-0.0011520743,-0.0027539544,-0.0011847485,-0.0021808671
2006-09-08,0.00019700988,6.9877584e-05,-0.00012814446,0.00023292813,0.00018185533,0.00014535939
2006-09-11,-0.00036328056,-0.0006917632,-0.0005377833,-0.00083207904,-0.0002002417,-0.0006768456
2006-09-12,0.00095271575,0.0012536157,0.00032870198,0.0016364404,0.00051426317,0.002289853
2006-09-13,0.00020965499,0.00047073088,0.0001947022,0.00043459563,9.36668e-05,0.00069651153
2006-09-14,0.0005129131,0.00023233387,4.0007335e-06,0.00029543103,0.00018039702,0.0005082553
2006-09-15,0.0005624554,0.0005188801,0.00034546017,0.0008366901,0.0005076803,0.00034859456
2006-09-18,-0.0004535934,0.0001299028,4.1325425e-06,-0.000118833654,-0.00012831706,-9.388162e-05
2006-09-19,-0.00013342132,-0.0004527235,-0.00024630994,-0.00050201337,-0.0002495539,-0.00044452274
2006-09-20,0.0012980954,0.001039731,0.0002945796,0.001727402,0.00080941006,0.0015406257
2006-09-21,-0.0006038602,3.501557e-05,-0.000257345,-0.00020123433,-8.077206e-05,-0.00022955258
2006-09-22,-0.00069015485,-0.00079474715,-0.000589469,-0.0012903318,-0.00050225365,-0.00090246706
2006-09-25,0.0011976279,0.0010932797,0.00059669086,0.0016380369,0.00063016237,0.0012866089
2006-09-26,-0.0002468205,0.000102812926,2.4871262e-05,0.00022545227,8.468546e-05,0.00016061413
2006-09-27,-0.0005053964,0.00011978585,7.055592e-05,0.00020357333,1.2859714e-05,2.2419152e-05
2006-09-28,-0.00015175767,0.00014662796,0.0002538496,0.0001838297,0.00010855828,-1.133299e-05
2006-09-29,-0.0004153017,-0.00038677105,-0.0001554437,-0.000608406,-0.00029777893,-0.0005607638
2006-10-02,-0.00028659866,-0.00011442874,-0.00025990803,-0.00026332447,-0.00018123887,2.1506921e-05
2006-10-03,0.0006685587,0.00034772675,5.910019e-05,0.0004296414,3.0294084e-05,0.0007110013
2006-10-04,0.0017897632,0.0017749766,0.0013158481,0.003458017,0.0013417676,0.0020357668
2006-10-05,0.00047152073,0.00055084407,0.00038363456,0.0008783525,0.0004090645,0.00046955526
2006-10-06,-0.0008991988,-0.00079524005,-0.00040887445,-0.0015354905,-0.00069646596,-0.00091916847
2006-10-09,0.00048376233,0.0005878867,0.0005042783,0.0011245726,0.00055787264,0.00052361324
2006-10-10,0.00092315767,0.00046969572,0.00062013697,0.00066125934,0.0002563087,0.0007521993
2006-10-11,0.000200938,-8.9049627e-07,9.4978306e-05,0.00012095115,1.8476163e-05,0.00014811788
2006-10-12,0.0013026359,0.0015278168,0.0010938472,0.0027850477,0.0012413813,0.0014002129
2006-10-13,0.0014664487,0.0012193926,0.0008709149,0.002229105,0.001048856,0.0013016756
2006-10-16,0.0005566809,0.00069240615,0.00048374766,0.0011671536,0.00044580406,0.0005172211
2006-10-17,-0.0018763071,-0.0014944813,-0.0011987607,-0.0029856022,-0.0011089074,-0.0017991844
2006-10-18,0.0009523863,0.00078406936,0.00092448294,0.0014020213,0.00047869174,0.0010282246
2006-10-19,3.249795e-05,0.000115464834,0.000197536,0.00034631934,0.00017262451,-0.000223849
2006-10-20,0.00027518158,0.00023942963,0.00022378688,0.000338727,7.923233e-05,0.0004685076
2006-10-23,0.0008776778,0.0009113453,0.00048728994,0.0017115676,0.0006638144,0.0012047954
2006-10-24,0.0004852696,0.00042511342,0.0004105708,0.0008268589,0.0003516476,0.0003846858
2006-10-25,0.0007918264,0.0009024693,0.0009340349,0.0019183155,0.00066459057,0.0007670475
2006-10-26,0.0012641401,0.0012268395,0.0011650443,0.0023994509,0.0009185838,0.0012366087
2006-10-27,-0.0014238217,-0.0011442732,-0.00087332336,-0.0024000714,-0.000742987,-0.0016291246
2006-10-30,-0.0006490696,-0.0004832151,-0.00032899893,-0.0008603716,-0.00034439316,-0.00042556808
2006-10-31,0.0013383689,0.00097168074,0.00090115785,0.0017179472,0.0008171773,0.0012088927
2006-11-01,4.951339e-05,5.3226137e-05,0.00024872206,0.00017059917,0.000109844485,-8.738511e-06
2006-11-02,-6.566192e-05,-7.762321e-05,-2.3251905e-05,-0.00026796272,-0.00014529374,-6.119522e-05
2006-11-03,-0.001085969,-0.00069100346,-0.0010663113,-0.0015516542,-0.0008061849,-0.0009319572
2006-11-06,0.001806421,0.0020140966,0.00094152417,0.0037328976,0.0013912609,0.002683096
2006-11-07,0.001416463,0.001139706,0.0009180145,0.0021190639,0.0009506258,0.0013461882
2006-11-08,0.00034928875,0.00036936117,-1.507261e-05,0.00063069694,0.0002388258,0.000476425
2006-11-09,0.0003643049,0.000106573985,0.0003604684,0.00050932256,0.00026300488,5.097668e-05
2006-11-10,9.4911986e-05,-8.16702e-05,0.00027340915,4.21692e-05,-7.980177e-06,0.00012138458
2006-11-13,-0.00028981693,-0.00025706252,-0.00036523654,-0.0006106013,-0.0002483497,-0.00019937754
2006-11-14,0.0014616771,0.0015311786,0.00043890558,0.0024899726,0.0008709767,0.002015056
2006-11-15,0.00088271586,0.0008798297,0.0002140591,0.0013187503,0.00043704791,0.0010059577
2006-11-16,-0.00054640434,-0.00036544216,-0.00045810654,-0.00086244073,-0.0004491405,-0.000251041
2006-11-17,0.00046170427,0.0003539961,0.00015744842,0.00064690865,0.00028667715,0.0003475089
2006-11-20,-0.00016703094,3.10381e-05,-0.00036027582,-0.00015868708,-0.000100510064,-6.877286e-05
2006-11-21,0.0014846359,0.0013799038,0.0006387229,0.0024079748,0.0008392757,0.0016605675
2006-11-22,0.0019478301,0.0015312253,0.0010585324,0.0027422674,0.00096366595,0.0020320204
2006-11-23,0.00054630556,0.0003538064,0.00035977113,0.00054201327,0.0003292211,0.0005068701
2006-11-24,0.0012209705,0.0008515729,0.00076194847,0.001340091,0.00080945727,0.0012257826
2006-11-27,-0.0029698543,-0.002486933,-0.0014595451,-0.0045206062,-0.0014906246,-0.0031011088
2006-11-28,0.00038432554,0.00047636105,0.0005616342,0.0008727333,0.00047491037,0.0006948943
2006-11-29,0.00095367536,0.0015550716,0.0003452585,0.0024553596,0.0006215205,0.0021285831
2006-11-30,0.0037647765,0.002825899,0.002661943,0.0052103614,0.002192206,0.0037440397
2006-12-01,0.0013609373,0.0007132422,0.0014622906,0.001439125,0.00080469664,0.00080632133
2006-12-04,0.0006698645,0.0009347057,0.00017865784,0.0019228631,0.0004701031,0.0013218186
2006-12-05,0.00044787533,0.0006968295,-0.00033313988,0.0007649942,0.00015279648,0.0009359908
2006-12-06,-0.0014352034,-0.0011756842,-0.00082883064,-0.0021270232,-0.0008399503,-0.001481139
2006-12-07,-0.00044698364,-0.00026409855,5.031228e-06,-0.0005857062,-0.00016351494,-0.00026116654
2006-12-08,-0.0010539362,-0.00069125666,-0.0006558983,-0.0011880187,-0.00043632567,-0.0009715135
2006-12-11,0.00028521605,0.00052394095,-1.3091562e-05,0.00071699586,0.00024476153,0.0007148218
2006-12-12,0.00038662506,0.000229931,0.00066162215,0.00039072678,0.00027072566,0.00030063486
2006-12-13,0.00034449922,0.00035499842,0.00012837711,0.00027250205,0.00019985295,0.0001798336
2006-12-14,0.001151463,0.0012268294,0.00038632,0.0017910216,0.0005339217,0.0014551557
2006-12-15,-4.3012576e-05,7.231017e-05,0.00016596478,-4.838306e-05,7.87937e-05,-9.618686e-05
2006-12-18,-0.0010165125,-0.00093283836,-0.0006452241,-0.0012525178,-0.00049461465,-0.0012791221
2006-12-19,4.5954806e-05,0.0002861064,0.00014246337,0.0005613753,0.00020058993,0.00024142634
2006-12-20,0.00038970012,0.0003756199,0.0002228586,0.0007055157,0.0002414161,0.00046110997
2006-12-21,-0.0006304952,-0.00045474237,-0.00038913378,-0.0008635928,-0.00041461713,-0.0005808005
2006-12-22,-0.00036809302,-0.000594904,-0.00049118436,-0.0009821517,-0.00017850037,-0.0005822315
2006-12-25,0.00023604094,0.0001587791,-2.1006967e-05,0.00035827945,0.00014334914,0.00025532296
2006-12-26,0.0008223609,0.0008936487,0.00031902673,0.0015910144,0.0004926627,0.0013154377
2006-12-27,0.0018444663,0.0018786249,0.0011827815,0.00342991,0.0012487011,0.002304216
2006-12-28,0.00057123945,0.00044922458,0.00034799246,0.00076737365,0.0003826597,0.0007365666
2006-12-29,-0.0002201584,-0.00013363796,-0.000301943,-0.00029344653,-0.00023878906,-0.0001188871
2007-01-01,3.4539004e-05,9.2127724e-05,-1.1133522e-05,0.000111185014,7.4583404e-05,0.00017789242
2007-01-02,0.0015101397,0.001528925,0.0009933732,0.002489984,0.0010306803,0.0018650454
2007-01-03,0.00025142852,-0.0003810456,-0.00016471594,-9.04475e-05,-0.0002858201,-0.00019135205
2007-01-04,-0.00229713,-0.0019491025,-0.0012375297,-0.0033876537,-0.0015777688,-0.002535731
2007-01-05,-0.003519519,-0.0039668414,-0.0014495138,-0.0059779063,-0.0030697426,-0.0045273514
2007-01-08,0.00012792097,0.00035673496,-0.00022203814,0.0004076484,0.00012434153,0.0005182583
2007-01-09,0.00042902955,0.00029468114,0.0003623762,0.00048598772,0.00025937115,0.00038086707
2007-01-10,-0.000158621,-0.000723032,-8.620358e-05,-0.0008420211,-0.00029320113,-0.00055158854
2007-01-11,0.0012090008,0.0018281352,0.00077269645,0.0023276072,0.0011930604,0.0023816787
2007-01-12,-0.00050477165,0.0011378732,0.00031494282,0.0008531065,0.00061214354,0.0006784037
2007-01-15,0.00065258297,0.0009283717,0.00036189528,0.0013060545,0.0006392295,0.0009871263
2007-01-16,0.0002605011,8.753702e-05,-0.00022024047,0.00019994953,-7.489608e-05,0.0002835507
2007-01-17,-4.427638e-06,0.00015209087,0.00025273778,0.00018898334,0.00016033718,0.00017995716
2007-01-18,-0.00014727646,-0.00025213588,-9.533365e-05,-0.0002866632,-0.00029230828,2.048395e-06
2007-01-19,0.00036713513,0.0009899776,0.00048908195,0.0012581961,0.0007378994,0.00071266573
2007-01-22,9.357153e-06,-8.995431e-05,-0.00038717102,1.0332323e-05,-0.00013931248,8.3825005e-05
2007-01-23,0.0003341294,0.001115953,0.00049955654,0.0014230681,0.0010171818,0.0006805811
2007-01-24,-0.00017052819,0.00039244737,0.00012040377,5.9486872e-05,0.00013899207,0.00011624241
2007-01-25,-0.0021629306,-0.002605666,-0.0011880456,-0.003612241,-0.0022334557,-0.0024405029
2007-01-26,-0.0004310435,-0.00059358665,-0.00048192265,-0.00085239677,-0.00046698382,-0.0005787309
2007-01-29,0.00019023457,0.00017151701,-4.531343e-06,0.00024708014,5.1101164e-05,0.00017867834
2007-01-30,0.0002994018,0.00081275834,0.00037715808,0.0012415722,0.00075501355,0.0005445929
2007-01-31,-0.00079452933,-2.1518277e-05,-0.0002936092,-0.00013301689,2.2877559e-05,-0.00051861524
2007-02-01,0.0016489294,0.0017537744,0.0011410508,0.002443826,0.0014545217,0.0018751161
2007-02-02,0.00039285197,0.0006562576,3.7402504e-05,0.00085950125,0.00047609463,0.0006907868
2007-02-05,-0.0005224566,-0.0005499076,-0.00043203338,-0.000665683,-0.0003900564,-0.00066848524
2007-02-06,0.0012531597,0.001308074,0.00061856303,0.001976113,0.0011721689,0.0012396087
2007-02-07,0.0005760215,0.0010807896,0.00041313565,0.0014548289,0.0008453092,0.0010334682
2007-02-08,-0.0006708996,-0.00052531343,-0.00075896236,-0.00073441776,-0.0005014445,-0.0006518271
2007-02-09,-0.0015876142,-0.0013247385,-0.0009929037,-0.0020832196,-0.0013592496,-0.0012142392
2007-02-12,-0.00225221,-0.0021909594,-0.0012550149,-0.0033919413,-0.0018396849,-0.002096571
2007-02-13,0.001798292,0.0019727442,0.00078767026,0.0031324709,0.001607969,0.0017747707
2007-02-14,0.001530616,0.002094482,0.001033633,0.0027804018,0.0015299331,0.0018494996
2007-02-15,0.00047928607,0.00056969945,-7.289242e-05,0.0008395563,0.00043614948,0.0004988929
2007-02-16,0.0001477217,0.00015964238,-3.103848e-05,0.00019827878,0.00013680334,0.0001309349
2007-02-19,0.00024851548,0.00037128545,0.0002366291,0.00057241943,0.00029402037,0.0003764586
2007-02-20,-0.00019457929,9.7717304e-05,-0.00031983174,-2.239866e-05,7.387839e-05,4.3460153e-05
2007-02-21,0.00050624035,0.0004746536,9.090996e-06,0.0006959793,0.00038284087,0.00065151876
2007-02-22,0.00026859375,0.00042879945,-0.00020977091,0.0004626801,0.00028227415,0.00051004306
2007-02-23,0.00020786635,0.00019779778,0.00022851024,0.000427845,0.00014102153,4.2337477e-05
2007-02-26,0.00091066706,0.00070710597,0.00066480326,0.0012363442,0.0006629084,0.0007307409
2007-02-27,-0.012086024,-0.012114259,-0.0050296085,-0.018539026,-0.010063346,-0.013311913
2007-02-28,-0.0009194985,-0.00052517455,-0.0010727328,-0.0013887979,-0.0007421865,-0.0010727737
2007-03-01,-0.00029229894,-0.0011694636,-0.00029213153,-0.00072279485,-0.00017709157,-0.0009346579
2007-03-02,0.0014912727,-0.00043629186,0.00088631304,0.0004180816,0.00088496594,0.00036057257
2007-03-05,0.0018055118,-0.0014834694,0.00066918094,-0.0007454605,0.0005998608,1.6367481e-05
2007-03-06,-0.0042360774,-4.8913298e-05,-0.0014962327,-0.0016005064,-0.0016087854,-0.0028406717
2007-03-07,0.0011916829,0.00088380516,0.0004918652,0.0012484762,0.00065985176,0.0013802646
2007-03-08,-0.0027685193,-6.4799024e-05,-0.00058982085,-0.0006863689,-0.0005081263,-0.0020665613
2007-03-09,-0.0020536121,-0.0010945337,-0.0008579859,-0.0019417447,-0.001064907,-0.0018465111
2007-03-12,-0.00015039295,0.00039026784,7.616529e-05,0.00042489744,0.00017647608,0.00026506672
2007-03-13,0.0018167014,-0.00049231027,0.0005162922,6.463893e-05,-0.00046101154,0.0011714465
2007-03-14,-0.00073334324,-0.00054502767,-0.00011661932,-0.0006828737,-0.0005434309,-0.00081210566
2007-03-15,-0.0006577257,0.00042246937,-0.00026795542,0.000112768095,0.00019408067,-0.00043567247
2007-03-16,0.00044429163,0.00024686955,0.00011943577,0.00014901496,0.00011911837,0.00038761398
2007-03-19,-0.0014146917,0.00041440636,-0.0001141273,0.00017860685,0.0003682295,-0.0007953118
2007-03-20,-0.00084863097,0.00012353885,-0.00042744586,-8.2919105e-05,0.00023257219,-0.0004180009
2007-03-21,0.000491359,0.0015426939,0.00056732865,0.0015465359,0.0012779611,0.00089068833
2007-03-22,-0.00067891,-0.00010448934,-0.00032956357,-0.00045069514,-0.00013775376,-0.00053155475
2007-03-23,-8.135373e-06,-1.4728897e-05,-8.630014e-05,-4.8650672e-05,5.687135e-06,-0.0001645365
2007-03-26,0.0006533608,0.00056848844,0.00042096028,0.0009103233,0.0005572037,0.00079552067
2007-03-27,-0.0006450757,-0.0007049994,-0.00033647238,-0.0010078675,-0.00061531324,-0.00066736457
2007-03-28,-0.0015579948,-0.001354648,-0.0010679606,-0.001978662,-0.001118499,-0.0016171684
2007-03-29,0.0016075615,0.0015417858,0.00084910606,0.0021392654,0.0011994197,0.0015672942
2007-03-30,0.0002819601,3.5512568e-07,0.00017407793,0.00010957787,-7.460853e-06,0.00013440676
2007-04-02,0.0013504783,0.001261278,0.0010409519,0.0017818732,0.00096086157,0.0013788992
2007-04-03,0.0010884103,0.0010870947,0.0006394891,0.0012586034,0.0006996595,0.0010083219
2007-04-04,0.0012675414,0.0013351169,0.0010219532,0.0019951577,0.0010987754,0.0014679026
2007-04-05,0.00078828144,0.0005646843,0.00048743017,0.0009820589,0.000527135,0.0006620486
2007-04-06,0.00019025017,0.00021775796,9.135736e-05,0.00036942193,0.00017206851,0.00012393226
2007-04-09,-0.0001317726,-0.00053034886,-0.00026119512,-0.0005221626,-0.00035645257,-0.00054321013
2007-04-10,0.001984934,0.0017182494,0.0009806143,0.002882757,0.0014380527,0.0020727075
2007-04-11,-0.00053898786,-0.0006783579,-0.0005591473,-0.0009945078,-0.0005535806,-0.0005590003
2007-04-12,0.00168251,0.0012635856,0.00040195466,0.0021586488,0.001149523,0.0015427026
2007-04-13,0.0015452107,0.0013059778,0.0009559275,0.002169769,0.0010881792,0.0014037521
2007-04-16,0.00260762,0.0021536066,0.0013225651,0.0038564615,0.0018304014,0.0024861475
2007-04-17,0.00030918425,0.0006024627,0.0005186954,0.00056323025,0.00033132368,0.00043037807
2007-04-18,-0.00019436293,-0.00013047623,-0.000106503445,-0.00031985002,-9.326598e-05,-0.00012240987
2007-04-19,-0.0018878358,-0.0015540156,-0.00090333936,-0.003130195,-0.0014701148,-0.0018336618
2007-04-20,0.0033099437,0.002820663,0.0016166283,0.0051876144,0.0023160342,0.0032640642
2007-04-23,-0.0005710453,-0.00030584956,-0.0002947724,-0.0008410065,-0.00028713202,-0.00037282356
2007-04-24,-0.000486937,-0.00063138665,-8.404242e-05,-0.0010935721,-0.0004558064,-0.0006969492
2007-04-25,0.0023045947,0.0021534008,0.000877793,0.0038476144,0.0016368177,0.0025496318
2007-04-26,-0.0009100763,-0.00088608876,-0.00048608505,-0.0012765419,-0.0006273486,-0.001020841
2007-04-27,0.00029529136,0.00029919067,0.00013607701,0.00030031038,0.00014419551,0.0004915926
2007-04-30,-0.0015635067,-0.0013773113,-0.00064185995,-0.0024399876,-0.0010767521,-0.0018520459
2007-05-01,-0.00018730009,-5.313101e-05,0.00010211077,4.4219607e-05,-6.322771e-05,-0.00029853804
2007-05-02,0.0008627796,0.0009890333,0.0005607029,0.0016609747,0.0005388022,0.0012557888
2007-05-03,0.00050522905,0.00059409294,0.00012689289,0.00087764964,0.00027477328,0.0007592068
2007-05-04,0.0009485878,0.00091323553,0.00058921374,0.0014409085,0.00056061335,0.0011549145
2007-05-07,0.0003863952,0.0004641336,0.00013826338,0.0008073023,0.00026857972,0.0005588214
2007-05-08,-0.0014709235,-0.0011887671,-0.0009429893,-0.0018926009,-0.0009296971,-0.0015506964
2007-05-09,0.0005661636,0.0006932207,0.00011610694,0.0012841105,0.0006274325,0.0006890376
2007-05-10,-0.0029163691,-0.0027818484,-0.0016786502,-0.004636361,-0.0020641787,-0.0037298624
2007-05-11,0.0010009015,0.0017535182,0.00032454456,0.0023875441,0.00088633614,0.0021597063
2007-05-14,-1.2538278e-05,-0.00018947739,9.522385e-05,-0.0002568505,-0.00017015524,-0.00011869965
2007-05-15,-0.0002599268,2.8507533e-05,-2.5651945e-05,-0.00014026347,-0.00027201328,0.00014177679
2007-05-16,0.0013011678,0.0010234333,0.00058351323,0.0019117298,0.0009438315,0.0010534081
2007-05-17,0.00096634316,0.00046328024,0.00034785204,0.0009131438,0.0005190267,0.0007505147
2007-05-18,0.0012025553,0.0010503224,0.00083583745,0.0018353321,0.0007699206,0.0015868037
2007-05-21,0.00065039116,0.0006687238,0.00026923371,0.00093836617,0.00051657704,0.0006631634
2007-05-22,-6.9868496e-05,-0.0003164434,0.00012922611,-0.00037578965,-0.00013492443,-0.00026470967
2007-05-23,0.0004594847,0.0005047369,0.00028330108,0.0007091168,0.0003522171,0.0007603037
2007-05-24,-0.0022913876,-0.0024664088,-0.0016906261,-0.0039503537,-0.0020398002,-0.0030754202
2007-05-25,0.001097574,0.00117948,0.0004508879,0.0017609948,0.00074770366,0.0015409153
2007-05-28,0.00028280585,0.0003895433,0.0001419286,0.0006057446,0.00030936973,0.00035946956
2007-05-29,-6.104696e-05,-0.00012306322,0.00033634095,-0.00010063289,-7.363319e-05,-6.7319443e-06
2007-05-30,0.00037296963,0.0007710139,0.00019805862,0.0010968157,0.00051021855,0.0008288945
2007-05-31,0.0011052487,0.0014018847,0.0006464742,0.0019811646,0.0010576886,0.0017268858
2007-06-01,0.002927458,0.0023639533,0.0016140419,0.0036485582,0.0019788002,0.0033809799
2007-06-04,-0.00048886536,-7.364077e-05,-0.0003372405,-0.00013024753,3.5499636e-06,-0.00034815798
2007-06-05,-0.000885056,-0.00076256384,-0.00043772138,-0.0013728517,-0.00071460055,-0.0009782127
2007-06-06,-0.0027423047,-0.0027572778,-0.0014280083,-0.0045796693,-0.0022017558,-0.0031669163
2007-06-07,-0.0013991098,-0.0026709451,-0.0010790906,-0.0040144185,-0.002009368,-0.0020580743
2007-06-08,0.0005195859,0.00089511333,0.0008819427,0.0011082448,0.0004409279,0.0013950026
2007-06-11,0.00017148236,0.0004485052,-0.0005746191,0.0005286273,7.302302e-05,0.0005154797
2007-06-12,0.0007067597,-0.0007656071,0.00038324692,-0.00089248555,-0.00025363633,-0.0003286895
2007-06-13,-0.00019838914,0.0010871207,-0.00037767095,0.0014929632,0.00058992405,0.0010627065
2007-06-14,0.00018280059,0.0012807854,-0.0002778321,0.001584119,0.0007190997,0.0013477417
2007-06-15,-8.6470485e-05,0.0014389113,-0.00021815988,0.0017812806,0.00092025206,0.0010762659
2007-06-18,0.00024712092,0.0005018235,-3.6866615e-05,0.00075736706,0.00043920494,0.00055052486
2007-06-19,-0.0010374851,-0.0004833448,-0.00027195,-0.0008811025,-0.00038943635,-0.0010024661
2007-06-20,-0.001037142,-0.0014079913,-0.00051265367,-0.001933432,-0.0012592248,-0.0012494781
2007-06-21,0.0014760469,0.0011446697,0.0007475974,0.0019858181,0.0010710693,0.00147308
2007-06-22,-0.0013590856,-0.0014933797,-0.00049967406,-0.002141596,-0.0010687442,-0.0016213274
2007-06-25,-0.0010757576,-0.0011669036,-0.00062574854,-0.0014740637,-0.0008546198,-0.0012330315
2007-06-26,-0.0004151947,-0.0011325277,-0.00014335618,-0.0015524057,-0.0008837092,-0.0006495484
2007-06-27,-0.0010629283,-0.0002496916,-0.0007640192,-0.0003203349,-0.00023139227,-0.00053611986
2007-06-28,0.0005118733,0.000629039,0.0001467819,0.0008314286,0.0003140089,0.0008098336
2007-06-29,0.00013082707,0.0007858322,0.00022186435,0.0009217657,0.0004892299,0.00030472272
2007-07-02,0.0010982945,0.0017605086,0.00076684554,0.0024196706,0.0014763541,0.001549889
2007-07-03,0.00015245269,0.0005950822,-5.782608e-05,0.0007700294,0.00040386914,0.00052463915
2007-07-04,0.00045829028,0.00040056653,0.00025353432,0.0006176428,0.00035945245,0.0005122813
2007-07-05,0.00016535108,-1.2940503e-05,-0.00025514438,8.4558655e-05,6.9171416e-05,0.00031432477
2007-07-06,0.001272739,0.0013453464,0.00061358383,0.001923202,0.001196382,0.001587587
2007-07-09,0.0010537476,0.0012123939,0.0005305276,0.0018888635,0.00095352187,0.0010299627
2007-07-10,-0.0024552192,-0.002164462,-0.0016174224,-0.002854869,-0.0017396754,-0.0030868372
2007-07-11,0.00078636344,0.0007518832,0.00043369742,0.0012243252,0.00045985586,0.0009366503
2007-07-12,0.0032045518,0.00317122,0.0019073635,0.004604601,0.0025855543,0.003186172
2007-07-13,0.0010984947,0.0011115391,0.0005985821,0.001838679,0.0009542447,0.0010944585
2007-07-16,-0.0009016555,-0.0008694712,-0.0003581655,-0.0016583395,-0.00090728176,-0.0009807908
2007-07-17,-0.0004438969,-0.00031119052,-0.0003183199,-0.00020025115,-0.00021603185,-0.00035467334
2007-07-18,-8.4275496e-05,3.8554794e-05,-4.8667443e-05,0.00016967383,6.2001905e-06,-3.1686366e-05
2007-07-19,0.001717079,0.0017189607,0.0010360165,0.0026898568,0.0014386768,0.0017203102
2007-07-20,-0.0005945429,-0.00088108267,-0.00048661514,-0.0012349706,-0.00057917,-0.0007594333
2007-07-23,0.0016310486,0.0011909569,0.0006829326,0.0017853131,0.00087632507,0.0016487462
2007-07-24,-0.0022116043,-0.0026294945,-0.001294968,-0.004022068,-0.0019711116,-0.0022912151
2007-07-25,-7.90087e-05,-0.00032732138,-8.869261e-05,-0.00023338708,7.474473e-05,-0.00030451475
2007-07-26,-0.0030779103,-0.004764598,-0.0017297345,-0.006330807,-0.0028739627,-0.0043336046
2007-07-27,-0.0011567523,-0.0027974094,-0.0005501747,-0.0035786903,-0.0012015393,-0.0023037477
2007-07-30,-0.0017305563,0.00017852256,-0.0006521018,-0.0006965013,-0.00089377153,-0.0006696817
2007-07-31,0.0009225218,0.0005864058,0.00031742966,0.0010442812,0.0006283007,0.00063289853
2007-08-01,-0.0009454559,-0.0012163363,-9.352235e-05,-0.001853629,-0.0009139727,-0.0013728697
2007-08-02,-0.00081185054,0.00024978313,-0.00021082771,0.00017444973,-6.195527e-05,-0.0003005416
2007-08-03,0.0035785353,0.0005374948,0.0008571228,0.0013201216,0.00062889344,0.0023055652
2007-08-06,-0.001943009,-0.0009475066,-0.00019799342,-0.0015556569,-0.00082649424,-0.0019436801
2007-08-07,-0.00126492,-0.00022004715,-0.00026756036,-0.00043279096,-0.0001931777,-0.0011166593
2007-08-08,-0.0033749838,-8.360831e-05,-0.0006303592,-0.00063683826,-7.8853045e-05,-0.0016975692
2007-08-09,0.0023524938,-0.00075829105,0.00021606765,-0.00019689558,-0.000687316,0.00017820678
2007-08-10,0.00094498845,-0.0004095429,0.00026957592,-0.00043921836,-0.0004303281,-0.00013497355
2007-08-13,-0.00017579329,0.00021320225,0.0001754268,0.00030872793,0.0002444681,-5.152277e-05
2007-08-14,0.0027299698,0.00041161673,0.00048783817,0.0007584109,0.0003409401,0.0017355008
2007-08-15,0.0038681764,0.00034228517,0.0005372381,0.00090690184,0.00045925466,0.0026379633
2007-08-16,0.0047229254,0.00042271623,0.00011163872,0.0014264373,0.0007625802,0.003211026
2007-08-17,-0.0027008061,-0.00045816074,-0.0002868844,-0.0008053727,-0.0005064994,-0.002218609
2007-08-20,-0.0021789593,-0.00012386679,-0.0001955172,-0.00022340895,-9.9870354e-05,-0.0016902859
2007-08-21,0.0009138045,0.0004419951,0.00023914601,0.00078264816,0.00034995825,0.0008357664
2007-08-22,-0.0040972973,-0.0004439332,-0.00036531696,-0.001029515,-0.00034492087,-0.003148235
2007-08-23,-0.0015259142,-0.0001846106,-0.00020542431,-0.00045138402,-0.00016528997,-0.0011598958
2007-08-24,-0.0016076032,0.00030843628,-0.00026124372,0.00014810287,0.0002556734,-0.00073607865
2007-08-27,0.0001263216,-0.00013652795,-0.00011380264,-0.000115264025,-0.00013308437,-3.6038233e-05
2007-08-28,0.00063767907,-0.00068865606,-0.00011643154,-0.0006393383,-0.00039503453,-0.00027510247
2007-08-29,-0.0013571584,0.00040753817,-6.113154e-05,0.00028334113,0.00015181261,-0.0006740398
2007-08-30,0.00065067766,0.0006151277,7.467028e-05,0.00097501994,0.00045558222,0.0007144278
2007-08-31,0.0001449495,0.0009391321,8.420419e-05,0.0010640551,0.0006194416,0.00086661655
2007-09-03,-1.0405236e-05,7.58429e-05,-1.7809869e-05,0.00011456385,4.5173514e-05,4.8345795e-05
2007-09-04,0.0012790515,0.0014587822,0.00053508475,0.0018869499,0.0010383681,0.0016760451
2007-09-05,8.5021944e-05,-0.00029047852,-0.00034544646,0.00011649365,-3.9942755e-05,-0.00023654719
2007-09-06,0.00021115527,0.00028141355,0.00020015218,0.0003001614,0.00018003359,0.00025933876
2007-09-07,6.750956e-05,-0.00044980293,-0.00028067487,-2.3761066e-05,2.420161e-06,-0.00025792245
2007-09-10,0.0004402841,0.0002072336,-3.302495e-05,0.00072222215,0.00038790112,0.00035043305
2007-09-11,0.00012384079,0.00088767457,0.00051222707,0.00069373264,0.00011203289,8.1036225e-05
2007-09-12,0.0006798747,0.00044864364,0.00047095143,0.00074151315,0.00054548436,0.00044540936
2007-09-13,-0.00060834247,-0.00022232924,-0.00012749474,-0.00095514086,-0.00048529357,-0.0003765991
2007-09-14,0.00046203998,0.0003756403,0.00010598287,0.0006824128,0.0003710781,0.00043353922
2007-09-17,0.00034338585,2.2389064e-05,-5.8818066e-05,0.00051317556,0.00016295965,0.00027349233
2007-09-18,0.0029899867,0.0031163483,0.0013973748,0.004139673,0.0020038234,0.0027447008
2007-09-19,0.0009083576,0.0010438829,0.00045669737,0.0012122778,0.00062297564,0.00058544753
2007-09-20,0.0012034391,0.00041217936,0.0007089925,0.0012008162,0.0005712859,0.000862402
2007-09-21,0.0008878472,0.00094172184,0.00024749048,0.0012819681,0.00062094425,0.0009078687
2007-09-24,0.00049149577,0.0004461848,0.000161415,0.0006557326,0.00034680162,0.0005094507
2007-09-25,-7.59833e-05,-9.585706e-05,0.00011165924,-0.000109054796,-0.00010427838,-3.7390804e-05
2007-09-26,0.0011132986,0.00097629486,0.00041004256,0.0016223055,0.000755061,0.0010790923
2007-09-27,0.0026289658,0.0023257283,0.00090815756,0.004081446,0.0017982011,0.002667636
2007-09-28,0.00039966332,0.00025367466,0.0004966004,0.00029367334,0.00021016899,0.00039380317
2007-10-01,0.0026922566,0.0020782242,0.0010390413,0.0037620561,0.0016393698,0.0024136174
2007-10-02,-0.0019417105,-0.0012416919,-0.0005247848,-0.0027630196,-0.0010594337,-0.0018456894
2007-10-03,-0.0009485871,-0.0009048817,-0.0003946527,-0.0017560984,-0.000616973,-0.0010220193
2007-10-04,0.00080176594,0.0008472188,0.00026274426,0.0013195518,0.0005859573,0.0010375256
2007-10-05,0.0030826565,0.002090197,0.0008665225,0.004129605,0.0016093048,0.0028275065
2007-10-08,-0.0014902862,-0.0014277839,-0.00035465782,-0.002411284,-0.0010884618,-0.0019693114
2007-10-09,0.0019193563,0.0017171064,0.0006577592,0.003160421,0.0012413749,0.002280594
2007-10-10,0.0001532094,0.0005170762,0.0001070061,0.00055503345,0.00025307632,0.00052521017
2007-10-11,0.0007990804,0.00080349477,0.00038161204,0.0011902133,0.00051028776,0.0011637659
2007-10-12,0.0012345233,0.00084036245,0.00019502689,0.0016465617,0.0006554088,0.0010805062
2007-10-15,-0.0017193548,-0.0009353378,-0.00030604863,-0.0022268035,-0.0007295485,-0.0014145675
2007-10-16,-0.0022594181,-0.0018117703,-0.00076129753,-0.0034226484,-0.001309835,-0.0022685395
2007-10-17,0.0010556057,0.0010753444,0.0001872794,0.001885758,0.0007340133,0.0012072993
2007-10-18,0.00060835097,0.00068099383,0.00042096898,0.00094698695,0.0005218172,0.0008751425
2007-10-19,-0.0020912348,-0.002524929,-0.00032105684,-0.0043830257,-0.0015178048,-0.0033804416
2007-10-22,-0.0032054083,-0.0023147669,-0.0014440285,-0.003979843,-0.0019440204,-0.0032094158
2007-10-23,0.00070298725,0.0014313627,0.00047399686,0.0017928598,0.0002921819,0.0021134147
2007-10-24,0.0006669486,0.00022482939,0.00017722578,0.00054126565,0.00042949064,7.2965384e-05
2007-10-25,0.0012172407,0.0012911767,0.00039009607,0.0018882022,0.0008270198,0.0019430631
2007-10-26,0.0011268407,0.0017240164,0.00050543697,0.0024632907,0.0010193153,0.0025788243
2007-10-29,0.0016084784,0.0018318895,0.0005065045,0.0028280665,0.0013542864,0.0024956758
2007-10-30,-0.0014495477,-0.001347986,-0.00020223159,-0.0023490475,-0.0012103913,-0.0018623582
2007-10-31,0.0023336993,0.0021987213,0.00041701438,0.0033620696,0.0017680353,0.0031958066
2007-11-01,-0.0025262227,-0.002691757,-0.0005022878,-0.0038519215,-0.0022109367,-0.0038776572
2007-11-02,0.0022509126,0.0016794422,0.00037627478,0.0029590118,0.0013773831,0.0021693273
2007-11-05,-0.0015040489,-0.0016950906,-0.0005634237,-0.0025774005,-0.0012057128,-0.001942571
2007-11-06,0.0025246292,0.0025772266,0.0006452087,0.0039743423,0.0018936164,0.0034233083
2007-11-07,-0.00025389876,-0.0012602744,8.8769295e-05,-0.0012357832,-0.0007385823,-0.0019179692
2007-11-08,0.0008356118,3.3024207e-05,0.00016714567,0.00037046906,0.00026393676,0.00025357335
2007-11-09,0.0007626397,-0.0005394926,-8.082338e-05,-0.00020587005,-4.452993e-05,-0.0003752308
2007-11-12,-0.0023072727,-0.0032995106,-0.0012240787,-0.004946806,-0.0019003386,-0.0038282878
2007-11-13,-0.0032606083,-0.00015977395,9.745249e-06,-0.0015030357,-0.0011475415,-0.0019316702
2007-11-14,0.00039752157,0.000834263,3.716923e-05,0.0010928231,0.000608881,0.0006876076
2007-11-15,0.0016293579,-0.00015073911,-0.00010072412,0.00038890608,0.00029405946,0.0004315941
2007-11-16,0.00025706796,0.00024875408,4.1677836e-06,0.00037066016,0.00011792697,0.00045955196
2007-11-19,0.0028242161,0.00028011366,0.000104690924,0.0012008282,0.0004902353,0.0017605602
2007-11-20,-0.00010038003,0.0011322044,8.737319e-05,0.0015082285,0.0007508159,0.0006333526
2007-11-21,0.0035593407,0.000299922,0.000100445526,0.0014349001,0.00055570435,0.0024107061
2007-11-22,-0.00015823088,-0.00015257933,-1.3138841e-05,-0.00025972357,-0.00013679058,-0.00028595942
2007-11-23,-0.0014246891,0.00048647396,1.1000428e-05,0.00040364562,0.00034317933,-0.0008847489
2007-11-26,0.0018417567,0.00063211366,8.650142e-05,0.0014945307,0.00054519775,0.0015326831
2007-11-27,-0.0018860927,-0.0007716099,-7.31121e-05,-0.001579915,-0.0005788341,-0.0018434655
2007-11-28,-0.004396844,-0.000794507,-0.00019465986,-0.001956625,-0.0007439455,-0.003499336
2007-11-29,-9.0625916e-05,0.00016566926,-7.697861e-05,0.00038960794,0.00016872675,-7.603213e-05
2007-11-30,-0.0014650401,-0.0006083817,-0.000120655684,-0.00097515923,-0.0004064285,-0.0013471834
2007-12-03,0.00039576562,0.0003656536,-3.020523e-05,0.00044392273,0.00020654236,0.00045812092
2007-12-04,0.0008899692,0.0003861021,0.0002739738,0.00057452865,0.00028215008,0.000937105
2007-12-05,-0.0003099383,0.0002106116,-4.750337e-05,0.00013259475,0.000101027974,-0.00046266237
2007-12-06,-0.00050332665,0.00031712433,8.886691e-05,9.267099e-05,5.8449146e-05,3.1728156e-05
2007-12-07,-0.00028458485,-0.00014469837,4.320097e-05,-0.00029645182,-0.00012993053,-0.00038080366
2007-12-10,0.00062375085,0.0006733303,0.00010488763,0.0009978033,0.00046882793,0.0007185307
2007-12-11,-0.0019367674,-0.0012343853,-0.00012692576,-0.0022026612,-0.00090457994,-0.0011392853
2007-12-12,0.0015730681,0.0012936458,0.00026095306,0.0022685518,0.0011120297,0.0014421501
2007-12-13,-0.0010487338,-0.0015517294,-0.00047470487,-0.0020645729,-0.0009630202,-0.0013302735
2007-12-14,-0.0013974127,-0.0016302291,-0.0004225242,-0.002266496,-0.0010980171,-0.0016333053
2007-12-17,-0.0013258713,-0.0016526725,-0.00053854455,-0.0019126558,-0.0006465725,-0.00071954075
2007-12-18,-0.0003474734,0.00022715837,-7.3395575e-05,-3.0346597e-05,-9.723388e-05,-0.0002169855
2007-12-19,0.00044405216,0.0005000338,0.00011895472,0.0008034311,0.0004108542,0.0006668314
2007-12-20,4.208497e-05,0.00011571881,4.5230547e-05,-3.7935704e-05,-0.0001263938,-9.927796e-05
2007-12-21,-0.0007734517,0.00052455603,-9.161507e-05,0.00013002749,-0.00019892595,-0.0009014526
2007-12-24,-0.00022571984,0.0003424998,0.00010264505,0.00021862045,6.568501e-05,-0.00020654626
2007-12-25,7.127656e-06,6.5267355e-05,9.597247e-07,6.378966e-05,1.983516e-05,-5.0458484e-06
2007-12-26,0.0004010541,0.0005868297,-4.5686887e-05,0.0007529434,0.0004281225,0.00050437084
2007-12-27,-0.0012670623,-0.00052902236,-0.0003380562,-0.0009863451,-0.000558534,-0.0006405936
2007-12-28,-0.00069186545,-0.0004536084,1.1501375e-05,-0.0006571355,-0.00022462018,-0.00026301184
2007-12-31,-0.0011943656,-0.00068052264,-0.0004990362,-0.000981715,-0.000617992,-0.0007069129
2008-01-01,8.587142e-05,0.0001060549,3.3108765e-05,9.5013944e-05,4.4939607e-05,0.00010493934
2008-01-02,0.00138885,0.0009350945,0.00042909294,0.0015956026,0.00093769847,0.0017632366
2008-01-03,0.0009277947,0.0004141931,0.00019455147,0.00079399097,0.00037404036,0.0007469198
2008-01-04,0.0010314737,-0.00043685728,0.00021513656,0.00030167942,0.00066674774,0.0008143649
2008-01-07,-0.0010253225,-0.0009921995,-0.00051498145,-0.0013208449,-0.000640393,-0.00084120693
2008-01-08,0.0020876722,0.0010884545,0.0006098536,0.0019900321,0.0012102735,0.0017964425
2008-01-09,-0.0008896746,-0.00017262685,-1.878511e-05,-0.00046622893,-0.00038323872,-0.0006063459
2008-01-10,0.0004260359,0.0003854782,0.00055552233,0.00071291666,0.00036130418,0.00025903998
2008-01-11,0.0028182494,0.001154175,0.0005402816,0.0022658382,0.0012253952,0.002496048
2008-01-14,0.0005592449,0.0010029111,0.00061623246,0.0011481589,0.00043621674,0.0007087835
2008-01-15,0.0021137865,-0.00037252821,-6.2300774e-06,0.00021714225,0.0003952865,0.0016161496
2008-01-16,-0.0005681328,-0.0017707106,-0.0008995095,-0.0024713473,-0.00088363944,-0.0008648252
2008-01-17,0.002579042,0.0006162142,0.00029777008,0.0015586001,0.00095663,0.0021394028
2008-01-18,0.00038012097,0.000102163605,5.022419e-05,-2.1335738e-05,4.6187204e-05,0.00028472688
2008-01-21,0.0036271375,0.0005619024,0.00025615026,0.0013844501,0.0011160079,0.0029421146
2008-01-22,0.0002790447,-0.0006828419,4.353194e-05,0.00016852953,0.00027016795,1.9444715e-05
2008-01-23,-0.0014293893,-0.0006197213,-0.00017485513,-0.00071432337,-0.00030578577,-0.0016276678
2008-01-24,-0.004488187,-0.0011277681,-0.00023663591,-0.0019818034,-0.0012134627,-0.0035655797
2008-01-25,-0.00014727253,0.00023243751,-8.697871e-05,0.0003350572,8.628364e-05,-0.0002239243
2008-01-28,3.401775e-05,0.00055353966,0.00033807266,0.00062164606,0.0003803765,0.00027004036
2008-01-29,-0.0013567643,-0.0005049917,-0.00011509097,-0.0005789162,-0.00032625446,-0.0011240706
2008-01-30,0.0009964631,0.0002175001,0.00014438335,0.00015036152,3.82174e-05,0.0008655138
2008-01-31,-0.0004302373,0.0005473638,9.228756e-05,0.0007627897,0.00037059738,-8.931969e-05
2008-02-01,-0.0011831499,3.1880933e-05,-6.5919216e-05,0.00027263834,0.00014210926,-0.0006512296
2008-02-04,-0.00041148654,1.7370385e-05,-7.3636234e-05,-0.00019839902,-0.00015192515,-0.00024837287
2008-02-05,-9.104823e-05,-0.0014174408,-0.0006627868,-0.002233288,-0.0012687633,-0.0012831345
2008-02-06,0.00060389657,-5.5416964e-05,5.7806767e-05,1.2228587e-05,4.231199e-05,0.00018662667
2008-02-07,7.6864184e-05,-2.6684527e-06,0.00012542549,-0.00015374592,3.2215812e-05,-0.000227345
2008-02-08,0.00047542548,0.0007235988,0.00018124214,0.00090468227,0.00045214148,0.00081182644
2008-02-11,0.00030749565,0.0003982591,5.2154996e-05,0.00038244485,0.00024305176,0.0005140503
2008-02-12,-0.0019772076,-0.0006042908,-0.00036177045,-0.0009225525,-0.0005181983,-0.0016498655
2008-02-13,-0.00047143534,0.000115079754,-1.2327733e-05,6.617766e-05,9.305038e-05,-0.00032368655
2008-02-14,-0.00010282235,9.9747e-05,4.3162603e-05,3.6947135e-05,-0.00017668362,-0.000113765
2008-02-15,1.6885613e-05,4.2813044e-05,-3.1553536e-05,-0.00018744472,-0.00017416074,0.0002261284
2008-02-18,0.00016642924,0.00035131152,0.000212319,0.0005009524,0.00033269124,0.00017365665
2008-02-19,0.0014320556,0.0014479744,0.00055473077,0.0019980879,0.0010387783,0.0014993643
2008-02-20,0.0003079868,0.00013860378,9.3359486e-05,6.894968e-05,6.025721e-05,0.00018388602
2008-02-21,-0.00059084594,-0.00027444126,-0.0002677655,-0.00039346764,-0.0002929463,-0.0002409754
2008-02-22,0.0010310073,0.0009518387,0.0003934131,0.0011991303,0.0005561961,0.001067872
2008-02-25,0.00066271925,0.0010149558,0.00022964373,0.0010569518,0.0004937416,0.00051205815
2008-02-26,0.0014135765,0.0017396811,0.00085556286,0.002215734,0.0011828839,0.001596727
2008-02-27,0.00062412885,0.00059872837,0.00044807576,0.0009069441,0.00051758584,0.0007992728
2008-02-28,0.0007941114,0.00061792537,0.00043426038,0.0012499891,0.00039257138,0.0011433448
2008-02-29,-0.0023444875,-0.0022688215,-0.0009879177,-0.0033232619,-0.0016580232,-0.0019662601
2008-03-03,0.0006553469,0.0005396629,-3.5322413e-05,0.00092699006,0.00019773284,0.00096560584
2008-03-04,-0.0013234734,-0.0015648741,-0.00045113286,-0.0020023175,-0.00077255705,-0.00132444
2008-03-05,0.0011529404,0.0014695502,0.00012924997,0.0021039415,0.00065965985,0.0012491556
2008-03-06,0.0013297171,0.00014314137,0.00096890505,0.00093703595,0.0008221282,0.0006942257
2008-03-07,-0.00023556713,-0.0008573535,0.00023176626,-0.00062084204,-9.42127e-05,-0.0005679143
2008-03-10,0.0025676594,0.00083298446,0.0010766331,0.0017835494,0.0011741256,0.0020957924
2008-03-11,-0.004862169,-0.0015688521,-0.0018990457,-0.0035694872,-0.0026812786,-0.0035639512
2008-03-12,0.0021759036,0.0018098513,0.0008835025,0.00275557,0.001179799,0.0020002846
2008-03-13,0.0013472434,0.00079837535,0.00045510454,0.0014591038,0.00066979334,0.001562656
2008-03-14,0.0023379414,0.0006506695,0.0011997914,0.0016293507,0.00088154076,0.0016344868
2008-03-17,0.0021835116,-0.00015228796,0.0011576149,0.0004938374,0.000500712,0.0012182334
2008-03-18,-0.0054089413,-0.0018731215,-0.00173318,-0.0036084265,-0.0023688248,-0.004454396
2008-03-19,0.00043040866,-0.0011819234,0.00040177247,-0.0007172585,-1.9673085e-05,-0.00051054114
2008-03-20,-0.0014377828,-0.0011839853,7.891563e-05,-0.001426951,-0.00042824924,-0.001819874
2008-03-21,-0.00014432703,3.263297e-05,5.365609e-05,5.267285e-05,-4.0810937e-05,-9.606794e-05
2008-03-24,-0.0031817877,-0.0012560572,-0.00063921337,-0.0020967284,-0.0010673249,-0.0024608108
2008-03-25,-0.0017220465,0.00022898798,-0.00020685248,-0.00043276785,-0.00052410515,-0.0006641919
2008-03-26,0.00052531494,0.0007430034,6.614848e-05,0.0005915773,-5.3582035e-06,0.0011568378
2008-03-27,-0.0003294461,-0.00030684107,-5.524636e-05,-0.0003788744,-0.00025312387,-0.00017730253
2008-03-28,6.111578e-05,-0.00022472348,-3.8313035e-05,-0.00011954177,-9.705094e-05,-0.00021196551
2008-03-31,0.00063117733,8.2931874e-05,0.00013256769,0.00016877906,0.0001318976,0.00024071355
2008-04-01,-0.0004659339,7.2910756e-05,0.00018364548,0.00013339211,0.00043286904,-0.0013332646
2008-04-02,-0.0011709762,-0.00024421475,-1.6462976e-05,-0.0002148189,-0.00015393634,-0.0008280388
2008-04-03,-0.0003584652,-7.2398296e-05,1.9603265e-05,-0.00010324191,4.266886e-05,-0.0003947533
2008-04-04,8.846119e-05,0.00047069282,0.00011505837,0.00040450625,0.00013933911,0.00047264973
2008-04-07,-0.00012321913,0.0001634223,0.00020496469,0.00032318727,0.0002451939,-3.7384492e-05
2008-04-08,-0.00025301633,-0.00035287155,-5.127673e-05,-0.00038600952,-0.00022690945,-0.00023488142
2008-04-09,-0.0004885966,-3.8698032e-05,-3.0005765e-05,-0.0006789367,-0.00050917355,0.00024952734
2008-04-10,-8.949168e-05,-3.6035035e-05,-0.00014541914,-1.0148581e-05,-2.3573726e-05,-0.00011040453
2008-04-11,-0.0010270029,-0.0009407936,-0.00015063379,-0.0013545912,-0.0008222757,-0.0005904044
2008-04-14,4.5838337e-05,-0.00019247374,-6.330602e-06,-0.00020341226,-0.00015057046,9.667173e-05
2008-04-15,0.00065667456,0.00078547973,0.00031387308,0.0010780385,0.0005425962,0.00041303388
2008-04-16,0.001110841,0.0017324317,0.00035267996,0.0020594553,0.00094569236,0.0011594412
2008-04-17,-0.0005659673,-0.00040864074,-0.0002137297,-0.00061347306,-0.0002686793,-0.0005542897
2008-04-18,0.00033982634,0.00046181979,-1.6329455e-05,0.00044589542,0.0004708793,0.000118168035
2008-04-21,0.00033640632,0.00026355905,-3.588168e-05,0.00041918628,9.0316564e-05,0.00054624054
2008-04-22,-0.00031581326,-0.00011678111,5.4829652e-05,-0.00013248545,-0.0002908956,-0.00011938985
2008-04-23,0.00025755452,0.0001197114,-7.250909e-05,0.00015885392,0.00019128018,2.8594242e-05
2008-04-24,-0.00095029635,-0.001054423,-0.00017129093,-0.0015697735,-0.00064831774,-0.0013608545
2008-04-25,0.00059756986,0.00054793776,0.00013597861,0.00072880613,0.00044570348,0.00045085303
2008-04-28,0.00011368687,0.00030081643,-4.2282016e-05,0.00033414914,0.00017420798,0.0001455339
2008-04-29,-0.0012172875,-0.0013383635,-0.00013358476,-0.0018256027,-0.00086686853,-0.0015683833
2008-04-30,-0.00013442316,0.0003184685,0.00017800956,0.00025690635,-1.9158475e-05,0.00017054251
2008-05-01,0.0009946567,0.00048590748,4.4786186e-05,0.0004887788,0.000409291,0.0006615164
2008-05-02,0.0010670245,0.0011161903,0.00026425807,0.0012328617,0.0006216483,0.00096200645
2008-05-05,-0.00030817333,0.00019872618,-5.123227e-05,0.00017788977,-5.0190483e-05,0.00022596717
2008-05-06,0.00043982058,0.00047362706,4.2158437e-05,0.0006381138,0.00028776383,0.0005494247
2008-05-07,-0.0012078958,-0.001140035,-0.00021031719,-0.0014928854,-0.0007427644,-0.0013378763
2008-05-08,9.4044684e-05,0.00052435946,-9.0553855e-05,0.00064432714,0.00039578622,0.00049677794
2008-05-09,-0.00073276146,-0.00048191883,-0.00022755432,-0.00068030786,-0.00032942204,-0.00045949421
2008-05-12,0.00021695816,0.00053853507,-1.0318797e-05,0.00044359086,5.1291187e-05,0.00064481085
2008-05-13,0.00066821586,0.00023382653,4.5932127e-05,0.00047759846,0.00013190975,0.00027628543
2008-05-14,0.00024728593,0.00014760371,3.76404e-05,8.404338e-05,5.954653e-05,0.00012245822
2008-05-15,0.0005802391,0.0009489973,4.8296217e-05,0.001080156,0.0004798867,0.0010102198
2008-05-16,0.0003044083,0.0007310227,0.00016128762,0.0009187312,0.00037406373,0.00078187796
2008-05-19,0.0002358184,0.00013299647,-0.00016018694,0.00014636178,0.00015915139,3.5144014e-05
2008-05-20,-0.0012697923,-0.00082568824,-1.5657004e-05,-0.0006942793,-0.00040217786,-0.000983319
2008-05-21,-0.00030666406,-0.00036554577,0.0002828837,-0.00036626795,-0.00015941645,-0.0004357391
2008-05-22,-0.001056281,-0.0009347074,-0.00043615102,-0.0014802503,-0.00080553576,-0.0011101963
2008-05-23,-0.00014941223,-0.0003739781,0.00013505179,-0.00018701781,0.00010786528,-0.00056210044
2008-05-26,-6.8306275e-05,-0.00016950579,-3.1436495e-05,-8.880562e-05,1.9870236e-05,-0.00014511986
2008-05-27,-0.0012226407,-0.0009235214,-0.0006423305,-0.0017448628,-0.000945691,-0.00090978894
2008-05-28,0.00029908674,0.00050091516,7.326909e-06,0.0004905506,4.798741e-05,0.0007196459
2008-05-29,-0.0013179231,-0.0011804942,-0.0007505354,-0.0020063783,-0.00097378105,-0.0009319271
2008-05-30,-0.00025217372,0.00037888106,-1.5828244e-05,0.00015645663,-0.00012673908,9.06769e-05
2008-06-02,-0.000885413,-0.0008583963,-0.00039965266,-0.0008895724,-0.00042792814,-0.0014317266
2008-06-03,-0.00023963272,-0.00063794863,1.9020084e-05,-0.0006256488,-0.0001045294,-0.00081330154
2008-06-04,0.00042932833,-9.146168e-07,-4.9963337e-06,0.0002577332,0.00025671566,0.00017317926
2008-06-05,-0.00014159757,0.0012340737,-3.7900823e-05,0.0005507364,-0.00017609875,0.0012382165
2008-06-06,0.0004929024,-2.5915926e-05,-8.094589e-05,0.0006532963,0.00049091526,-0.000821421
2008-06-09,-0.000117408425,-0.0007547418,-0.00033824705,-0.0005147033,-0.00013126277,-0.00033263324
2008-06-10,7.2395014e-05,-0.0011103621,-0.00030995804,-0.0005974588,-0.0001584445,-0.0006036163
2008-06-11,0.0021017492,0.0010384569,0.00049558753,0.002271244,0.0015502862,0.001294153
2008-06-12,0.0005675391,-5.0254625e-05,0.00044836648,4.83261e-05,8.938641e-05,0.00049825845
2008-06-13,-0.00077472226,9.606528e-05,0.00013754354,-0.0005568772,-0.00057444524,-0.00019035471
2008-06-16,-0.0005810057,6.1221006e-05,-0.00031188203,-0.00024373944,-0.00024914363,-0.00018767014
2008-06-17,-0.00018753661,-2.7970527e-05,-5.694207e-05,-2.9767985e-05,-9.165574e-05,-0.00014443144
2008-06-18,0.0009057429,0.000372914,-2.5379168e-05,0.0011348504,0.0007435665,0.0005355742
2008-06-19,-0.0003769613,-0.0006239541,-0.00016127224,-0.0007267854,-0.0004759214,-0.00034691545
2008-06-20,0.001922642,0.0002869827,-8.7779874e-05,0.0017092174,0.0011186891,0.0015448408
2008-06-23,0.00050425436,5.1498366e-05,-0.00011974757,0.00022762216,0.00015328907,0.000432543
2008-06-24,0.0005683796,0.0001130455,2.302518e-05,0.00063564134,0.00042388184,0.00044315762
2008-06-25,-0.0014875693,-9.5389034e-05,8.564853e-05,-0.00075334887,-0.0006357132,-0.0010737458
2008-06-26,0.0038737697,0.0014111972,0.00023939415,0.0034785892,0.0020476284,0.0031957154
2008-06-27,0.0010575765,0.0002722132,3.749676e-05,0.0007241567,0.00039642153,0.0008600768
2008-06-30,-0.00054503157,-0.00023474466,-2.2196005e-05,-0.00058030634,-0.00034087824,-0.00045720307
2008-07-01,0.0018543687,0.0006747835,0.0002864774,0.001495886,0.0009102367,0.0015640797
2008-07-02,0.0029958535,0.00104334,0.00048322274,0.0025267545,0.0012651529,0.002500381
2008-07-03,-0.00056875776,-0.0005820605,-0.00047355978,-0.0008870998,-0.0004941014,-0.0004919908
2008-07-04,0.0004565945,0.00010159903,-4.3336993e-05,0.0003717778,0.00020857994,0.00040706852
2008-07-07,-0.0012874565,-0.0011864984,-0.00032614934,-0.0016588476,-0.0008098954,-0.0013160524
2008-07-08,-0.0021387811,-0.0012178186,-0.00042658404,-0.0016924336,-0.00085693883,-0.0018190478
2008-07-09,0.0013152322,0.00035374003,0.00020402558,0.0010736862,0.00043067327,0.0008117662
2008-07-10,5.9468493e-05,0.0006124807,0.00021503498,0.00033509274,0.000105956155,0.0004006045
2008-07-11,0.0014860316,0.000336993,8.244433e-05,0.00044187187,0.00014392562,0.0012973564
2008-07-14,0.0008760622,0.00041318862,0.00022584505,0.00072137633,0.00031940144,0.000588194
2008-07-15,0.0022845515,-8.592387e-05,6.544903e-05,0.00045399778,0.00013519739,0.0014888879
2008-07-16,-0.0036990417,-0.0013976844,-0.0005931148,-0.0024727168,-0.0011100437,-0.0032792736
2008-07-17,-0.0022640487,-0.0011826233,-0.00046430988,-0.0016787761,-0.0006726146,-0.0023420337
2008-07-18,-0.00052895705,-0.00022222676,-0.00017423593,-0.0003719068,-9.579765e-06,-0.00048178397
2008-07-21,-0.0007459159,0.00018202642,0.00020749151,0.00010588383,0.0002251501,-0.0005457123
2008-07-22,-0.000521896,-0.0006092487,-0.00040797718,-0.000831556,-0.0003586478,-0.0008723335
2008-07-23,-0.00042954946,-0.00032530038,-0.0002929899,-0.00039103234,9.660785e-05,-0.00048123038
2008-07-24,-0.0006650689,-0.00088516396,-0.00019132884,-0.001539455,-0.0011669301,-0.0007573906
2008-07-25,0.00019002237,-2.3658456e-05,3.801596e-05,1.868641e-05,5.15203e-05,0.00020710818
2008-07-28,-0.0002493773,-0.00039427393,-0.00017285989,-0.00064499,-0.0006037691,-0.00013444321
2008-07-29,-0.0005240404,-0.000100195335,7.730583e-05,-0.00031604417,5.7353052e-05,-0.0008215852
2008-07-30,-0.00073302694,0.00046267034,0.00014754082,0.0004734907,0.00039225328,-0.00064036075
2008-07-31,0.00034707293,-2.9890061e-05,-6.091935e-05,-4.575626e-05,-0.00018116775,0.00031614662
2008-08-01,0.00091449294,-3.119346e-05,4.850048e-05,0.00029317648,0.000103355436,0.0006273064
2008-08-04,0.0011786104,-0.00047978314,-0.00022392947,-0.00018995524,-0.00021264427,0.0007840959
2008-08-05,0.00028314354,0.00048769495,0.00020133083,0.00036949644,0.0004936418,-0.00067327963
2008-08-06,0.00034216163,0.00042367587,0.00017919934,0.00055647345,0.00044607953,0.00015478401
2008-08-07,0.00039572123,4.9843853e-05,0.00013261179,0.0003862463,1.796646e-05,0.00066383235
2008-08-08,0.0026955653,0.0008553636,0.0005770673,0.0018040749,0.0012817488,0.0017111156
2008-08-11,0.0015177879,0.00063160126,0.0004538917,0.0012665128,0.0008449327,0.0010971206
2008-08-12,0.0012635841,0.00027076204,0.0002176927,0.000835128,0.00035802656,0.0012393969
2008-08-13,-0.0020226324,-0.0011008598,-0.0005086409,-0.001301506,-0.00074812735,-0.0016144058
2008-08-14,0.00073482457,0.00027861987,0.000103987564,0.00044844233,0.00027574084,0.00060023135
2008-08-15,0.0007735219,-0.00038611286,0.00012293008,-0.00030915355,-2.799517e-05,0.00046305923
2008-08-18,-0.00021348937,-0.00029084613,-3.4150955e-05,-0.00041886567,-0.00028880194,-0.0001084525
2008-08-19,-0.0007995394,-0.0007610763,-0.00013359,-0.0008662728,-0.00048823722,-0.0006037283
2008-08-20,-0.00089136633,0.00011121225,-6.5621585e-05,-0.0001344789,-0.00014033777,-0.0007993752
2008-08-21,-0.0013094574,-0.00031030597,7.1286445e-06,-0.00042937728,-0.00016521038,-0.00081964926
2008-08-22,0.00024310876,-5.3454514e-05,-0.00013143398,-0.0002010532,-0.00011568369,-5.289672e-05
2008-08-25,0.0007464363,8.806145e-05,-1.4672214e-05,0.0002972813,-1.1893344e-05,0.0007165006
2008-08-26,-0.00033689968,-3.0633135e-05,-0.00017162228,-0.00012824732,0.00014852053,-0.00019299542
2008-08-27,-0.0008676739,-7.649684e-05,-0.00014159984,-0.0002125845,-0.00017162661,-0.0007251205
2008-08-28,-0.0008051783,-0.0002438369,-0.00038570238,-0.00053970877,-0.0001981952,-0.0007704037
2008-08-29,0.00013631233,-0.00014961648,-7.917542e-05,-0.00023199234,-0.00022249404,0.00013262278
2008-09-01,0.0013928076,0.000610207,0.00031428252,0.0009921355,0.0005273266,0.0012825582
2008-09-02,0.0017464268,0.00035499857,0.00010050379,0.00047189323,0.00025677303,0.0016498705
2008-09-03,0.0008130298,0.00012594211,6.593162e-05,0.00034204652,0.00022427647,0.00080504257
2008-09-04,0.00354379,0.000821384,0.00029461668,0.0016340552,0.0007779362,0.0034361745
2008-09-05,0.00022796738,-0.0003390332,9.7462034e-05,-0.00048460206,-0.00028123482,0.00029272726
2008-09-08,-0.0023668776,-0.0009294628,-0.000697452,-0.0017169091,-0.0011659433,-0.0017811906
2008-09-09,0.0048879236,0.0016858858,0.00076565053,0.0030940748,0.0018213612,0.0041084783
2008-09-10,0.00081284565,0.0004115414,0.00016885008,0.00020684228,0.000110767505,0.00076474797
2008-09-11,0.0006778104,0.00037984198,0.000289626,0.00037833815,0.00012383658,0.0006203605
2008-09-12,-0.0053043896,-0.0023750341,-0.00048754626,-0.003234503,-0.0016171598,-0.0048583183
2008-09-15,0.008415615,0.0035138417,0.00094861805,0.0057407906,0.0032351494,0.006711694
2008-09-16,0.0015824296,0.00023109537,0.0003744109,0.00048699157,0.00028730137,0.0009846232
2008-09-17,0.0038566415,0.0020813108,0.0004630699,0.0037017553,0.0023680518,0.0035807944
2008-09-18,-0.0041368757,-0.0016416953,-0.00029819665,-0.0024173106,-0.0012567642,-0.0037305413
2008-09-19,-0.011851155,-0.0053740223,-0.0010447708,-0.007645621,-0.004036089,-0.010782414
2008-09-22,-0.00049475196,-0.00014157209,-0.00027838035,-3.7560854e-05,-7.249614e-05,-0.0004690609
2008-09-23,0.0013579094,0.00038547648,2.4494062e-05,0.00045327074,0.00017284502,0.0009669226
2008-09-24,-0.00015300418,5.9811093e-05,-1.8287734e-05,-8.423207e-05,-4.761232e-05,6.792493e-05
2008-09-25,-0.0011625894,-0.0004108146,-0.0001358414,-0.0005487213,-0.00022234205,-0.0010837612
2008-09-26,0.0011181595,0.00027491577,-3.1339603e-06,0.00032006588,5.8099067e-05,0.0011153478
2008-09-29,0.004848292,0.0006453677,-0.00023151471,0.0005690648,0.00011103526,0.0040009664
2008-09-30,-0.0033923232,-0.0014581449,-0.0003231682,-0.0023504482,-0.0011701252,-0.0031223516
2008-10-01,-4.5527147e-05,-4.9775324e-05,8.653137e-05,2.8861738e-05,1.607621e-06,4.701999e-05
2008-10-02,0.0047352696,0.0013628402,6.840681e-05,0.0022416364,0.0013368987,0.0042237663
2008-10-03,0.0009165664,0.00024485675,-6.0801263e-05,0.000571399,0.00030737882,0.00091977254
2008-10-06,0.0105119655,0.0041883937,0.0012162019,0.0061229724,0.0033313548,0.010052679
2008-10-07,0.0030037113,0.0011312613,-3.4022552e-05,0.0017036393,0.000920006,0.0028829044
2008-10-08,0.0051362547,0.00219395,0.00072218734,0.00288808,0.001676602,0.0049482216
2008-10-09,0.0044061514,0.0014118879,0.00029970697,0.001883857,0.0008881442,0.004121672
2008-10-10,0.0059276023,0.00218055,0.0008122815,0.0022738976,0.0011261338,0.005437716
2008-10-13,-0.012944634,-0.005233741,-0.0008715859,-0.005174601,-0.0022399265,-0.0125214495
2008-10-14,-0.0011760633,-0.0004081784,-8.930338e-05,-0.00025870753,-0.00010925174,-0.0014348417
2008-10-15,0.009947234,0.0041668043,0.00053791783,0.0045605283,0.0018249118,0.008427431
2008-10-16,-0.00095178053,-0.00038865762,0.00014995155,-0.000562994,-0.0002256307,-0.00094479934
2008-10-17,-0.00020827622,-0.00013014658,1.8763463e-05,-5.0935643e-05,-1.0557111e-05,-0.00020901673
2008-10-20,-0.0029470657,-0.00080593437,-3.7096364e-05,-0.00037327418,-0.00011441317,-0.00265124
2008-10-21,0.0032107765,0.0013893704,7.759169e-05,0.0013018923,0.0005174294,0.0027199036
2008-10-22,0.0067265294,0.0026927067,0.00033605768,0.0024875824,0.0009872245,0.0060488763
2008-10-23,0.00023348506,-8.8145425e-05,9.898645e-05,-0.00022165998,-0.00011769388,0.00020199944
2008-10-24,0.006259009,0.0021823142,0.00016720343,0.001263243,0.0004604721,0.0060366904
2008-10-27,0.0034123142,0.0011758046,0.000273173,0.00077300495,0.0003432382,0.0031672902
2008-10-28,-0.008267604,-0.0032804187,2.0305066e-05,-0.002793442,-0.0013641933,-0.0077809575
2008-10-29,-0.0038611419,-0.0015784642,-0.00011030802,-0.0011516367,-0.0005445921,-0.0034275507
2008-10-30,-0.0028622006,-0.0013014147,-0.00018397025,-0.0009488225,-0.0004010467,-0.0024489579
2008-10-31,-0.00025372577,6.60935e-05,-3.727015e-05,0.00023044586,0.0001841654,-0.0002282026
2008-11-03,-0.00052144105,-0.00025565454,-8.014405e-05,0.00014408733,0.00021474178,-0.00042487594
2008-11-04,-0.0025545377,-0.00032724295,-7.457321e-05,0.00033509568,0.00039313824,-0.001580084
2008-11-05,0.00054911076,-0.0003148337,-4.0885286e-08,-0.00078834157,-0.0005077715,-0.0003305717
2008-11-06,0.001236998,-0.00025836,6.314641e-05,-0.000926124,-0.0005856037,0.00010779651
2008-11-07,-0.0008505599,-0.0001411326,-0.000106582134,7.1035116e-05,5.0592116e-05,-0.00054726924
2008-11-10,-0.00019003579,0.00016918688,-2.4376739e-06,0.00028038208,0.000118889046,-0.00014507012
2008-11-11,0.001303598,-8.562019e-06,-4.329601e-05,-0.00036044224,-0.00018651772,0.00096472714
2008-11-12,0.0021688256,0.000323299,0.00013136728,0.00027273843,0.00015640796,0.0021294407
2008-11-13,-0.0023703773,-0.00042408853,-9.30232e-05,-0.0006992369,-0.00038905165,-0.0028331724
2008-11-14,0.0011946784,0.00031995674,8.064514e-05,0.0005260138,0.00031769343,0.0014543066
2008-11-17,0.000759849,0.00011119047,3.5450936e-05,0.00023424663,0.00012889954,0.0008086444
2008-11-18,0.00055812346,0.00023509044,0.00010271545,0.0002169047,8.963921e-05,0.0005880973
2008-11-19,0.0027239737,0.00089906366,0.00040618627,0.001553543,0.0009312962,0.0028689986
2008-11-20,0.004718042,0.0017236203,0.0007984857,0.002675471,0.0014943347,0.004904054
2008-11-21,-0.003051046,-0.0010162548,-0.00018806773,-0.0016927606,-0.0008816811,-0.0029697355
2008-11-24,-0.0054454096,-0.002118505,-0.0010457478,-0.003234734,-0.001728535,-0.0053087906
2008-11-25,-0.00020532236,1.8484703e-05,1.2369343e-05,0.00022805692,0.000109285225,-0.00024243112
2008-11-26,-0.0014387831,-0.000119264,-0.00021785282,-0.00017557396,1.6007072e-05,-0.0011335263
2008-11-27,-0.0003057972,-5.835957e-05,-0.00011217268,-8.659079e-05,-2.5388486e-05,-0.00030082237
2008-11-28,0.0002281363,0.00012783575,0.00012146547,0.00022409133,0.00011323223,0.00021585207
2008-12-01,0.0021616654,0.0002623906,0.00025869728,0.00020717949,-0.0005813955,0.0025560905
2008-12-02,-0.00027500265,3.351908e-05,-7.31328e-06,8.754773e-05,8.7562934e-05,-0.00046420752
2008-12-03,8.308792e-05,0.00023556485,2.5238223e-05,0.00031644272,0.00026956777,1.8585074e-06
2008-12-04,0.0014167429,0.0004563569,0.0002711542,0.00076612225,0.00029043222,0.0015070447
2008-12-05,-1.1778977e-06,-0.00010019124,9.24413e-06,-0.00040986037,-0.00011855019,-1.3317384e-05
2008-12-08,-0.0024223216,-0.00047795541,-0.0003623033,-0.00059725874,-0.00010090619,-0.0024674286
2008-12-09,0.00070204894,0.00027792618,8.4763866e-05,0.00050948275,0.00014726473,0.00064340467
2008-12-10,-0.00071635644,3.879064e-05,-8.291363e-05,4.5084733e-05,0.00015250193,-0.00070772733
2008-12-11,-0.0006348162,-0.00028455124,1.4466648e-05,-0.00017692918,-0.000117523094,-0.00069681625
2008-12-12,0.00022443917,0.00012838856,-7.256167e-05,0.00013291041,-4.1064224e-05,0.00025636333
2008-12-15,0.0004319872,0.00043277533,0.0002673782,0.00062103645,0.00034775015,0.0001766564
2008-12-16,0.0012626271,0.0015088373,8.6609034e-05,0.0023036448,0.0015315366,0.0005200993
2008-12-17,0.0015237044,0.0007963775,0.00034485338,0.0015566456,0.0007903481,0.0012589508
2008-12-18,0.000106260704,-9.404096e-05,1.192669e-05,-8.4035055e-06,-8.122142e-05,0.00023565504
2008-12-19,-0.0012724223,-0.0009248714,-0.0005111258,-0.0014444293,-0.0008194694,-0.0008545381
2008-12-22,-0.0003898748,-0.00056241464,-7.0997776e-05,-0.00078229455,-0.000490534,-0.00022475123
2008-12-23,-0.00017782208,-0.00024237491,-0.00013988742,-0.0002146551,-0.00018882874,3.8728256e-05
2008-12-24,0.0006121402,0.00014963005,7.875845e-05,0.00026816988,0.00018541461,0.00046796686
2008-12-25,-0.00013872734,2.1807946e-05,-2.1041915e-05,-2.7463868e-05,-2.7132593e-05,-9.465508e-05
2008-12-26,0.00051431585,0.00062736374,0.00020344087,0.0008167317,0.00044140653,0.00045926936
2008-12-29,7.161502e-05,0.00014092527,4.5013207e-05,0.00015122599,8.757327e-05,0.00013004347
2008-12-30,0.00020304444,0.00043648118,-8.830689e-06,0.00031950738,0.00022490804,6.1028163e-06
2008-12-31,-0.0006399484,-5.6681736e-05,-4.463152e-05,-0.00031785073,3.3191864e-05,-0.00073055044
2009-01-01,-0.00041258015,-9.8917044e-05,-0.00011147205,-0.00016944655,-0.000110528155,-0.0003610609
2009-01-02,-0.00038960416,5.27473e-05,-1.8937732e-05,-0.00028780478,0.00023334003,-0.00083013106
2009-01-05,-0.0006399617,-0.0005475206,-9.571451e-05,-0.00058320566,-7.307512e-05,-0.0010037888
2009-01-06,0.00034488345,0.00024331748,2.6159858e-05,0.000390805,0.00052433676,-3.999493e-05
2009-01-07,-0.0021336742,-0.0014837907,-0.00082922395,-0.0020852946,-0.0018769803,-0.0015311117
2009-01-08,-0.00031009424,-0.00011312687,-0.00018891178,-0.00034807762,-0.00028393153,-6.403633e-05
2009-01-09,-0.00042764246,-0.00030460575,5.9418595e-05,-0.00030946205,-0.0003813648,-0.00021578916
2009-01-12,-0.0018519914,-0.0014002793,-0.00050162524,-0.0018907571,-0.0015502835,-0.0012949526
2009-01-13,9.786241e-05,6.629348e-05,9.718592e-05,1.4507729e-05,5.232345e-06,2.2578432e-05
2009-01-14,0.00018463646,-1.8735303e-05,-1.3482109e-05,0.00022796892,0.0001911823,3.2457167e-05
2009-01-15,-0.00016133675,-9.327228e-05,-0.00016641828,-0.00023842753,-0.00016869351,-0.00010099453
2009-01-16,-0.0009276717,-0.00053744856,-0.00039703152,-0.0011651453,-0.0008215153,-0.00042866444
2009-01-19,0.0004962075,0.00040205076,0.00028957528,0.00067126105,0.00037996177,0.00035917273
2009-01-20,0.00299878,0.0019070122,0.0011430572,0.0040960363,0.0023931912,0.0015201014
2009-01-21,-0.00204251,-0.0014501084,-0.00061085273,-0.0028339378,-0.0016396653,-0.0015769622
2009-01-22,0.0009953156,0.00064508326,0.00022123639,0.0014594736,0.0007993282,0.0007006293
2009-01-23,0.00030332102,0.00021739658,0.0001946088,0.00030649215,0.00018664818,0.00024579716
2009-01-26,-0.0012855972,-0.00094162236,-0.0007679393,-0.0019245129,-0.0010362577,-0.0010379209
2009-01-27,-0.0010095086,-0.0006070928,-0.0006012273,-0.0012670732,-0.0007666051,-0.0006061455
2009-01-28,-0.0017502386,-0.001434071,-0.00085986283,-0.0028483768,-0.0014516462,-0.001310605
2009-01-29,0.0012781313,0.0011392387,0.000508277,0.001654281,0.00088036584,0.0009849668
2009-01-30,0.00091967685,0.00074316695,0.00040662708,0.0010827141,0.0007394591,0.0006763726
2009-02-02,2.2254502e-05,0.00027518693,-1.9375895e-05,0.00027561394,1.0663303e-05,0.00023429848
2009-02-03,-0.0010937918,-0.000990349,-0.0006764234,-0.0012597432,-0.00085956586,-0.0011643273
2009-02-04,0.0004406648,0.00019605459,0.00019581943,0.00034896826,0.00034339566,0.00018201931
2009-02-05,-0.00085337396,-0.0006557352,-0.00019450596,-0.00089570775,-0.0006327412,-0.0007209231
2009-02-06,-0.001356598,-0.0012913222,-0.00033220855,-0.0014167527,-0.00080991996,-0.0011404818
2009-02-09,-0.00031922912,-0.0002250002,-7.656658e-05,-0.00025351965,-0.0001855722,-0.00031780382
2009-02-10,-0.00070582767,3.5817797e-05,-0.00018932829,-0.00061698485,-0.0010324738,-9.501075e-05
2009-02-11,-6.2684635e-06,5.3796634e-06,-7.8467645e-05,3.3597462e-05,3.7285685e-05,-7.318748e-05
2009-02-12,7.2228075e-05,0.00013381559,3.1183658e-06,6.8144625e-05,1.0669674e-05,0.00011751426
2009-02-13,0.00044281682,0.00016103858,0.00017672054,0.00044722177,0.00027715322,0.0001813655
2009-02-16,0.00026217577,0.00026125615,0.0002557514,0.00032157547,0.00017542158,0.00035326576
2009-02-17,0.0022065858,0.0017473483,0.0008560936,0.0022982024,0.0013497656,0.0023562796
2009-02-18,0.00039083566,0.00013836176,0.000113908216,0.0002213668,0.00024132726,0.00011359243
2009-02-19,-0.00029649035,-0.00022747327,-0.00030961042,-0.00014192655,-0.00020243187,-0.00028911768
2009-02-20,0.000988529,0.00070978433,0.00042046452,0.0014502208,0.00083706813,0.0009237646
2009-02-23,0.0023069766,0.0016385639,0.0011295982,0.0028135863,0.0017838338,0.0021136836
2009-02-24,-0.0023990204,-0.0018430633,-0.0007713716,-0.0029788523,-0.0018646371,-0.002475833
2009-02-25,0.0006758575,0.00045882352,0.0003590671,0.0007942403,0.00045388698,0.0007106547
2009-02-26,0.00023936316,9.966354e-05,-4.590191e-05,0.00023731207,0.00025384242,0.00016261687
2009-02-27,0.0013107785,0.0010679119,0.0006064111,0.0017653888,0.0010476743,0.0012401026
2009-03-02,0.004758917,0.0037189072,0.0022638475,0.006161252,0.0035824734,0.0045680604
2009-03-03,0.00059330266,0.00037091086,0.00039385236,0.0006676665,0.00053309184,0.00038832342
2009-03-04,-0.0036701595,-0.0027845143,-0.0017403471,-0.004562919,-0.0028759267,-0.003517372
2009-03-05,0.003151834,0.00257695,0.0012149848,0.0038352238,0.0023796714,0.0032717043
2009-03-06,-1.8609766e-06,-1.7721028e-05,0.00013293857,-0.00013875269,-4.491644e-06,-0.00012659593
2009-03-09,0.0018144912,0.0012685031,0.0009966437,0.0020119965,0.0012764958,0.0015961626
2009-03-10,-0.005238146,-0.004199406,-0.0024516669,-0.0055823913,-0.0037606186,-0.005202906
2009-03-11,-0.0015386691,-0.0010585159,-0.00091109023,-0.0018199789,-0.0011065367,-0.0014885141
2009-03-12,-0.002434515,-0.0020212044,-0.0011690917,-0.0017994723,-0.0013108479,-0.0027043058
2009-03-13,-0.0008117699,-0.00060449797,-0.00042374013,-0.00078536675,-0.00049057725,-0.0007501599
2009-03-16,-0.00032215304,-0.000486293,-0.00021378473,-0.00018838349,-6.329117e-05,-0.000737134
2009-03-17,6.711841e-05,-0.00018441591,0.00019535903,0.00046121463,0.00043618793,-0.00034391932
2009-03-18,-8.053595e-05,-0.00021831207,-0.00016609616,0.0002017698,0.00029027322,-0.0007522962
2009-03-19,-0.00043634608,-0.00029958144,-0.00020399243,-0.0002022682,1.8592938e-05,-0.00066220347
2009-03-20,-0.00043346322,-0.00027971182,-0.00015757857,-0.00069808995,-0.0004847234,-0.00028163547
2009-03-23,0.0022466816,0.001218037,0.0010069091,0.003393032,0.0027412702,0.0008360947
2009-03-24,-0.0010550196,-0.0006358556,-0.0005507473,-0.001354398,-0.0010377911,-0.00063502754
2009-03-25,0.00016586474,4.6735468e-06,-0.000106685984,0.00029134622,0.00016739962,0.00018649011
2009-03-26,0.0016948461,0.0011066083,0.00073142495,0.0022131244,0.0017287469,0.0012372192
2009-03-27,-0.001969016,-0.0013521748,-0.0011107214,-0.0024167772,-0.0018607838,-0.0013450509
2009-03-30,-0.0033181577,-0.0022441845,-0.0018999529,-0.004302246,-0.0032623832,-0.0025058726
2009-03-31,0.0010694282,0.000959578,0.000760413,0.0016131235,0.0010474774,0.0006831844
2009-04-01,0.00082312885,0.00069808436,0.00049980247,0.0012289033,0.00084501685,0.0006702046
2009-04-02,0.0024141802,0.0022366492,0.0016408544,0.0038356965,0.0024370663,0.0023499446
2009-04-03,0.0006175607,0.00038269433,0.00024269785,0.00083202857,0.0006665347,0.0006035498
2009-04-06,-0.00033341997,-0.00035169235,-0.00023134571,-0.0005700031,-0.00038864024,-0.00042029814
2009-04-07,-0.0016169798,-0.0011278255,-0.000767894,-0.0021752198,-0.001611005,-0.0015421642
2009-04-08,-5.691575e-05,-1.0802372e-05,-0.00018955252,-2.1034564e-05,-1.4728628e-06,-9.717962e-05
2009-04-09,0.0026253713,0.0018975699,0.0013609072,0.003461628,0.0024814536,0.0021050756
2009-04-10,8.931981e-05,8.199206e-05,8.7734676e-05,0.00022659126,9.641119e-05,0.00013959804
2009-04-13,0.00068565545,0.0006646857,0.00032730954,0.0012016951,0.00069321215,0.0009295202
2009-04-14,-0.00075937586,-0.0005064307,-0.00022263474,-0.00078560767,-0.00064823386,-0.0009127262
2009-04-15,0.0008598317,0.0006262685,0.0004738622,0.0011132404,0.0008125436,0.00068273174
2009-04-16,0.00027158923,0.0002091484,-0.0001987491,0.00061805075,0.00041202875,0.00028124716
2009-04-17,0.00043701666,0.000227349,0.00023765083,0.00054420787,0.0004000248,0.00015805419
2009-04-20,-0.0035812594,-0.002703362,-0.002006693,-0.0046797553,-0.0033569837,-0.0037402129
2009-04-21,0.00044484832,0.00047805553,0.000274018,0.0008095457,0.00044777564,0.0007434444
2009-04-22,-0.00048360354,-0.00041521603,-0.0002636475,-0.00064246485,-0.0004383243,-0.0004498865
2009-04-23,-0.0002312398,1.5839052e-05,-0.0001914793,-1.9933324e-05,-9.688435e-05,0.00032998115
2009-04-24,0.00061649905,0.0006486453,0.00043991097,0.0010723303,0.0006550378,0.0011640151
2009-04-27,-0.0006719418,-0.0006340057,-0.0004642135,-0.0011936647,-0.0007948546,-0.0014927491
2009-04-28,-0.00080249296,-0.00081057753,-0.0004337453,-0.0011464319,-0.000771954,-0.00089457806
2009-04-29,0.00077245454,0.0009413855,0.0005708374,0.00144445,0.00094581966,0.0018073678
2009-04-30,0.00046805292,0.0005884591,0.00043997014,0.0008677025,0.00052791624,0.00096047786
2009-05-01,0.00026637345,0.00021066867,0.00016646991,0.00022085063,0.0004297259,0.0006583398
2009-05-04,0.0024523642,0.0021818124,0.0012968368,0.0034020578,0.0026302065,0.003012845
2009-05-05,-0.0002962426,-0.000117096846,-0.0001015343,-0.00016921622,-0.00025490482,-0.00021666303
2009-05-06,0.0018327248,0.0015064173,0.0009385608,0.0020666693,0.0018311236,0.0018608528
2009-05-07,-0.00047497617,-0.00044065932,-0.00011358237,-0.000676294,-0.00045898883,-0.0003829301
2009-05-08,0.0031689813,0.0024589358,0.0016926823,0.0036165374,0.0029995313,0.0029532658
2009-05-11,-0.0024769297,-0.0017393029,-0.0014056597,-0.002786148,-0.0021830075,-0.002272752
2009-05-12,0.00045963013,0.00036570412,0.0003504573,0.0005134909,0.000429017,0.00040290132
2009-05-13,-0.002967589,-0.0023794104,-0.0015502458,-0.0038822442,-0.0027144428,-0.0029438175
2009-05-14,0.0001302128,0.00018568206,0.000108730776,0.00023304086,0.00014411358,0.00035025613
2009-05-15,-0.00135498,-0.0011240162,-0.0008038163,-0.0018587419,-0.0012696867,-0.0013916839
2009-05-18,0.0019071259,0.0020316083,0.0010712695,0.003280434,0.0017923802,0.0031966974
2009-05-19,0.0011027029,0.0010170724,0.00078708306,0.0017296947,0.0009920584,0.001515148
2009-05-20,0.0008457585,0.0007523679,0.0006571985,0.0013357135,0.0007803993,0.00087538984
2009-05-21,-0.0006719747,-0.000820559,-0.000102435406,-0.0014896236,-0.00084291946,-0.0010960132
2009-05-22,0.00095960585,0.0007248222,0.00061799504,0.0012310011,0.0008058675,0.0010346258
2009-05-25,-5.092252e-05,-1.6103084e-05,-6.5021624e-05,7.240848e-05,3.1795786e-05,-4.0851584e-05
2009-05-26,0.00045557038,0.0005482893,5.3486452e-05,0.00088179513,0.0005970933,0.0010336911
2009-05-27,-0.00012393299,-0.00016671371,0.0001459054,-0.00025377984,-0.0001227733,-0.00023163785
2009-05-28,0.0007240306,0.0006398842,0.00016738131,0.001005128,0.0007173598,0.00094132853
2009-05-29,0.0020055529,0.0018144464,0.0012461506,0.0027610508,0.0017651883,0.0023626203
2009-06-01,0.0033324899,0.0028854783,0.001525894,0.0045315535,0.0033240188,0.0039789868
2009-06-02,0.0007018597,0.0005675736,0.00046387746,0.0009876849,0.0006312704,0.0007793476
2009-06-03,-0.004413388,-0.0034907055,-0.0024350781,-0.004854368,-0.0036739085,-0.004509895
2009-06-04,0.0013494277,0.0010581897,0.0005282859,0.0015345458,0.0010997622,0.0013955834
2009-06-05,-0.0008770043,-0.0007896923,-0.0006357618,-0.0011846353,-0.00067535555,-0.00097297813
2009-06-08,-0.0011030925,-0.0010139382,-0.0006293362,-0.0013935202,-0.00095187634,-0.0012279173
2009-06-09,0.0008677082,0.0008759339,0.00046631365,0.0012169669,0.00072269724,0.001137186
2009-06-10,0.0006925356,0.0005654249,0.00043833486,0.00074805325,0.0005583709,0.00069684425
2009-06-11,0.0010816419,0.001134006,0.0005195039,0.0017160049,0.0010969056,0.0016811196
2009-06-12,-0.0008245391,-0.0007221111,-0.0005096496,-0.0010028043,-0.0006541177,-0.0011965957
2009-06-15,-0.0032686405,-0.0031619426,-0.0018564418,-0.004492192,-0.0029778236,-0.0043863705
2009-06-16,-0.00082601013,-0.0009198451,-0.00056410494,-0.001289344,-0.00072255067,-0.001151461
2009-06-17,-0.00042077908,-0.0004217449,-0.00031675762,-0.00057434844,-0.00035035907,-0.00052524003
2009-06-18,-2.542399e-05,8.119978e-06,-4.828842e-06,-0.00013851664,-6.114225e-05,0.000193189
2009-06-19,0.000102646576,0.00028657695,5.7580313e-05,0.0003865557,0.00019262673,0.0003904307
2009-06-22,-0.00018091206,-0.0010908447,-0.000541204,-0.0012456081,-0.0005666559,-0.0026733358
2009-06-23,-9.589211e-05,4.4458673e-05,4.964679e-05,1.0875787e-05,3.190644e-05,0.00025758304
2009-06-24,-0.0011253672,-0.00042048583,-0.0005507895,-0.0011628742,-0.00083861116,-6.19114e-06
2009-06-25,-0.00075537513,-4.181515e-05,-0.0003491982,-0.00037446723,-0.0002608301,0.0005744694
2009-06-26,9.923921e-05,0.00017550649,5.158554e-05,0.00022378773,0.00015172374,0.0002999121
2009-06-29,0.00012256764,0.00037427733,0.00011244737,0.0004936227,0.0003222758,0.000715002
2009-06-30,-0.00013551432,-0.00029463845,-0.00021288298,-0.00030506082,-0.00031310425,-0.0006440422
2009-07-01,-0.00042253747,-0.00014255046,-0.00017874475,-0.0003694623,-3.5690795e-05,0.00023575113
2009-07-02,-0.00055737497,-0.00074687117,-0.00052811066,-0.0009359622,-0.0010643268,-0.0017905316
2009-07-03,2.8155922e-05,1.3107643e-05,9.305798e-05,-6.492103e-06,-3.656362e-06,7.655626e-05
2009-07-06,0.0001039169,-0.00012243967,4.039463e-05,-3.7622558e-05,-9.775249e-05,-0.0006098445
2009-07-07,0.0008336866,0.0003050245,-9.982808e-07,0.00072030205,0.00041114,-0.00042753204
2009-07-08,0.0014504521,0.00083353533,0.0008433777,0.0015418773,0.0010498967,0.00025091675
2009-07-09,-0.0011425911,-0.00061118184,-0.000505279,-0.0011304843,-0.0008039287,-0.00019702272
2009-07-10,0.0010205632,0.00063305156,0.0005034348,0.0011651373,0.00075716234,0.00037603773
2009-07-13,-0.0020074302,-0.0013271411,-0.0010342082,-0.0022270277,-0.0015113661,-0.0013213428
2009-07-14,-0.0012286808,-0.00078803924,-0.0007896429,-0.0013828439,-0.0008556819,-0.0005424638
2009-07-15,-0.002519127,-0.001371018,-0.0014955839,-0.0026809918,-0.0014840284,-0.0005759316
2009-07-16,0.0005011824,0.0004934386,0.00045284137,0.00058619893,0.00052679045,0.00034618194
2009-07-17,-0.0001429736,-1.8721528e-05,8.1707505e-05,-0.00022707015,6.380885e-05,-0.0001578657
2009-07-20,0.001408558,0.0013923781,0.001270302,0.0016544318,0.00166215,0.0013223698
2009-07-21,0.00015548318,0.00025002027,0.000121976176,0.00036810397,0.00018574824,0.00011389134
2009-07-22,0.00038645774,0.0002931463,0.00021833148,0.0004048132,0.00037881805,0.00027776032
2009-07-23,0.002348971,0.0018884436,0.0012808314,0.0032188648,0.0024365573,0.0014992981
2009-07-24,0.00076849986,0.00065285404,0.00052445795,0.0010815122,0.0007144372,0.00068642426
2009-07-27,0.0011292638,0.00091469835,0.0006690177,0.00146137,0.0010826206,0.00087977486
2009-07-28,-0.0006873146,-0.0004928243,-0.00027511056,-0.00096441223,-0.0006728251,-0.0004545988
2009-07-29,-0.0020478677,-0.0015848394,-0.0012732376,-0.0026229243,-0.0018615862,-0.0016917181
2009-07-30,0.002661863,0.0023142514,0.0015733779,0.0041914647,0.0026790183,0.002174024
2009-07-31,0.00093297946,0.0009822602,0.0006028892,0.0015583562,0.000855194,0.00095923257
2009-08-03,0.0033368736,0.002774236,0.0020657443,0.005198985,0.0032894153,0.0026466579
2009-08-04,0.0002748659,0.00024339478,0.00015470615,0.00046149903,0.00029374196,0.00027919037
2009-08-05,-0.0007037816,-0.0006319159,-0.0004294827,-0.0010732145,-0.0006451424,-0.00066284195
2009-08-06,-0.0010728459,-0.00089424994,-0.0007088067,-0.0014624083,-0.0010309633,-0.00093251886
2009-08-07,0.0015468663,0.0013179771,0.00090947177,0.0023799203,0.0014650971,0.0014816027
2009-08-10,-0.001021089,-0.0008335087,-0.00066173915,-0.001370723,-0.00091940927,-0.0008576888
2009-08-11,-0.0025597038,-0.00220366,-0.0016246776,-0.0036660444,-0.002374138,-0.0024419476
2009-08-12,0.0011219896,0.0010957523,0.0008275931,0.0018825061,0.0010700015,0.0013081481
2009-08-13,0.0012217931,0.0013821493,0.0009395027,0.0021486736,0.0012335298,0.0016865224
2009-08-14,-0.0020271505,-0.0019275078,-0.0014966273,-0.0032167602,-0.0020143637,-0.0023044974
2009-08-17,-0.004036183,-0.004181661,-0.0032262015,-0.0069007752,-0.004060942,-0.0050353846
2009-08-18,0.0006277221,0.0009849574,0.0007146001,0.0012968711,0.00070728885,0.0014315378
2009-08-19,0.00021960665,0.00021934233,0.0002001858,0.0005374701,0.00024821865,0.0003665085
2009-08-20,0.00048190827,0.0008854604,0.0005906342,0.0011868536,0.00061650085,0.0011893065
2009-08-21,0.00084212486,0.0013165472,0.00076022226,0.0018904826,0.001000488,0.001911724
2009-08-24,0.00019828755,0.00054875703,0.00033279834,0.0005182546,0.000264807,0.00060512114
2009-08-25,0.00027402947,0.00019995113,0.00015403796,0.00043417476,0.0002419715,6.6473985e-06
2009-08-26,-0.00034746024,-0.00023443524,-0.00022528924,-0.0003485007,-0.00029501523,-0.0005211408
2009-08-27,0.00047128333,0.000340594,0.0004422381,0.0005955766,0.00043452843,0.0005353531
2009-08-28,0.00031887973,0.00032731492,0.00023768852,0.00048439077,0.00027332382,0.00043135538
2009-08-31,-0.0008203815,-0.0009842269,-0.00061959866,-0.0012571549,-0.0009954099,-0.0014044942
2009-09-01,-0.0018921869,-0.0018108729,-0.0013435384,-0.0027672334,-0.0018584793,-0.0023711426
2009-09-02,6.917682e-05,-3.775588e-06,0.00020945736,-1.2831013e-05,3.0980827e-05,7.144569e-05
2009-09-03,0.00016257202,0.00052066747,0.00028752102,0.00043364143,0.0003167407,0.00081902434
2009-09-04,-0.000540792,0.00013077175,-0.000114882794,-0.00021259909,-0.00028698627,0.00075991964
2009-09-07,0.00019442548,0.0003621474,0.00024567576,0.0004566627,0.0002508615,0.0005922518
2009-09-08,0.000506019,0.00083216623,0.000715758,0.0011268255,0.00068051985,0.0015212913
2009-09-09,0.0003279069,0.00046510383,0.00026303338,0.00073642004,0.00039603258,0.00069366704
2009-09-10,0.0010007984,0.0010351116,0.0009114453,0.0017569468,0.0010845972,0.0013055197
2009-09-11,0.0007548615,0.00074297044,0.0006088122,0.0012067395,0.0006864057,0.0006965712
2009-09-14,-3.0010813e-05,-4.969862e-05,-6.9798657e-06,-4.608084e-05,3.0311361e-05,-0.000108318585
2009-09-15,0.00067314407,0.00054137514,0.0005007624,0.00097275164,0.0006304017,0.00083855464
2009-09-16,0.002937212,0.0027654122,0.0021725516,0.00408434,0.0029079781,0.003216846
2009-09-17,4.3883796e-05,9.76928e-05,7.56726e-05,7.167178e-05,1.3990432e-05,0.00020293125
2009-09-18,-9.794773e-05,-0.00024163873,-0.0001577223,-0.00022837042,-0.00010732131,-0.00020247177
2009-09-21,-0.0012579154,-0.001091182,-0.00084324565,-0.0018291962,-0.0011950897,-0.0012188761
2009-09-22,0.0024811393,0.0021569734,0.0017889565,0.0035006027,0.0022457237,0.0024804028
2009-09-23,-0.0018766088,-0.0016172287,-0.0013856004,-0.0024785413,-0.0017166662,-0.0018114249
2009-09-24,-0.0020341387,-0.0020498792,-0.0012063083,-0.0028665636,-0.0018539915,-0.0020846836
2009-09-25,0.00012238225,-1.9484645e-05,4.5007423e-06,-0.00013598852,-3.1486543e-05,0.00023576115
2009-09-28,0.0008959372,0.001390073,0.0008216971,0.0020371936,0.0010389105,0.0015258496
2009-09-29,-0.00030090832,-0.00018622783,-0.00032440125,-0.0003663407,-0.000242178,-0.0002695372
2009-09-30,-0.00020574043,2.9863611e-05,-0.00020854163,5.8580852e-05,-0.00020341162,0.00019740731
2009-10-01,-0.00207268,-0.002835487,-0.0017622069,-0.003961724,-0.0023110309,-0.003383839
2009-10-02,-0.00055653247,-0.0007781404,-0.0004439947,-0.0011641603,-0.0007392888,-0.0008240084
2009-10-05,0.00017418156,0.00091758143,0.0005342687,0.0009072076,0.00034427273,0.001335429
2009-10-06,0.00051177025,0.0012883722,0.00085619104,0.0018081921,0.0009202491,0.0018787724
2009-10-07,0.000344479,0.00039528165,0.00029674007,0.0005512198,0.0003673478,0.0005237247
2009-10-08,0.00064121163,0.001076029,0.0005951855,0.0014173589,0.001082385,0.0014980785
2009-10-09,-0.000608041,-0.00039703297,-0.00041143177,-0.0007826738,-0.0004295372,-0.0007259656
2009-10-12,0.001360959,0.0013042666,0.0011625342,0.0018203377,0.0013852826,0.0014319672
2009-10-13,-0.00020260512,-0.00014621453,-0.0002162974,-0.00020345542,-0.00022280923,-0.00024902416
2009-10-14,0.0029833033,0.0028668623,0.0028062845,0.0034449392,0.0028265251,0.0032894635
2009-10-15,-0.00032871944,-0.00016445058,-6.0550206e-05,-0.00021138744,-0.00014492056,-0.0004621476
2009-10-16,-0.0015683885,-0.0014008908,-0.0015263502,-0.0016984666,-0.0013515304,-0.0016276645
2009-10-19,0.0033175081,0.0030700478,0.002902935,0.0043681683,0.0029365662,0.0033278663
2009-10-20,-0.002113728,-0.0017365695,-0.0018813965,-0.0023804677,-0.0015955515,-0.0018089709
2009-10-21,0.0006291093,0.0003672618,0.00021141653,0.0006648399,0.00056039524,0.0003740965
2009-10-22,0.0002986944,0.00032954066,0.00023048114,0.00038813087,0.00026102897,0.00025918472
2009-10-23,-0.0017285169,-0.001658176,-0.0015951815,-0.0029117896,-0.0016489255,-0.0016989618
2009-10-26,-0.00257065,-0.002665741,-0.0021020435,-0.0040142667,-0.002163325,-0.0029859059
2009-10-27,-0.001506938,-0.0015618532,-0.0012352101,-0.0023642627,-0.0012945414,-0.0016237824
2009-10-28,-0.0027968804,-0.003762912,-0.0025410752,-0.0051151877,-0.0024997443,-0.0042904736
2009-10-29,2.4949033e-05,0.0015131643,0.00031542816,0.0016647411,0.00025210908,0.0016931561
2009-10-30,-0.00029554727,-0.0016260915,-0.00042022258,-0.0021366952,-0.00084013585,-0.00220063
2009-11-02,-0.00017868477,0.0003206809,-4.112711e-05,0.0003885876,2.647331e-05,0.00040600472
2009-11-03,-8.0039164e-05,-7.8806544e-05,-1.706195e-05,3.8604467e-05,-1.2547572e-05,-2.11207e-05
2009-11-04,-0.00055029895,0.00037263788,-0.00035527503,0.00032210592,-0.000120854755,0.00025969525
2009-11-05,-0.00090583414,-0.00022743848,-0.00084801286,-0.00011942864,-0.00014891103,-5.043568e-05
2009-11-06,-0.00011618139,-3.67235e-05,-6.78294e-05,4.1113522e-05,1.6806223e-05,5.299351e-05
2009-11-09,-0.0004660517,0.0010071782,-0.00013601409,0.0010194468,0.000796619,0.001632402
2009-11-10,-7.32369e-05,-0.0001262533,-8.2112936e-05,-0.00015350373,-0.00015103008,-0.00014319291
2009-11-11,0.00013544512,0.00037746035,0.00019603877,0.0002828805,0.00032554747,0.00040930003
2009-11-12,-0.0013202438,-0.0013660977,-0.0012722453,-0.0015453576,-0.0013797415,-0.0016934507
2009-11-13,0.0011204793,0.0010538563,0.001018174,0.0013347632,0.0010834655,0.0013521895
2009-11-16,0.002303189,0.0025197056,0.0022032973,0.002978608,0.0022957223,0.0028307156
2009-11-17,-0.0002791226,-0.00027532337,-0.0002841123,-0.00028213602,-0.00031957673,-0.00037702525
2009-11-18,-0.0006314002,-0.00044119282,-0.000541964,-0.0006851321,-0.0004975597,-0.00041938544
2009-11-19,-0.0023132835,-0.0022902393,-0.0019726206,-0.002971726,-0.002122446,-0.0021838623
2009-11-20,-0.0006157401,-0.0006589952,-0.00057412346,-0.0009410079,-0.0005925997,-0.0005926281
2009-11-23,0.0016712752,0.0019788002,0.0015854543,0.0027917698,0.0015431533,0.0017244214
2009-11-24,-9.219433e-05,-0.0003643157,-9.3537834e-05,-0.00044014805,-0.00021210972,-0.00030360243
2009-11-25,0.001970213,0.0020590972,0.0017771805,0.0029712857,0.0018452664,0.0023219727
2009-11-26,-0.0008661426,-0.0014870715,-0.0008096781,-0.0024414388,-0.0012421423,-0.0012292325
2009-11-27,-0.002411112,-0.0023319356,-0.0023190267,-0.0035142498,-0.0020724677,-0.0024537214
2009-11-30,0.00032505926,0.0007386987,0.0001453247,0.00088653894,0.0003951432,0.000633241
2009-12-01,0.0006027479,0.0015235388,0.0004969095,0.0022293844,0.00088331045,0.0013818432
2009-12-02,-0.00042016155,-0.00012458698,-0.0001781809,-0.00035714565,-0.00029231893,-0.0003535337
2009-12-03,-0.00085290073,-0.0007916773,-0.0006838788,-0.0012086171,-0.0006997337,-0.00091208174
2009-12-04,-0.0021845181,-0.0018238664,-0.0016449586,-0.0028264131,-0.0017500218,-0.0020910446
2009-12-07,-0.00012768866,-0.0002037239,-0.000104482024,-0.00025208198,-0.00024681212,-0.00013024536
2009-12-08,-0.0015508041,-0.0017869007,-0.0013820407,-0.0025916237,-0.0015772193,-0.0018716305
2009-12-09,-0.00022027914,-0.00030453352,-0.0003730888,-0.000373405,-0.00014672197,-0.00032311596
2009-12-10,0.00025536979,0.00042009153,0.00023560226,0.0006222249,0.0003559807,0.00039682593
2009-12-11,0.00032014842,0.00036691182,0.0003181407,0.00037903522,0.000263347,0.00017744566
2009-12-14,0.00046291068,0.00084520143,0.00050571206,0.0010731893,0.0005680513,0.0010246597
2009-12-15,-0.00016513295,-0.00040418372,-8.8110864e-05,-0.0005758877,-0.0003024172,-0.00066510495
2009-12-16,-6.833754e-05,0.00029689833,7.1805196e-05,0.00025797883,0.00015390891,0.00024855172
2009-12-17,-0.0009235501,-0.0016568055,-0.001125096,-0.002518846,-0.0015398209,-0.0017120296
2009-12-18,-3.1300726e-05,6.256955e-05,7.668793e-05,0.00018207083,0.0001492488,-0.00011980215
2009-12-21,0.0012457585,0.000955776,0.0011236183,0.00138479,0.0009393959,0.0007829494
2009-12-22,0.0009607732,0.00097412005,0.00092988845,0.0013709215,0.0008940193,0.00090231566
2009-12-23,6.749347e-06,0.0005100214,0.00020268027,0.0006274257,0.00037404048,0.0003169392
2009-12-24,-4.19435e-05,0.00041249374,0.00020817615,0.0006300286,0.00025645574,0.00034041848
2009-12-25,-6.413701e-05,-7.495767e-05,-4.228229e-05,-0.00012926507,-7.1621536e-05,-5.833608e-05
2009-12-28,0.0006102196,0.0008243306,0.000615415,0.0011704495,0.0007161816,0.0008670338
2009-12-29,-0.00019229326,-3.7744496e-06,-0.00015756857,-0.00010793311,-7.231778e-05,-0.00012875105
2009-12-30,-0.00077959435,-0.00061109447,-0.00079541106,-0.00084179704,-0.0005589787,-0.0008651894
2009-12-31,-0.0003964223,-0.00040500524,-0.0003681529,-0.00080752897,-0.00033668737,-0.0004813929
2010-01-01,-8.4872845e-05,-8.099377e-05,-6.903453e-05,-0.0001269523,-6.738299e-05,-9.6421856e-05
2010-01-04,0.0033105235,0.0034557004,0.0032626498,0.005544427,0.0033238851,0.0034954334
2010-01-05,-1.1778775e-06,0.0002595062,0.00018473754,0.00010541325,6.084146e-05,0.00019681819
2010-01-06,0.0015514357,0.0014168049,0.0014570858,0.0023890447,0.0012164878,0.0015542427
2010-01-07,-0.0005313458,-0.0005321515,-0.0005202379,-0.0008028063,-0.0004618635,-0.0004053916
2010-01-08,0.0010192276,0.0010308612,0.0010232498,0.0017663189,0.0008646566,0.0010097546
2010-01-11,-2.1676757e-05,0.00013454178,7.134372e-05,0.00013746724,0.000104062536,1.0193837e-05
2010-01-12,-0.0039983317,-0.0034868564,-0.0037926591,-0.0064486167,-0.002917522,-0.0038006264
2010-01-13,0.0008556983,0.000930768,0.0007783205,0.0015378135,0.00072253664,0.000957852
2010-01-14,0.0009595557,0.00088477466,0.00092274335,0.001479191,0.0006509251,0.0009149806
2010-01-15,-0.0024406384,-0.0024912513,-0.002380314,-0.004432835,-0.0018690502,-0.0025408696
2010-01-18,0.00046435543,0.0004609993,0.00040609718,0.0007475769,0.00038972925,0.00044988125
2010-01-19,0.0011836354,0.0014416791,0.0012368424,0.002236928,0.0009192082,0.0014232021
2010-01-20,-0.0029203105,-0.0033255655,-0.0028612053,-0.0055988203,-0.002254377,-0.0032761975
2010-01-21,-0.0020249125,-0.0028688188,-0.0020100204,-0.0043242117,-0.0015478972,-0.0027742216
2010-01-22,-0.0008384478,-0.0020088297,-0.00080916507,-0.0024671126,-0.00066745747,-0.0019767773
2010-01-25,-0.00013629578,2.6351194e-05,-0.000115779956,-0.00010422125,-0.00023196143,5.0345072e-05
2010-01-26,0.0005925229,-0.00029520039,0.00059193705,5.8505893e-06,0.00045702874,-0.00016470444
2010-01-27,0.0006508453,-1.350635e-05,0.0005838389,0.0002591758,0.00045141907,0.0002872801
2010-01-28,0.0011503104,0.00012933231,0.0010805387,0.00048985076,0.00060588005,0.0006392436
2010-01-29,0.0014702459,0.0002366364,0.0013706187,0.00090922194,0.00085337233,0.0009950838
2010-02-01,-0.00297937,-0.0010178162,-0.002736654,-0.0023218112,-0.001977609,-0.0020140335
2010-02-02,-0.0019440007,-0.00034845615,-0.001600625,-0.0010130052,-0.0010107872,-0.0011988806
2010-02-03,0.00046092502,9.645093e-05,0.0002864307,0.00011093537,0.00013881708,0.0003623321
2010-02-04,0.0045123366,0.0008458883,0.0042988835,0.0021750592,0.0019913784,0.0025916458
2010-02-05,0.0020182554,0.00054556323,0.0018438481,0.001460949,0.001194633,0.0013917844
2010-02-08,0.00026201239,8.467258e-06,0.00038047353,-0.00012544077,4.308413e-05,0.00012000168
2010-02-09,-0.0037756546,-0.0013644405,-0.0034005176,-0.0024961836,-0.0020774314,-0.0030751151
2010-02-10,-0.00017730052,-0.00012956433,3.9169267e-05,-0.00022117187,-0.00015991437,-0.00012987993
2010-02-11,-0.0018388316,-0.00028919062,-0.0015936319,-0.00046840086,-0.0006324207,-0.0010349907
2010-02-12,0.00076397357,0.00041438447,0.00061606977,0.00052467454,0.00039374654,0.00067778304
2010-02-15,0.0001939032,0.00015970726,0.00019241407,0.00025451172,0.00017703023,0.00024766917
2010-02-16,-0.002641477,-0.00031810702,-0.002250707,-0.00050387334,-0.0004617656,-0.0020193357
2010-02-17,1.07072665e-05,0.00041868212,4.213501e-05,0.0005810566,0.00029931506,0.00021323752
2010-02-18,0.0009081581,0.0009947587,0.00073498674,0.0014285761,0.0008998794,0.0010383491
2010-02-19,-4.0000305e-07,-2.24469e-05,0.00010536097,-1.6584545e-05,-4.3171567e-05,-1.9343925e-05
2010-02-22,-0.00035702204,-0.00018000041,-0.00024255458,-0.00036213206,-0.00021950409,-0.00032703098
2010-02-23,-0.0017417455,-0.0019828663,-0.0017539104,-0.003145679,-0.0017970821,-0.0011971093
2010-02-24,0.0005237432,0.0007078479,0.000546494,0.0009930726,0.0005002002,0.00027120078
2010-02-25,-0.00023712154,-0.000613798,-0.00029554844,-0.00090740365,-0.00043239005,-7.410938e-05
2010-02-26,0.00047073723,0.00085710245,0.0005670158,0.0013081532,0.000652038,0.00036516544
2010-03-01,0.0019576012,0.0020790156,0.0017938056,0.0031987024,0.0015797286,0.0020515854
2010-03-02,0.0009280075,0.001063428,0.00085674244,0.0017181403,0.0008578242,0.0008742802
2010-03-03,0.00038509915,0.00063058984,0.0005059677,0.00093104754,0.0004263162,0.0002277926
2010-03-04,0.00021093122,-3.7390324e-05,0.00010878269,-0.00012737527,-6.8390655e-05,0.00035724815
2010-03-05,0.0015806676,0.0019002762,0.0015889353,0.0034423412,0.0012940132,0.0013289778
2010-03-08,0.0006638678,0.00061169616,0.00065137335,0.0009781594,0.0005371564,0.00054100546
2010-03-09,0.0005057878,0.00040068195,0.0004908655,0.0005881088,0.00034532876,0.000615196
2010-03-10,0.00091711845,0.000885706,0.0009029947,0.0015952636,0.00069008616,0.00072888006
2010-03-11,0.00020238504,0.00015197252,0.00016198542,0.00047774857,0.000129979,0.00010264989
2010-03-12,-2.927048e-05,2.9559582e-05,-0.00016602012,0.00028481023,0.00010852234,-0.00010053918
2010-03-15,-0.0008592892,-0.00084051926,-0.0008083153,-0.0017086929,-0.0007471337,-0.00057091354
2010-03-16,0.0021026658,0.0021961895,0.002070341,0.0040910593,0.0015518332,0.0018723827
2010-03-17,0.001995935,0.0019745997,0.0018833339,0.0036296726,0.0014263741,0.0019087198
2010-03-18,-0.00055665005,-0.00050504674,-0.0006426725,-0.001220146,-0.0005081534,-0.00030750033
2010-03-19,-0.0014366979,-0.0013853608,-0.001321265,-0.0029020645,-0.0011915028,-0.0011485077
2010-03-22,-0.0003214022,-4.158991e-05,-0.0003189899,-0.00010363256,-0.0002449533,-0.00015159047
2010-03-23,0.0016082523,0.0014143673,0.0016463688,0.0024959238,0.00089396106,0.0016830742
2010-03-24,-0.0014403601,-0.0015744192,-0.0013656833,-0.0028717509,-0.0009836225,-0.0014636844
2010-03-25,0.0006738569,0.00024696748,0.00062818837,0.0005939184,0.00041914405,0.00045760142
2010-03-26,-0.0005564046,-0.00027466376,-0.0006395702,-0.00025583064,-0.00041788584,-0.0005861383
2010-03-29,0.0009691492,0.0017251294,0.0008955083,0.002722096,0.00068991055,0.0015134522
2010-03-30,0.00014145757,0.000287341,0.00017592359,0.00038774073,0.0001623279,0.00017447525
2010-03-31,-0.00083004177,-0.00076855643,-0.0009405676,-0.0013484929,-0.0006230658,-0.00070838706
2010-04-01,0.0026064848,0.002780454,0.0027799143,0.0050261766,0.0022117288,0.0028809893
2010-04-02,0.00025609112,0.0001967243,0.00019414522,0.00036801925,0.00016508655,0.00038182645
2010-04-05,0.002615256,0.002418386,0.002629138,0.0041145915,0.0020034688,0.0027045687
2010-04-06,0.0005024564,0.0006605776,0.0005227956,0.0009555876,0.00027155742,0.0008659433
2010-04-07,-0.0018480325,-0.0015155654,-0.0017921797,-0.002903897,-0.001434409,-0.0018041214
2010-04-08,-0.0003096128,-0.0004728874,-0.00037077634,-0.0008194198,-0.0002740677,-0.0003426108
2010-04-09,0.0013814948,0.0016694582,0.0012583986,0.0033188446,0.0012122658,0.001604082
2010-04-12,-0.0012203095,-0.0008223921,-0.0010912761,-0.0010528875,-0.00083744887,-0.000969822
2010-04-13,-0.00062412064,-0.00037421024,-0.0004903773,-0.0007363105,-0.00042022797,-0.0005204315
2010-04-14,0.0034198486,0.0032591575,0.0034459417,0.0061281626,0.0026251345,0.0035259323
2010-04-15,-3.378019e-05,1.5776153e-05,-4.126638e-05,6.1878774e-05,6.9814655e-06,-1.1195558e-05
2010-04-16,-0.0052794535,-0.0048785233,-0.0051990394,-0.00939151,-0.004002893,-0.0056412783
2010-04-19,-0.0021132876,-0.001898604,-0.0020054816,-0.00366618,-0.0017007757,-0.002007148
2010-04-20,0.002068967,0.0025298037,0.0020928995,0.00415769,0.0015166905,0.0029455163
2010-04-21,0.00022838783,0.00022500617,0.00013476207,0.00025807507,0.00016063593,0.00015407012
2010-04-22,0.00034668928,0.0002628065,0.0004216647,0.00021224857,0.00022934239,0.00013071517
2010-04-23,0.0005171038,0.0010928599,0.0005300403,0.0019835094,0.0005384114,0.0012809697
2010-04-26,0.00024178613,0.00030894604,0.00015631664,0.00047045248,0.00020975596,0.0004865977
2010-04-27,-0.0041272696,-0.0051331595,-0.0038718993,-0.008935091,-0.0037088133,-0.006191213
2010-04-28,0.00036642782,0.00015514527,0.00036395894,0.00050325436,0.00018027045,0.00046835677
2010-04-29,0.0007591193,0.0017677987,0.0007590603,0.0025451488,0.00066799845,0.0018143707
2010-04-30,-0.00074914464,-0.001163971,-0.0007060427,-0.0017366356,-0.00052349444,-0.0015070954
2010-05-03,0.001217669,0.0013723414,0.0011822648,0.0021189805,0.00081285986,0.0016162181
2010-05-04,0.00017094894,-0.0025411572,0.00015623082,-0.0037512677,-0.00068945077,-0.0025326929
2010-05-05,0.00080717786,-0.00069953606,0.0007384009,-0.0011261165,0.00010762505,-0.00066656986
2010-05-06,0.004399332,-9.7713935e-05,0.0041758367,0.0014468295,0.0027450686,0.00053535774
2010-05-07,0.00028601693,-0.0011276914,0.00032390846,-0.0010232376,-0.00027350945,-0.00030859353
2010-05-10,-0.008386329,-0.0011763185,-0.00751202,-0.0043136664,-0.0046025505,-0.0056788046
2010-05-11,0.0019835962,0.0006774628,0.0016952442,0.00116282,0.00095359545,0.0017328784
2010-05-12,-0.0013345138,1.0807896e-05,-0.0011936749,-0.00032805392,-0.00042403446,-0.00054671377
2010-05-13,0.0006101632,0.00011177273,0.0004982452,7.908628e-05,7.611117e-05,0.00036331615
2010-05-14,0.0026436036,0.00023622169,0.0022127277,0.00064895477,0.0004895842,0.0018369791
2010-05-17,0.0005525182,-0.0005403171,0.0006041026,-0.00067612616,-0.00017537862,4.642212e-05
2010-05-18,0.002267076,0.0010114368,0.0017196703,0.0013126911,0.0009418221,0.002206772
2010-05-19,-9.9990764e-05,-0.0013422149,0.00042655648,-0.0014141334,-0.0005330242,-0.0005092315
2010-05-20,0.005109277,0.00052479614,0.0041992483,0.0012599184,0.001625762,0.0035397182
2010-05-21,-0.0025840662,-0.00074508076,-0.0016229432,-0.0009761192,-0.0006756564,-0.0022523142
2010-05-24,0.0009793615,0.00029260144,0.0005707571,0.00039129294,0.0002751084,0.000963372
2010-05-25,0.0020369277,0.00023757745,0.0015629183,0.00048032834,0.0004978679,0.0017127523
2010-05-26,-0.0006874571,-1.9453211e-05,-0.00081311446,-0.00010142533,-0.00018151294,-0.0003894316
2010-05-27,-0.0070442143,-0.0016455966,-0.0037433244,-0.0021106096,-0.0015254141,-0.005837636
2010-05-28,0.0009422442,0.000202234,0.00032843518,0.00030213658,0.00016118117,0.0006504851
2010-05-31,-0.00018968292,-1.0730668e-05,-8.228538e-05,-0.00012153283,-9.051514e-05,-0.00011477284
2010-06-01,0.001607701,7.443916e-05,0.0009991601,2.7345797e-05,6.847167e-05,0.0011741214
2010-06-02,-0.00193733,-6.242333e-05,-0.001060864,-8.994779e-05,-8.319003e-05,-0.0015475434
2010-06-03,-0.00090846897,-9.848713e-06,-0.00076702406,-0.00012962821,-5.910142e-05,-0.0006816374
2010-06-04,0.0028432433,3.4374723e-05,0.0013985509,-0.00025172406,-8.524483e-05,0.0018998483
2010-06-07,0.0016963831,0.00027991814,0.0009753088,0.00022483118,0.00025272853,0.0013274098
2010-06-08,-0.0014601784,-0.00049297384,-0.0006043394,-0.0006202179,-0.00050121045,-0.001215662
2010-06-09,-0.00069979805,-0.000105350446,-0.00051100063,-0.00014450219,-0.0001569359,-0.00055623456
2010-06-10,-0.0036569284,-0.0008309403,-0.0014267147,-0.0008516733,-0.0008538712,-0.002588719
2010-06-11,-0.00014959683,0.00037533557,-0.00013311293,0.00051209267,0.00035277984,0.00031552583
2010-06-14,-0.0008779831,3.2029173e-05,-0.00040550387,9.069352e-05,2.5241068e-05,-0.00059990084
2010-06-15,5.5623193e-05,0.0011109908,-1.2340579e-05,0.0015884256,0.00084430736,0.000249691
2010-06-16,0.00010440742,0.000101538724,2.1672604e-05,3.7622387e-05,-2.2497796e-05,3.339265e-05
2010-06-17,0.0003342057,0.00031520103,9.189692e-05,0.00049135584,0.00033532825,0.0002613779
2010-06-18,0.00041214438,0.00032888452,0.0003742568,0.00058456365,0.0002985161,0.00023125325
2010-06-21,0.00025611182,0.00046777347,0.00021619763,0.0007840134,0.0002916755,0.00020204642
2010-06-22,-0.0012184936,-0.0012270781,-0.00094789383,-0.0022955446,-0.0009250489,-0.00085698307
2010-06-23,-0.0002269005,-0.00022867664,-0.00027642885,-0.0005745321,-0.00012763598,-7.434538e-05
2010-06-24,-0.0009740523,-0.0012167352,-0.0007828432,-0.002060259,-0.00068226317,-0.0007081365
2010-06-25,0.000809458,0.0008490165,0.00064628466,0.0012656602,0.00048644416,0.0007468683
2010-06-28,0.0001655663,-5.337e-05,4.26028e-05,-0.00021456272,-3.889029e-05,0.00019128795
2010-06-29,-0.0010220268,-0.002496947,-0.00094879937,-0.0039803954,-0.000709822,-0.00118333
2010-06-30,0.0001290374,-0.00019400167,0.00022818912,-0.00018506874,0.00022252936,4.321509e-05
2010-07-01,0.00022212912,-0.00031642444,0.00027967428,-0.00026723943,0.00019338033,-0.00014885183
2010-07-02,0.00021675021,2.2891543e-06,0.00030767612,4.5879224e-05,0.00019112177,-1.5809836e-05
2010-07-05,8.446246e-05,1.5013683e-06,0.00014004328,8.85183e-05,5.766294e-05,6.0897844e-05
2010-07-06,-0.0010761443,-9.673966e-05,-0.001190128,-0.00066372554,-0.00087298494,-0.0008402267
2010-07-07,-0.0024005242,-0.0004034031,-0.002199394,-0.001357613,-0.0014751045,-0.0018887767
2010-07-08,-0.0011537259,-0.00024849272,-0.001053284,-0.00070464367,-0.0006486361,-0.0010694464
2010-07-09,-0.0012932712,-0.00058306224,-0.0011132946,-0.0007757349,-0.0005958775,-0.0010499747
2010-07-12,-2.5319365e-05,-9.586581e-05,-2.9445988e-05,-9.1740134e-05,-2.6445314e-05,-8.00137e-05
2010-07-13,0.00042878784,0.00079894974,0.00039639714,0.0013904946,0.0007067982,-1.7477729e-05
2010-07-14,0.00068668247,0.0006575645,0.00049983506,0.001153928,0.0005938784,0.0007138969
2010-07-15,0.00064962014,0.00068821694,0.00066592445,0.0009290281,0.00048428707,0.00087521
2010-07-16,-0.0016103494,-0.0016071895,-0.0013275158,-0.0031602783,-0.0017809004,-0.0013800762
2010-07-19,-0.00059171533,-0.0003701547,-0.00048291622,-0.0006015319,-0.0004281623,-0.00063242705
2010-07-20,-0.00023585874,0.0002725431,-0.00027783556,0.0004903727,3.5512203e-05,4.9477032e-05
2010-07-21,-0.00037356644,-0.00044438863,-0.0003751577,-0.00069899333,-0.00040210964,-0.00022942763
2010-07-22,0.0010186197,0.0016750207,0.0008252996,0.0025791465,0.0011931387,0.0013861072
2010-07-23,0.0002235049,0.0005810925,0.00028698525,0.00091402663,0.00037082753,0.0003333778
2010-07-26,0.0008682241,0.0008019279,0.00080079946,0.0013567611,0.00077255664,0.00080280204
2010-07-27,-0.00034717898,-0.00029381315,-0.0002610584,-0.00060115405,-0.00031598262,-0.0004417179
2010-07-28,-0.0004793674,-0.00031697183,-0.00046634622,-0.00063754176,-0.00038702964,-0.00014728894
2010-07-29,0.0005583341,0.00045640295,0.00041629942,0.0008154282,0.00045089796,0.00075695064
2010-07-30,0.00063384156,0.0007487497,0.00049160817,0.0012358152,0.0007365917,0.0008002063
2010-08-02,0.0037410469,0.003461144,0.0032351827,0.0059341094,0.0032787158,0.0034056401
2010-08-03,6.3225474e-05,5.739332e-05,0.00013258365,5.134478e-06,2.707792e-05,0.00012778667
2010-08-04,0.00053865125,0.00060426915,0.0003417268,0.0009360434,0.0005675428,0.00054929894
2010-08-05,-0.000107214604,7.550465e-06,-0.00032181366,-5.953552e-05,4.790735e-05,-0.00018023208
2010-08-06,-0.000718732,-0.0007185682,-0.0005445838,-0.0010851809,-0.00075029646,-0.00053224276
2010-08-09,0.0011125028,0.0009880782,0.001091174,0.0016880784,0.0009371948,0.001269535
2010-08-10,-0.0015386628,-0.0013999162,-0.001450202,-0.0025400792,-0.0013095681,-0.0016611731
2010-08-11,-0.0045411726,-0.004291747,-0.004267594,-0.007744517,-0.0038295002,-0.0047559906
2010-08-12,-0.002337514,-0.0017600867,-0.0018716326,-0.0033618582,-0.0018234926,-0.0022367735
2010-08-13,0.00013221531,0.00015485259,0.00010502039,0.000283875,0.00012687122,0.00030182995
2010-08-16,0.00060743716,0.00057770906,0.00043000982,0.000956157,0.00050358404,0.0006158998
2010-08-17,-0.0002783136,0.00044117356,-0.00015855418,0.00025797338,-0.00012762866,0.0006085602
2010-08-18,-0.00024259981,-4.1835767e-05,-0.00014701695,-4.0960862e-05,-0.00019552794,-8.689099e-05
2010-08-19,0.00043813197,-0.00028155674,0.000249614,-0.00012711094,0.00011444438,-0.00046996496
2010-08-20,0.00028125913,-0.00024249926,0.0001619482,-0.00028464894,4.1082294e-05,-0.0002915047
2010-08-23,0.0005877131,0.00027357068,0.000357641,0.00054581964,0.00040127916,0.00039520228
2010-08-24,0.0010120611,-1.7221857e-05,0.0007413078,0.0006576918,0.0005212281,3.8424332e-05
2010-08-25,-0.0002409663,-0.00039251344,-0.0003755745,-0.0007324748,-0.0003612486,-0.0005946209
2010-08-26,0.00032478062,0.00043050156,0.0002680524,0.00050395454,0.00032597678,0.00054749195
2010-08-27,-0.002547889,-0.0009279151,-0.00197677,-0.002372456,-0.0017939997,-0.0013683966
2010-08-30,0.00046004317,0.00015787112,0.00057000946,0.00053375773,0.0003740541,0.00020076684
2010-08-31,0.0014065683,0.00080563396,0.00083459687,0.0013483396,0.00087428134,0.0010117703
2010-09-01,-0.0028595224,-0.00027423416,-0.0023665763,-0.001202038,-0.0013537086,-0.0008755506
2010-09-02,-0.0008548872,-0.00012191186,-0.0002416674,-0.00028834387,-0.00033820487,-0.00043863707
2010-09-03,-0.00053423364,9.662719e-05,-0.0004330551,-0.00021523175,-7.7514094e-05,1.3764452e-05
2010-09-06,-0.00020553976,7.0472386e-05,6.846046e-05,0.0001590735,7.521194e-05,1.7975693e-05
2010-09-07,0.00017041244,-0.000107569394,-0.00010298425,4.7691858e-05,-8.33828e-05,5.563586e-05
2010-09-08,9.864494e-05,0.00020674884,-1.5864482e-05,4.4311135e-05,-1.8867633e-05,0.00017153083
2010-09-09,0.00015507285,0.00013055223,0.00016910145,0.00016965847,0.00019495022,2.6837295e-05
2010-09-10,0.00038663603,0.00034869145,0.00040754586,0.00063663523,0.0003849049,0.00018876702
2010-09-13,0.002300008,0.0023592028,0.0020005559,0.003735519,0.0022626068,0.002296584
2010-09-14,0.0009082483,0.0009843339,0.00074926723,0.0017040708,0.0008672094,0.001085751
2010-09-15,0.00023512043,0.00017878326,0.00034647755,0.0005381933,0.00011049446,0.00019036347
2010-09-16,-0.0011483602,-0.0007197733,-0.0005070361,-0.0012141756,-0.0006068864,-0.0013036194
2010-09-17,9.1721646e-05,0.00032723055,0.00013987787,0.0005296045,0.00019108044,0.00015744977
2010-09-20,0.0026341274,0.0023944306,0.0023996304,0.004456707,0.002117842,0.002541141
2010-09-21,0.00047682555,0.0005093226,0.00043988362,0.0008667996,0.0004913181,0.0007033034
2010-09-22,0.0005031679,0.00013157756,0.00021821518,0.0003368833,0.00033409073,0.00043309765
2010-09-23,-0.0011235498,-0.0010627952,-0.001001585,-0.0021184986,-0.0009647965,-0.0009615217
2010-09-24,0.0028048777,0.0028930511,0.0026523878,0.0054922584,0.0024609864,0.0028766803
2010-09-27,0.00069495436,0.00061216584,0.0003573299,0.00101749,0.0005649385,0.0008558476
2010-09-28,0.0008378376,0.00073291163,0.0008121617,0.0014537516,0.00075240404,0.0008818381
2010-09-29,0.00076069357,0.0004036212,0.0005354509,0.0006865008,0.0005007818,0.0005758889
2010-09-30,0.0002577861,0.00017079907,1.9756986e-07,0.0002840315,0.00015582281,0.0002499213
2010-10-01,0.0010888942,0.0008731264,0.0012857124,0.0019158858,0.0009519047,0.0008701649
2010-10-04,-0.0003731594,-0.0006517625,-0.0006037932,-0.0011727682,-0.0005190082,-0.00047983197
2010-10-05,0.0029249238,0.003184555,0.0028298607,0.005834199,0.0025840767,0.0035270934
2010-10-06,0.0019027755,0.0014783185,0.0015258034,0.0027052711,0.0014879558,0.0018834656
2010-10-07,-0.00073126575,-0.00077400147,-0.000878824,-0.0014910495,-0.0006414463,-0.0005903576
2010-10-08,0.0018129268,0.002141237,0.0014207019,0.004036025,0.0018661678,0.0024831812
2010-10-11,0.0008752012,0.0006562198,0.0003973562,0.0012036054,0.00066470634,0.0009750712
2010-10-12,-0.0009497996,-0.00062442746,-0.0006620221,-0.0012827477,-0.0006497855,-0.00084622856
2010-10-13,0.0034138958,0.0031100875,0.002955911,0.005711595,0.0028643738,0.0035658986
2010-10-14,0.00034650954,0.00018884015,1.0016343e-05,0.0004146228,0.00025086044,0.00036774835
2010-10-15,-0.00028439687,-0.0003876962,-0.0003801888,-0.0007558186,-0.00022276334,-0.00030690644
2010-10-18,0.0004895128,0.000613435,0.00051527563,0.0010613861,0.00040997058,0.00055025046
2010-10-19,-0.0047858055,-0.004090265,-0.0037406867,-0.0081053395,-0.003840202,-0.004905926
2010-10-20,0.0014915745,0.0019354176,0.0018263469,0.0035951901,0.0014313447,0.001926279
2010-10-21,0.0008221011,0.00043152273,0.0002301183,0.00046118355,0.00039479608,0.0006744514
2010-10-22,0.00026450292,0.00041774512,0.00032614355,0.0008293167,0.0003020882,0.00034105487
2010-10-25,0.0015962163,0.0017796946,0.0011920901,0.0031141606,0.0014517289,0.0022671446
2010-10-26,-0.00048329035,-0.00063699315,-0.0005065577,-0.0010714014,-0.00052962237,-0.00060758076
2010-10-27,-0.0020092232,-0.0018971767,-0.0013826378,-0.003649332,-0.0017720828,-0.0027114234
2010-10-28,-9.9285055e-05,0.00046223556,0.00024944067,0.0008947448,0.00033664276,0.00024020043
2010-10-29,0.00021043811,0.00034748015,-1.8270788e-06,0.0006768069,0.00029109837,0.00044435682
2010-11-01,0.00068139116,0.00073846866,0.00045749903,0.0013136981,0.00064902107,0.0013624997
2010-11-02,0.0012004015,0.0016744251,0.00094992924,0.0028548697,0.0013036176,0.001870094
2010-11-03,0.0001659802,0.00024819435,0.00021963946,0.00046589263,0.00022764177,0.00073352526
2010-11-04,0.004733674,0.0049916995,0.003672622,0.008170636,0.004456693,0.0064727888
2010-11-05,0.00035527162,0.0002794514,0.00018666727,0.00033020755,0.00023300239,0.00040189966
2010-11-08,-0.00014679538,-5.8583628e-05,-0.00016777893,-9.8641765e-05,-9.549577e-05,-0.0002785953
2010-11-09,-0.0019568135,-0.0016585063,-0.0013425157,-0.0028517854,-0.0017023265,-0.0020786063
2010-11-10,-0.0006634836,-0.00043693004,-0.00011761788,-0.00039781732,-0.0003591582,-0.00062175276
2010-11-11,-0.00071448,-0.00095566054,-0.00080058345,-0.0015509955,-0.00063701055,-0.0010796316
2010-11-12,-0.0050607724,-0.004693986,-0.003474846,-0.007642256,-0.003963231,-0.005471803
2010-11-15,5.147012e-05,-2.8711573e-05,0.00020630949,-0.00026986378,-0.00014514526,-0.00012433213
2010-11-16,-0.0022269338,-0.0032925738,-0.0016360363,-0.005254364,-0.0022761596,-0.0046260683
2010-11-17,-0.00023831558,-1.5274883e-05,-0.00025733683,-0.0001281903,-0.00017719257,-0.00020401229
2010-11-18,-0.00047436418,0.0015959765,-0.00030928032,0.0018274897,0.00041791543,0.0021567033
2010-11-19,0.0006338369,0.000564834,0.00039792657,0.0009908604,0.0004826971,0.0007372103
2010-11-22,-0.00046601676,-0.00029732726,-0.00031804558,-0.0004166244,-0.00032178054,-0.0005015742
2010-11-23,-0.0003523302,-0.0019072288,-7.402468e-05,-0.002670609,-0.0013446924,-0.0027236897
2010-11-24,1.1167345e-05,0.0011009868,0.00010427231,0.0013188389,0.00041550695,0.00088535156
2010-11-25,2.8259563e-05,0.000116462106,2.9752557e-05,0.00023595925,7.290374e-05,0.00025918608
2010-11-26,0.00041506358,-0.00068818853,0.0004141281,-0.0007217919,-0.0001776742,-0.0007322855
2010-11-29,0.00039305518,0.00020063472,0.00035072523,0.00031891672,0.00035050436,0.00022550441
2010-11-30,0.0006921706,-0.000112759335,0.00045951307,7.650921e-05,0.00015510088,-9.410361e-05
2010-12-01,-0.0009501974,0.0012975679,-0.0010550871,0.0014524569,0.0007024322,0.00090043095
2010-12-02,-0.0009852707,0.0006834875,-0.0006826531,0.00057122676,0.00023381144,0.00057064503
2010-12-03,-0.0001632126,0.00036561216,-0.00014078381,0.00021037414,0.00010628607,0.0003374216
2010-12-06,-0.0005977041,-4.628629e-05,-0.00037392415,-0.00013918358,-0.00017131171,-0.00034061185
2010-12-07,-2.6619122e-05,-0.00040669597,-2.3773619e-05,-0.0006727807,-0.00032530798,-4.5943267e-05
2010-12-08,-0.00016689152,-0.00027880137,1.0517229e-05,-0.00064103387,-0.00038346788,-0.00016067714
2010-12-09,0.00021760036,0.0002240159,0.00019179522,0.00032434356,0.00015735583,0.00017645986
2010-12-10,0.00046752894,0.00037745343,0.00035039545,0.0005395644,0.0002514427,0.00045832642
2010-12-13,0.0007251044,0.0010302576,0.00044659138,0.0015844357,0.00080733467,0.0009051375
2010-12-14,0.00033448986,9.3485374e-05,0.0003240241,-6.901978e-06,6.0647988e-05,7.6836885e-05
2010-12-15,-0.00022880196,-0.0007224699,-0.000192288,-0.0011765166,-0.00048007644,-0.00046449536
2010-12-16,0.00045646215,0.00041828334,0.0003249947,0.00075304013,0.0002835496,0.00036589254
2010-12-17,1.9985597e-05,0.0003936599,-6.4746986e-05,0.0007744969,0.00028506355,0.00014058997
2010-12-20,0.0005367528,0.0005389368,0.0003951952,0.0008663449,0.00031894774,0.00057023147
2010-12-21,0.0015156112,0.0017548945,0.0012772331,0.0031962262,0.0013699778,0.0016086543
2010-12-22,0.0011765166,0.0008736749,0.00087759376,0.0015431541,0.00075728714,0.0011234037
2010-12-23,0.0004902319,0.00019907187,0.00023538478,0.00044150927,0.0002586098,0.00033803584
2010-12-24,-0.00039769677,-0.00020835329,-0.00014455036,-0.00045769228,-0.0002680009,-0.00038076745
2010-12-27,-0.00044087417,-0.0002855535,-0.0003026218,-0.00043153195,-0.00023913488,-0.00041140453
2010-12-28,0.0009651142,0.00068978174,0.0008508873,0.0011267379,0.00056184706,0.0008937524
2010-12-29,0.0011038654,0.0013101822,0.0007312394,0.0022898116,0.0012082187,0.0011932756
2010-12-30,-0.00065709325,-0.0005725254,-0.00064153556,-0.0011649581,-0.000475524,-0.0007779322
2010-12-31,0.0011264513,0.0011193936,0.0007630719,0.0020436624,0.0010477407,0.0011530106
2011-01-03,0.0018188012,0.0017927679,0.0015039762,0.0027906038,0.0013811361,0.0019597225
2011-01-04,-0.002106095,-0.0017278859,-0.00090975134,-0.0031629922,-0.0014412552,-0.0019669263
2011-01-05,-0.001017107,-0.0006943793,-0.0002882524,-0.0008634007,-0.00046743185,-0.00073659746
2011-01-06,-0.001941846,-0.0014719757,-0.0006816698,-0.0024259214,-0.0010335172,-0.0018343987
2011-01-07,-0.0011423015,-0.0011321974,-0.0007011481,-0.0017611426,-0.00064660225,-0.0011174036
2011-01-10,-0.00032993784,-0.00039372774,-0.0003291823,-0.0005342307,-0.00014866987,-8.1347156e-05
2011-01-11,0.000704832,0.0012111353,0.00044532208,0.001877668,0.0006081376,0.0012030031
2011-01-12,0.0009924341,0.0018278708,0.00065338047,0.0028967448,0.0007787121,0.001547121
2011-01-13,-0.0008796407,-0.00048967305,-0.00024137687,-0.0010164587,-0.00060714054,-0.000818014
2011-01-14,0.0005663172,0.00050500757,0.00038047417,0.0011251874,0.00048386125,0.00039352226
2011-01-17,4.520819e-05,-0.00017991458,-0.00012579242,-0.00016516271,-6.461228e-05,-6.116252e-05
2011-01-18,0.0009432563,0.0012562575,0.00065665646,0.0018637795,0.0007931117,0.001312948
2011-01-19,-0.0019621076,-0.0017244762,-0.0009833776,-0.0032547151,-0.0013067937,-0.002201221
2011-01-20,-0.0016195623,-0.0019984357,-0.0009827127,-0.002997865,-0.0012752367,-0.0018745429
2011-01-21,0.0006135812,0.00055290264,0.0003938617,0.0009107642,0.00065604347,0.00041689747
2011-01-24,0.0007947605,0.0009812636,0.00050572434,0.0014501587,0.00051881495,0.00095090404
2011-01-25,-0.00086427137,-0.00077973097,-0.00039545054,-0.0014651214,-0.00070361904,-0.00097149116
2011-01-26,0.0007513894,0.0013439179,0.00041263556,0.0020984227,0.0007327233,0.0016516101
2011-01-27,0.00053927506,0.0003912601,0.00031959944,0.00072916684,0.0003114665,0.00053544116
2011-01-28,-0.0026167382,-0.0029218672,-0.0019526938,-0.0050310036,-0.0020114838,-0.003414237
2011-01-31,0.0006337919,0.00090081047,0.00047906555,0.0015518409,0.0005368138,0.000993593
2011-02-01,0.0016921875,0.0028666994,0.0014589485,0.0040002945,0.0015758891,0.002867406
2011-02-02,6.3263695e-05,8.0774735e-05,-5.81461e-05,0.00016958697,-2.3426335e-05,0.00034281844
2011-02-03,-0.0007146036,-0.00034949367,-0.00021516952,-0.0006185689,-0.00027209515,-0.0005639338
2011-02-04,-0.00041070007,-0.00042787733,-0.00023631156,-0.0006906685,-0.0003378267,-0.00037988139
2011-02-07,0.00053406385,0.0006711173,0.00058449805,0.0011969799,0.0005161027,0.00065648305
2011-02-08,0.0012674934,0.0010697504,0.0008964117,0.0018313214,0.00087148737,0.0013198574
2011-02-09,-7.837477e-05,-0.00041429838,-0.00016751904,-0.00058305304,-0.0003022844,-0.00035204767
2011-02-10,-0.00012364838,-0.0006295236,-0.00032632853,-0.0007390618,-0.00028774215,-0.00048079056
2011-02-11,-0.00031020606,0.00025895858,0.00033528748,0.00054761674,0.000273587,-0.00035442796
2011-02-14,0.000105154606,0.0005483496,0.00043323808,0.0010836931,0.00035862764,0.00024556453
2011-02-15,-0.0005772489,-0.00063865323,-0.00036948282,-0.0011670807,-0.0004962344,-0.0006912953
2011-02-16,0.0014216622,0.0017477492,0.0009488408,0.002811396,0.0012926285,0.0017596179
2011-02-17,0.0006140975,0.0010661624,0.00047490382,0.0017417517,0.0005358937,0.0009696647
2011-02-18,2.3503817e-05,0.00038607724,0.00014572512,0.0005847568,0.00021166311,0.00019591273
2011-02-21,-0.00080291374,-0.0007211931,-0.0005026798,-0.0013449728,-0.00065878686,-0.00072651723
2011-02-22,-0.0039893673,-0.004470813,-0.0020725043,-0.007584182,-0.0031265998,-0.00499232
2011-02-23,-0.00023052208,-0.00051904935,-0.00012256793,-0.00091252656,-0.00022457026,-0.00058343704
2011-02-24,8.2445054e-05,-0.0002720004,3.224331e-05,-0.00061413646,-0.00011751613,-9.071472e-05
2011-02-25,-0.0002078306,0.0015668378,0.00025273772,0.001877988,0.00031866698,0.0008828489
2011-02-28,-2.2582972e-05,0.0007372642,0.00016720287,0.001071149,0.0001935845,0.00073348347
2011-03-01,-0.00016671378,-0.00068424095,-0.00041742536,-0.0010870991,-0.00050842983,-0.0009205071
2011-03-02,0.0005980005,0.0004492563,0.00021342482,0.0006674346,0.00025977002,0.00059293304
2011-03-03,0.00031965002,0.0014604953,1.7623472e-05,0.001706407,0.00063109543,0.0015716831
2011-03-04,-8.496988e-05,9.562453e-05,0.00019624305,0.00018964209,-4.2672724e-05,-0.00031528994
2011-03-07,-0.00026475283,-0.0010164237,-0.00019200926,-0.0011504305,-0.00049908494,-0.0011314715
2011-03-08,-0.00038337303,0.0001697609,-0.00016421052,-6.5778972e-06,-0.00012383414,0.0002439199
2011-03-09,7.5469696e-05,-0.00011280984,0.00013534285,-3.407772e-05,4.879695e-06,-0.00013939025
2011-03-10,-0.0012788973,-0.0027071694,-0.0009737133,-0.003710511,-0.0013708832,-0.0027442097
2011-03-11,-0.0013022461,-0.0008703159,-0.0007109274,-0.0013582592,-0.000825849,-0.0011524543
2011-03-14,0.0005609394,-0.00043324786,0.00032260924,-0.00014064471,3.50678e-05,-0.00023401708
2011-03-15,0.00077022146,-0.0021457574,0.0002618305,-0.002389244,-0.00030579997,-0.0009642093
2011-03-16,0.0022912237,9.883981e-05,0.0010452699,0.0008200021,0.00085488753,0.0010943783
2011-03-17,-0.0011735173,0.0010029208,0.00023885585,0.0007695394,0.0003110656,-0.0003822807
2011-03-18,-0.0012016611,0.00020765052,-0.00021797798,-0.00018179012,-0.00030868515,-0.00044599405
2011-03-21,-0.0033317262,-0.00013069178,-0.00020412433,-0.000975989,-0.00093022455,-0.0018986542
2011-03-22,-0.0005369911,-9.3644456e-05,-6.0261107e-05,-0.00031465167,-0.00025539554,-0.00041363836
2011-03-23,-0.0008595206,-8.849e-05,-0.00015117684,-0.00030930064,-0.00024969789,-0.0006000731
2011-03-24,-0.0010828917,0.00010742322,-0.00025968553,-0.00010135071,-0.000108720255,-0.0004290574
2011-03-25,-0.00051164004,-0.0002326268,-0.00021335493,-0.0003339602,-0.00018607259,-0.00035871106
2011-03-28,-0.0009808841,-0.00097009406,-0.00053134124,-0.0011729486,-0.0005322632,-0.0011920377
2011-03-29,0.00052013126,0.000681871,0.0003409857,0.0007949053,0.00032351003,0.0006803107
2011-03-30,0.0010003583,0.0015334153,0.00085906836,0.001987319,0.0009075354,0.0013303092
2011-03-31,0.0007920752,0.00093295664,0.00059312984,0.0012606309,0.00057159486,0.0009979428
2011-04-01,0.0017127078,0.0017165517,0.0013354212,0.0024545626,0.0011198652,0.0017574537
2011-04-04,0.0014170834,0.001337982,0.0008805996,0.0018950433,0.00096529786,0.0013780597
2011-04-05,0.00015327132,8.9187306e-05,-2.961618e-05,0.00020850827,2.37256e-05,0.00023817472
2011-04-06,0.00091866014,0.00087340694,0.00075835426,0.0014631905,0.0006987839,0.0008993891
2011-04-07,0.00011599164,-6.3549574e-05,-0.00040102348,-0.00020694344,0.00011726424,0.00013238833
2011-04-08,0.0010242241,0.000929935,0.0005197971,0.0015552909,0.00069900794,0.0010740542
2011-04-11,-0.00072559796,-0.0007985051,-0.00076711463,-0.001512946,-0.00041976725,-0.0006578428
2011-04-12,-0.00381505,-0.0034981132,-0.0026490928,-0.0061920616,-0.002183935,-0.0039780736
2011-04-13,0.0005462418,0.0007428978,0.00058407546,0.0011522424,0.00018302049,0.0007795408
2011-04-14,0.00043792365,0.00043524115,0.00020221878,0.0007556892,0.00029584067,0.00041437894
2011-04-15,0.0004845912,0.00081689644,0.0004744911,0.001108546,0.00036296775,0.00064163737
2011-04-18,-0.0012341278,-0.002152637,-0.0012292948,-0.0029544851,-0.00087049976,-0.001992736
2011-04-19,-0.00095882814,-0.00020436749,-0.00011947094,-0.000808271,-0.0005862818,-0.00085222436
2011-04-20,0.0013664943,0.0029544197,0.00075266225,0.0034838207,0.0008040253,0.0021778732
2011-04-21,0.0015605912,0.0019303677,0.00083046855,0.002622516,0.0010111966,0.0019408512
2011-04-22,0.00020960835,0.00013485434,0.00012617282,0.00022869521,0.00010383848,0.00016209521
2011-04-25,7.703493e-05,-0.00011464397,-6.2482e-05,-7.612727e-05,-4.283122e-05,-4.5738376e-05
2011-04-26,0.00082244846,0.0009424523,0.0009260936,0.0012877291,0.0006589757,0.00082959223
2011-04-27,0.0021224862,0.0017995911,0.0010477903,0.0030896233,0.0013510121,0.0021365627
2011-04-28,0.001188031,0.0012662688,0.0007783187,0.0021818962,0.0009473524,0.0012397646
2011-04-29,0.0014319964,0.0015534618,0.0010389596,0.0023680632,0.0009760741,0.0014834688
2011-05-02,-0.00044662604,-0.0007382455,-0.0003284593,-0.0010262977,-0.00037965813,-0.00071696826
2011-05-03,-0.0016969097,-0.0020188452,-0.0012464864,-0.0031258448,-0.0012580516,-0.0021116794
2011-05-04,-0.002142037,-0.0026415766,-0.0017311021,-0.004057305,-0.0015245853,-0.0026323968
2011-05-05,-0.002777695,-0.0035703988,-0.0018096738,-0.005565812,-0.0021609436,-0.0037607856
2011-05-06,-0.0008434768,-0.00048223406,5.2309624e-05,-0.00044427635,-0.00026928817,-0.0008911347
2011-05-09,-0.001039036,0.00021111358,-0.00014798113,-6.286738e-06,-0.0005239122,-0.00024193402
2011-05-10,0.00014583212,0.0009970799,0.0002606429,0.0011606868,0.00025103992,0.0011045202
2011-05-11,-0.00036970264,-0.0014151043,-0.0005558152,-0.0020464994,-0.0008758056,-0.0013186913
2011-05-12,0.00029445748,-5.1425974e-05,0.000115261995,0.00021133668,9.58267e-05,-0.00028923654
2011-05-13,-0.0002941165,-0.0009082681,-0.00042948892,-0.0013095387,-0.00044129798,-0.0007671978
2011-05-16,0.00022936593,-0.00048581755,-0.00018890885,-0.00043360077,-1.0549455e-05,-0.00066036603
2011-05-17,-0.00030897802,-0.0001646504,-0.00024250381,-0.00021170467,-0.00012753083,-0.00035842537
2011-05-18,-0.0018307421,0.00027867468,-0.00069086737,-0.00033418596,-0.0005306422,-0.00038932072
2011-05-19,0.00018194834,0.00023440388,-1.21775765e-05,0.00027741733,5.8458078e-05,0.00039778117
2011-05-20,-0.00018125826,-0.00057002006,-5.225197e-07,-0.00056722143,-0.0002386953,-0.00050869235
2011-05-23,0.0013646919,-0.0013824739,0.00021789684,-0.0014358342,-0.0004930144,-0.0006451049
2011-05-24,-0.00026495685,0.00011219298,9.938703e-05,0.00025328185,0.00012729189,-0.00018351262
2011-05-25,-0.0005668605,0.0003704475,-0.000260898,0.00025028142,2.8098751e-05,-1.9373692e-05
2011-05-26,-0.0002969294,0.0006602111,-2.2033362e-06,0.0006861266,0.00023700227,0.00026473156
2011-05-27,-0.00031620177,0.00062838197,-0.000189814,0.00048324995,9.8152006e-05,0.00047853813
2011-05-30,9.588292e-05,0.00016714829,-5.7436933e-05,0.00012517233,-1.4660574e-05,0.00036095158
2011-05-31,-0.0016090471,0.00056345126,-0.0007309743,0.00050639774,9.650125e-05,-0.00020772596
2011-06-01,-0.00050217885,-0.0018308422,-0.00063973985,-0.0013214331,-0.0006888167,-0.0015248136
2011-06-02,0.0002699393,-0.00017980463,-4.1982654e-05,-0.0005047642,-0.00022890471,5.8913025e-05
2011-06-03,0.0003417336,2.846458e-05,0.0005724247,0.00024332223,0.00021657969,-7.1360264e-05
2011-06-06,0.00066287856,-0.00045641093,0.00024119842,-0.00044473537,-2.6160408e-06,0.00015961476
2011-06-07,0.0001495375,0.0004324329,0.00013231658,0.0004988442,0.00017314448,0.0003640417
2011-06-08,0.0008695824,7.602265e-05,0.00025540203,0.00021195978,0.00013195492,0.0005206206
2011-06-09,-0.0012009247,-0.00036193072,-0.00044902103,-0.00061804993,-0.00038285815,-0.0009522593
2011-06-10,0.00091255683,-0.0009933312,-0.00033198379,-0.0013700023,-0.0005313715,0.0003160715
2011-06-13,-0.00051480276,-0.0007065609,-0.0006369321,-0.0011215805,-0.00049977325,-0.00044246676
2011-06-14,-0.0027816198,-0.0004221533,-0.0008350414,-0.00069909455,-0.0003591984,-0.002384584
2011-06-15,0.0013523533,-0.0006612699,-0.00014844559,-0.0009047367,-0.0004010602,0.0008408302
2011-06-16,0.0002706067,-0.00054948765,-1.8196002e-05,-0.00067789824,-0.0002960666,0.00010930918
2011-06-17,-0.00032517608,0.00013807403,9.050262e-05,0.00019786901,5.6144036e-05,-0.00013267284
2011-06-20,0.00027982978,0.00018570504,0.00020123683,0.00022988953,5.5155477e-05,0.00049987074
2011-06-21,-0.0023932164,0.00026389697,-0.00017425627,0.00045287886,5.9678743e-05,-0.0015394578
2011-06-22,0.00039447282,-0.0003265815,2.6318436e-05,-0.00046604528,-0.0002357874,-3.5755238e-05
2011-06-23,0.0009778254,-0.00030951216,0.00013518195,-0.000117227675,6.898733e-05,0.0006553862
2011-06-24,0.00070666,-0.00010144097,9.686305e-05,-0.00014030842,3.7019392e-05,0.00046684837
2011-06-27,-0.0006761168,-0.000181941,-0.000168184,-0.00027994765,-0.000116773364,-0.0005173483
2011-06-28,-0.0019373617,-3.1607553e-05,-0.00025940654,-7.07662e-05,-0.00016990225,-0.0013895071
2011-06-29,-0.0013092649,0.0005344454,0.00012573178,0.0007752658,0.0003227249,-0.0007595249
2011-06-30,-0.00013982387,0.0006081239,0.00016422932,0.0007975302,0.000276875,0.00034606148
2011-07-01,0.000969166,0.0011790526,0.0010720494,0.001274246,0.00050499977,0.0008343627
2011-07-04,3.5752502e-05,0.00021400458,0.00014591792,0.00030371489,0.00022665602,-0.0001028361
2011-07-05,-0.0008136658,-0.00012393495,-0.00016407485,-0.00030804763,-0.0002528642,-0.00041913093
2011-07-06,-0.00047720276,-0.00032030992,-0.0001952564,-0.00041706517,-0.00035585824,-0.00014162468
2011-07-07,0.0019010676,0.0018418441,0.0015640884,0.0027946706,0.00094077067,0.0017656788
2011-07-08,-0.0010705946,-0.00083486823,-0.0008369233,-0.0011993083,-0.00020998773,-0.000688198
2011-07-11,-0.0039198264,-0.003795868,-0.0032973469,-0.006078503,-0.0018997754,-0.0032894446
2011-07-12,-0.0019750702,-0.0017450217,-0.0014217328,-0.002796448,-0.0010323626,-0.0016049203
2011-07-13,4.823124e-05,0.0009527625,0.0006125039,0.0009943222,5.1918905e-05,8.67636e-05
2011-07-14,-5.191543e-05,-0.00054241053,-0.00045236858,-0.00057141564,6.764511e-05,0.000111998634
2011-07-15,0.0005802465,0.0006928743,0.00060421723,0.0010059896,0.00027337662,0.0005646327
2011-07-18,0.00040058192,-0.00081698986,-0.00036221632,-0.0008905678,8.871483e-06,0.00011403395
2011-07-19,0.00020960894,0.0012541318,0.0005967692,0.0013491008,0.00010185234,0.00032632457
2011-07-20,-0.0007955261,-6.649763e-06,-0.00024248772,-0.00012207864,-0.00023080203,-0.00076311955
2011-07-21,-0.0002880703,0.0005982837,0.00016352974,0.00058599055,8.54573e-05,-7.407357e-05
2011-07-22,1.0588325e-05,0.00064291974,0.0005106116,0.0009894279,0.00035806673,0.00020170954
2011-07-25,-0.00012901386,-0.00064589555,-0.00060061057,-0.0006515483,-0.00021121508,-0.0001028135
2011-07-26,0.0006034834,0.0007013444,0.0005199759,0.00097621966,0.00034127457,0.00065906375
2011-07-27,-0.001597475,-0.0021270476,-0.0018998345,-0.002980032,-0.0011050608,-0.0015798756
2011-07-28,-0.00011551119,-0.000287928,-6.405752e-05,-0.00029524902,-0.00012633626,-8.47006e-05
2011-07-29,0.00065068156,0.00033777504,0.00040229163,0.0008466453,0.00049171475,0.0006664955
2011-08-01,0.0018598858,0.00093298283,0.000868852,0.0013980813,0.00080932723,0.0015027705
2011-08-02,0.0026050366,6.293638e-05,0.0010525141,0.0011604414,0.0009874906,0.0016222033
2011-08-03,0.00026351705,-0.0005236514,-0.00045315168,-0.0007306184,-0.00041315347,-1.3247118e-05
2011-08-04,0.0054271854,-0.000657088,0.0010357314,0.0012627566,0.0019845013,0.0035670905
2011-08-05,-0.00029524075,-0.0010575814,-0.000637636,-0.001721406,-0.0005755655,-0.00080279144
2011-08-08,0.01151464,0.0028389331,0.0014658384,0.0065817772,0.0039401366,0.009913916
2011-08-09,-0.0023617651,0.00046735356,0.0006560701,0.00037846086,0.0002310821,-0.0024978935
2011-08-10,0.004072233,0.0015743491,0.0001249223,0.0024486722,0.00078780315,0.004401019
2011-08-11,-0.0043664654,-0.0012363722,-0.00017253749,-0.002535517,-0.00082792726,-0.004435232
2011-08-12,-0.002958935,-0.0010068916,-7.699576e-05,-0.0011625902,-0.00053455035,-0.0025999774
2011-08-15,-0.0034976404,-0.0012167989,7.976833e-06,-0.0020539097,-0.0008358653,-0.0031627228
2011-08-16,0.00047976666,0.0002281449,3.763683e-05,0.00039200424,7.583856e-05,0.00051431934
2011-08-17,-0.0001772872,0.0002824642,8.637855e-05,0.00038992788,0.00031606725,-0.00021523319
2011-08-18,0.0027429308,0.00015120624,-0.0002494461,0.0001220828,-0.00013288751,0.002947912
2011-08-19,0.002049173,0.000839386,0.00037103097,0.0010693611,0.00047605543,0.0020075592
2011-08-22,5.706044e-05,0.00026129512,9.865891e-05,0.000393718,0.00014262588,-4.268126e-05
2011-08-23,-0.0029303,-0.0006544097,-7.7400655e-05,-0.00095753546,-0.00039306344,-0.002607203
2011-08-24,-0.0014405331,-0.0011452072,-0.0005080163,-0.0017356632,-0.00075729686,-0.001416916
2011-08-25,0.00048782816,5.9468886e-05,-9.267593e-05,2.7779568e-05,2.7538283e-05,0.00039795184
2011-08-26,-6.695851e-06,0.000672478,0.00038416006,0.0009790674,0.00039794995,0.00015175917
2011-08-29,-0.0013321178,4.9114034e-05,0.00016446182,0.0004398665,0.00026781438,-0.001281824
2011-08-30,-0.0001822459,0.00025193847,2.1366648e-05,0.00065990415,0.00026638046,-0.0001314896
2011-08-31,-0.00073842454,-0.00012129433,-6.27021e-05,3.509681e-05,8.1890445e-05,-0.00072171155
2011-09-01,-0.00078171556,-0.0007556131,-0.00046262084,-0.0011835357,-0.00054848054,-0.0005671764
2011-09-02,-0.00036281635,-0.00044746712,-5.4985194e-05,-0.00069849525,-0.00040747688,0.00043664747
2011-09-05,-5.9005244e-05,-0.00023001041,-0.0001664034,-0.0006515143,-0.00033957625,0.00042027203
2011-09-06,-0.001065518,-0.0011662114,-0.000732032,-0.0019221107,-0.0008248904,-0.00097443507
2011-09-07,-0.001019789,0.00067855365,-3.2301992e-05,0.00043789917,0.00017269954,-0.0019037956
2011-09-08,0.00036981655,-3.111669e-05,0.00013003308,0.0002911946,0.00017044722,0.00047185435
2011-09-09,0.00044894495,-0.0007647563,-0.00042529264,-0.00075279135,-0.0002616082,0.0010911489
2011-09-12,0.00016512317,-0.000527139,-0.00044855246,-0.0007440584,-0.0003878161,0.000101892016
2011-09-13,-0.00058648287,-4.87284e-05,-0.00012021808,-0.00027080567,-0.00014422808,-0.0007772471
2011-09-14,-0.00031074794,-7.343176e-05,4.0444273e-05,-0.00016036366,-8.128783e-05,-0.0006259077
2011-09-15,-0.0012550969,-0.00028354157,-0.00021288425,-0.0007874961,-0.0003544586,-0.0015496283
2011-09-16,-0.000630114,-0.00015704396,-7.452242e-05,-0.00033203405,-0.00016918058,-0.00057662
2011-09-19,0.0018222175,8.861486e-05,0.00017444073,0.0007279213,0.00040123344,0.0017820764
2011-09-20,0.0009047952,0.00081075315,8.4830615e-05,0.0012678738,0.000715824,0.0008876357
2011-09-21,0.0005102221,-0.00051927066,-0.00013042761,-0.0002154912,8.410153e-05,0.0007804051
2011-09-22,0.0048986003,0.0003339631,0.00046272614,0.002085405,0.0014897762,0.0045472104
2011-09-23,0.0011096974,6.559668e-05,7.465598e-05,0.00027316523,0.0002356309,0.00051469024
2011-09-26,-0.0017845596,-0.0007366535,-7.827623e-05,-0.0018524813,-0.0011512294,-0.0017467705
2011-09-27,-0.0036623068,-0.0008079371,-0.0003843746,-0.0022300151,-0.0013099965,-0.003432333
2011-09-28,0.0016740287,-3.2306598e-05,0.00010638099,0.00036477784,0.0002858538,0.0014924282
2011-09-29,0.00022609394,0.0004984763,-4.3481552e-05,0.0006030406,0.00034584178,0.00012475663
2011-09-30,0.0028280814,0.00069145614,4.3950327e-05,0.0015613572,0.000840191,0.0026851227
2011-10-03,0.003203896,0.0010072219,0.000216869,0.0018862921,0.0010331196,0.0032054617
2011-10-04,6.6871944e-05,-0.0003395264,-0.00021119865,-0.0006647856,-0.00053751667,0.0002756887
2011-10-05,-0.0028664751,-0.0007907786,-2.6811324e-05,-0.0016765688,-0.0009235324,-0.002938979
2011-10-06,-0.0032723928,-0.0009078544,-0.00016840662,-0.001590448,-0.0007856399,-0.0031015333
2011-10-07,-0.00022773266,-0.00035004484,7.7900995e-06,-0.0007257017,-0.0004163134,-0.00023629729
2011-10-10,-0.0024304627,-0.00047199338,-0.00017600949,-0.00068008853,-0.00014277892,-0.0026037877
2011-10-11,-0.0017265397,-0.00069461553,-1.356934e-05,-0.00084670365,-0.0003808992,-0.0016314212
2011-10-12,-0.00025342923,0.00016515492,-9.948624e-05,0.0003206705,0.0003952408,-0.00073337933
2011-10-13,-0.00060627,-0.00024861036,-4.9163325e-05,-0.00033319736,-0.0002158571,-0.00063366524
2011-10-14,0.00049482164,0.0007056302,0.00030145748,0.0011873823,0.00082365435,0.00029972155
2011-10-17,-0.0011189815,-0.0010173249,-0.00045466452,-0.0016324673,-0.000971626,-0.0010730168
2011-10-18,0.00044550767,0.0005876238,0.00025296956,0.000724424,0.00039830344,0.00071475963
2011-10-19,-0.00043048806,-0.0005708002,-0.00027495925,-0.00082703563,-0.00048068888,-0.0003509275
2011-10-20,8.215691e-05,-4.356673e-05,-1.1574055e-05,-0.00018805773,-0.00015844002,0.00024584858
2011-10-21,0.00088352454,0.0011647154,0.0005854161,0.0017502715,0.00095802936,0.00070524204
2011-10-24,0.0007363726,0.0010471748,0.0005457344,0.0017216075,0.0009387658,0.00024653424
2011-10-25,-0.0010963975,-0.0007372663,-0.0004757187,-0.0013068559,-0.0007206771,-0.0011677737
2011-10-26,0.00042700281,0.00038303228,0.00022422792,0.00071774155,0.00039110702,0.00038566804
2011-10-27,0.0031149674,0.0025746233,0.0021092817,0.0047816765,0.0025224127,0.0020948972
2011-10-28,0.00045924127,0.00026074058,-1.910979e-05,0.00071050366,0.00038139278,-0.00025436992
2011-10-31,-0.003628664,-0.0027681696,-0.0020020907,-0.0050496915,-0.0027237071,-0.0030855038
2011-11-01,-0.003578722,-0.0022883934,-0.0016047249,-0.0045773573,-0.0025083087,-0.002951465
2011-11-02,0.00018364379,0.0006644654,0.00060858775,0.0010152054,0.00047412573,0.00047821834
2011-11-03,0.00045895585,0.00079124985,0.0003849265,0.0009438373,0.00039188573,0.000710269
2011-11-04,0.00038277378,0.0001224958,0.00012334027,0.00041267122,0.00016544611,-2.4880435e-06
2011-11-07,0.0004016842,0.0005377181,0.00036387637,0.00061932247,0.00022847764,0.00060092966
2011-11-08,0.00011687862,0.00031298577,0.00013693933,0.00035507674,0.0002539507,0.00042982167
2011-11-09,-0.0023798128,-0.0024405897,-0.0016763512,-0.003672113,-0.0020987513,-0.002807587
2011-11-10,-0.00039674877,-0.0002789402,-0.00044635712,-0.0004965361,-0.00012914186,-0.00019067766
2011-11-11,0.00012825597,0.00078607816,0.00015356307,0.0007152546,0.00021771029,0.0008706443
2011-11-14,-0.00030299308,-0.00046134,-0.00013379355,-0.0004617031,-0.00031844495,-0.0005453374
2011-11-15,0.00057163945,0.00041244447,0.00018996988,0.0005439239,0.00040192553,0.00043295874
2011-11-16,-2.064594e-05,-0.0005119766,-0.00022784989,-0.00041900115,-0.00021234248,-0.0005188905
2011-11-17,-0.00021405231,-0.0010154303,-0.00033086503,-0.0009669773,-0.00028517316,-0.0010115512
2011-11-18,0.00040667108,0.00012347475,0.00018498971,0.0003666039,0.00023309213,0.00022696052
2011-11-21,0.0013920269,-0.0003612506,0.00074263936,0.0009516615,0.00083224475,4.863017e-05
2011-11-22,0.00061230577,0.0005220377,0.0001775706,0.0006619686,0.00028433127,0.00029261745
2011-11-23,0.002609611,0.00026143063,0.00090069365,0.0022447251,0.0016160989,0.0011962423
2011-11-24,0.0007701806,0.00046679014,0.00026270602,0.0006605703,0.00032270778,0.00057526905
2011-11-25,0.0005058406,-0.00020170152,8.2341256e-05,0.00025670385,0.00036044003,0.00016464655
2011-11-28,-0.004553192,-0.00085888925,-0.0006291117,-0.0041659465,-0.0027399112,-0.0030774258
2011-11-29,-0.0017147129,-0.00076930795,-0.0005787615,-0.0016051641,-0.00078320026,-0.0013999388
2011-11-30,-0.0043193204,-0.00075156847,-0.00049660617,-0.0031982514,-0.0020753588,-0.0027576275
2011-12-01,-0.0014480562,-0.0008571383,-0.00034882335,-0.0015005574,-0.0007218486,-0.0012647543
2011-12-02,-0.00021920602,-5.9310387e-05,-7.4810873e-06,-0.00019749277,-0.0001450276,-7.733423e-05
2011-12-05,0.0001473678,0.00019593658,-0.00010657115,1.8993198e-05,0.00014468447,7.024866e-05
2011-12-06,-1.8434366e-05,-5.5868102e-05,-0.00010088356,-0.00011523849,-9.694723e-05,0.00011140755
2011-12-07,0.00021434919,0.00017072866,6.265418e-05,0.00016718221,7.814548e-05,0.0002466513
2011-12-08,-0.0008041206,-0.0011879123,-0.00011320971,-0.0013300485,-0.0010531058,-0.0008945192
2011-12-09,0.00048026317,0.00077358127,0.0001444086,0.0004965584,0.0003441207,0.00042933613
2011-12-12,-0.00017043341,-0.0008455543,-0.00031861986,-0.0007603949,-0.00061720517,-0.00010568933
2011-12-13,0.00017824504,1.7032804e-05,-1.317451e-05,-2.2316655e-05,-5.206812e-05,0.000439955
2011-12-14,0.0013102258,4.384325e-05,0.00014662846,0.00026698207,3.5679514e-05,0.0010288248
2011-12-15,0.0003202398,0.00025426963,2.2980546e-05,0.000380079,0.00023159575,0.000407968
2011-12-16,-0.0007191165,-0.00025394323,-8.8005276e-05,-0.0005366418,-0.00027752697,-0.0006690435
2011-12-19,0.00031737788,-0.00014804311,0.00034890696,0.00024079236,0.00020779479,0.00017232302
2011-12-20,-0.0019777794,-2.2160684e-05,-0.0008680238,-0.0011723205,-0.0007071009,-0.0015917494
2011-12-21,-0.0011086871,-0.0006756688,-0.000621411,-0.0010693298,-0.0005161178,-0.0010231007
2011-12-22,7.2924544e-05,0.00044593343,-1.7552384e-05,0.00030734064,0.0001450185,0.00015152643
2011-12-23,-0.0001697041,0.00015402236,-0.00016578095,-8.539488e-05,3.0162093e-05,-0.00019820571
2011-12-26,6.7599467e-06,8.784195e-06,-6.002524e-06,-1.21963885e-05,-1.7286451e-05,2.2618926e-05
2011-12-27,0.0003702458,0.0002863631,0.00011383718,0.00043443902,0.00028034803,0.00029027587
2011-12-28,-0.00033964077,-0.0006141772,-0.00046900994,-0.00061542395,-0.0005680154,-4.836268e-05
2011-12-29,0.00062288495,0.0006107572,0.00029492946,0.00062938256,0.00035858137,0.00065824506
2011-12-30,3.9275343e-05,0.00022219412,0.00021830373,0.00029639405,0.00019347144,-0.00010595374
2012-01-02,1.9138799e-05,6.4023725e-06,-5.719252e-05,-5.3900985e-05,-9.196003e-06,-7.9079546e-05
2012-01-03,0.00013603929,0.00076369586,0.00032270586,0.0007042502,0.00073423516,-0.00014860426
2012-01-04,-0.0003424124,-0.00032046446,-6.5097716e-05,-0.0004688307,-0.00028673638,-0.00034785047
2012-01-05,-0.00015826453,-0.0003440527,-0.0004694838,-0.000706906,-0.00051814556,0.00019287373
2012-01-06,-0.0001629544,-0.00014239822,-0.00026277898,-0.00028892336,-0.00022937711,4.2992764e-05
2012-01-09,0.0005819751,0.0005066807,0.00039400713,0.00084516156,0.00045018742,0.0005093575
2012-01-10,0.00068324344,0.00090648147,0.0007626054,0.0014455051,0.00082468585,0.00038892537
2012-01-11,0.00034842125,8.803468e-05,-0.00014339505,2.4334806e-05,7.2887335e-05,0.00037634964
2012-01-12,7.622022e-05,-3.1945954e-05,-4.0849845e-05,-3.0605177e-05,3.9229853e-05,8.058759e-05
2012-01-13,-0.0009340684,-0.0006695596,-0.00038465383,-0.0013056528,-0.00076223596,-0.0009966431
2012-01-16,0.0007107295,0.00041531833,4.176725e-05,0.0006772911,0.00038102313,0.0008096783
2012-01-17,0.0012851806,0.0011967326,0.0008034746,0.0018978191,0.0009981856,0.0011452952
2012-01-18,0.0006516676,0.00055794313,0.00068840035,0.0012060801,0.0006560083,0.000545979
2012-01-19,0.00013758635,0.00031021438,0.0003616706,0.00049155136,0.00030100127,-1.4101788e-05
2012-01-20,-0.0006854911,-0.0004632855,-5.321317e-05,-0.00065105845,-0.00034413853,-0.00080430333
2012-01-23,0.0005040434,0.0006151229,0.00039083677,0.0011674603,0.00063954503,0.0006298652
2012-01-24,2.0038964e-05,-0.00019350201,-0.00014116107,-0.00027078117,-7.183693e-05,-0.0002449822
2012-01-25,0.0008396824,0.00095805834,0.0006844799,0.0019308347,0.0010283238,0.00093802286
2012-01-26,0.00087114616,0.00075226027,0.00050843856,0.0011268094,0.00065697334,0.00091148366
2012-01-27,0.00012943998,0.0001692302,2.8849221e-05,0.00025561225,0.00011237433,0.000103225655
2012-01-30,-0.0012726058,-0.0013607753,-0.00073167286,-0.0024862397,-0.0013058896,-0.0015955898
2012-01-31,0.00041744983,0.0006049495,0.00042605115,0.0009146403,0.00041050298,0.0005534146
2012-02-01,0.0017564634,0.0015551003,0.00052237575,0.0028833547,0.0014474874,0.0022398247
2012-02-02,0.0011243675,0.0007319353,0.00049280986,0.0015504675,0.00079840864,0.0009978177
2012-02-03,0.0010874065,0.0009978943,-0.00018894949,0.001993019,0.0010153829,0.0015190399
2012-02-06,0.00013856063,5.3597058e-05,0.0001275321,-5.4248758e-05,-1.569131e-05,0.00017160605
2012-02-07,7.742935e-05,0.00013176013,-8.713017e-05,0.0003286682,0.0001387788,8.41169e-05
2012-02-08,0.00080156175,0.000595717,0.0003012132,0.0013341212,0.00066444,0.00059923594
2012-02-09,7.2372095e-05,5.5670826e-06,6.195464e-06,6.412853e-05,4.2195323e-05,4.839647e-05
2012-02-10,-0.0023928054,-0.001914229,-0.0006557135,-0.0038831716,-0.0019696313,-0.002574787
2012-02-13,0.0012943348,0.0012871573,0.00041780144,0.0023723345,0.0012098708,0.0016229189
2012-02-14,-0.0005865325,-0.00049279,-0.00021200617,-0.00086061854,-0.0004525231,-0.00053897547
2012-02-15,0.0007167869,0.00058913423,0.000417606,0.0010326839,0.0005557763,0.00076456106
2012-02-16,0.00038480706,0.00064820173,0.00010416732,0.0011328605,0.00053192466,0.0009241754
2012-02-17,0.00077305076,0.0007037123,0.00025117962,0.0013363485,0.00073483866,0.000967634
2012-02-20,0.0009046924,0.0007194092,0.00028618504,0.0012265443,0.00067990046,0.0010525135
2012-02-21,-6.8227506e-05,8.571759e-05,0.00022307932,7.032835e-05,5.1275205e-05,-1.4989495e-05
2012-02-22,-0.00018220601,-0.00011498779,0.00011045827,-0.00026674668,-0.00011434976,-0.00027657257
2012-02-23,0.00031368574,0.00034117882,0.00017921905,0.00062766566,0.00028375958,0.0002927297
2012-02-24,0.0011375991,0.0008719264,0.00027219264,0.0016043996,0.00088853564,0.0012697864
2012-02-27,8.074483e-05,-6.7096254e-05,-0.0004564994,-9.9448334e-05,4.5851863e-05,-0.00038994115
2012-02-28,0.00017147638,0.0004556886,0.00032371312,0.00072829676,0.00035288619,0.0007300723
2012-02-29,-0.00092857215,-0.00087241543,-0.0006803512,-0.0017598212,-0.00084112096,-0.00085921737
2012-03-01,0.00063350756,0.0011217602,2.0073561e-05,0.0019588,0.00081341196,0.0014100715
2012-03-02,-0.0006429347,-0.00043862624,-0.00032254567,-0.0010684505,-0.0005078348,-0.0004859651
2012-03-05,-0.001709019,-0.0014303457,-0.00062039506,-0.0023518726,-0.0012684508,-0.0021062684
2012-03-06,-0.0032215517,-0.0034733606,-0.0013310417,-0.006011745,-0.0031503858,-0.0049353484
2012-03-07,-0.0007895245,-4.6266814e-05,-0.0002186944,-0.00054041896,-0.00046585427,-0.00017274365
2012-03-08,-0.0001151659,0.000989426,-0.00016771792,0.0007811238,0.00011782587,0.0017530533
2012-03-09,3.777005e-05,0.00033074163,-0.0001125846,0.00039465,2.902831e-05,0.00079861534
2012-03-12,0.00032496388,0.0001381722,0.00019056075,0.00029104392,0.0002502108,-0.000114259834
2012-03-13,0.00065534626,0.0014493099,-1.9874185e-05,0.001878244,0.0008382897,0.0023372923
2012-03-14,0.00037247027,-0.00015472148,0.00018638997,-0.00013832314,8.509313e-05,-0.00011965968
2012-03-15,0.00047125533,0.00057199906,-4.5417284e-05,0.00088777987,0.00052020926,0.00035585242
2012-03-16,-0.00022250715,9.800564e-05,-0.00020766347,-3.7696584e-05,-0.00014857273,0.00027939776
2012-03-19,-0.00013488448,-5.2494295e-05,-0.00016614492,-7.609543e-05,-6.1649065e-05,6.404029e-05
2012-03-20,-0.00086910906,-0.0012815974,-0.00031978142,-0.0018256744,-0.0010454482,-0.0015761323
2012-03-21,-0.00040581494,-0.00027715223,-6.960674e-05,-0.00034391685,-0.00025325076,-0.0005062965
2012-03-22,-0.0009437239,-0.0012285485,-2.1597185e-05,-0.0017069601,-0.0009612163,-0.0015781221
2012-03-23,-0.0004870759,6.1266575e-05,-0.00010874992,-7.521235e-05,-0.00014281782,-0.00018002995
2012-03-26,0.0008041702,0.0014200741,0.00012269689,0.002030771,0.0009677431,0.001391292
2012-03-27,-0.00028934624,-8.730691e-05,-0.0003058551,-0.0001827689,-5.4227075e-05,-0.00013939674
2012-03-28,0.00018284832,-0.00065782387,0.00033989406,-0.00077881885,-0.00039262488,-0.00091101514
2012-03-29,0.00020700903,-0.0004207402,0.00031703798,-0.00046456218,-0.00018423048,-0.00079610664
2012-03-30,-0.00010961529,0.00030725868,-0.00025703906,0.00022784281,-0.00013581982,0.00024992885
2012-04-02,6.629877e-05,0.00094041426,-0.00026462137,0.001452494,0.0006944832,0.0011316313
2012-04-03,-0.00034950348,-0.00093799026,-6.218002e-05,-0.0014592246,-0.000873317,-0.0012466012
2012-04-04,-0.0006004746,-0.0015865328,6.243447e-05,-0.002257075,-0.0011873929,-0.0019790595
2012-04-05,-0.00034979632,-4.16196e-05,-0.00016364382,-0.00031475077,-0.0002060432,-0.00036614673
2012-04-06,-0.00027168513,-0.00013095453,-2.4157447e-05,-0.00030018552,-0.00014915057,-0.000283886
2012-04-09,-0.0003460636,-0.00082762283,1.9155928e-05,-0.0011261608,-0.0005091105,-0.00083207776
2012-04-10,0.0017398598,-0.000242657,0.0014275078,0.00022009191,0.0006642487,0.00036805237
2012-04-11,-0.00048600396,0.0001177793,-0.0007281859,-0.00015811215,-0.00033778604,-0.00019056382
2012-04-12,-0.0029757603,-0.000113672504,-0.0018518602,-0.0011885962,-0.0011470275,-0.0013626477
2012-04-13,0.0011734436,-6.4793676e-05,0.0012117776,0.0003412284,0.000509544,0.00015205241
2012-04-16,0.00037821537,-3.626621e-05,9.158841e-05,-3.0852696e-06,-3.4239652e-05,-0.00010810837
2012-04-17,-0.002128112,-0.00011548089,-0.0012386978,-0.00075691176,-0.0008916263,-0.0008042557
2012-04-18,0.00045249343,5.678096e-05,0.00042772188,0.00020067305,0.00026362247,0.00033586076
2012-04-19,0.00044951806,0.00013427634,8.908568e-05,0.00016079783,0.00016979723,0.00019392997
2012-04-20,-0.00040295013,0.00015736448,-0.0002701971,0.000116176154,-1.4177686e-05,8.568258e-05
2012-04-23,0.00076616346,-0.00048851385,0.00037546977,-0.00032279163,-9.8292265e-05,-0.00021885839
2012-04-24,0.0001404303,0.00025829294,-7.071599e-05,0.00024879628,0.00015960218,0.00020730127
2012-04-25,-0.001022347,0.00034551104,-0.00033980916,0.00023571648,-3.4932298e-06,-0.00016765359
2012-04-26,8.032732e-05,0.000518295,0.00016314823,0.0006150933,0.00033505206,0.0003922299
2012-04-27,-0.00014260257,0.00021054968,-0.00016075037,0.0002627439,0.00014757727,5.3414053e-05
2012-04-30,0.00014352136,-3.551909e-05,-9.772564e-06,4.0309125e-05,-5.2266707e-05,9.3834264e-05
2012-05-01,0.0005610081,0.00037082486,0.00018666733,0.00056592043,0.00032942035,0.00044299563
2012-05-02,0.00019836727,2.557518e-05,0.00015785749,4.532504e-05,-0.000100950136,0.00026582362
2012-05-03,-0.0002734323,-0.00062177866,-0.00039020952,-0.0007462458,-0.00039719197,-0.0004993451
2012-05-04,-0.00019004734,-0.00091783877,-0.00033571586,-0.0011999381,-0.0005518732,-0.0006044034
2012-05-07,-0.0003923986,-0.00038764856,-0.000565699,-0.0006400786,-0.0003968188,-0.00026309257
2012-05-08,0.000511796,-0.00018065021,0.0006466001,0.00018305564,0.00021757826,0.00028146786
2012-05-09,0.00136578,0.00020361521,0.0005691445,0.00049305527,0.00056141766,0.0008451094
2012-05-10,0.0003133285,0.0003273791,-7.810385e-05,0.00044825213,0.0002482056,0.00047629134
2012-05-11,0.0010354581,0.00021036736,0.00072673295,0.00082739134,0.0006567101,0.0007004239
2012-05-14,0.003273706,0.0009563808,0.0018967373,0.0021204532,0.0015875804,0.0023430048
2012-05-15,0.0020471988,0.0008376934,0.0010047695,0.0016963478,0.0012036766,0.0015940663
2012-05-16,0.0025038016,0.0007898458,0.0009892494,0.0019141322,0.001468222,0.0018495145
2012-05-17,0.00225489,0.00061820395,0.0006399486,0.0011747576,0.001003179,0.0015920175
2012-05-18,0.0022356804,0.00050351105,0.00038052534,0.0012527481,0.0009846851,0.0014760296
2012-05-21,-0.0032425504,-0.0009005403,-0.0001882185,-0.0020500673,-0.0014717686,-0.0026464793
2012-05-22,-0.0013254615,-0.00067447295,-0.00030699532,-0.0012044254,-0.0006636512,-0.0012565104
2012-05-23,0.0043037245,0.0019767985,0.0008690308,0.0037200497,0.0021764634,0.0037746925
2012-05-24,1.8908951e-05,4.9790556e-06,-5.742027e-06,0.00018272114,0.00022679192,-5.009308e-06
2012-05-25,-1.9861292e-05,0.00010930689,0.0002711955,0.0001502945,0.00011584325,-6.469888e-05
2012-05-28,-0.0009796252,-0.00049545924,-0.00013681305,-0.00097403215,-0.00059177517,-0.0009147276
2012-05-29,-0.0018062136,-0.0004389252,-0.00027110454,-0.0007695102,-0.0006141121,-0.0013408695
2012-05-30,0.0036471558,0.0014165982,0.0005019155,0.0021736238,0.0012309852,0.0031591032
2012-05-31,0.001986329,0.0010239749,0.00041075976,0.0016805235,0.0007622728,0.0019065306
2012-06-01,0.0040594796,0.0010340293,0.00047481543,0.0015202081,0.00079495413,0.0031385561
2012-06-04,-0.000680347,-0.0006485244,-0.0005645117,-0.001171319,-0.0006916972,-0.0004891133
2012-06-05,-0.002354233,-0.0009608917,-0.00016424737,-0.0015380462,-0.00076908217,-0.0022185706
2012-06-06,-0.0055455114,-0.0018455448,-0.00041770682,-0.0023442423,-0.0012489181,-0.0048580696
2012-06-07,-0.002225622,-0.00090844196,7.9147566e-07,-0.0013554314,-0.0008142704,-0.002212453
2012-06-08,0.0002614543,0.00037571485,6.921579e-05,0.00028708248,0.00016734829,0.00044233067
2012-06-11,-0.00015275896,-0.000614413,4.5185196e-05,-0.0006702709,-0.0003135155,-0.00017053298
2012-06-12,-3.148075e-05,0.00056298013,-0.00010980953,0.000789746,0.00038212957,0.00022381621
2012-06-13,0.0002637726,-0.00016468181,8.014684e-05,-6.435202e-05,1.4598094e-06,4.6899702e-05
2012-06-14,-0.0007979456,-0.000224899,-0.00032481228,-0.00044553063,-0.00037644198,-0.00093134644
2012-06-15,-0.00015338194,0.0003719316,0.00019838351,0.00068922277,0.00043773517,-0.0006253466
2012-06-18,-6.256651e-05,8.4043815e-05,-1.1302345e-06,6.667319e-05,3.9826373e-05,-0.00028070036
2012-06-19,0.00035878617,0.0006960488,9.253255e-05,0.00096701906,0.0007352562,-0.00028927648
2012-06-20,0.00029111432,-0.00012284862,-0.00011760039,-0.0002548209,-8.077812e-05,-8.968904e-05
2012-06-21,-0.0022180544,-0.0021843766,-0.0013445499,-0.0035860066,-0.0020726135,-0.0005024675
2012-06-22,-0.0004950796,7.7736346e-05,0.00014713488,-0.0002387615,-0.0002841523,-0.0001278738
2012-06-25,-0.0011661341,-0.0007260479,-0.0005292006,-0.0016119266,-0.0007163966,0.00035549735
2012-06-26,2.9427223e-05,0.000108802844,0.00021361583,0.00018879808,6.1073326e-05,3.658294e-05
2012-06-27,0.0004485129,0.00066387217,0.00035545477,0.0009704399,0.00038676002,-3.9051596e-05
2012-06-28,0.00058734266,0.00013396786,3.8993487e-05,0.0003960367,0.00025007097,0.00073649007
2012-06-29,-0.00057577755,0.0010690662,0.00043207215,0.0012027057,0.00034664306,-0.0019916098
2012-07-02,0.0005440096,0.00046278417,0.00028113162,0.0010520945,0.0004949425,8.3063016e-05
2012-07-03,0.0017532546,0.0014958361,0.000966291,0.0024726375,0.0015383606,0.0009806028
2012-07-04,0.0002782399,0.00018438738,7.5051896e-05,0.00027961325,0.00021896322,9.481328e-05
2012-07-05,0.00022061635,0.00013664342,-0.00023319742,0.0001019611,-3.212454e-05,0.00076315965
2012-07-06,-0.0014580064,-0.0012615783,-0.00095218496,-0.0022260754,-0.0013761192,-0.0005061328
2012-07-09,-0.00015862408,6.3662155e-05,-0.00027950134,-0.00013522587,-0.00016703468,0.00022300273
2012-07-10,-0.0009906334,-0.0008029398,-0.000679597,-0.0013527289,-0.0007638306,-0.00064455176
2012-07-11,0.00041940765,0.0002777704,0.00024498766,0.0005617585,0.00034100984,0.00026124643
2012-07-12,8.8305664e-05,-0.00016528499,-0.00017275273,-0.00015178992,-9.332124e-05,0.00021857637
2012-07-13,0.00042555123,0.00089436205,0.00024445288,0.0010628214,0.00039556852,0.00053755654
2012-07-16,0.0009106731,0.0005237307,0.00019096893,0.0010698816,0.000530452,0.0007476023
2012-07-17,0.000108102206,0.00019103015,7.3597985e-05,0.00026557414,4.3289812e-05,4.2003492e-05
2012-07-18,0.001282922,0.0011612466,0.0009725966,0.0019341497,0.0011142616,0.0013132076
2012-07-19,0.0011803743,0.0010202593,0.0005346934,0.001823217,0.0010395882,0.0010301943
2012-07-20,-0.00040531956,-0.0005041341,-0.0006322574,-0.0010731212,-0.00063718954,-0.00033216583
2012-07-23,-0.0020281882,-0.001813985,-0.0013269148,-0.0035383452,-0.0018799251,-0.0018102956
2012-07-24,-0.0011464296,-0.0010742476,-0.00039278468,-0.001602221,-0.00073706446,-0.0012364117
2012-07-25,0.00015853852,0.0002973491,-8.078764e-05,0.0004322388,0.00017556408,0.00023805526
2012-07-26,-0.00143503,-0.0003305452,-0.0010930257,-0.0011364323,-0.00104893,-0.00030218833
2012-07-27,-0.001832388,-0.00046193734,-0.001185291,-0.0014456458,-0.0011402925,-0.0005329912
2012-07-30,0.00038475584,0.00065022474,0.0001869564,0.0010029046,0.00038626872,0.0009049547
2012-07-31,-0.00035570597,-0.00041770414,-0.00034972877,-0.0007145772,-0.0004330607,-0.00031546713
2012-08-01,-0.00073833123,-0.0006675323,-0.00045640938,-0.0010326986,-0.0005939756,-0.0007339996
2012-08-02,-0.0011086897,-0.0011036936,-0.00081252947,-0.0018974507,-0.0011770219,-0.0008505456
2012-08-03,0.0022242202,0.0021354945,0.0015441028,0.00345252,0.0020907994,0.0021015569
2012-08-06,0.00011951283,0.0001497658,0.00026721976,0.0003669719,0.00033326153,-0.00028997666
2012-08-07,0.0008401529,0.0005449244,0.00046692154,0.0008985524,0.00069006626,0.00065755966
2012-08-08,-0.0001751696,-1.8541996e-05,-0.0001442146,-6.252346e-05,-2.1744367e-07,-0.00016506124
2012-08-09,0.00033672346,0.00031063415,7.5377895e-05,0.0005584041,0.00031564143,0.00040381262
2012-08-10,3.8981987e-05,9.3846065e-05,-6.972851e-05,0.00010870581,9.252007e-06,0.00033338772
2012-08-13,-0.0008442017,-0.00076935504,-0.00028350216,-0.0013870612,-0.0008290401,-0.00080314995
2012-08-14,0.00015467255,7.3461546e-05,0.00017731049,0.00029035984,0.00022963092,-0.00016674121
2012-08-15,0.0006174372,8.402452e-05,0.00054752955,0.00036213253,0.00029083912,0.00012049265
2012-08-16,0.0015113378,0.0012485606,0.0008163348,0.0022279285,0.0012511642,0.0013608085
2012-08-17,0.00019781463,0.00029526805,0.00015655567,0.0004825691,0.00025749856,2.0133637e-05
2012-08-20,-0.00019445633,-8.591403e-05,2.402527e-06,-0.00019924619,-8.0102815e-05,-0.00024160367
2012-08-21,0.00043451687,0.0004819823,0.00017245363,0.0007834242,0.00047974335,0.00040487552
2012-08-22,-0.00071688753,-0.00036998958,-9.16761e-05,-0.0008139358,-0.00040833684,-0.000834112
2012-08-23,-0.0011617166,-0.00097522454,-0.00026219076,-0.0017198831,-0.00091783865,-0.0013096931
2012-08-24,-3.7918286e-05,4.373159e-06,8.8335364e-05,-7.307878e-05,-9.578282e-05,-0.00012454533
2012-08-27,-0.00011167513,-7.452254e-05,-0.00019161734,-4.656342e-05,-3.649342e-05,-1.4823812e-05
2012-08-28,-0.00013953976,-0.00015753857,-8.257845e-05,-0.00028475426,-0.00013296341,-0.00031422876
2012-08-29,7.557642e-05,-1.2848675e-05,3.7815546e-05,-5.7421894e-05,-1.4591889e-06,-0.000109131564
2012-08-30,-0.00095344824,-0.0011560229,-0.0006465948,-0.0019625241,-0.000947732,-0.001749875
2012-08-31,0.0012663803,0.0013390374,0.00093466294,0.0023115508,0.0011503125,0.001676079
2012-09-03,0.00021221644,0.00010378581,-4.0902938e-05,0.00029423073,0.000117584204,0.00030881612
2012-09-04,0.00026052055,-0.00020723589,8.677277e-05,8.506386e-05,2.1390199e-05,-0.00020375733
2012-09-05,4.332362e-05,-0.0002471853,3.965483e-05,-0.00021379534,-7.5338845e-05,-0.00031884803
2012-09-06,0.00023952781,0.0015115321,0.00018918152,0.0019298139,0.00074732536,0.0019479468
2012-09-07,-2.380805e-05,0.0010712176,0.00027607213,0.0010955048,0.0005006518,0.0010783704
2012-09-10,-0.000864279,-0.00093547,-0.00068570155,-0.0014716454,-0.00084015756,-0.0011975316
2012-09-11,0.000995675,0.000930976,0.0006395133,0.0015115994,0.0008885847,0.0011524636
2012-09-12,0.0007377532,0.00077634695,0.00046784474,0.0011699636,0.0006650204,0.0008885075
2012-09-13,0.0027427042,0.0027590329,0.0019639959,0.004677133,0.0024196957,0.0031339042
2012-09-14,0.0024644302,0.0021198913,0.0015300224,0.0037109393,0.0021808008,0.0026490581
2012-09-17,-0.0012946327,-0.0014121429,-0.0007747809,-0.0025352354,-0.0013214425,-0.0015443935
2012-09-18,-0.0011325658,-0.0008679063,-0.0005810472,-0.0016614759,-0.0009173122,-0.0011317922
2012-09-19,0.00020679012,0.00034818085,0.0002964551,0.00038966537,0.00022725474,0.00013350509
2012-09-20,-0.0014153013,-0.0013381911,-0.0008104752,-0.0023976194,-0.0012705988,-0.0013303265
2012-09-21,0.00019042433,0.00050000596,0.00018832689,0.0007208278,0.00035032246,0.00033120354
2012-09-24,-0.00089855376,-0.0009416162,-0.00040265167,-0.001607802,-0.0007270707,-0.001186023
2012-09-25,-0.0017415142,-0.0015896619,-0.0012967467,-0.0028256604,-0.0013501601,-0.0019744695
2012-09-26,-0.0013251747,-0.0016138676,-0.0011243492,-0.0027983014,-0.0012941784,-0.0018998209
2012-09-27,0.0008042219,0.0015735211,0.000893037,0.0021712026,0.0009519473,0.0016595057
2012-09-28,-0.0004705458,-0.0005461155,-0.00042962498,-0.0009489131,-0.0004561194,-0.0009512655
2012-10-01,0.00035027377,0.00047143654,0.00026601445,0.0007646626,0.00030767365,0.0007851129
2012-10-02,0.00034175834,0.00037407744,0.00020981618,0.0006379443,0.00026812466,0.00051816483
2012-10-03,0.00024444459,-8.655261e-05,-2.9395716e-05,0.00020606615,3.7786274e-05,4.4316042e-05
2012-10-04,0.00011323729,0.00093498186,0.00019536416,0.0009691711,0.00045186872,0.00094940007
2012-10-05,5.1250776e-05,4.2314354e-05,3.806024e-05,9.050913e-05,-2.529262e-05,0.0002456887
2012-10-08,-0.00044724418,-0.00083972665,-0.00046517374,-0.0012902818,-0.0007269783,-0.0008603054
2012-10-09,-0.0016344956,-0.0014954633,-0.0009278827,-0.002182748,-0.0012615044,-0.0022070913
2012-10-10,-0.0009779086,-0.0011116373,-0.00054249057,-0.0015046532,-0.00081560103,-0.001456327
2012-10-11,-1.3073252e-05,0.00054434914,0.00014231273,0.00066723453,0.0003180825,0.00035814926
2012-10-12,0.000101834594,-0.0004042227,1.2818003e-05,-0.00036803476,-0.00026226908,-0.00028623283
2012-10-15,-8.921734e-05,0.00032956398,-9.126054e-05,0.00025830165,4.9090413e-05,0.000574016
2012-10-16,-0.00094104826,0.000403523,-0.0004702255,0.0001505423,-9.71282e-05,0.0005990265
2012-10-17,0.00016418933,0.00072793115,0.00015120117,0.0007329622,0.0004550884,0.0011522744
2012-10-18,-0.00014711253,-0.00014343661,8.787812e-05,-1.116218e-05,1.0739118e-05,-0.00041554414
2012-10-19,-0.001370947,-0.0021241955,-0.0014102156,-0.002306927,-0.0014656716,-0.0024014544
2012-10-22,-0.00033932694,-0.00026520842,-8.0725826e-05,-0.0003332953,-0.00014265567,-0.0002575496
2012-10-23,-0.00040560542,-0.0014010802,-0.00066397403,-0.0014877348,-0.0006469543,-0.0013662811
2012-10-24,-4.8486138e-05,-9.321869e-05,0.00019774918,-0.000111697314,-2.937812e-06,-0.00032463964
2012-10-25,-0.00028238073,0.00014386523,-8.704187e-05,-0.00010022767,-3.749648e-05,0.00018951047
2012-10-26,-0.00042540862,-0.0003106361,-0.00021766964,-0.0006016453,-0.0003274697,-0.00046903864
2012-10-29,-0.00010878243,-0.00025728214,6.121969e-05,-0.000314699,-0.00017625137,-0.00022414363
2012-10-30,-0.0002865933,-3.412943e-05,-9.5151336e-05,-0.00010819016,-0.000116572046,-0.0001765777
2012-10-31,-6.317251e-05,0.000121895806,-2.3584325e-06,0.00015190562,4.9900456e-05,0.00024646395
2012-11-01,-0.0009070717,-3.8186427e-05,-0.00067116664,-5.0568597e-05,-6.010201e-05,-0.00016604374
2012-11-02,0.0009777384,-0.00026040277,0.00037004706,-9.019154e-05,1.0527108e-05,-0.0003404914
2012-11-05,-0.0007486115,-0.00035340944,-0.0003945727,-0.00060796115,-0.00039644932,-0.0008120102
2012-11-06,-0.0010660155,9.4194234e-05,-0.00025856154,-0.00019273518,-0.00011917206,-0.00042451842
2012-11-07,0.00086194585,-0.00069360423,0.00037166744,-0.0007161051,-0.0004922108,-0.00076190283
2012-11-08,0.00016142325,-0.0004589179,0.000262202,-0.00086106645,-0.00049979787,-0.00049794634
2012-11-09,-0.0006978897,-0.00045806938,-0.00037998802,-0.00072659616,-0.00045659704,-0.00079137384
2012-11-12,0.00033015045,-5.0745844e-06,9.796911e-05,7.740659e-05,7.5664095e-05,0.00026570974
2012-11-13,0.0006318654,0.00024052545,0.00033650672,0.0002737107,0.00018603941,0.00035979162
2012-11-14,0.0014188779,0.00021739736,0.00071000727,-7.0747476e-05,-5.6549947e-05,0.00095925416
2012-11-15,-0.000102110054,-0.00029334347,-0.00031404427,-0.0007490684,-0.0005502356,-0.00022259277
2012-11-16,-0.00075798156,-0.00022222921,-0.00024649978,-0.0004452425,-0.00027022575,-0.0005452693
2012-11-19,-0.0035514855,-0.00054298306,-0.0014696455,-0.0007456781,-0.00044657761,-0.0025652233
2012-11-20,-0.00036077583,-0.0002185277,-0.00022605863,-0.00041435056,-0.00018812607,-0.00013842258
2012-11-21,2.2704315e-05,0.00028223798,-5.2205716e-05,0.00033237322,0.00030270644,0.00020318765
2012-11-22,0.00032179832,0.0004963329,0.0002989014,0.00064868346,0.0004435929,0.00040801635
2012-11-23,-0.00094837655,0.0005060971,-0.00034673017,0.00053426146,0.00042088298,-0.00024634512
2012-11-26,0.00021831434,0.00015216687,1.141304e-05,0.00019960565,0.00015618953,0.0003016429
2012-11-27,-0.00060688134,-0.00045744138,-0.00036231658,-0.0007309225,-0.0004054516,-0.000602361
2012-11-28,-0.00031991384,0.00014677242,-7.0058624e-05,-2.8178156e-05,-0.00011823797,-4.105839e-05
2012-11-29,0.0012344226,0.0014691803,0.0009151213,0.0019578603,0.0012081923,0.0013588243
2012-11-30,-0.00024410062,-0.00020504792,-1.207093e-05,-0.00034089616,-0.00017178453,-0.00024523868
2012-12-03,0.0004054089,0.0002877331,0.00014050637,0.0004901976,0.00029218436,0.0003711282
2012-12-04,-0.00014573695,-0.00014287147,8.367628e-05,-0.0002463003,-4.733352e-05,-0.000115339164
2012-12-05,0.00021480008,0.00045141563,0.00039491008,0.00070730154,0.00043256528,0.00028115636
2012-12-06,0.0004341001,0.0005774414,0.00032371774,0.00068226026,0.00028023103,0.00054844265
2012-12-07,-0.0007119159,-0.00030213228,-0.00030880453,-0.00071088294,-0.0005041499,-0.00046263388
2012-12-10,0.00034985604,0.000434189,0.00029933447,0.0007111545,0.00029005032,0.00040387368
2012-12-11,0.0010386633,0.0010734203,0.00089621666,0.0015601,0.0007457357,0.0010774786
2012-12-12,0.0011448476,0.0009915121,0.0006490334,0.0013708537,0.0008111384,0.0010350603
2012-12-13,-0.0003692274,-0.00065941457,-0.00070307107,-0.0009914405,-0.00033754567,-0.00030857837
2012-12-14,0.00048211848,0.00054762844,6.388015e-05,0.00085781305,0.00052654237,0.0005073463
2012-12-17,0.0016094897,0.0014902111,0.0009640859,0.0023091917,0.0011748612,0.0017988852
2012-12-18,0.0018787179,0.001623787,0.0015516124,0.0028272422,0.0013600857,0.0018392301
2012-12-19,0.00031072766,0.0002540114,-6.490441e-05,0.000301331,0.00033597028,0.0002458501
2012-12-20,0.00073736557,0.00041084483,0.00078420225,0.0011360061,0.0006153972,0.00059053395
2012-12-21,-0.0023258536,-0.0019274208,-0.0016778967,-0.0035706037,-0.0017507527,-0.0022912659
2012-12-24,-0.00089961704,-0.00087750435,-0.00051864,-0.0013878603,-0.00063132966,-0.0010873656
2012-12-25,0.0003236842,0.00028964508,7.504129e-05,0.00044544434,0.00024041581,0.0003269135
2012-12-26,0.00030730537,0.00019812079,-0.0001896542,0.00030535428,0.000240987,0.00028158978
2012-12-27,0.0010051482,0.00080783013,0.00027330796,0.0011883688,0.00064085383,0.00092324644
2012-12-28,-0.00020374532,-0.00051231374,-0.00063579984,-0.00075654284,-0.0002277685,-0.00037138924
2012-12-31,0.00023890602,0.0009409727,0.0003437627,0.001149149,5.149912e-05,0.0008056077
2013-01-01,-9.058523e-05,7.424961e-05,-5.2269093e-05,7.469982e-05,-8.738383e-05,1.0471438e-05
2013-01-02,0.0028468287,0.003656128,0.0017929247,0.005237397,0.0020827674,0.0038100947
2013-01-03,-0.0004988915,-0.00055236084,-0.00073705293,-0.0007854338,-0.0004890318,-0.00047079974
2013-01-04,-0.00011047307,3.800655e-05,9.654809e-05,8.088932e-05,-8.95518e-05,-9.284481e-05
2013-01-07,-0.0007207936,-0.0005935883,-0.00077979814,-0.0009983999,-0.0005427783,-0.0006751864
2013-01-08,-0.0018024277,-0.0014928465,-0.00081536366,-0.0024152661,-0.0011559578,-0.0017414594
2013-01-09,0.0008626433,0.00081079424,0.0006078842,0.001385045,0.0005463446,0.00081027957
2013-01-10,0.0016887643,0.0019379327,0.00088052766,0.0028165157,0.0012689311,0.0021353955
2013-01-11,0.0001152111,0.00026622287,-0.00048601828,6.259492e-05,1.2568736e-05,0.0004456567
2013-01-14,-3.6551246e-05,0.00040146173,2.818738e-05,0.0003632799,9.255449e-05,0.00016737379
2013-01-15,9.706382e-05,0.00013438368,5.2695665e-05,0.00033965847,0.00023944337,-0.00012955551
2013-01-16,-0.0010770068,-0.0008106052,-0.00042585828,-0.0011105329,-0.0005390788,-0.0012101491
2013-01-17,0.0020143022,0.0016773304,0.0011016203,0.0026432986,0.0012478261,0.0018530288
2013-01-18,0.0013951659,0.00139029,0.0003767981,0.0020400358,0.0009771388,0.0014199507
2013-01-21,0.00018763855,8.1221886e-05,-7.806055e-06,0.00020104833,0.00016298378,0.000106026346
2013-01-22,0.00018646805,0.0004265876,0.00046832225,0.00092037406,0.00039967502,0.00024368337
2013-01-23,-0.00045638016,-0.0005254001,3.7935977e-05,-0.00059554906,-0.00027377805,-0.0005346998
2013-01-24,0.0009274141,0.00070072414,0.0002492288,0.0012662882,0.00058000855,0.0009855279
2013-01-25,0.0017318893,0.0015621214,0.00041493072,0.002186298,0.0009135515,0.0017674762
2013-01-28,0.00028792166,0.0001922966,0.00012901703,0.0002295734,9.921654e-05,0.000303308
2013-01-29,0.0011467468,0.0012448188,0.0003890239,0.0019326181,0.00087335735,0.0012357824
2013-01-30,5.2965304e-05,-4.76003e-05,0.00038157677,-0.0004935617,-8.203048e-05,-3.6619847e-05
2013-01-31,-0.000851296,-0.000934847,-0.00011231618,-0.0014306698,-0.00067348673,-0.0008900942
2013-02-01,0.0026638287,0.0026013,0.00080369756,0.003630436,0.0015091085,0.0030990515
2013-02-04,-0.002060102,-0.0025121456,-0.00077943737,-0.0040703034,-0.0016831413,-0.0025050251
2013-02-05,1.6687018e-05,0.00036815574,0.0002583042,0.00063966605,6.648558e-05,0.00020864549
2013-02-06,0.0013148638,0.0008213702,0.00017251183,0.0013064541,0.0007157481,0.0011946578
2013-02-07,-0.0014265997,-0.0016945427,-0.0004724016,-0.002309462,-0.0010291655,-0.0018764031
2013-02-08,-0.0006646339,0.00024046938,-9.169599e-05,0.00048488824,-7.925239e-05,0.00010546274
2013-02-11,-0.00067921274,-0.00068541453,-0.000101673715,-0.00094790343,-0.00040105954,-0.000507857
2013-02-12,0.001543983,0.0015442291,0.00033011066,0.002166684,0.0008438122,0.0019099655
2013-02-13,4.9377784e-05,0.00012246321,-3.6891477e-05,6.845692e-05,-8.0335936e-05,0.00027186802
2013-02-14,0.00019326729,-8.397324e-05,-7.493551e-05,-0.00013695283,6.333511e-05,7.3135176e-05
2013-02-15,-0.00035876525,-0.000691484,-8.164012e-05,-0.0009126446,-0.00030821518,-0.0006978721
2013-02-18,0.00011170518,0.00012263021,3.079349e-05,0.0001674795,4.762664e-05,0.00011679091
2013-02-19,0.0007145648,0.0012658448,0.00024145856,0.0017037869,0.00062751374,0.0013075938
2013-02-20,-0.0006688312,-0.0016047388,-0.00018475327,-0.0021163996,-0.0007679501,-0.0015139394
2013-02-21,-0.0013657928,-0.002592226,-0.00045341894,-0.0031695291,-0.00090305833,-0.0029189421
2013-02-22,0.00016649519,0.0010513542,0.00020538621,0.001560964,0.00046221353,0.00069694116
2013-02-25,0.0001303732,-0.00085093785,-0.00023242492,-0.0011563607,-0.00028191303,-0.0009767695
2013-02-26,-0.00057802245,-0.00092960714,-3.3220545e-05,-0.0011945891,-0.0003763215,-0.0011573065
2013-02-27,-0.0008420272,0.0005668347,-0.00022469863,0.00058771175,-8.941566e-05,0.0003980094
2013-02-28,0.00029547332,0.0004536034,0.00017410025,0.0007475652,0.0003027333,0.00060623133
2013-03-01,0.0009761889,0.0007471825,0.00026979344,0.0011371296,0.0005924072,0.00094998674
2013-03-04,0.0003370882,4.0631177e-05,0.00011386443,8.697204e-05,9.982256e-05,0.00026440775
2013-03-05,-0.0003849328,0.0011258655,6.394575e-05,0.0009237225,0.00013656131,0.00070507976
2013-03-06,-0.00015159952,0.000106641,-0.00029178555,0.00015479782,-7.6458105e-05,0.00033839504
2013-03-07,-0.00020408575,0.00035396812,-5.6059333e-05,0.00012925797,2.6584808e-05,7.286952e-05
2013-03-08,0.0005445289,0.0009920014,0.00014000363,0.0013023136,0.0004645343,0.0012596892
2013-03-11,0.0007664618,0.0005554041,0.00030838454,0.0007420122,0.00037630004,0.00060298736
2013-03-12,-0.0005498926,-0.00040979125,-0.00022331248,-0.0005935041,-0.00033108087,-0.00047934285
2013-03-13,2.4200548e-05,-0.00049764547,-9.557086e-05,-0.00046165148,-5.04517e-05,-0.00015901311
2013-03-14,0.00090737577,0.0012003208,0.00039816016,0.0018245485,0.00074468396,0.0007198264
2013-03-15,-0.00066011277,-0.00050862675,-0.0004910714,-0.0007856523,-0.00043883757,-0.000603892
2013-03-18,-0.0015597051,-0.0020003263,-0.0005952459,-0.0028560164,-0.0011949477,-0.0016737632
2013-03-19,5.46679e-05,-0.0002806588,5.829877e-06,-0.0005109094,-2.240486e-05,0.00013027659
2013-03-20,0.00074824545,0.0010557311,0.00026512172,0.0018313214,0.0006690608,0.0006095137
2013-03-21,-0.0011586391,-0.0011977175,-0.0004954649,-0.0019577236,-0.0007190582,-0.0011905391
2013-03-22,0.0004046028,0.00055261084,0.00020322636,0.0009355483,0.00044999344,0.00042856036
2013-03-25,-0.0011206872,-0.00096541096,-0.00057107804,-0.0015718067,-0.00087677926,-0.0010137659
2013-03-26,0.00080161664,0.0011414813,0.0002456413,0.00189843,0.00082379533,0.0009959141
2013-03-27,0.00045426702,0.0005107158,0.0002203294,0.00066635566,0.00032620862,0.0004973302
2013-03-28,0.00017209548,3.368627e-05,2.7210655e-05,0.000100149824,4.7585113e-06,0.00033749803
2013-03-29,-0.00035012135,-0.00023552465,-0.00014290448,-0.00037348372,-0.00019962643,-0.00039096337
2013-04-01,-0.0011793739,-0.000913382,-0.00022997332,-0.0013561182,-0.0005834078,-0.0013670054
2013-04-02,0.00031413775,0.0005377154,0.00014498326,0.0006652491,0.00012742663,0.00072719576
2013-04-03,-0.0006714644,-0.0012648156,-0.00031331694,-0.0019987284,-0.00085266976,-0.00084269803
2013-04-04,0.00035268534,0.00029581523,0.0002736208,0.00034829343,9.9286415e-05,0.0003955536
2013-04-05,-0.00041209967,-0.00013538334,0.00061558885,-9.695386e-05,1.2064827e-05,-0.0002663977
2013-04-08,-0.0012045389,-0.00025072094,-0.00034510792,-0.0005196513,-0.0005649428,-0.00067552266
2013-04-09,-0.00073704496,0.0002537993,-7.836612e-05,0.00011397965,-0.00019777539,-0.00039120158
2013-04-10,-3.763895e-05,0.0010283358,-0.00025300757,0.0013427968,0.00037092762,0.00093113305
2013-04-11,0.0009537517,0.0011132279,0.0003473513,0.0015900979,0.00072114094,0.0011994599
2013-04-12,0.0015806683,0.00040194555,0.000675085,0.00088438345,0.00061364897,0.0012488217
2013-04-15,-0.0018855613,-0.0034036993,-0.00036189146,-0.005068842,-0.0018387204,-0.0023755715
2013-04-16,-0.0009501868,0.00031906628,-0.00029087887,0.00030702577,-0.0002360291,-0.000700723
2013-04-17,0.0011934522,-0.00013857962,0.00034588747,0.00018808049,0.00051711185,0.00056860165
2013-04-18,-0.0005848663,-0.00041239584,-0.00021709893,-0.00086564897,-0.00038809137,-0.0006166394
2013-04-19,-0.00067991315,0.0002358897,-0.00034051732,0.0002345353,-0.00017500752,-0.00021792404
2013-04-22,-0.00031112516,0.00013038899,3.1629716e-05,0.00014291069,-0.00016855416,-2.8466143e-06
2013-04-23,-0.00079332653,-3.536603e-05,-0.00060391147,0.00012336849,-0.00019550836,-5.696103e-05
2013-04-24,-0.0009514329,2.1722167e-06,-0.00020238255,-9.954471e-06,-0.00019026375,-0.00050549564
2013-04-25,-0.000687867,9.490022e-05,-0.00012715522,0.00036156757,7.31333e-06,-0.000467743
2013-04-26,-0.00018257437,-0.00019446567,-0.00010628067,-0.00022420738,-6.626563e-05,-0.000104236045
2013-04-29,0.00052297546,0.0010431374,0.00058130984,0.0016985246,0.0007975063,0.0006568501
2013-04-30,0.0005313197,0.0007805873,0.00044013813,0.0010401664,0.00040915856,0.0006156643
2013-05-01,-0.0011743642,-0.001472289,-0.0007943894,-0.0023441773,-0.0011550671,-0.001228609
2013-05-02,0.000553391,0.00077370036,0.00060774374,0.0013160304,0.0006026744,0.0005195953
2013-05-03,9.274153e-05,0.0004799729,0.00012162007,0.0007462895,0.00035842755,0.0002329691
2013-05-06,0.00059186126,0.00062829594,0.0004602205,0.0012430706,0.00048556217,0.00069566607
2013-05-07,0.0012696808,0.001166442,0.00062051293,0.0017235271,0.0008119847,0.001214346
2013-05-08,0.0016893402,0.0016322092,0.0010340755,0.002791401,0.001256852,0.0016418892
2013-05-09,-0.00071171654,-0.0008262812,-0.000256669,-0.0015223003,-0.0007093647,-0.0007762694
2013-05-10,0.0008321057,0.00047069864,0.0004168831,0.00077830115,0.00045036944,0.000618665
2013-05-13,-0.00045428873,-0.0005173091,-0.00033258373,-0.0011016761,-0.000328884,-0.00063848874
2013-05-14,0.0014179165,0.0011967494,0.0007816528,0.0022222593,0.0008245684,0.001352567
2013-05-15,0.0006930906,0.0007111902,-9.267098e-06,0.0011052566,0.00033889266,0.00079813245
2013-05-16,-0.0007471093,-0.00053862855,-0.00023769432,-0.0011245491,-0.00052255584,-0.0007573359
2013-05-17,0.002571181,0.0019360041,0.001027823,0.0034870864,0.00164664,0.0022550437
2013-05-20,0.00031671365,0.00058402185,0.00034971425,0.00086979766,0.0003425448,0.00031676106
2013-05-21,0.0002442168,0.00027893003,7.793049e-05,0.0003602845,0.00011048105,0.00033501087
2013-05-22,-0.00034244012,-0.00093722896,-4.0660172e-05,-0.0017057842,-0.0005993699,-0.0007266871
2013-05-23,-0.0028409474,-0.0026659595,-0.0018963304,-0.0047350684,-0.0018963438,-0.0028854345
2013-05-24,-0.0007119732,-0.0007850787,-0.0003137722,-0.0011287855,-0.00046990378,-0.0009407554
2013-05-27,7.994225e-05,-2.7473201e-05,0.00019870016,-9.4982046e-05,-0.00011434026,5.5799883e-05
2013-05-28,0.0024055117,0.0018348839,0.0010633282,0.0029099286,0.0013317687,0.0023694006
2013-05-29,-0.0005006853,-0.0009419624,-0.00043756815,-0.0011586683,-0.00020864715,-0.0009484018
2013-05-30,-9.7093936e-05,-0.00011355929,-0.00022336877,0.00013550543,-8.7094185e-07,-0.00024770797
2013-05-31,-0.0003850699,-0.0016235302,-0.00022009254,-0.0021553987,-0.0006413179,-0.001392527
2013-06-03,-0.0005497056,8.349879e-06,-0.00042830044,-0.00010447375,-0.00013956676,-0.0005573914
2013-06-04,-0.0005958249,-0.000686199,-0.00023158181,-0.0010468205,-0.0004447668,-0.0008416137
2013-06-05,0.0013484132,-0.0006592558,0.0003615778,-0.00038026518,0.0004523599,-0.00010052254
2013-06-06,0.0007213587,0.00074243813,0.000116051844,0.0012322505,0.00054754777,0.0007243133
2013-06-07,0.00033988027,0.0005528074,-0.00038905567,0.00029453394,-7.933915e-05,0.0007569051
2013-06-10,0.0009950344,0.0004502332,0.00018124976,0.00034240773,5.71792e-05,0.0011443243
2013-06-11,0.0016759604,0.00017996687,0.0008156016,0.0009228611,0.0008682384,0.0004985776
2013-06-12,0.0018767554,0.00014526532,0.0004604087,0.0006604986,0.0007585858,0.00077567715
2013-06-13,-0.0017815796,-5.0622402e-05,-0.00040646925,-4.1414136e-05,-0.0003356547,-0.0010710881
2013-06-14,-0.001275015,-0.00081623794,8.863281e-05,-0.0012472253,-0.00046774134,-0.0015298127
2013-06-17,-0.00064432196,-1.4785118e-05,-0.00038413922,-0.00021614536,-0.0002804944,6.4578155e-05
2013-06-18,0.00017577104,0.0006748503,-4.0729647e-05,0.0008546339,0.00024035238,0.00079676317
2013-06-19,0.0008371657,-0.00058924884,-0.00014265966,-0.001156307,-0.00040391856,-8.754545e-05
2013-06-20,0.0032510543,-0.000950314,0.00032535003,-0.0017777664,-0.0006194036,0.001470169
2013-06-21,0.00085753977,0.00043328002,-2.0293657e-05,0.0005437101,0.000274503,0.001008589
2013-06-24,0.002036573,0.00027229462,0.0007327465,0.00012911305,0.000602418,0.001510853
2013-06-25,-0.0012114807,-0.00020290221,-0.00018314915,-0.00020999824,-0.00026025524,-0.00088033185
2013-06-26,-0.0018853778,-0.0004091604,4.4068212e-05,-0.0002708383,-0.0002868168,-0.0015222309
2013-06-27,-0.0022347416,-0.0006454542,-0.00016651547,-0.00066492223,-0.00050020707,-0.0016444597
2013-06-28,-0.0006486188,-0.0002780711,9.902083e-05,-0.00040256337,-0.00023503389,-0.0006822172
2013-07-01,-0.0006295017,1.4440341e-05,-0.00026517833,2.0382042e-05,-0.00018568293,-0.0001312022
2013-07-02,-8.976154e-05,5.9135753e-05,4.9067232e-05,3.2946975e-06,1.68294e-05,-0.00020486579
2013-07-03,0.0004184311,0.0001459074,-7.4976604e-05,5.504933e-05,2.2668123e-06,0.0004065054
2013-07-04,-0.00042577906,0.0001440847,-6.146224e-05,0.0004453615,8.540755e-05,-9.5630334e-05
2013-07-05,0.0014618331,0.0007361747,0.00045573793,0.00097639975,0.0006931163,0.0011597672
2013-07-08,-0.0003761269,0.0003678934,2.3640863e-05,0.00077321474,0.00030250158,2.6865484e-05
2013-07-09,-0.00013235607,0.0005227431,0.0003056596,0.0009219828,0.00041585192,4.6903464e-05
2013-07-10,6.6602566e-05,0.00012940147,3.3003736e-05,0.00034312924,0.00019750421,-7.173521e-05
2013-07-11,-0.0020901794,0.00020436365,0.0005021403,0.0004255063,-0.00022642799,-0.0009548439
2013-07-12,0.0007770504,0.0004425024,0.0003857528,0.0005541227,0.0002261234,0.0008080779
2013-07-15,-0.00026004712,-9.746606e-05,8.9484e-05,-0.00012609187,-0.00013840901,-0.00013222362
2013-07-16,-0.0009789661,-0.0006968123,-0.0005779021,-0.0010393929,-0.0003464822,-0.0010901225
2013-07-17,0.00030955515,0.00026776173,0.00034553843,0.00062476064,0.00020483292,-0.00013344148
2013-07-18,0.00059660635,0.00082701177,0.000606982,0.0013477452,0.00038808936,0.0008055077
2013-07-19,2.3558758e-05,0.00016731769,6.848464e-05,0.00018404283,4.0346007e-05,6.869623e-05
2013-07-22,0.00028120526,0.00030665196,0.00014837133,0.0006188069,0.0002441669,0.000116160714
2013-07-23,0.00018879262,0.00022762704,-1.6241604e-05,0.00022128155,0.00013512831,5.3928507e-05
2013-07-24,-0.0005219025,-0.0007165384,-0.00013461501,-0.0012993607,-0.0005181713,-0.00056240644
2013-07-25,0.00044946888,0.00043622585,0.00025601088,0.0005695777,0.00028318545,0.000673104
2013-07-26,-0.0002935116,-0.00046871937,-0.00030324925,-0.00065727223,-0.00011653164,-0.00055541546
2013-07-29,-0.00084092707,-0.0010119596,-0.0008258553,-0.0016797257,-0.00058700884,-0.0008560759
2013-07-30,-0.0001699694,-0.00015345693,-7.291332e-05,-0.00030152756,-0.00021645009,4.130871e-05
2013-07-31,2.1350508e-05,0.00022020807,2.4310872e-05,0.0001456101,5.9882634e-05,0.0003326954
2013-08-01,0.00189514,0.001898711,0.0012025143,0.003146477,0.00088734506,0.002474403
2013-08-02,-0.00010896251,0.00042610502,0.00028949624,0.000573491,2.72641e-05,8.827851e-06
2013-08-05,-9.369878e-05,-0.00023455005,-9.870043e-05,-0.00035188283,-0.00014472893,-0.00016929505
2013-08-06,-0.0009927588,-0.0012445905,-0.0009412393,-0.0021033133,-0.00068268477,-0.0012732196
2013-08-07,-0.0005794211,-0.00073733326,-0.00029634623,-0.0011497345,-0.00028378097,-0.00085120846
2013-08-08,0.0007779761,0.0012986375,0.00076713937,0.001892679,0.0005630123,0.00083138375
2013-08-09,-0.0005829045,-0.00028845764,-0.0003041551,-0.00062936265,-0.00033309008,-0.00048144773
2013-08-12,-0.0007765914,-0.00033931373,-0.0002073821,-0.00057675753,-0.00031497428,-0.0005815365
2013-08-13,7.867628e-05,0.00039353681,9.018074e-06,0.00049511675,-0.00023033157,0.00065902853
2013-08-14,-0.00026920237,-3.235971e-05,-0.00013210934,-0.00018143315,-9.499766e-05,-0.0004271128
2013-08-15,-0.0010306884,-0.0015989402,-0.0010816839,-0.0026203732,-0.0007274602,-0.0018229305
2013-08-16,0.000947185,0.00037180167,0.0003630772,0.0006798887,0.00049998134,0.000872844
2013-08-19,-0.0001454536,-0.00062095607,-0.00019743489,-0.0006648414,8.275595e-05,-0.0007218091
2013-08-20,-0.0007635088,-0.00050966867,-0.0004719342,-0.0012694142,-0.00070975325,-0.00030724765
2013-08-21,0.00016805444,-0.0007001535,-1.32780615e-05,-0.0004739862,0.0001294403,-0.00051427115
2013-08-22,-9.145479e-05,0.0007911838,9.211281e-06,0.0006428145,-0.00018178562,0.0008931073
2013-08-23,-0.00082825974,0.00024070118,-0.00020950078,4.0780873e-05,-0.000307378,-0.00020423974
2013-08-26,-0.0003010759,-0.00031966312,-5.9575705e-06,-0.00033758677,1.8368304e-05,-0.00061462016
2013-08-27,0.0005727114,-0.00082508236,0.0001615235,-0.000657958,0.00029605918,-0.0005952842
2013-08-28,0.00060482393,0.00025204217,-4.8323018e-05,0.00044820554,0.00020928949,0.0004332952
2013-08-29,-0.0017863663,-0.00097393064,-0.0010359526,-0.0015858321,-0.0009914408,-0.0013861288
2013-08-30,-0.00023375243,-0.0005764844,8.496987e-05,-0.0006124461,-0.00017631822,-0.00067887414
2013-09-02,-0.00059204537,-0.00011302587,-0.0003586281,-0.00042698413,-0.00039400623,-0.00014289915
2013-09-03,-5.0705083e-05,0.00049552426,-6.255274e-05,0.0005014722,1.4673062e-05,0.00042200537
2013-09-04,-0.00083469955,-0.00020457715,-0.0005666546,-0.0004707113,-0.0003424509,-0.0002874582
2013-09-05,-4.011828e-06,8.781325e-05,0.00012684015,-1.5686444e-05,8.452375e-05,7.682543e-05
2013-09-06,-0.00061149563,0.00015045312,-0.00032099304,0.0001982276,-9.122734e-05,-0.00027693997
2013-09-09,-0.0004976965,0.0003168964,0.00014099764,0.00033115337,8.081957e-06,7.593147e-05
2013-09-10,2.8427714e-05,0.0004916473,0.0004138019,0.00056680595,0.00018144645,0.0004844632
2013-09-11,0.00037881982,0.0006189497,0.0003656329,0.0009794872,0.00051381305,0.0005550591
2013-09-12,-0.0007508388,-0.0007993548,-0.00059246144,-0.0011153256,-0.0005015718,-0.0009885693
2013-09-13,0.00018258925,0.00025125185,0.00024948336,0.00041072853,0.00016728476,0.00038545651
2013-09-16,0.0012656214,0.0012540428,0.00093400653,0.0021400114,0.0010130272,0.0013653408
2013-09-17,0.00013833081,1.0485867e-05,0.00026739037,0.000118661286,7.2928495e-05,3.6285106e-05
2013-09-18,0.0031300504,0.003486293,0.0021672463,0.0056168,0.0025569387,0.003317392
2013-09-19,0.0006671802,0.000342293,0.00036194714,0.00090105605,0.0004924862,0.00043799065
2013-09-20,-0.001517029,-0.0016966212,-0.0007428557,-0.002840857,-0.0012180532,-0.0016249212
2013-09-23,-0.0009999204,-0.0008284357,-0.00074306934,-0.0017022046,-0.00063600636,-0.001055562
2013-09-24,-0.00066102215,-0.0005186599,-0.00045849048,-0.000955437,-0.00043401585,-0.0005579814
2013-09-25,-0.0008725695,-0.00054888765,-0.00040015363,-0.0011433423,-0.0005280646,-0.0007939483
2013-09-26,0.00016758725,0.00038802126,0.00015691794,0.00055406184,9.002189e-05,0.00027852433
2013-09-27,-1.46993625e-05,-0.00019870065,-0.00016327466,-0.00021405089,-1.6062302e-05,-8.714444e-05
2013-09-30,-0.00093685504,-0.0014004252,-0.00090149225,-0.0021998978,-0.00065070245,-0.0012122203
2013-10-01,0.0012717451,0.0015720238,0.00091601815,0.0022961427,0.0007898654,0.0014902302
2013-10-02,-0.00028210762,-9.996316e-05,-0.00019035206,-0.00014212298,-4.323412e-05,-0.00018873149
2013-10-03,-0.0004826165,-0.0009136648,-0.00044408522,-0.0013545717,-0.00047219917,-0.0007355334
2013-10-04,-0.00024526147,0.00021850108,1.8426055e-05,0.00015911844,-0.00011860948,0.00015950446
2013-10-07,-0.0010333597,-0.001123117,-0.0006928187,-0.0017063381,-0.0006672726,-0.0013364024
2013-10-08,-0.00010790186,-0.0008521496,-8.267642e-05,-0.0010537731,-0.00018864946,-0.0009024725
2013-10-09,0.00020317882,-2.5018859e-05,0.00015871145,1.6507547e-05,9.9148674e-05,0.00011434188
2013-10-10,-0.0018169093,0.000733378,-0.0015667119,7.585348e-05,-0.0010424365,7.345169e-05
2013-10-11,0.0003737066,0.00095989596,1.9350406e-05,0.00086977426,0.00013076789,0.0009911753
2013-10-14,0.00018674493,0.00029158196,0.00013432934,0.0003357481,0.00015615813,0.00035800267
2013-10-15,-0.00026696298,-0.0003456257,-0.00028731095,-0.00049200346,-0.0002729429,-0.0003134592
2013-10-16,0.00090892747,0.0013385359,0.00070662674,0.0016230633,0.00077304896,0.0013402783
2013-10-17,0.0010164715,0.0014170062,0.0008619443,0.0015640166,0.00066363806,0.0013946258
2013-10-18,0.0014342444,0.001620699,0.001133696,0.0022241422,0.0010520841,0.0018967994
2013-10-21,0.00037095015,0.00020579879,0.00011430038,0.00036205663,0.00012266892,0.00044987194
2013-10-22,0.0017111102,0.0017978555,0.0013033244,0.0025590614,0.0012295482,0.0016713794
2013-10-23,-0.0012449018,-0.0014830224,-0.0006855725,-0.002415396,-0.0011898869,-0.0013074103
2013-10-24,0.00040006544,0.0005029871,0.00040151758,0.0008953232,0.0003317416,0.00021578488
2013-10-25,-1.6135553e-05,0.00016503235,0.0002092199,0.00017743288,8.2313345e-05,-7.53196e-05
2013-10-28,-6.492807e-05,-5.016778e-05,-1.834434e-05,-3.7041893e-06,-6.637024e-05,-0.00015519226
2013-10-29,0.0002115276,0.00035398777,0.0004039757,0.00073053833,0.00019277165,0.00031320102
2013-10-30,-0.0013046528,-0.0010504135,-0.00085441885,-0.0019446963,-0.0008687572,-0.0012160718
2013-10-31,-0.0010139334,-0.0011714937,-0.0007309571,-0.0018416005,-0.0008312354,-0.0010472795
2013-11-01,-0.0014254736,-0.0014133849,-0.00052624376,-0.0022691793,-0.0010284246,-0.0014882449
2013-11-04,0.0004658407,0.000539609,0.00050529366,0.0010034613,0.00037864933,0.00071712775
2013-11-05,-0.0007112837,-0.0010200762,-0.00062685326,-0.0014784645,-0.0006662956,-0.0011232453
2013-11-06,0.0008195741,0.001152968,0.0008405587,0.0018912724,0.000791224,0.0011492283
2013-11-07,-0.001368993,-0.0019919842,-0.0012837847,-0.0031696167,-0.001296568,-0.0020776088
2013-11-08,0.00071055937,0.00041230867,0.00065440085,0.0011543746,0.0004761044,0.00027838736
2013-11-11,0.00012981895,0.0001551839,0.00016564428,0.00035559267,0.00018880109,-6.50891e-06
2013-11-12,-0.00024147735,-0.00057387614,-0.00025541784,-0.0007387578,-0.000304134,-0.0006831124
2013-11-13,-0.00017365845,6.894561e-05,0.000101143756,4.218546e-05,-4.8440812e-05,-1.6366927e-05
2013-11-14,-0.00022370645,0.0008136594,4.193641e-05,0.00072650705,8.356037e-05,0.0005538039
2013-11-15,-6.494963e-05,0.0007521956,8.743148e-05,0.00089506526,0.00017342856,0.00046858555
2013-11-18,-0.00077854254,-0.00022808094,-0.0005102119,-0.0005102314,-0.00038276022,-0.00022177934
2013-11-19,-0.0010263076,-0.0011499234,-0.00070142886,-0.0017013653,-0.00081539515,-0.001322349
2013-11-20,-0.00016206063,-0.0004761934,-4.1691193e-05,-0.00054900907,-0.0001310932,-0.000340434
2013-11-21,0.0008085933,0.0008094618,0.00062972424,0.0014889486,0.00078261126,0.0006931072
2013-11-22,0.0012370625,0.0013804587,0.0010351451,0.001997362,0.0008992849,0.0014072382
2013-11-25,-4.5752877e-06,1.5592455e-05,5.3767224e-05,3.7347425e-05,-8.927694e-05,5.4134045e-05
2013-11-26,-0.0002029331,-9.821703e-05,-7.412511e-05,-0.00024946063,-0.0001020496,-0.00020880689
2013-11-27,0.0013896842,0.0011755257,0.00086039363,0.0017919319,0.0009811502,0.0014768421
2013-11-28,0.0009861984,0.001013209,0.00069110777,0.0014536195,0.00072595204,0.0011186807
2013-11-29,0.00018543996,0.00039943686,0.00017134855,0.00041872004,0.00020449466,0.00025060796
2013-12-02,-7.930439e-05,-0.000603729,-0.00032316367,-0.00074348703,-0.00018016748,-0.00029890632
2013-12-03,-0.0012127775,-0.0012403855,-0.0007130424,-0.0019843443,-0.00085439323,-0.0015548047
2013-12-04,-0.00042402654,-0.0006039142,-0.0001898538,-0.0010799273,-0.00043537602,-0.00076501723
2013-12-05,0.0010909571,9.988645e-05,0.00052749057,0.000435113,0.00057530025,0.00046447778
2013-12-06,1.6898783e-05,0.00088571175,0.00013596103,0.0010691364,0.00014155293,0.0006885198
2013-12-09,0.00045651942,0.00081134494,0.00036930153,0.0014062016,0.0004626482,0.00066998886
2013-12-10,0.00018342255,3.0980893e-05,3.80699e-05,0.00011190537,6.975401e-05,-0.00013928176
2013-12-11,-0.00072983454,-0.0017317877,-0.000655218,-0.0024044968,-0.0009646066,-0.0015267262
2013-12-12,0.0005692,-0.0005267506,1.988328e-05,-0.00082556467,-0.000118949545,0.00020841639
2013-12-13,0.00035269134,0.00039844957,0.00011197239,0.0005225062,0.00025071314,0.0005270142
2013-12-16,-0.0015712085,-0.00028456963,-0.00073225005,-0.0005427429,-0.00056816253,-0.0010738588
2013-12-17,0.0006634081,-0.00012381517,0.00019920654,1.9992016e-05,0.00014728199,0.00033281298
2013-12-18,-0.0006379936,0.0008758779,-0.00052429846,0.0010360803,0.00031677334,0.0008311044
2013-12-19,0.0002521824,0.0006526818,0.00028886614,0.0008107552,0.00043973193,0.0007661715
2013-12-20,-0.0005638936,0.0003444015,0.00023619265,0.00017202657,-3.3496104e-05,-0.0002412783
2013-12-23,0.00023285479,0.00076550065,0.0004937141,0.00083915953,0.00038315653,0.0005948637
2013-12-24,0.0006928508,0.00079457887,0.0005767001,0.0008781676,0.00043540268,0.00087940437
2013-12-25,-9.4629984e-05,-5.2402076e-05,-4.9002716e-05,-0.000108259635,-7.423485e-05,-7.42458e-05
2013-12-26,0.00090236496,0.00081293046,0.00071393856,0.0011003223,0.0004906087,0.00096442504
2013-12-27,0.00078483816,0.0010858467,0.00059838174,0.0013772049,0.0005695009,0.0011732158
2013-12-30,0.0007894533,0.00076049776,0.00047531255,0.0010472005,0.0005412352,0.0011719143
2013-12-31,8.260584e-05,7.5982665e-05,0.00022571904,0.00014977515,-2.7219825e-05,-8.093232e-05
2014-01-01,-0.00013169963,-5.5183078e-05,1.2557339e-05,-4.700314e-05,-6.22885e-05,-0.00012017291
2014-01-02,-0.0031179471,-0.0032178683,-0.0026679914,-0.0045977086,-0.0020113322,-0.00324737
2014-01-03,-0.0013877479,-0.0008572397,-0.00032117628,-0.0013517305,-0.0008931228,-0.0014145584
2014-01-06,-0.0011996081,-0.0009492161,-0.00068967696,-0.001575466,-0.0007902212,-0.001297025
2014-01-07,0.0009132045,0.0011622119,0.0010102066,0.0016535813,0.000752235,0.0011731414
2014-01-08,0.0008559221,0.0005528263,0.0002682284,0.0007027626,0.00055029814,0.00089308486
2014-01-09,0.00039459183,0.00010413863,0.00012766976,0.00014522493,0.00019597371,0.00026588546
2014-01-10,-0.00016705309,0.00091739325,0.00035062156,0.0010847021,0.00034850754,0.0002524108
2014-01-13,-0.001594646,-0.0015916403,-0.00118042,-0.002606385,-0.0013393874,-0.001791279
2014-01-14,7.665194e-05,0.00040477814,0.00031750722,0.00071783445,0.00014190245,0.00040177332
2014-01-15,0.0017691058,0.002039497,0.0014555024,0.0032083173,0.0014301379,0.0023298152
2014-01-16,-0.000114943905,4.8091704e-05,-2.6059681e-06,-0.00010931153,-3.1478456e-05,-0.00015180331
2014-01-17,0.0002631842,-0.00015927659,-8.360133e-05,-3.1821215e-05,-9.92726e-05,9.8967364e-05
2014-01-20,-5.1836316e-05,-0.00010609349,5.2257133e-06,-0.0001562445,-6.547194e-05,-0.00012336197
2014-01-21,0.0005126554,0.0007070841,0.00042116237,0.000941753,0.0005543633,0.00069241546
2014-01-22,-0.00011418991,0.00035411265,5.3319793e-05,0.0005346485,0.00025982579,0.00023601521
2014-01-23,-0.00050464796,-0.0007800905,-0.0007685968,-0.0010288655,-0.00041248061,-0.00091311603
2014-01-24,-0.0022410816,-0.0037663144,-0.0024131127,-0.005304915,-0.0023533688,-0.0032617527
2014-01-27,-0.00091121736,-0.0019974,-0.00050035905,-0.002390483,-0.0011830924,-0.0015817345
2014-01-28,-0.0005742065,0.00068473106,-0.00031240596,0.0002148464,-0.0001530662,4.7888607e-05
2014-01-29,0.0013134861,0.00024886473,0.00080973026,0.0009349003,0.00089954183,0.0006765054
2014-01-30,-0.00018501598,0.00032065803,-0.0002853075,0.00014498753,-6.877303e-05,2.828382e-05
2014-01-31,9.075842e-05,-0.00040551618,0.00042526657,-0.00028963445,0.00017145387,-0.0003048335
2014-02-03,0.002809169,-0.00046037385,0.0014022737,0.00021451458,0.00063745334,0.0011255394
2014-02-04,-0.0010283086,-0.00047029363,-0.0003032264,-0.000740592,-0.00046130357,-0.0011303236
2014-02-05,-0.0015943886,-0.000969349,-0.0008847124,-0.0017394617,-0.0010842275,-0.0014112026
2014-02-06,-0.0028882928,-0.00032121164,-0.0005851175,-0.00084910344,-0.0006106681,-0.0020927093
2014-02-07,-0.0017160401,0.00046905153,-0.00024139683,0.0004257458,0.00026753085,-0.0009059988
2014-02-10,-0.00034691236,-9.871858e-05,-0.0001832239,-0.0001757073,-0.00013070313,-0.00022915548
2014-02-11,-0.00059601385,0.0009153749,0.00012622804,0.0009522931,0.00065064506,0.000102051235
2014-02-12,-0.00048089525,-4.3153996e-05,-0.00017178227,-4.3977736e-05,-3.5849356e-05,-0.00035709835
2014-02-13,0.0007082646,0.0009926722,0.00051159546,0.0013390381,0.00077146513,0.0011138057
2014-02-14,0.0006020901,0.0010241879,0.00057307055,0.0014175595,0.0008239588,0.0008269422
2014-02-17,0.00032046268,0.0001788533,0.00018521663,0.00038658208,0.00027222096,0.00025281872
2014-02-18,0.0013450809,0.0015711085,0.00080492767,0.0023926487,0.0014192419,0.0014730763
2014-02-19,-0.00044691397,-0.00035921772,-0.00064512633,-0.00056091364,-0.00035381244,-0.0005842837
2014-02-20,0.00045400858,0.0006462138,0.00035333622,0.0008753755,0.00034858347,0.0007087702
2014-02-21,0.00011580638,0.00034505126,0.00020171587,0.00038081117,0.00027034438,0.0003234918
2014-02-24,0.0012411794,0.0012290664,0.0009822844,0.0020820706,0.0010504752,0.0012413276
2014-02-25,-0.00026294318,-0.00030872258,-0.000304258,-0.0005508117,-0.0002850237,-7.8324934e-05
2014-02-26,-8.612362e-05,-0.00011574132,-0.000111761634,-0.00040393902,-0.00017374441,8.9990885e-05
2014-02-27,0.0003473597,0.00069177645,0.00042654923,0.00085191143,0.00041692442,0.00042904489
2014-02-28,0.0011629225,0.0010599082,0.0008406404,0.0018167293,0.0008336002,0.0012252693
2014-03-03,-0.0018834588,-0.0020786456,-0.001980404,-0.0034339745,-0.0016230819,-0.0017370627
2014-03-04,0.0021378498,0.0026539557,0.0019701873,0.0044435156,0.001895726,0.0020998984
2014-03-05,2.680059e-05,0.00010215719,0.00017575703,0.0001350342,6.146709e-05,1.050977e-05
2014-03-06,0.0008757611,0.0011243104,0.0009370361,0.0016263366,0.000872197,0.0008273828
2014-03-07,-0.00035711806,-0.0006019185,-4.6411034e-05,-0.00093034626,-0.00046688586,-0.00046499685
2014-03-10,-0.00045829525,-0.0007018434,-0.00050358445,-0.0011049038,-0.00055849145,-0.00039232612
2014-03-11,-0.00051877426,-0.00062099745,-0.00045132427,-0.0010122557,-0.00042926028,-0.00055827433
2014-03-12,-0.00048424074,-0.00048528583,-0.00044852652,-0.0006908488,-0.00043395744,-0.0002730857
2014-03-13,-0.00029212155,-0.0010955321,-0.00040603935,-0.0014464519,-0.0004934961,-0.0007894219
2014-03-14,-0.0007789466,-0.00081349624,-0.0005902423,-0.0012113414,-0.00059630413,-0.0008511057
2014-03-17,-9.746768e-05,0.000577923,0.00013105726,0.0005264515,-5.9566173e-05,0.00044310858
2014-03-18,-0.00018924208,0.000948425,0.00015705448,0.0009675591,0.00022812907,0.0005862017
2014-03-19,-0.0006537973,-0.0014904512,-0.0008380047,-0.0016473273,-0.00092672586,-0.0012505258
2014-03-20,-0.00083194237,-0.00039634365,-0.00022934054,-0.0009236912,-0.0004572104,-0.00085333403
2014-03-21,-0.00077519467,-0.00030917252,-0.00044995273,-0.00058460725,-0.00041568794,-0.0006886318
2014-03-24,-0.00027536933,-0.00044300794,-0.0003228558,-0.0005881604,-0.00037570955,-0.0005262449
2014-03-25,-0.00010451553,0.0006539322,8.3447456e-05,0.00069967826,0.00039243547,0.00037800596
2014-03-26,-0.0008647552,-0.00064383645,-0.00056275766,-0.00095734524,-0.00055952475,-0.00082218676
2014-03-27,0.00018223643,0.0003916297,6.100458e-05,0.00052497716,0.00043424717,0.00025625087
2014-03-28,0.0001741334,0.00053950126,0.00025974752,0.0007237228,0.000415811,0.00059014326
2014-03-31,0.00024090211,0.0009942456,0.00010146376,0.0010801824,0.00061850395,0.0008788681
2014-04-01,0.0003303544,0.00064872677,0.00040752336,0.00088634994,0.0005857624,0.0007161534
2014-04-02,-0.00017957142,2.9803657e-06,0.00012670846,-0.00014642166,1.6586392e-06,-0.00021771554
2014-04-03,-0.0001445977,3.8035763e-05,-2.2516458e-06,-3.4867358e-07,-1.1072329e-05,-0.00013465437
2014-04-04,-0.0011224393,-0.00078920467,-0.0008498472,-0.0013435328,-0.00085397647,-0.0013485376
2014-04-07,-0.0009412275,-0.0015712085,-0.0013039698,-0.0021453716,-0.0011735769,-0.0013292393
2014-04-08,-0.0001246158,0.0007750131,-0.00016554794,0.00067952817,0.0003360879,0.00042274216
2014-04-09,0.0010881224,0.0015303368,0.00053535076,0.0021687646,0.001158899,0.0015404396
2014-04-10,-0.00061940483,-0.0013312775,-0.00042408606,-0.0018887273,-0.0010869127,-0.0010657858
2014-04-11,-0.0010932137,-0.001350479,-0.0006268037,-0.0019458663,-0.0010649248,-0.0014482738
2014-04-14,-0.00039274775,0.00028249552,-0.00037335567,5.4186752e-05,-6.5596236e-05,7.23356e-05
2014-04-15,-0.0005701756,-0.00042744467,-0.00044816383,-0.0006893195,-0.00039969484,-0.0003681766
2014-04-16,-0.0005122727,0.0006224857,-0.00023195683,0.0005353499,0.00016841792,-0.00022780919
2014-04-17,0.00028196667,0.0006203131,0.00026562772,0.000609872,0.0003530093,0.0005206438
2014-04-18,-0.00013592873,-6.0744314e-05,-2.6541542e-05,-0.00012825493,-7.7354845e-05,-0.00020541977
2014-04-21,-0.0003941073,-0.00043424367,-0.00027157835,-0.0004770509,-0.0003266335,-0.000378671
2014-04-22,3.3667043e-06,0.0007007014,0.00011556015,0.00061016664,0.0003558651,0.00039281725
2014-04-23,-0.00043659413,-0.00029209463,-0.00029384356,-0.00050822966,-0.0002880687,-0.00034070486
2014-04-24,-4.938077e-06,0.00023212573,7.4468306e-05,0.00023575357,0.00012734986,4.2212698e-05
2014-04-25,-0.0013302094,-0.0017009777,-0.0010115046,-0.002486103,-0.001400895,-0.0018310869
2014-04-28,0.00015662868,0.00013985597,0.00010731723,0.00023380392,5.2326384e-05,0.00031271428
2014-04-29,0.00051768305,0.001043691,0.00037787302,0.00094355136,0.0005645506,0.0008932595
2014-04-30,0.0003329976,0.00033690027,0.00018730856,0.00051338534,0.0003573645,0.0003677646
2014-05-01,-0.0002290078,-0.00038649095,5.409128e-06,-0.0003097272,-0.00020956178,-0.00034500615
2014-05-02,-0.00014269233,0.00022202641,-0.00010687344,0.00015050135,6.797522e-05,0.00012351232
2014-05-05,-0.00017507405,-0.00024589605,-0.00021685011,-0.00029254713,-0.00019395993,-0.00024859884
2014-05-06,-0.00012033349,-0.00022160198,-0.00012985554,-0.00041802065,-0.00019441781,-7.793421e-05
2014-05-07,0.0008134726,0.000478417,0.00040285772,0.0009325033,0.0005087302,0.00086162804
2014-05-08,-0.0002351349,-8.6431086e-05,-0.00018853329,-0.00032334673,-0.00019047767,-8.169461e-05
2014-05-09,-0.00121382,-0.0010915769,-0.00087638036,-0.0016929379,-0.0009773661,-0.00087259297
2014-05-12,-0.00033043162,0.0009096074,-3.4763736e-05,0.0008163472,0.00037014345,0.00035211147
2014-05-13,0.00026658562,0.0006378261,0.00015758009,0.0007182239,0.0004417262,0.0005492635
2014-05-14,0.00033982692,0.00045475387,5.200767e-05,0.00057089445,0.0004089692,0.0004409557
2014-05-15,-0.0017847043,-0.001981194,-0.0011585049,-0.002934765,-0.0016954804,-0.0019358072
2014-05-16,0.00062094664,0.00069297943,0.00040277562,0.0010042404,0.0005885026,0.0006226718
2014-05-19,0.00046460994,0.00021859951,0.0002868621,0.0003439173,0.00028609674,0.00053445593
2014-05-20,-0.0008650671,-0.0009527575,-0.00050098036,-0.0015029056,-0.0008149833,-0.0012681388
2014-05-21,-0.00019364752,0.00054840185,0.00033962392,0.0003948985,0.00011046469,0.00030891402
2014-05-22,0.00043322952,0.0006435947,0.00017160349,0.0008010908,0.00045825765,0.00069404114
2014-05-23,0.0009051679,0.00094575447,0.0005720426,0.0013625204,0.00080901396,0.0010340262
2014-05-26,1.7032176e-05,0.00021019348,0.00010914324,0.00022144776,0.00014499362,0.00014047914
2014-05-27,0.0003404324,0.00032289678,0.0002992505,0.00041941548,0.0002549157,0.000441677
2014-05-28,0.00044154123,0.00055395666,6.254302e-05,0.00087186415,0.0005181411,0.00050988037
2014-05-29,0.0008003332,0.00068141316,0.0006437664,0.001113395,0.000620849,0.0008814778
2014-05-30,-0.000268981,-0.00053391565,-0.00021272853,-0.00071640004,-0.00042414034,-0.00032133455
2014-06-02,-7.539623e-05,-2.1553495e-05,0.000117530435,-0.00016820939,-7.752614e-05,-0.00021510478
2014-06-03,-0.00060954725,-0.0003747616,-0.00024965228,-0.0006720742,-0.00037232952,-0.000605611
2014-06-04,-0.0001236345,-0.00017504224,5.842048e-05,-0.00021799051,-7.978869e-05,-0.0003258161
2014-06-05,0.0012802649,0.0017693165,0.0009926624,0.0027495355,0.0013194077,0.0016263527
2014-06-06,0.000450733,0.00114341,0.0008143471,0.0018616332,0.0008828761,0.0009356917
2014-06-09,0.00048533114,0.0005751601,0.0005823772,0.00090702146,0.0003997443,0.0005691845
2014-06-10,0.00019677632,0.00024601858,3.317211e-05,0.000370453,9.983677e-05,0.00029787468
2014-06-11,-0.0012415407,-0.0012992839,-0.0011331697,-0.002298146,-0.001224892,-0.0012282071
2014-06-12,-0.0013442409,-0.0007280185,-0.0009263389,-0.0018373592,-0.00081050856,-0.0012240987
2014-06-13,0.00047097623,0.00063169835,0.00025511978,0.0010483109,0.0005921304,0.00057674677
2014-06-16,-0.00045911863,-0.00033614488,-0.00034414418,-0.00070834794,-0.00040162532,-0.00044990345
2014-06-17,0.00011646185,6.884241e-05,0.00017092474,0.00020197421,3.4322205e-05,3.5220523e-06
2014-06-18,0.0007015577,0.00159091,0.0008040303,0.0021575438,0.0009716479,0.0014564444
2014-06-19,0.00070946635,0.0010107257,0.000593856,0.0018796432,0.0009327035,0.00073305605
2014-06-20,0.00018428706,0.00012748297,0.00037916546,0.00027866894,0.0002590529,0.000113783164
2014-06-23,-0.0008332932,-0.00088120205,-0.0007772459,-0.0015370937,-0.0008121638,-0.0008056679
2014-06-24,-0.0011507357,-0.0011038694,-0.0010040655,-0.00194835,-0.0010508253,-0.0009535444
2014-06-25,-0.00024571834,-9.863924e-05,2.298873e-06,-9.672552e-05,-0.00014625867,-0.00021838493
2014-06-26,0.00010045675,0.0002508571,-3.290878e-05,0.00036836803,0.00023909096,0.0002064814
2014-06-27,0.0005534298,0.0005794131,0.00028407914,0.00089677604,0.00045309542,0.00076499674
2014-06-30,0.0003547423,-1.6490874e-05,0.00011203579,0.00029488292,6.899742e-05,0.0002662655
2014-07-01,0.000553525,0.0010642828,0.00063175533,0.0017327563,0.0007269145,0.0010181594
2014-07-02,0.00025489175,0.00038026544,0.00012127642,0.00051569403,0.00031833904,0.0006519486
2014-07-03,0.00030968696,0.00090981886,0.00034539946,0.0013623283,0.0006318152,0.00088682445
2014-07-04,0.00016642358,-6.954903e-06,-2.418797e-06,0.00012732639,6.751626e-05,0.00018632709
2014-07-07,-0.0009723767,-0.0013710278,-0.0010632853,-0.0022964922,-0.0011930546,-0.0011190153
2014-07-08,-0.0019403714,-0.0021229298,-0.001378331,-0.0033245112,-0.0018036237,-0.0021660598
2014-07-09,0.00061452534,0.00040810852,0.00033409978,0.0008741154,0.00037636588,0.00072486897
2014-07-10,0.00023467303,-0.0006690717,0.00010090792,-0.00093639595,-0.00027252524,-0.0001989439
2014-07-11,0.00053944037,-0.0001214618,9.2272734e-05,-3.6985643e-05,2.97182e-05,0.0003978287
2014-07-14,-0.0009355669,0.000336068,-0.000679686,0.0001969718,-0.0001695368,-0.00051327574
2014-07-15,0.00062650605,-0.0005664128,8.6794986e-05,-0.0005756102,-0.0003198354,0.00035449176
2014-07-16,-0.00050613115,0.0005837581,-0.00030022717,0.0006839111,0.0003313309,8.455074e-05
2014-07-17,-0.0009925419,-0.0016486341,-0.00041168666,-0.00281346,-0.0014458472,-0.0015200347
2014-07-18,0.00086156995,0.0013017802,0.00023377255,0.0019737976,0.0009240895,0.001142186
2014-07-21,0.00018054472,-0.00011548901,4.0132752e-05,-0.00015613741,-0.0001296142,0.00018672217
2014-07-22,0.0007156509,0.0012566876,0.00043564974,0.0017858928,0.0010123533,0.0011837209
2014-07-23,0.00056753284,0.0007713539,0.00044982546,0.0010709625,0.00071321387,0.0007320535
2014-07-24,1.3158343e-05,-1.970263e-05,-0.0001276609,0.000170833,0.00015842331,-0.00017707126
2014-07-25,-0.00045489223,-0.0006009919,-8.201037e-05,-0.0008589099,-0.0005255705,-0.0009121465
2014-07-28,0.0007931031,0.00057847134,0.00038032938,0.0008985876,0.00060549285,0.0006525123
2014-07-29,0.00013646609,-0.00016746456,0.00022243119,-0.00024191305,-0.00013886037,-9.4022114e-05
2014-07-30,0.0006363098,-0.00013226538,0.0003531937,-0.000113124246,4.5534696e-05,0.00023587007
2014-07-31,-0.001040907,-0.002783432,-0.000488322,-0.004004941,-0.002123629,-0.0025915857
2014-08-01,-0.00045892506,-0.0009586257,-0.0005408029,-0.0016299483,-0.00094052404,-0.00073690945
2014-08-04,-0.00092528405,0.00020195587,-0.00023190446,3.9700073e-05,-0.00015595154,-0.00056062965
2014-08-05,0.001127949,-0.0005631158,0.00033093322,-0.00049225293,-6.697909e-05,0.00031485345
2014-08-06,-1.3502329e-05,7.684912e-05,0.0001256367,-8.261791e-05,1.0875488e-05,-9.461033e-05
2014-08-07,0.00042403402,-0.00050368573,0.00015754871,-0.0008030823,-0.00038297113,4.0341693e-05
2014-08-08,-0.0009298009,-0.00030337766,-0.0003225372,-0.0004667919,-0.00020455784,-0.00094479386
2014-08-11,-0.0013892346,0.00031103814,-0.00019299355,0.00036131786,7.8396944e-05,-0.0006136345
2014-08-12,0.0001493223,-0.000332664,-0.0002693282,-0.0005962396,-0.00040966354,0.00012068566
2014-08-13,-0.00026008268,0.0008152279,0.00020995374,0.0010486791,0.0006943273,0.00045249925
2014-08-14,-0.0001374948,4.7175778e-05,1.9302288e-05,2.2230883e-05,-4.7852478e-05,2.4074712e-05
2014-08-15,-0.00017427387,-6.9460315e-05,-0.00017470124,-0.00013809593,-0.00018243215,8.296855e-05
2014-08-18,0.0002251042,0.00081656635,0.00025483855,0.000995543,0.0005419431,0.00076540845
2014-08-19,0.00046252765,0.00078560156,0.00039511124,0.00090599555,0.00054374855,0.0009005427
2014-08-20,0.00041130043,0.00024136905,0.00031482734,0.00025575966,0.00017627492,0.00041702384
2014-08-21,0.00023859147,0.0007573106,0.00043493116,0.00083895255,0.00057710905,0.0005730456
2014-08-22,6.81286e-05,-0.00011998752,-0.0001250461,-0.0001870606,-4.5692752e-05,-7.839092e-05
2014-08-25,0.0015526075,0.0016515797,0.0010778563,0.0022205345,0.0012768669,0.0019412485
2014-08-26,0.00025286598,0.0003949508,0.00019410481,0.00043442548,0.00023637149,0.000331025
2014-08-27,0.00053852325,0.0009034984,0.00054055,0.0012044813,0.00068219233,0.0007268104
2014-08-28,-0.001058837,-0.00094421284,-0.00059087534,-0.001494506,-0.0007672309,-0.0011220459
2014-08-29,0.00076461525,0.00071891956,0.00036482062,0.001094729,0.00049411145,0.00068552804
2014-09-01,0.0006002875,0.0005342368,0.00035073629,0.00082991604,0.00047049418,0.00070004625
2014-09-02,-4.2891214e-05,-0.00048224366,-0.00033218885,-0.00073188636,-0.0006010037,0.00021783586
2014-09-03,0.0003602431,0.0011374942,0.00048576607,0.0012710461,0.00062708964,0.0006977728
2014-09-04,0.0010282128,3.823811e-05,-0.00018458923,-0.00015245855,-2.0355912e-05,0.0007453967
2014-09-05,0.0024839055,0.0017799169,0.00062079105,0.0030841206,0.0015235329,0.002368436
2014-09-08,-0.00037808937,-0.0012139597,-0.0007195237,-0.0018261715,-0.0008821073,-0.00046562523
2014-09-09,-0.0008971926,-0.0013720867,-0.0008240591,-0.0023178505,-0.000943449,-0.0010271688
2014-09-10,-0.0007607491,-0.0007032375,-0.00041608728,-0.0011530503,-0.00073857844,-0.00063514296
2014-09-11,0.00033183163,3.7363054e-06,6.302485e-05,0.0002206195,8.964918e-05,0.00031402358
2014-09-12,-0.0004383889,-0.0010937705,-0.00030370502,-0.0011811918,-0.0002710006,-0.001112902
2014-09-15,-0.0010260888,-0.001111066,-0.00037827346,-0.0015653779,-0.0007957707,-0.0011329744
2014-09-16,-0.0006973191,0.0003639699,-0.00013278083,0.0001372874,-5.8297086e-05,-0.00042954928
2014-09-17,0.0010610184,0.00057683,0.0003502494,0.0007468216,0.00042805672,0.0011621105
2014-09-18,0.0025747444,0.0021284188,0.0010943234,0.003099736,0.0017002422,0.0028892632
2014-09-19,0.0007704,0.00041952258,0.00064662227,0.00049627636,0.00028922976,0.00072740426
2014-09-20,0.0,0.0,0.0,0.0,0.0,0.0
2014-09-21,0.0,0.0,0.0,0.0,0.0,0.0
2014-09-22,0.000336679,-0.0013621073,-0.00090143055,-0.0016279569,-0.00077054545,-0.0002616249
2014-09-23,-0.0005666177,-0.0009896723,-0.00077200774,-0.0012385064,-0.00036588768,-0.0008953969
2014-09-24,-5.5224576e-05,0.00083104376,0.000106102074,0.0008033422,0.00020944823,0.0005318659
2014-09-25,0.0012948033,-0.00091125816,-0.00023427945,-0.0008656013,-0.00016916245,0.0002729635
2014-09-26,0.0005508291,0.0007041718,-0.000303227,0.00069272163,0.00032939538,0.0010573602
2014-09-27,0.0,0.0,0.0,0.0,0.0,0.0
2014-09-28,0.0,0.0,0.0,0.0,0.0,0.0
2014-09-29,0.0016043731,0.00045037208,0.00031046954,0.000984897,0.0006619633,0.0011185041
2014-09-30,0.0018832888,0.0005758135,0.00012277353,0.000688827,0.0003813646,0.0020109646
2014-10-01,0.0006882646,-0.00065112184,0.00031212074,-0.00068053504,-0.00029475652,-3.4980355e-06
2014-10-02,0.00011170354,-0.0009892859,-0.0001359531,-0.0009520385,-0.0004415916,-0.00058581727
2014-10-03,-0.0005949437,0.00017516046,-0.00059779634,-0.0003301291,-0.000480153,3.783034e-05
2014-10-04,0.0,0.0,0.0,0.0,0.0,0.0
2014-10-05,0.0,0.0,0.0,0.0,0.0,0.0
2014-10-06,-0.00040147395,0.0007503103,0.00012990323,0.001365464,0.0007011937,-0.00029169445
2014-10-07,0.00095309137,-0.00074493885,0.00087964477,-0.0008788147,-0.00021554924,-0.0001643641
2014-10-08,-0.0014472981,0.00014940929,-0.00026559422,0.00026524797,0.00015676438,-0.0009799944
2014-10-09,0.0013710426,-0.0006414302,-5.696289e-05,-0.0010360468,-0.0006090569,0.0006530023
2014-10-10,0.0033231745,0.00013543363,0.0006873444,0.00023917656,0.00022634931,0.0022406005
2014-10-11,2.1151543e-06,4.7303533e-07,1.4258622e-07,1.1531982e-06,3.4332544e-07,2.813113e-07
2014-10-12,-7.0350548e-06,2.6960915e-06,-1.3228647e-06,-1.6659033e-06,-2.2573415e-06,-3.5442854e-06
2014-10-13,0.0014839651,6.726864e-05,0.0002507528,0.0001812511,0.00014961601,0.0009163694
2014-10-14,0.00016075422,2.6517273e-05,-8.4077095e-05,0.00020974052,0.00016356827,-3.7439153e-05
2014-10-15,0.0023955763,0.00031743085,-3.6426918e-06,0.00061940623,0.00056722667,0.0020136016
2014-10-16,-0.0003901998,-0.0007141414,2.968243e-05,-0.0007856737,-0.00031548875,-0.0010113223
2014-10-17,-0.0033055965,-0.00037606826,-0.0001749446,-0.0007732166,-0.0006287839,-0.0025452222
2014-10-18,6.458818e-07,5.807062e-06,8.158759e-08,4.139056e-06,-1.2327603e-06,2.9227974e-06
2014-10-19,5.12372e-08,-2.8526931e-06,2.4582627e-07,-2.09534e-06,5.3064616e-07,-2.6317991e-06
2014-10-20,-0.0009829532,0.0003475936,8.9253015e-05,0.00046124047,0.0002575083,-0.00061814603
2014-10-21,-0.0024084172,-0.00019804032,-0.00011865162,-8.6643115e-05,-1.5568758e-05,-0.0019044643
2014-10-22,-0.0002866253,-0.00043592317,-0.00010351928,-0.0006789979,-0.0005574879,0.00016327016
2014-10-23,-0.0008536839,0.0001549118,-4.3747088e-05,0.00010456316,6.7163446e-06,-0.00025531862
2014-10-24,-0.0003994394,0.00019969809,-0.0001025055,4.968061e-05,7.196543e-06,-0.00022866971
2014-10-25,1.0171748e-05,-2.7781514e-06,3.2352425e-06,3.982261e-06,6.571937e-07,6.932914e-06
2014-10-26,-1.31870975e-05,5.4088423e-07,-1.0553197e-06,-7.779374e-06,-6.409374e-06,-7.3339443e-06
2014-10-27,0.00046418764,6.831491e-05,0.00012225538,0.00011763737,8.352259e-05,5.873944e-06
2014-10-28,-0.00041408584,0.00078585197,-5.2231495e-05,0.0011860285,0.00057501765,-0.00015478671
2014-10-29,-0.0007569437,-0.00040150396,-0.00025280914,-0.00040416405,-0.00025968795,-0.0007096448
2014-10-30,0.0010738737,0.0010593692,0.00020916146,0.0015985665,0.0007007824,0.0016491553
2014-10-31,0.0017673069,0.0016614839,0.00059363624,0.0027222256,0.0014581399,0.0015652044
2014-11-01,2.7959988e-05,-2.0946625e-06,3.2991934e-06,1.0300877e-05,5.2716678e-06,1.6700733e-05
2014-11-02,-1.9162683e-06,-1.7257308e-07,-4.8174974e-07,-8.051233e-07,-6.4875985e-07,-1.7328236e-06
2014-11-03,0.0007973546,0.0009510242,0.00033177176,0.0010539581,0.00065124314,0.0016623205
2014-11-04,-0.000433117,-0.00030255437,-0.0001810768,-0.0007936908,-0.00049744657,0.00022441459
2014-11-05,0.00079175836,0.0004782474,8.365885e-05,0.0010139241,0.00062824844,0.00060893357
2014-11-06,0.0010462551,0.00055475853,0.00016504663,0.0010108248,0.00067062717,0.0012670439
2014-11-07,-0.0008862805,8.6741886e-05,-0.00015201037,-0.00026357255,-0.00032193755,-0.00073755626
2014-11-08,-3.3613965e-06,6.9442643e-07,-2.2096654e-07,3.8317037e-08,-1.1463051e-06,-1.4476129e-06
2014-11-09,-2.7312464e-05,7.2153043e-06,-5.3993076e-06,6.7592134e-07,-8.831466e-06,-1.4222267e-05
2014-11-10,0.0005149739,0.00015894127,0.00021523531,0.0005730743,8.340459e-05,0.00023600755
2014-11-11,6.8532325e-05,0.00033437894,-4.7969344e-05,0.0005066971,0.00028340303,-2.2207187e-05
2014-11-12,3.9907023e-05,3.0636264e-05,-0.00014399395,-3.1475218e-05,-0.00013179902,0.000283171
2014-11-13,0.00064516236,3.661281e-05,0.00010380236,0.00018609063,1.962481e-05,0.0006513213
2014-11-14,-0.000776252,-5.5083743e-05,1.5696665e-05,-0.00014971972,-0.00016386715,-0.00092331145
2014-11-15,-5.0396695e-05,-5.073074e-05,-2.0062673e-06,-6.265853e-05,-3.4525423e-05,-3.6512625e-05
2014-11-16,1.614659e-05,1.9112034e-05,8.648475e-07,2.0427411e-05,1.13102205e-05,8.571429e-06
2014-11-17,0.00050270476,0.000110646135,-0.00021272436,0.00045665825,0.0002819986,0.0004453232
2014-11-18,0.00047349802,0.0006183191,0.00016748895,0.000970909,0.0004249242,0.0004034423
2014-11-19,-0.0003300037,-0.0004058454,-0.00024232916,-0.0006623328,-0.00033889784,-0.00042513327
2014-11-20,-0.00024976142,0.0003528951,-0.00014811744,0.0005028209,3.423617e-05,9.791927e-06
2014-11-21,0.0007185563,0.0014321406,0.00044589958,0.0020323216,0.0009190767,0.0006271743
2014-11-22,-4.0550435e-06,1.3305278e-06,-7.36026e-08,-2.4219737e-06,-2.5272004e-06,-4.2197057e-06
2014-11-23,-1.825166e-05,4.097282e-06,7.746749e-09,-9.648393e-06,-7.917671e-06,-1.457967e-05
2014-11-24,8.5005486e-05,0.00015215903,0.00010345155,9.666968e-05,-0.00020878523,0.00023897242
2014-11-25,0.00080068386,0.00082433136,0.00023737713,0.0011110259,0.0007465096,0.00085469143
2014-11-26,0.00012449504,0.00044652744,0.00041227974,0.0005642286,0.0002543356,0.00024285007
2014-11-27,0.00018366522,0.00013598209,5.2731484e-05,0.00023210187,0.00014643007,0.00012691156
2014-11-28,0.0010897093,4.205475e-05,2.485477e-05,-6.3318366e-05,-0.00039624903,0.0016187406
2014-11-29,2.67084e-06,-4.7238026e-07,2.0050306e-06,8.746464e-07,8.396664e-07,1.7569753e-06
2014-11-30,2.1284943e-06,1.9845284e-06,6.1880866e-07,1.2102987e-06,1.4088953e-06,3.0876197e-06
2014-12-01,-0.0020796047,-0.0015738596,-0.0011547287,-0.0027247153,-0.0012792283,-0.0020763017
2014-12-02,0.0011551714,0.00054797356,-4.6128072e-05,0.0011792585,0.0004346042,0.0014177257
2014-12-03,0.00072883745,0.0009265585,0.0001560005,0.0012860531,0.0005343249,0.0009712235
2014-12-04,0.0005021743,0.00039864206,-5.2119718e-05,0.00059679843,0.00047218503,0.00039125304
2014-12-05,0.0011621545,0.0008099046,0.00021867495,0.0013310007,0.00047493755,0.0014321558
2014-12-06,-2.1546849e-07,-1.8370362e-06,-2.8987378e-07,-7.502176e-07,6.515038e-08,-1.2274248e-06
2014-12-07,-7.3625674e-06,3.4860627e-06,-1.1155298e-06,2.4921908e-06,1.3755642e-06,-1.1982599e-05
2014-12-08,0.0015660223,0.00046556376,-0.0002085624,0.00074705976,0.00086501765,0.0009979777
2014-12-09,-0.0017901472,-0.0013359336,-0.0006247113,-0.0026333914,-0.0012916266,-0.0020700514
2014-12-10,-4.174814e-05,-0.0013168821,-0.00025065464,-0.001978575,-0.00057907496,-0.0008048142
2014-12-11,0.00022106808,5.5869492e-05,4.819216e-05,1.7686354e-05,-8.264881e-05,0.00040508702
2014-12-12,0.0024680798,0.00025332643,0.00058279943,0.0010421721,0.0013991398,0.0010998311
2014-12-13,1.2774081e-05,2.6395012e-06,3.73067e-06,5.762777e-06,5.612296e-06,9.6247195e-06
2014-12-14,-1.0956945e-05,-1.9922638e-06,-3.8587796e-06,-4.4961284e-06,-3.9474075e-06,-8.218392e-06
2014-12-15,0.0020426158,-0.00030553614,0.0003769216,0.00026808938,0.00078534876,0.00079932186
2014-12-16,0.0010742466,0.00021646413,0.000571631,0.0005310213,0.00045752368,0.0004491766
2014-12-17,-0.0022583832,-0.00023552527,-9.7743396e-05,-0.0011429401,-0.0013926869,-0.0012920019
2014-12-18,-0.0034223818,-0.000116201285,-0.0007264581,-0.0017246293,-0.0021977823,-0.0015436828
2014-12-19,-0.0022655535,-0.0005381546,-0.00035197134,-0.001114201,-0.0008897659,-0.0016536822
2014-12-20,-5.1209045e-05,-1.07472515e-05,-2.8163367e-05,-1.6610971e-05,-1.6836988e-05,-5.057921e-05
2014-12-21,4.4403223e-05,1.0332001e-05,2.3357548e-05,1.3983233e-05,1.3912497e-05,3.9864128e-05
2014-12-22,0.00031350384,0.00054996024,7.500468e-05,0.00044710515,0.00011125881,0.0006011269
2014-12-23,-0.00025408753,-0.00019547463,-0.00012137113,-0.00031694976,-0.000172459,-0.00023809775
2014-12-24,0.00031019034,0.000107297616,3.0613544e-05,-5.7545545e-05,-7.0378956e-05,0.00039782852
2014-12-25,6.6593006e-05,3.5055204e-05,2.1756894e-05,7.1088674e-05,3.0240262e-05,3.579688e-05
2014-12-26,0.00027983374,0.00061015383,0.00013880788,0.0006667302,0.00033420624,0.0004725509
2014-12-27,4.480632e-05,5.4644674e-06,1.925611e-05,3.2653124e-06,6.1509004e-06,3.0482128e-05
2014-12-28,-9.451172e-06,-2.060043e-06,-3.9011306e-06,-1.743595e-06,-2.3732007e-06,-6.7827664e-06
2014-12-29,0.00071620767,0.0007162014,0.00028519632,0.0010126944,0.0005389492,0.0007735742
2014-12-30,-0.000979584,-0.00094875915,-0.00043747766,-0.0013982255,-0.0008642785,-0.0011576198
2014-12-31,-0.00084316044,-0.0012683617,-0.000687793,-0.0017767394,-0.0009895539,-0.0010252625
2015-01-01,0.00020438251,0.00013626822,8.360031e-05,0.00019559661,0.000118566604,0.00016098903
2015-01-02,0.0008691177,0.0005078134,0.00042146162,0.00060514885,0.0002757325,0.0009963843
2015-01-03,0.00021364268,0.000105647814,3.2909204e-05,-4.2051305e-08,-1.0423193e-05,0.00020277782
2015-01-04,0.00010873813,4.7957303e-05,2.223158e-05,3.2961445e-05,1.4156184e-05,0.00010436654
2015-01-05,0.00048810063,-0.0004985336,-0.0005434687,-0.00083126395,-0.000566282,0.00048028282
2015-01-06,0.00048727877,-0.0005230528,-1.9933857e-05,-0.000287907,5.3184183e-05,-0.00024766632
2015-01-07,0.00024716338,0.00063040724,-0.00027930364,0.0006328644,0.00019165291,0.0004152818
2015-01-08,-0.0013459574,0.0001460254,-0.0008271292,-0.00042214186,-0.0008000977,-0.0006253715
2015-01-09,0.00012900478,-0.0002344903,1.2553297e-05,4.3045147e-05,7.671716e-05,-0.00020060204
2015-01-10,0.00014973369,6.5554945e-05,8.993159e-06,4.167436e-05,6.5693866e-06,0.00011880403
2015-01-11,-2.2681731e-06,-3.571139e-06,5.4524435e-06,-5.4922107e-06,-2.549814e-06,-8.737189e-06
2015-01-12,0.0006093157,-0.00010846239,0.00014691919,-5.6298562e-05,-3.5106343e-05,0.00041018813
2015-01-13,0.000950979,0.0006738333,0.0003379382,0.00080607896,0.0005107747,0.0008688207
2015-01-14,0.00059988553,-0.0001523996,0.0004610266,0.0003067342,0.00031861066,2.930434e-05
2015-01-15,-0.00058972643,-0.00039461826,0.0003288708,0.00020768728,6.7837056e-05,-0.00038921507
2015-01-16,-0.0031209714,-0.0026830335,-0.001855824,-0.004350519,-0.0021351601,-0.00299769
2015-01-17,5.004026e-05,2.2986775e-05,0.0,1.89981e-05,6.6531766e-07,4.4341487e-05
2015-01-18,-3.9955175e-05,-1.6620443e-05,0.0,-1.4797922e-05,-8.4525686e-07,-3.4222347e-05
2015-01-19,-0.00017621141,-1.369402e-06,5.920623e-05,-6.904872e-05,-3.5275512e-05,-0.0001710802
2015-01-20,0.00039438126,0.0005735808,0.0001675812,0.0004550413,0.0001074661,0.00071386376
2015-01-21,0.00029626588,0.0008037052,0.00020164344,0.001011531,0.0007042856,0.00043767065
2015-01-22,0.0011319433,0.0014307003,0.0003573112,0.0018681375,0.0010153546,0.0012330549
2015-01-23,0.0018925925,0.0012227324,0.0005890449,0.001778281,0.0010821598,0.0019514784
2015-01-24,-7.741899e-05,-4.040775e-05,0.0,-1.4449929e-05,1.0253608e-05,-9.471473e-05
2015-01-25,-1.3916142e-06,6.1316305e-06,0.0,-4.2872057e-06,1.695519e-05,-2.5727217e-05
2015-01-26,0.0010244348,0.00066336023,0.00024311751,0.0008667317,0.00063176174,0.0011774148
2015-01-27,-0.0013213315,-0.00086418923,-0.00022010911,-0.0008994252,-0.00072309957,-0.0013313985
2015-01-28,-6.7069554e-06,-0.0003514393,-3.969564e-05,-0.00058577803,-0.0002558276,-3.944019e-05
2015-01-29,0.0009025538,0.000505123,0.00015951025,0.00040745878,0.00038314285,0.00097214594
2015-01-30,-0.00082481396,-0.000840287,-0.00049620756,-0.001309285,-0.0004760401,-0.00096054794
2015-01-31,-8.736429e-08,-4.0233977e-06,0.0,-1.0261016e-06,-1.677091e-07,1.3770728e-05
2015-02-01,-1.7131495e-05,-6.2910826e-06,0.0,-1.647754e-05,-8.210599e-06,-1.2026085e-05
2015-02-02,0.00024136297,0.00043720304,0.0001476501,0.00096352847,0.00040454097,0.00020245797
2015-02-03,-0.0021261987,-0.00066160824,-0.00028827653,-0.0006303072,-0.0007375182,-0.001845263
2015-02-04,-0.0004350736,-0.0003646385,0.000120467506,-0.0006005604,-0.00043504772,-0.00020948455
2015-02-05,0.00072640606,0.0009014642,0.0004220795,0.0012894232,0.0006952032,0.00093644427
2015-02-06,-0.0014762994,-0.0016561552,-0.0005419912,-0.0021561848,-0.0010681165,-0.0020676989
2015-02-07,-5.00308e-06,-1.4642976e-06,0.0,-3.1977088e-06,-2.092185e-06,-1.1484919e-05
2015-02-08,2.6209289e-06,1.0290851e-06,0.0,1.6633346e-06,-7.299101e-08,5.6414615e-06
2015-02-09,-0.00062090333,-0.0004922954,-0.0005611393,-0.00081231777,-0.00035262,-0.0006091439
2015-02-10,0.0004915149,0.0005981834,0.0006704987,0.0007502768,0.00036918733,0.00079057115
2015-02-11,0.00021734402,0.00015257185,6.79022e-05,0.00019150376,0.00018742486,0.00032441338
2015-02-12,0.0009136653,0.0013909587,0.0005938352,0.0022154853,0.0009846396,0.00092782016
2015-02-13,0.00053591933,0.0007392262,0.00037599416,0.0013881958,0.00058232265,0.00031502885
2015-02-14,5.4190864e-06,9.263965e-06,-3.5297723e-10,6.541803e-06,1.1720217e-05,-8.701768e-06
2015-02-15,-2.4895637e-05,-2.403464e-05,-4.675151e-08,-2.0107613e-05,-2.2758484e-05,-4.0602495e-06
2015-02-16,-0.00024143033,-0.0002164136,-0.00011000099,-0.00031881346,-0.00019061322,-0.0002034853
2015-02-17,0.0005806322,0.00011699464,0.00030286636,0.00040800837,0.000450298,0.00016284041
2015-02-18,7.9606245e-05,0.0004579182,0.0003261575,0.0006627514,0.00027762464,0.00025585407
2015-02-19,0.0005736602,0.0002789785,8.856026e-05,0.00051528023,0.0003287727,0.00033386698
2015-02-20,0.00091226,0.00088948506,0.0006483448,0.0015766546,0.000751807,0.0010121997
2015-02-21,5.3032346e-07,5.1433744e-07,-6.70405e-08,5.09252e-07,4.4050677e-07,-5.8614177e-08
2015-02-22,-1.1295567e-05,-8.514976e-06,1.1183205e-06,-1.0931097e-05,-7.68181e-06,-1.4587666e-06
2015-02-23,-1.5813153e-05,0.00021010802,-2.2969543e-05,0.00017366257,7.5911434e-05,0.0002890729
2015-02-24,0.0009815881,0.0010868374,0.00068546407,0.0017178253,0.00093269435,0.0010433543
2015-02-25,-0.00013959385,5.609003e-05,-1.2328904e-05,9.236254e-05,-0.00014178606,-6.742417e-05
2015-02-26,0.00037585857,0.00018803781,0.0001748632,0.00036571614,0.00017615194,0.00031316574
2015-02-27,7.4455093e-06,0.0001580665,-0.00026653378,0.00014962904,8.021221e-05,0.0001882291
2015-02-28,-2.1198414e-07,-1.3381347e-07,6.40994e-08,-1.4454851e-07,1.611244e-07,2.764613e-07
2015-03-01,1.0271051e-05,9.944327e-06,-9.63838e-07,1.0065458e-05,8.328066e-06,4.491337e-06
2015-03-02,0.00061247323,0.00042398012,0.0005174156,0.00069625763,0.0002774451,0.000640939
2015-03-03,-0.0009587582,-0.0010154507,-0.0006645505,-0.002038702,-0.0010057217,-0.0009603302
2015-03-04,-0.0005865369,-0.0007351699,-0.00057708594,-0.001131363,-0.0005152155,-0.0008231091
2015-03-05,0.000776844,0.0005323754,0.00018665644,0.0008899613,0.0005676865,0.000747381
2015-03-06,0.00028176035,-0.0008507137,-0.00029509104,-0.0014958818,-0.00033120278,-0.00050867203
2015-03-07,1.1541777e-05,9.46906e-06,4.2739615e-07,1.5607236e-05,8.796657e-06,7.5048665e-06
2015-03-08,-8.258538e-06,-6.7296564e-06,-3.4470355e-07,-1.1096711e-05,-5.809194e-06,-6.4082164e-06
2015-03-09,9.2124676e-05,0.00018060097,3.4418914e-05,0.00014837223,6.808985e-05,0.00018766991
2015-03-10,-2.8088229e-05,-0.0012291007,-3.6378682e-05,-0.0014994872,-0.000115144736,-0.0012499804
2015-03-11,0.0015939226,0.0012211165,0.00037321498,0.001976846,0.001192248,0.0017193499
2015-03-12,-0.00031112361,0.000499696,-0.0003907938,0.00026012512,-0.00027421038,0.00054111186
2015-03-13,0.00097608,0.00015113794,0.0006130227,0.00043843462,0.000541918,0.00016392705
2015-03-14,-1.2401655e-05,-1.0269256e-05,-4.1294297e-07,-2.076198e-05,-9.856643e-06,-9.537491e-06
2015-03-15,1.6919596e-05,1.4567303e-05,6.3142437e-07,2.687688e-05,1.3420824e-05,1.3556376e-05
2015-03-16,0.00036344648,0.0010563139,-0.0001550823,0.0014872449,0.00058230484,0.001186928
2015-03-17,-0.00021459859,-0.000253908,0.00023204248,-0.00041328013,-0.00021380781,-0.0002765297
2015-03-18,-0.0025171046,-0.00026458237,-0.00086166547,-0.000607355,-0.00090758293,-0.0009352218
2015-03-19,-0.0007206059,-0.0006338325,-9.076222e-05,-0.0011843935,-0.0007511082,-0.0009117781
2015-03-20,0.00042712205,0.0013191889,0.00023603528,0.0019752856,0.0010503458,0.0011202577
2015-03-21,8.38588e-06,2.3704322e-06,-3.9880668e-08,6.223768e-06,7.3223096e-06,2.2788124e-06
2015-03-22,-2.71826e-05,-6.281185e-06,-1.2647282e-06,-1.7592178e-05,-2.3017623e-05,-6.0600923e-06
2015-03-23,-0.0005112877,-8.5582455e-05,0.00022175115,-0.00013266671,-0.00012247587,-0.00051878195
2015-03-24,-0.0004620639,-0.00040014085,-0.00013876951,-0.0006646374,-0.00033113288,-0.0006157471
2015-03-25,-0.001773563,-0.0020494512,-0.0013237552,-0.0029380715,-0.0017048988,-0.0021511458
2015-03-26,-0.0017790651,-0.0016309952,-0.000905197,-0.0025492678,-0.001441483,-0.0016712176
2015-03-27,0.0005060276,0.00037233412,0.00024579398,0.00042914445,7.8703095e-05,0.0006075343
2015-03-28,-2.1320877e-05,-6.2287017e-06,-2.8328586e-06,-1.1666152e-05,-1.4323098e-05,-1.0194177e-05
2015-03-29,4.6167635e-05,1.4279934e-05,8.913451e-06,2.412863e-05,2.8368602e-05,2.1430014e-05
2015-03-30,-3.1459203e-05,0.0008064729,-0.00013987698,0.0009788737,0.00029309673,0.0007282502
2015-03-31,-0.0006989793,-0.0008010508,-0.00030014792,-0.0012367211,-0.00083102274,-0.0008619042
2015-04-01,0.00010132415,0.0005127242,0.0002456897,0.0007973395,0.000262599,9.185144e-05
2015-04-02,6.454492e-05,0.00026575447,4.878053e-05,0.0004653327,0.00018029948,5.4175423e-05
2015-04-03,0.00013341325,5.2313655e-05,4.5643723e-05,0.00018427453,8.481237e-05,-4.0468265e-05
2015-04-04,4.6894615e-06,1.6548126e-06,1.6835436e-06,8.670539e-07,1.0996299e-06,2.2880636e-06
2015-04-05,-1.6746677e-05,-1.2660147e-06,-1.4461526e-05,-4.3470823e-06,-5.6905174e-06,-9.288459e-06
2015-04-06,0.00021015898,0.0006588861,0.0002809624,0.0011226566,0.0006053638,0.00037701355
2015-04-07,0.00028660777,0.0005258807,8.477466e-05,0.0006594309,0.00034184544,0.0006570552
2015-04-08,-0.0002801725,0.00011619954,0.00022904758,0.00010411227,-0.0002161266,0.00021225696
2015-04-09,0.00036122126,0.00040450133,0.00025506795,0.00057338085,0.00040872768,0.0008235815
2015-04-10,0.0006901557,0.00093725725,0.00046049766,0.0011004207,0.00075028825,0.0012398349
2015-04-11,3.8649378e-05,1.7852552e-05,1.4953439e-05,2.1270653e-05,1.5773248e-05,3.677037e-05
2015-04-12,-9.4132804e-07,-3.9866185e-07,4.8753486e-07,-6.964602e-07,-4.2947207e-07,-1.0769436e-06
2015-04-13,0.00019976181,-2.846167e-05,-0.00022185747,0.00010057055,-1.9168134e-05,0.00028671607
2015-04-14,-0.00014309755,0.00018144402,0.00016711463,0.00033903954,5.5960278e-05,-3.3724642e-05
2015-04-15,0.00070579385,0.00081072655,0.00036024684,0.0013337058,0.0007576715,0.00054287206
2015-04-16,-0.00020492938,-8.040792e-05,-0.00019674253,-1.635386e-05,-4.6918307e-05,-0.00032712513
2015-04-17,-0.0024819614,-0.0026437945,-0.0012976994,-0.003799274,-0.0023675032,-0.0027860631
2015-04-18,-2.885252e-06,-1.5595318e-06,-1.231573e-06,-1.8282196e-06,-1.3148851e-06,-2.398627e-06
2015-04-19,1.7341412e-05,8.665537e-06,7.403466e-06,7.82362e-06,5.837297e-06,1.3908509e-05
2015-04-20,8.757354e-05,0.00022237166,0.00021062467,0.00017817474,0.00014568664,0.00027881953
2015-04-21,0.00011719901,0.000280229,-9.455516e-05,0.0003336083,0.0001116432,0.00041211417
2015-04-22,0.000110683846,0.00022117655,-3.1625572e-05,0.00037562117,0.00028745638,0.00013195538
2015-04-23,0.0006318266,0.0010900649,0.00031487178,0.0016026611,0.00077267626,0.000663623
2015-04-24,0.0006199161,0.000764758,0.00057949754,0.0010320788,0.00049394433,0.00069037406
2015-04-25,1.5195328e-05,2.2826523e-06,1.130536e-05,-3.3029926e-06,-6.368939e-07,-3.1904929e-06
2015-04-26,4.9455342e-05,1.4565352e-05,2.5744795e-05,1.6722054e-06,6.3830907e-06,1.2944224e-05
2015-04-27,-0.0003503763,-6.7139636e-06,-0.00034015748,-0.00020361651,-0.0002047513,-0.00015341998
2015-04-28,-0.00017595668,-0.00042417704,-0.00027685656,-0.0003862094,-0.000182744,-0.00059779215
2015-04-29,-0.0008813876,-0.0014522944,-0.00072843814,-0.0019443091,-0.0010212252,-0.0016000257
2015-04-30,-0.0013770713,-0.0016501147,-0.0012099954,-0.0025564025,-0.0012828157,-0.0016394892
2015-05-01,-0.00034903266,8.766407e-05,0.000126798,-8.8989735e-05,-0.00027975082,-0.00020119254
2015-05-02,-5.997017e-06,1.1400668e-06,-3.1326124e-06,1.5434155e-06,2.1023291e-07,1.4857304e-06
2015-05-03,1.1954273e-06,7.782471e-06,8.2477334e-07,1.1192305e-05,6.750623e-06,8.457307e-06
2015-05-04,-0.0004336503,0.00018100218,-0.00011270295,7.3346964e-05,-0.000117851065,-9.1976835e-05
2015-05-05,-0.0002748601,-0.0011478447,-0.0005190082,-0.0014809379,-0.0006879656,-0.0011665868
2015-05-06,0.0004450339,-0.00037750162,-1.1911888e-05,-9.973043e-05,0.00013452712,-0.00028551093
2015-05-07,-0.00033242107,-0.0005572996,-0.0002243048,-0.0009361582,-0.00047010137,-0.00055353116
2015-05-08,-0.0009970994,0.00106853,-5.806314e-05,0.0011114291,-9.744231e-07,0.00046758392
2015-05-09,-1.5578891e-05,-1.5119594e-05,-7.768084e-06,-2.1689326e-05,-1.4629767e-05,-6.9753405e-06
2015-05-10,-7.25801e-06,-7.0304586e-06,-7.676055e-06,-1.0620379e-05,-6.5822805e-06,-3.2311602e-06
2015-05-11,-1.6545599e-05,-0.00050695334,-0.00018939303,-0.0006166523,-0.0002694193,-0.000387334
2015-05-12,0.00053984375,0.0002516368,5.8110196e-05,0.0006399114,0.00027252515,0.0002546253
2015-05-13,0.00013859235,0.0003848471,-4.0782168e-05,0.00052697584,0.00021638903,0.00034452794
2015-05-14,-0.00034149393,0.000558235,1.0709201e-05,0.00074104755,0.00028118942,0.0002450522
2015-05-15,-0.0001590999,0.00018705225,-4.715801e-05,0.00039493473,0.00018704121,1.9795432e-05
2015-05-16,-4.6112314e-06,-6.044302e-06,-4.750821e-06,-7.1334644e-06,-4.3273208e-06,-2.0493658e-06
2015-05-17,2.825285e-06,3.858025e-06,2.825285e-06,4.1192047e-06,2.5010286e-06,-1.6609137e-06
2015-05-18,-0.00028508142,-0.00041862117,-0.000122477,-0.0006347337,-0.0003833997,-0.00036791046
2015-05-19,-0.0012544479,-0.0009367017,-0.00063329126,-0.0017545827,-0.0010194696,-0.0009844652
2015-05-20,-0.00061685644,-0.00010379324,9.940926e-06,-0.0004412274,-0.00032916095,-0.00038791972
2015-05-21,0.00033191143,0.0005954369,0.00021923403,0.0009392917,0.0004549634,0.0006479859
2015-05-22,-0.00011686683,-0.0002597423,-8.122245e-05,-0.0004938696,-0.00013871354,-0.00036603303
2015-05-23,-1.8156798e-05,-1.712656e-05,-7.4795903e-06,-2.3887907e-05,-1.5007257e-05,-1.7630737e-05
2015-05-24,1.8629748e-05,1.7872722e-05,8.410627e-06,2.6811818e-05,1.4894909e-05,1.5734275e-05
2015-05-25,-0.0001610031,-0.0001096727,-4.9218666e-05,-0.00028690562,-8.338245e-05,-0.00014625408
2015-05-26,-0.0013389116,-0.0018945035,-0.0011859532,-0.002592725,-0.0013481587,-0.0019287757
2015-05-27,0.0012152402,0.0012375381,0.0009931787,0.0017601234,0.001013171,0.0013258235
2015-05-28,-0.000455875,-0.00049201894,-0.00018543153,-0.0005647193,-0.00037441973,-0.0004795173
2015-05-29,-0.0006502443,-0.0008913332,-0.0007478066,-0.0013096681,-0.00066813815,-0.00061403954
2015-05-30,-8.021942e-06,-1.2028852e-05,-3.3986678e-06,-1.9717929e-05,-6.0791704e-06,-1.0538778e-05
2015-05-31,-5.415668e-05,-5.4652093e-05,-1.3081815e-05,-0.00012397897,-4.7219022e-05,-4.972263e-05
2015-06-01,0.0009903216,0.00051807397,0.00042943016,0.0008979191,0.000651465,0.0007585435
2015-06-02,-0.0011623013,-0.0006226333,-0.00052420463,-0.0011103095,-0.00094353285,-0.0007371758
2015-06-03,-0.00014754375,-0.00021040905,-0.00015281785,-0.00037775488,-9.589914e-05,2.6276228e-05
2015-06-04,0.00029363306,-0.00055660977,1.8565745e-05,-0.00029664068,1.9638255e-05,-0.00037016295
2015-06-05,0.0012043659,0.00021958206,0.00076765474,0.00048601054,0.0005324478,0.00077435724
2015-06-06,-5.6188196e-06,-3.1255547e-06,-5.6188196e-06,-4.7097865e-06,-4.5052716e-06,-4.4009034e-06
2015-06-07,1.600127e-05,5.3400736e-06,1.600127e-05,8.297441e-06,1.016607e-05,5.8247338e-06
2015-06-08,0.0005820733,6.192137e-05,0.00043516784,0.0004351058,0.0002791904,0.00020996008
2015-06-09,-0.00020972909,-0.00043869534,-0.00045246928,-0.00068922376,-0.00023498114,-9.13545e-05
2015-06-10,-0.0024104542,-0.0003379881,-0.0010596627,-0.0011043163,-0.001180077,-0.0015136017
2015-06-11,-0.0006762811,-0.00037490862,-0.00052254,-0.0005788794,-0.0005313907,-0.00051223376
2015-06-12,0.0005381589,-0.00016955547,0.00014123763,-0.00013663547,-4.6107063e-05,0.00025295533
2015-06-13,5.665694e-06,1.3099106e-05,5.665694e-06,2.002448e-05,1.0687836e-05,1.4929187e-05
2015-06-14,4.8293758e-05,5.0617353e-05,1.5456142e-05,7.227781e-05,3.9334234e-05,6.364334e-05
2015-06-15,0.000925819,-0.0002851038,0.0003056734,-0.00019710542,-0.00010831388,0.00034489235
2015-06-16,-0.00019163985,0.00035213848,-0.00017198837,0.0008039807,0.0002651053,2.0626841e-05
2015-06-17,-0.00016415163,2.9580342e-06,-0.00015635765,6.4855165e-05,4.2452113e-05,-9.425456e-05
2015-06-18,0.00033839833,0.0006814359,-0.00029219323,0.0014657936,0.0009595467,0.00079826947
2015-06-19,-0.0006549883,-0.00069135305,-0.00035915597,-0.0008658688,-0.00058117893,-0.000840319
2015-06-20,3.3587232e-05,3.1694297e-05,2.7465042e-06,5.83609e-05,2.5866897e-05,4.0081628e-05
2015-06-21,-9.9185e-06,-9.716487e-06,-7.06363e-06,-1.822854e-05,-9.4055695e-06,-9.6365375e-06
2015-06-22,-0.0011279159,7.5270436e-05,-0.000258354,0.00042966587,0.00014670243,-0.00028142452
2015-06-23,-0.00081918313,-0.00016977738,-0.0004367082,-0.00034546593,-0.00027709076,-0.00035529953
2015-06-24,-0.0015661049,-0.0012442867,-0.00080949534,-0.001991794,-0.0014070214,-0.0015285087
2015-06-25,0.00012669047,-0.00013486993,-0.00012010371,-0.00010828808,-2.3236218e-05,-3.259741e-05
2015-06-26,0.00030197029,-9.886405e-05,4.46663e-05,-1.5487949e-05,2.6117987e-05,-0.000110866255
2015-06-27,5.239172e-05,6.501378e-05,2.696952e-05,9.84936e-05,4.9070066e-05,8.361458e-05
2015-06-28,1.3378804e-05,1.125027e-05,-1.1279036e-05,2.0076583e-05,6.107265e-06,1.8771907e-05
2015-06-29,-0.0011882542,-0.0025327126,-0.001423183,-0.0033785175,-0.0018497044,-0.0019705012
2015-06-30,0.00087723834,0.0013960368,0.0006399068,0.001925789,0.0011775728,0.0010074468
2015-07-01,-0.00084291265,-0.00054711866,-0.000558917,-0.00059384067,-0.00060860824,-0.00085166405
2015-07-02,-2.6311931e-05,0.00018622392,-9.071185e-05,0.00019086256,9.4580384e-05,7.3603333e-06
2015-07-03,9.638098e-05,-6.2273444e-05,8.853435e-06,-0.00010714033,-7.0505026e-05,1.9504378e-05
2015-07-04,2.9581079e-05,2.9630788e-05,9.527343e-06,5.4897115e-05,2.9656207e-05,2.7360556e-05
2015-07-05,0.00019224196,0.00017131897,2.2869106e-05,0.00030661086,0.00015804508,0.00019037128
2015-07-06,0.002099327,0.0004657846,0.0012550683,0.00063418876,0.00085046474,0.001423251
2015-07-07,0.0006062816,0.00016525903,0.00042702086,8.27751e-05,0.00019833661,0.000639897
2015-07-08,0.002262438,0.00042616806,0.0008778185,0.0003634318,0.00080992625,0.0013333259
2015-07-09,-0.001559006,-0.00071057514,-0.0005924427,-0.0005680727,-0.0005822677,-0.0012685114
2015-07-10,-0.0038877535,-0.0015160644,-0.0011102529,-0.0017828697,-0.0016313022,-0.0029204194
2015-07-11,3.644903e-05,3.5468274e-05,-1.6738702e-06,7.444725e-05,3.8883623e-05,4.009806e-05
2015-07-12,0.00012966873,0.00013352779,-2.9062228e-06,0.00022210453,0.0001177836,0.0001435843
2015-07-13,-0.001304697,-7.536979e-05,-0.00033812248,8.443444e-05,-6.280196e-06,-0.0005270119
2015-07-14,-0.00035298686,0.00016257742,6.162958e-05,0.00017525778,2.726174e-05,-2.8543594e-05
2015-07-15,0.0007235286,0.0003993094,0.00037151703,0.0002898755,0.00018492644,0.00066245586
2015-07-16,0.0012786674,0.0013642191,0.0008032194,0.0017880532,0.0011877113,0.001692672
2015-07-17,0.00019928903,0.00010039494,0.00024174187,-3.2432767e-05,1.6017435e-05,0.00033550197
2015-07-18,-1.1469206e-05,-1.0022507e-05,0.0,-1.8515278e-05,-1.1100872e-05,-1.2069748e-05
2015-07-19,-1.733043e-06,-1.0238424e-05,0.0,-6.0964703e-06,-5.2466025e-06,-1.3031757e-05
2015-07-20,0.0011415917,0.00053916674,0.00064531906,0.0005897543,0.00049562764,0.0009616832
2015-07-21,-0.0010175155,-0.00074689754,-0.0006530607,-0.0010807405,-0.0006358196,-0.0011055709
2015-07-22,-0.00015595839,-0.0005545593,-0.00034872763,-0.001008362,-0.00046935095,-0.00031056209
2015-07-23,0.0010053912,0.0003388688,9.108616e-05,0.00038142188,0.00041905677,0.00091753516
2015-07-24,0.0003014809,-0.0005954399,-0.00022249746,-0.0009797906,-0.00014427688,8.4359854e-05
2015-07-25,6.9780884e-07,1.9252807e-06,7.802149e-08,1.2287717e-06,1.0763843e-06,2.4585293e-06
2015-07-26,7.1253744e-06,1.100222e-05,-3.7278738e-07,9.838857e-06,9.302833e-06,1.5718555e-05
2015-07-27,0.000852226,-0.00037894072,-0.00019788735,-0.0005854738,0.00025098506,0.00056155334
2015-07-28,-0.0015055796,-0.00028843552,-0.00025931877,-0.00044488773,-0.0007207283,-0.0012563205
2015-07-29,-0.0015348007,-0.00051440985,-0.00033491253,-0.00081808434,-0.0008774075,-0.0014492004
2015-07-30,0.00066375645,0.0004461018,0.00024286717,0.0004909881,0.00031311213,0.0007182132
2015-07-31,0.00035113364,0.0004931496,0.00015805617,0.00056120317,0.00019652939,0.0004658402
2015-08-01,-1.777887e-05,-2.7752896e-05,-8.148437e-06,-2.2712176e-05,-1.6942047e-05,-2.9391293e-05
2015-08-02,-4.024646e-06,6.603099e-08,6.9449946e-08,-1.8388932e-06,-1.3890739e-06,3.3656415e-06
2015-08-03,0.0018167318,0.00097387686,0.00058359216,0.0010773898,0.0007267138,0.0016367965
2015-08-04,-0.00030917628,-0.00025750397,-0.00025226476,-0.00027528885,-0.00018206642,-0.00022669233
2015-08-05,0.00021403302,0.00037426953,0.00032957035,0.00041135555,0.00015338742,0.00034604737
2015-08-06,-0.000121683064,-0.00056022184,-0.00037764586,-0.00069540774,-0.00042737744,-0.00015307959
2015-08-07,-0.00046978155,-0.00046811407,-0.00036471302,-0.00074183434,-0.00042657243,-0.00043844132
2015-08-08,2.585596e-05,-2.9854597e-05,2.837138e-06,-1.8053215e-05,-2.0605097e-05,-6.0079878e-05
2015-08-09,-1.9384968e-05,-3.048855e-06,-3.3169135e-06,-1.2581926e-05,-1.0209087e-05,-6.3258454e-07
2015-08-10,-0.0021110682,-0.0005477338,-0.00039433548,-0.0002155202,-0.00042919128,-0.0016751912
2015-08-11,0.0011368599,-9.780196e-05,-0.00033732958,-0.0005047779,-0.00010380587,0.0007631219
2015-08-12,-5.321631e-06,-0.0004079333,-0.0006838886,-0.00038410292,-0.00020813175,-0.000116481795
2015-08-13,-0.0003806753,-0.0002522202,-8.469837e-05,-0.00064091425,-0.00041557706,-0.00041718656
2015-08-14,0.00021512165,0.00035776358,0.000119712095,0.0004368043,0.00022978858,0.00042219937
2015-08-15,2.1246788e-05,1.8325824e-06,6.734433e-06,3.228729e-06,4.813355e-06,-8.823408e-07
2015-08-16,1.34386e-05,2.6719233e-06,3.0093984e-06,3.2754772e-06,4.0100085e-06,5.1089296e-06
2015-08-17,0.0006589089,0.00049041637,0.00015719245,0.0006491359,0.00027985987,0.000740714
2015-08-18,0.00060015474,-9.516882e-05,0.00013204229,-0.00024243043,-9.8456236e-05,0.00039408146
2015-08-19,0.0013700869,0.00042826033,0.0004715544,0.00029004243,0.0003661474,0.0009142038
2015-08-20,0.0019626538,0.00024194561,0.0008380585,0.00026374077,0.00061761687,0.00093816477
2015-08-21,0.0050998786,0.0017557394,0.0019571532,0.0019974017,0.0023055628,0.0037731617
2015-08-22,1.0506549e-05,1.085296e-06,1.2144078e-06,3.312045e-06,1.7473672e-06,7.704335e-06
2015-08-23,1.6111519e-05,1.6498097e-06,2.332746e-06,2.8924867e-06,1.915151e-06,1.1255846e-05
2015-08-24,0.008870779,0.0030987812,0.0027505846,0.0034927512,0.004069725,0.007163125
2015-08-25,-0.0016801879,-0.0010049293,-0.00077718135,-0.000788214,-0.0004325896,-0.0013762274
2015-08-26,-0.0034780253,-0.0016388536,-0.00044028467,-0.0028929834,-0.0019765024,-0.0029565836
2015-08-27,-0.0071963263,-0.0033137877,-0.00089330046,-0.004905864,-0.0038024806,-0.006601113
2015-08-28,-0.0021182406,-0.0011455806,-0.0003662293,-0.0017947882,-0.0013520742,-0.0020032674
2015-08-29,6.141454e-06,4.5369137e-07,1.2616747e-06,4.1636588e-07,4.1045263e-07,4.188964e-06
2015-08-30,5.2865726e-06,5.5679163e-07,1.2254285e-06,3.6066763e-07,2.2597659e-07,4.0115256e-06
2015-08-31,0.00096872705,0.0005199482,0.0001291252,0.00072005717,0.00074112474,0.0005425525
2015-09-01,0.0036913885,0.0014435971,0.0004901116,0.001512482,0.0012222483,0.0037652415
2015-09-02,0.00021054939,0.0002989135,0.00032869863,0.0006390872,0.0005567636,-5.742797e-06
2015-09-03,-0.0012304706,-0.00049085874,-0.0002358359,-0.0005834711,-0.00057108165,-0.0011820762
2015-09-04,0.002197529,0.0007565714,0.00036689843,0.00059064303,0.0005652473,0.0020496296
2015-09-05,-3.8546303e-05,-5.263777e-06,-7.0543438e-06,-2.7075944e-06,4.5671425e-07,-2.6139478e-05
2015-09-06,-1.0125616e-05,4.4113103e-06,-2.5621127e-06,4.834172e-06,6.8797763e-06,-2.016873e-06
2015-09-07,0.0013609783,0.00083411526,0.0003023514,0.0013028244,0.0009428618,0.0014481437
2015-09-08,-0.0029725842,-0.0010135656,-0.00041246237,-0.00078766164,-0.00080821646,-0.0026560635
2015-09-09,-0.0017591255,-0.0008831647,-0.0001171626,-0.0012979812,-0.001033854,-0.0014372698
2015-09-10,0.00058352924,0.00040948467,-6.4211745e-05,0.00047609926,0.00036410647,0.0004744678
2015-09-11,-0.0008620785,-0.00040252798,-0.00014391131,-0.00066105655,-0.0005154701,-0.0005590185
2015-09-12,-5.605298e-06,-1.0655406e-05,-7.008554e-07,-1.4755598e-05,-1.1441038e-05,1.3555706e-05
2015-09-13,-1.0594514e-06,-5.011379e-06,-5.4155354e-08,-4.333373e-06,-3.5018043e-06,1.0392093e-05
2015-09-14,-0.00017049283,-0.00024583912,-4.5730747e-05,-0.00030116984,-0.0002460374,-1.4962808e-05
2015-09-15,-0.00064690923,-0.00039081767,-9.842722e-05,-0.00042440958,-0.00027051757,-0.00094495656
2015-09-16,-0.0009450728,-0.00016007849,-0.00032824418,-7.527719e-05,-2.4338122e-05,-0.0013192632
2015-09-17,-0.0004569918,-0.00014716745,-0.0002085082,-0.00017446093,-6.782707e-05,-0.0004967892
2015-09-18,-0.00012668449,-0.00039698737,-0.00014058319,-0.0006805085,-0.00067462074,0.0007259389
2015-09-19,1.4720861e-06,-5.634799e-06,-1.0735062e-07,-2.4934602e-06,-3.254977e-06,8.0514355e-06
2015-09-20,-5.788779e-07,-1.5929606e-06,-1.9983115e-07,-1.3546589e-06,-1.3012747e-06,2.8442375e-06
2015-09-21,-0.00043762042,-0.0003480908,-6.560074e-05,-0.00043917814,-0.00034105047,-0.00059192954
2015-09-22,0.00037858952,-0.00018429369,1.0796476e-05,-0.00046853058,-0.00039055763,0.0011023463
2015-09-23,0.00034362267,9.099273e-05,6.316175e-05,3.824509e-05,-2.1316157e-05,0.00087825896
2015-09-24,0.00021660238,0.00017669587,-0.00012208492,2.0004107e-05,8.587776e-06,0.00059007894
2015-09-25,-0.00069329486,-0.0004076086,-6.7540524e-05,-0.00035004938,-0.00025230023,-0.00088073313
2015-09-26,-1.0479044e-06,-1.1396352e-06,-1.2638829e-07,-1.0446477e-06,-1.3089747e-06,1.774781e-06
2015-09-27,-1.8255782e-06,-2.4356611e-06,-4.3805974e-07,-2.2129016e-06,-2.7615104e-06,3.8968565e-06
2015-09-28,0.0018911778,0.00030091687,0.00021567776,0.0006688475,0.00054965663,0.002141615
2015-09-29,0.0006016176,0.0003592158,0.0001449764,0.0003420566,0.00033179222,0.00079218036
2015-09-30,-0.0022841727,-0.00074407895,-0.00040041577,-0.0012328653,-0.0009830944,-0.0024654088
2015-10-01,-0.00015745786,-0.00013833104,0.00011480805,-0.0002819478,-0.0002328582,-0.0004179687
2015-10-02,-0.0016413269,-0.00028559292,-0.0004470175,-0.00049501803,-0.0005201968,-0.0014944185
2015-10-03,7.729136e-06,6.0680013e-06,2.0208063e-06,9.7403e-06,5.722997e-06,2.785838e-06
2015-10-04,-3.9124707e-06,-3.118879e-06,-8.638798e-07,-4.8097463e-06,-3.0715164e-06,-1.7146098e-06
2015-10-05,-0.0022926633,-0.000714416,-0.00073144276,-0.0010018715,-0.0006216149,-0.0024820806
2015-10-06,-0.00037178872,-6.764535e-05,-0.00020525136,0.00013404887,9.2708564e-05,-0.0007348413
2015-10-07,-0.0004457329,6.22868e-05,-0.00029771423,9.290429e-06,0.0001231151,-0.0009713688
2015-10-08,2.7511609e-05,0.00016743588,-9.334599e-05,0.00029734612,0.00021128607,-0.00028146038
2015-10-09,0.00029295808,0.00019217086,3.2240354e-05,0.00048624648,0.00047105638,-0.00015059336
2015-10-10,3.7145976e-06,2.9439807e-06,7.8442537e-07,5.5627406e-06,3.3079536e-06,2.1190212e-06
2015-10-11,1.6839384e-05,1.2613107e-05,6.117864e-06,2.5301868e-05,1.3641016e-05,1.0533351e-05
2015-10-12,-0.00019425616,-6.735529e-05,-1.3025941e-05,-0.00018445616,-7.668316e-05,-8.299892e-05
2015-10-13,-0.0008044002,-0.00081826095,-8.0352926e-05,-0.0012744085,-0.00076151435,-0.00047159067
2015-10-14,-9.1020534e-05,0.00014635574,0.00034197627,9.652711e-05,5.3262236e-05,0.00027952538
2015-10-15,0.0015629708,0.001157872,-2.7839635e-05,0.0021630079,0.0012424656,0.00072014716
2015-10-16,0.00020617794,1.8370241e-05,-6.408775e-05,0.00016019927,-3.2674616e-05,-0.00021828
2015-10-17,3.979164e-05,2.8726558e-05,-1.3626865e-06,7.668527e-05,3.323421e-05,3.6871752e-05
2015-10-18,-6.445363e-05,-4.784141e-05,-1.1862018e-05,-0.0001158547,-5.0684197e-05,-5.7403988e-05
2015-10-19,-0.0006002159,-0.00032722505,-0.00015496039,-0.0007152441,-0.00041057347,-0.00037898772
2015-10-20,-0.000496175,-0.00013230299,-0.00012874711,-0.00025879694,-0.00026308632,-0.00041092528
2015-10-21,-0.00066995184,-0.000630295,-0.00022378244,-0.0012934045,-0.00062679546,-0.00048456967
2015-10-22,0.00089028105,0.001363287,2.7989754e-05,0.0022864933,0.000923304,0.0008826111
2015-10-23,0.0011345422,0.0007488813,8.7520166e-05,0.0015492808,0.00069209887,0.00035942925
2015-10-24,2.9113326e-05,2.0686046e-05,-2.0516468e-06,5.5896733e-05,2.3403218e-05,2.730695e-05
2015-10-25,7.367083e-06,3.5761586e-06,-4.774148e-06,1.5964088e-05,5.9632875e-06,4.1622166e-06
2015-10-26,-0.0001540239,-3.1956883e-05,-2.0544205e-05,-0.00033235343,-0.00010990588,6.166908e-07
2015-10-27,-0.0005309543,-0.00056151324,-0.0002234003,-0.0010720917,-0.0004789268,-0.0004738064
2015-10-28,0.0005816948,0.0006903364,0.00011976844,0.0012424106,0.0005455329,0.00045242676
2015-10-29,-0.0009707673,-0.000978431,-0.00031894475,-0.0016368183,-0.00076548045,-0.0010134033
2015-10-30,-0.0007365973,-0.0003920083,-0.00044399337,-0.0007341806,-0.00047210857,-0.00054891285
2015-10-31,-0.00012421877,-9.571784e-05,-9.529998e-06,-0.00019823136,-9.632592e-05,-0.000116485695
2015-11-01,8.578981e-05,6.841625e-05,7.4260843e-06,0.00013988196,7.050587e-05,8.246212e-05
2015-11-02,0.00123522,0.0009376059,0.00032031187,0.0017323795,0.0008491884,0.0010444368
2015-11-03,0.0005015499,0.0006769966,0.00012583238,0.0010499177,0.00054720725,0.0007103973
2015-11-04,-6.182144e-05,-0.0002775209,5.6731078e-05,-0.00043098896,-0.00012772862,-0.00017996349
2015-11-05,0.00032760162,-2.8542365e-05,0.00037942888,0.0001381187,0.00019561689,7.337376e-05
2015-11-06,0.0005101903,-0.00014314296,0.0002649028,1.3277848e-05,0.0002819696,3.2745946e-05
2015-11-07,3.1832726e-05,2.7607424e-05,0.0,4.7625294e-05,2.5408548e-05,3.28022e-05
2015-11-08,-4.5686193e-05,-4.0031002e-05,0.0,-6.2143685e-05,-3.7516205e-05,-4.4076394e-05
2015-11-09,-5.993955e-05,-0.00076353055,0.00021659725,-0.0009789476,-0.00019162522,-0.0006563293
2015-11-10,0.00036255163,0.00013066467,0.00037075783,0.00022004519,0.00019599147,0.00021288011
2015-11-11,-7.751716e-05,-0.0001273791,-6.401993e-05,-0.00015558711,-0.00012964699,-9.936661e-05
2015-11-12,-0.0004763299,-0.001031007,-0.00024288565,-0.0012933909,-0.00041507467,-0.0010790884
2015-11-13,0.00046038823,-0.00037996809,0.00031326842,-0.00019984615,0.00033331822,-0.000460919
2015-11-14,1.9930296e-07,-4.150129e-06,-3.450168e-07,-1.841666e-06,-6.918493e-07,-5.5319983e-06
2015-11-15,5.6084104e-06,-1.3120486e-05,-1.4510773e-06,-3.0042559e-06,1.9694921e-08,-1.9347777e-05
2015-11-16,-9.4137395e-05,0.00064588594,0.0001940589,0.00028681676,-0.00012321204,0.0006481057
2015-11-17,-3.836471e-05,0.00029419758,7.1548806e-05,5.5500048e-05,-7.852907e-05,0.00031581326
2015-11-18,2.3492305e-05,0.00048532308,-0.00021105066,0.00028126815,6.03663e-06,0.0006450388
2015-11-19,-0.0013907517,-0.00033759774,-0.00069690164,-0.00061786646,-0.0006592055,-0.0008008634
2015-11-20,-7.5310585e-05,0.00014296915,-0.00012821553,-0.00024041825,-8.9471934e-05,0.00026735
2015-11-21,-5.474791e-06,3.387308e-06,-8.90712e-08,4.794496e-07,9.3788753e-07,3.81653e-06
2015-11-22,1.3028687e-06,-2.2646466e-06,-5.3906453e-09,-1.3183542e-06,-1.9722452e-06,-2.4347999e-06
2015-11-23,-3.1051084e-05,-0.00022638049,-0.00019841462,-0.00021156762,-0.00011018826,-4.7697897e-05
2015-11-24,-0.0007341681,-0.00042607018,-0.00026793953,-0.00054221693,-0.00044813237,-0.0006693868
2015-11-25,-9.5013835e-05,-3.2463213e-05,-0.00010235715,-0.00015373294,-7.216884e-06,9.669039e-06
2015-11-26,0.00024107828,0.00042271102,5.8864374e-05,0.00056895975,0.00030031017,0.0004489863
2015-11-27,0.00055824924,0.00016269668,0.0003196921,-5.7649722e-05,2.2063443e-05,0.00030691398
2015-11-28,-7.2681228e-06,-7.890117e-06,-5.39439e-06,-7.820413e-06,-5.824181e-06,-4.456576e-06
2015-11-29,4.100234e-05,4.3472715e-05,1.9250507e-05,4.4724355e-05,3.354831e-05,3.5803263e-05
2015-11-30,-3.705452e-05,-0.00010446913,-8.9367306e-05,-0.00017658478,-0.00017425715,-0.0001440057
2015-12-01,-0.00018081773,0.0005362072,-0.00011981096,0.0008420923,0.0005966464,0.00032887576
2015-12-02,0.00022484001,-0.0005144344,-6.884023e-06,-0.00097094954,-0.00055475597,-0.00032450628
2015-12-03,-0.0030739012,-0.0029398464,-0.0018527436,-0.0036891943,-0.0023321016,-0.0035328253
2015-12-04,-0.0019792207,-0.00045734324,-0.00032741792,-0.0013894765,-0.0009997233,-0.0012225616
2015-12-05,7.659348e-05,7.5830845e-05,1.953684e-05,9.463722e-05,5.358329e-05,5.0358e-05
2015-12-06,-9.083847e-06,-8.770691e-06,-7.600143e-06,-1.0888173e-05,-6.800331e-06,-4.1520057e-06
2015-12-07,0.00142081,0.0005121014,0.0005865315,0.00038473017,0.00044161984,0.0011620426
2015-12-08,0.000572385,-0.00015530069,0.0005015388,-0.00018818917,-1.3502627e-05,-2.6598887e-06
2015-12-09,0.0003700603,1.9937952e-05,0.00020044278,0.00029348995,0.00038829193,-0.00019750526
2015-12-10,0.00052501593,0.0001662923,0.00030046864,0.0004031311,0.00037341614,0.0002936683
2015-12-11,0.0030511443,0.0011635309,0.0019743338,0.0020403378,0.0017548415,0.0022080038
2015-12-12,-9.12602e-05,-8.198129e-05,-5.046821e-05,-0.00013396303,-6.919658e-05,-7.970706e-05
2015-12-13,1.3111078e-06,1.4788159e-06,3.485473e-06,4.1225402e-07,4.346588e-07,-7.935888e-07
2015-12-14,0.00085011276,0.00023035175,0.00030027615,0.0005800246,0.00058848294,0.00069168163
2015-12-15,-0.002081135,-0.000729693,-0.00067438214,-0.0015337263,-0.0014121658,-0.0014354298
2015-12-16,-0.0022680364,-0.0008727479,-0.001236616,-0.0017993463,-0.0014482077,-0.00162599
2015-12-17,0.00020020157,-0.00020549516,3.8119513e-05,-0.0005649234,-0.00040667795,0.00015965827
2015-12-18,0.0008245356,0.0001845134,0.00035546147,0.0005884557,0.00039625587,0.00021619852
2015-12-19,-1.1455573e-05,-1.0434434e-05,-8.5144775e-06,-1.5066699e-05,-8.477424e-06,-9.40917e-06
2015-12-20,-8.74835e-05,-8.026132e-05,-3.970514e-05,-0.00012429527,-6.820341e-05,-6.982337e-05
2015-12-21,-5.3128162e-05,-4.3555847e-05,-8.704523e-05,0.00014069783,0.00010111205,-6.605114e-05
2015-12-22,-0.0006151515,-0.00015530121,-0.00034202207,-0.00019191156,-0.00023153794,-0.00044755326
2015-12-23,-0.0020143576,-0.00070941274,-0.0009814998,-0.0004279221,-0.0005469869,-0.0016565728
2015-12-24,-0.0004772471,-0.00021333001,-9.438976e-05,-0.0003720436,-0.00030484138,-0.00053860934
2015-12-25,0.00013547805,-2.6892587e-05,-3.9591763e-05,7.021003e-05,9.280282e-05,5.66269e-05
2015-12-26,-5.5924746e-05,-7.592307e-05,4.759116e-07,-0.0001072496,-5.2176827e-05,-0.000107002685
2015-12-27,-8.019854e-06,3.3783974e-07,-7.256012e-06,-1.0394524e-06,-5.812796e-06,5.409985e-06
2015-12-28,0.00018671686,-9.687178e-05,3.9178693e-05,-0.00024155829,-0.00016494276,0.0001896388
2015-12-29,-0.00010902442,0.00047221727,-1.4376396e-05,0.00090863777,0.0005893069,-1.1515119e-05
2015-12-30,3.2380336e-05,-0.0003339348,-3.6194124e-05,-0.0006977451,-0.00045974605,8.252727e-05
2015-12-31,-0.00033692495,-0.00046590934,-0.0004026153,-0.00063725637,-0.00049749267,-0.00024496252
2016-01-01,0.000114997136,5.76996e-05,0.000101243895,0.00014890546,0.0001692572,0.000134457
2016-01-02,3.657092e-07,-5.720328e-07,-6.7582016e-07,-1.5387133e-06,-3.432954e-07,-1.6968197e-06
2016-01-03,8.70948e-07,-2.0800367e-06,5.983125e-08,-4.9307514e-06,-1.405354e-06,-5.2188557e-06
2016-01-04,-0.0002638135,-0.0014468295,-0.0004373111,-0.0021738647,-0.0012663042,-0.00027965408
2016-01-05,0.00011997232,0.0002018417,0.00029041886,6.199712e-05,0.00019364209,7.402584e-05
2016-01-06,0.0014822384,0.0008800818,0.001208083,0.00051161845,0.00093922217,0.0014362221
2016-01-07,0.0030383398,0.0018339732,0.002683062,0.0014974072,0.002285084,0.002741989
2016-01-08,0.001502438,0.0009704803,0.0011767042,0.00079280196,0.0011143506,0.0013186348
2016-01-09,-8.991322e-06,-1.0694013e-05,-6.5117583e-06,-1.203009e-05,-9.980856e-06,-1.1181429e-05
2016-01-10,-1.9713912e-06,-1.7767377e-06,-2.1239482e-06,-2.398979e-06,-1.6263715e-06,-1.8857381e-06
2016-01-11,0.001912559,0.0012230182,0.0010607775,0.0012523242,0.001422354,0.0018400552
2016-01-12,-0.0007832334,-0.00036982854,-0.00038702876,-0.00041635588,-0.0006643663,-0.00059740676
2016-01-13,0.0023114872,0.0016084787,0.00045142104,0.0014322599,0.0017597035,0.0020480717
2016-01-14,-0.00068711716,-0.0006253838,0.00014387675,-0.0004796243,-0.00064815197,-0.0005267161
2016-01-15,0.0050230823,0.0036357527,0.0021572234,0.0032199328,0.0037179976,0.0046031293
2016-01-16,-5.8716618e-05,-2.6519458e-05,-3.737548e-05,-4.2361025e-05,-5.384093e-05,-4.126813e-05
2016-01-17,2.1462365e-05,1.4141058e-05,1.6773693e-05,1.7131799e-05,1.9911802e-05,1.5415937e-05
2016-01-18,0.0025356482,0.0016779074,0.00081031024,0.0023042527,0.0020876953,0.002446381
2016-01-19,-0.0015194841,-0.0010118523,-0.00063131977,-0.0010966547,-0.0012280196,-0.0013313767
2016-01-20,0.004268383,0.0029516402,0.0010617399,0.002618914,0.0028995576,0.003941768
2016-01-21,-0.0021768296,-0.0015173728,-0.00016973168,-0.0013668552,-0.0014033112,-0.002091204
2016-01-22,-0.00674557,-0.004688974,-0.0010487672,-0.004492682,-0.0047814134,-0.0062470995
2016-01-23,-1.10856245e-05,-4.8655256e-06,-8.566266e-06,-1.580155e-06,-5.1571938e-06,-6.157326e-06
2016-01-24,-3.077465e-05,-1.309091e-05,-2.0839117e-05,-1.1616695e-06,-7.148883e-06,-1.7553431e-05
2016-01-25,0.0012078503,0.000877032,0.00013332292,0.00031449526,0.00063109066,0.00085073337
2016-01-26,-0.001107891,-0.00060635025,-0.00013924344,0.00010331363,-0.0003970698,-0.0009518836
2016-01-27,-4.8799266e-05,-0.00014475895,-0.00030683502,-0.00033044533,-0.00016393683,-0.00012185082
2016-01-28,-8.67024e-06,-9.621288e-05,-0.00012590975,0.00020178407,8.72094e-05,-0.00011871218
2016-01-29,-0.0022715132,-0.0015447711,-0.0004751534,0.00014421385,-0.0006064027,-0.0025140566
2016-01-30,4.3247787e-06,2.1302828e-06,4.3247787e-06,3.0533928e-07,1.8307014e-06,2.4813976e-06
2016-01-31,1.7844095e-05,4.204349e-06,1.7844095e-05,9.888864e-07,1.5758638e-06,1.3891869e-05
2016-02-01,-0.00025700874,-0.00025210693,-0.00013357187,-0.00028866724,-0.00023461663,-0.0003677878
2016-02-02,0.00053262204,0.00039668236,0.00044364794,-0.0003653089,-0.00040168507,0.0007972569
2016-02-03,-0.00034535368,4.6979596e-05,-0.00021427705,2.5929334e-05,-0.00016995076,-0.00024193805
2016-02-04,0.00022759661,-1.0196567e-05,-8.001808e-05,0.00056835235,0.00044990398,-0.00016636377
2016-02-05,-6.9406815e-05,-0.00029460355,-0.00019468491,-0.00091797294,-0.00072010886,0.00019789606
2016-02-06,9.843842e-06,-1.6866753e-06,9.656236e-06,-7.678233e-06,-3.456786e-06,-3.6581664e-06
2016-02-07,1.129279e-06,7.72584e-07,7.8065347e-07,6.3784955e-07,1.0349307e-06,4.2067526e-07
2016-02-08,0.0015086875,0.001198032,0.0006397955,0.0009396161,0.00061609247,0.0017606299
2016-02-09,0.0007069417,0.00045979462,0.00048826897,5.5427776e-05,0.00018289822,0.0012346954
2016-02-10,0.00021835673,7.115708e-05,7.281747e-05,0.00039664807,0.00038586397,6.11767e-05
2016-02-11,0.0028028765,0.0018306297,0.0008216417,0.0023676022,0.0018342129,0.0029569657
2016-02-12,-0.0026798877,-0.0017516103,-0.00046245314,-0.0022941777,-0.0017234796,-0.002753105
2016-02-13,-1.1182806e-06,4.7854564e-06,-3.0141748e-06,6.227202e-06,6.3260154e-06,3.9274014e-06
2016-02-14,1.0204235e-05,1.969683e-05,-1.5707465e-06,2.2138125e-05,2.0620739e-05,2.3001745e-05
2016-02-15,-0.0018303872,-0.0011043444,-0.00055267836,-0.0013043755,-0.0012647768,-0.0018155617
2016-02-16,-0.002650278,-0.0015600658,-0.00076622196,-0.0022690187,-0.001926713,-0.002410767
2016-02-17,-0.0013633735,-0.000618576,-0.0002835629,-0.0005151309,-0.00037836263,-0.0015644416
2016-02-18,-0.0001397701,-0.0001352889,-9.479762e-05,-6.702374e-05,-0.00027463428,0.0001812795
2016-02-19,-1.3762031e-05,-5.231212e-05,4.0621122e-05,-0.00016485548,-0.00012143914,0.00014010195
2016-02-20,8.09663e-05,7.142501e-05,7.852825e-05,0.00013499624,7.412223e-05,6.3881926e-05
2016-02-21,5.0095496e-06,4.631818e-06,4.709961e-06,8.462493e-06,4.4887556e-06,4.489311e-06
2016-02-22,0.0003100797,0.0003184147,5.6217832e-05,0.0006532013,0.00081393716,-0.00041989563
2016-02-23,2.074121e-06,-0.00017713425,6.88657e-05,-0.0005484835,-0.0004203949,0.0004030431
2016-02-24,0.0006639081,0.00039234935,0.00025347745,0.00038209214,0.00042926677,0.0008571889
2016-02-25,0.00057912123,0.0006206843,0.00032357528,0.00092082645,0.0008000393,0.00018193
2016-02-26,-0.00082517683,-0.00078168977,-0.0001843312,-0.0011640199,-0.000774788,-0.0010657059
2016-02-27,-8.6539916e-07,-3.8035657e-07,-8.6539916e-07,-1.2294329e-06,-9.04022e-07,-2.43039e-07
2016-02-28,8.965558e-06,8.8088345e-06,8.965558e-06,1.5132813e-05,8.327226e-06,1.0117478e-05
2016-02-29,0.0003715325,0.00042978226,0.00018188689,0.00048464144,0.00038979787,0.00050045404
2016-03-01,0.0007431485,0.0006954675,-9.613702e-05,0.0015493587,0.001242537,-0.00039979123
2016-03-02,-5.2250866e-06,0.00015602935,-0.00011439337,0.0005207882,0.00026205255,-0.0004061682
2016-03-03,0.00033155424,0.0005325881,-5.2036943e-05,0.0012131345,0.00061110896,0.00030753048
2016-03-04,0.0005073688,0.00057719974,5.5071392e-05,0.0014234032,0.00077663496,0.00018909648
2016-03-05,2.456972e-06,-1.0971847e-05,2.456972e-06,-5.0713716e-06,3.8425183e-06,-2.1648802e-05
2016-03-06,-1.09108705e-05,-9.0504994e-07,-1.09108705e-05,-9.756839e-06,-1.1618157e-05,1.7779411e-06
2016-03-07,0.00034476543,0.0002395519,0.00016017041,0.00060099567,0.000364987,0.00032380308
2016-03-08,-0.0014923672,-0.0010983265,-0.00035384623,-0.0023041184,-0.0015347045,-0.0010033343
2016-03-09,0.0005591258,0.000632381,0.00020173933,0.0012434875,0.0007410259,0.00047435856
2016-03-10,0.0003443944,0.00011294925,0.00011138454,0.0002963971,0.0001717447,0.00026634926
2016-03-11,0.0015158256,0.0015963725,0.0004840547,0.003289103,0.0019340831,0.0010246132
2016-03-12,-8.310412e-06,-1.7955643e-05,-8.310412e-06,-2.0212543e-05,-6.9564444e-06,-2.54493e-05
2016-03-13,-5.0529784e-06,-2.973701e-06,-5.0529784e-06,-2.6674331e-06,-5.245845e-06,-3.855975e-07
2016-03-14,0.00012881923,-8.305496e-05,-0.00016401366,-7.436004e-05,0.00011053808,-0.00015062024
2016-03-15,-0.0013869352,-0.0011254408,-0.0004787503,-0.0021750608,-0.0014004525,-0.0011342325
2016-03-16,0.0010462105,0.0014061751,0.0010847654,0.002554742,0.0013028323,0.001479013
2016-03-17,0.0024853388,0.0021361068,0.001346308,0.0037768746,0.002335101,0.0025331457
2016-03-18,0.0004330115,0.00019932873,0.00024007831,0.00039265098,0.00029858146,0.00036475743
2016-03-19,-4.700526e-06,-3.7455711e-06,-4.700526e-06,-3.837989e-06,-4.9223454e-06,-3.0454744e-06
2016-03-20,-1.2883141e-05,-9.227127e-06,-1.2883141e-05,-9.978905e-06,-1.3617327e-05,-5.066677e-06
2016-03-21,-0.0003904742,-0.0002969218,-5.226337e-05,-0.00030156018,-0.0002775431,-0.00048106536
2016-03-22,-0.00016892518,-0.0001371098,-0.00016177536,-0.00021584745,-0.00014707804,-0.00023216147
2016-03-23,-0.0018690618,-0.0016734191,-0.0011910155,-0.0035038274,-0.0020847658,-0.0016373241
2016-03-24,-0.0013194236,-0.0009951802,-0.0006302344,-0.001800838,-0.0011660887,-0.0011963807
2016-03-25,-0.0001598185,-8.968711e-05,-4.8724647e-05,-0.0001149658,-9.55624e-05,-0.00019343439
2016-03-26,-1.258268e-07,1.1827526e-07,-1.258268e-07,6.3372886e-07,-2.50217e-07,2.6689034e-07
2016-03-27,-4.7536564e-06,-4.6303e-07,-4.7536564e-06,9.205593e-06,-8.867382e-06,4.539526e-08
2016-03-28,-3.22167e-05,0.00011921702,-2.87802e-05,0.00018019193,4.5513007e-05,1.8133187e-05
2016-03-29,0.0012080284,0.0014620357,0.00093547854,0.002170486,0.0012759401,0.0017964503
2016-03-30,0.00054098485,0.0005559484,0.00038760056,0.00072165794,0.0004070597,0.00069888204
2016-03-31,7.255546e-05,-3.603323e-05,-0.000113269554,-0.00025523806,-0.00012832865,3.2774435e-05
2016-04-01,0.00045654984,6.94373e-05,-6.16629e-06,0.0003053675,0.00024997353,7.8665376e-05
2016-04-02,-1.8424619e-06,-1.4940561e-07,-2.3685457e-06,1.5935547e-06,-2.5502254e-06,-7.1519656e-07
2016-04-03,-1.3921803e-06,-1.2631331e-06,-1.3921803e-06,-1.8658259e-06,-1.3949629e-06,-9.2941974e-07
2016-04-04,-0.0004837469,-0.00053963746,-0.00028107903,-0.000988061,-0.00055532,-0.00076144416
2016-04-05,-0.001329272,-0.0013283986,-0.00057193544,-0.002436303,-0.0013577358,-0.0017583697
2016-04-06,-0.00021571864,0.00023847431,3.8165916e-05,0.0004400649,1.1152881e-05,0.00053948927
2016-04-07,0.0003290044,-0.00015679876,1.3441328e-05,-0.0003583948,6.4005086e-05,-0.00047476197
2016-04-08,-0.00078079605,-0.00012441854,-0.0006206344,-0.0002557919,-0.00038771622,0.00024788277
2016-04-09,-3.1333325e-06,-2.944986e-06,-3.1333325e-06,-5.863915e-06,-2.744821e-06,-1.4889187e-06
2016-04-10,1.5162542e-06,2.233434e-06,1.5162542e-06,5.2073497e-06,6.250971e-07,2.0065402e-06
2016-04-11,-3.0800915e-05,0.00014956287,-9.592949e-05,-0.00017496434,-0.00021327488,0.00034546966
2016-04-12,-0.00039887652,0.00025876728,-0.00030755566,-3.644143e-05,-0.00023524932,0.0006768774
2016-04-13,-0.00072571466,0.00015710559,-0.00044110455,-4.921152e-05,-0.00040776795,0.0007144835
2016-04-14,-0.0011810517,-0.000784883,-0.00064304995,-0.0012051221,-0.0009245807,-0.00090637954
2016-04-15,-8.324499e-05,0.00023579523,-9.1291884e-05,0.00029225906,9.4514735e-06,0.00026485836
2016-04-16,9.438068e-07,9.2822285e-07,9.438068e-07,2.7466886e-06,5.6453007e-07,1.9986749e-06
2016-04-17,-1.9763369e-05,-1.7219216e-05,-1.9763369e-05,-3.5578687e-05,-1.8333167e-05,-1.5484953e-05
2016-04-18,0.00037328998,0.0004962303,0.00029284568,0.0008842793,0.0005546948,0.0005203415
2016-04-19,0.002060176,0.002025766,0.0009725581,0.003302462,0.002059307,0.0023196621
2016-04-20,0.0004168932,0.0001259495,0.0001604221,0.00045475148,0.00027581127,8.193485e-05
2016-04-21,-0.0007041928,-0.0008072081,-0.00026149815,-0.0012326553,-0.0007550968,-0.0009058908
2016-04-22,-0.0014022107,-0.001194943,-0.00075444457,-0.0019351837,-0.0012087355,-0.0014702004
2016-04-23,3.3797733e-05,3.01367e-05,3.3797733e-05,6.2531544e-05,3.194038e-05,3.0465577e-05
2016-04-24,0.00019882264,0.0001755647,0.00019882264,0.00036098002,0.00020693924,0.00019889668
2016-04-25,-0.001025148,-0.0008323209,-0.0005247593,-0.001230939,-0.0008309844,-0.0010884824
2016-04-26,0.0007906404,0.00073785323,0.00020556412,0.001339314,0.00082285405,0.00079843344
2016-04-27,0.00027025997,0.00040215283,-9.54743e-05,0.0005683625,0.0002588579,0.0004628268
2016-04-28,-0.00061639503,-0.0004913065,-0.00013279887,-0.0010248637,-0.0006336345,-0.00079135865
2016-04-29,-8.9371824e-05,-0.00022419698,4.2374824e-05,-0.00070927816,-0.00031755882,-0.0001216943
2016-04-30,-7.892961e-05,-7.432856e-05,-5.807909e-05,-0.00013362194,-7.783422e-05,-8.167178e-05
2016-05-01,2.3792809e-05,2.5278106e-05,2.1052112e-05,4.1230218e-05,2.2362494e-05,2.8356366e-05
2016-05-02,-0.00022646024,-2.3995215e-05,7.200126e-05,-0.0003311374,-0.0002719634,0.00018562417
2016-05-03,-0.0016245318,-0.0019045961,-0.0009328611,-0.0028349513,-0.0016755718,-0.0021899275
2016-05-04,-0.0012877103,-0.0013410916,-0.00064195733,-0.0017945239,-0.000985462,-0.0018021867
2016-05-05,-0.0007860165,-0.0004747668,-0.00042070978,-0.0005170579,-0.00045403265,-0.000852641
2016-05-06,-3.3882294e-05,0.00028108654,0.000175772,0.00033812324,2.5427137e-06,0.00029263456
2016-05-07,4.002428e-05,3.8705362e-05,-3.497689e-07,5.722602e-05,3.7229238e-05,5.042755e-05
2016-05-08,-5.2295823e-06,-5.054741e-06,-7.479493e-07,-7.652662e-06,-4.8955753e-06,-6.4824826e-06
2016-05-09,-0.00010542039,-0.00044186757,-0.00017818775,-0.00055071805,-8.924816e-05,-0.0005100327
2016-05-10,-0.0006700332,0.0005053188,-0.00017185407,0.0003136099,-0.00030601988,0.00068173197
2016-05-11,0.00011554489,2.2466169e-05,0.00020105488,6.429223e-05,6.7605542e-06,-8.005637e-05
2016-05-12,0.00016289047,-8.601084e-05,5.609797e-05,-0.000118445525,6.414894e-05,6.592475e-05
2016-05-13,0.00013904292,-0.00041644895,-0.00011872675,-0.00044554428,8.896392e-06,-0.0006070915
2016-05-14,2.27359e-05,2.4554967e-05,1.4914868e-06,3.320993e-05,2.092864e-05,3.0396599e-05
2016-05-15,2.1763322e-05,2.3404882e-05,6.746262e-06,3.0248248e-05,2.0330774e-05,2.6243082e-05
2016-05-16,-0.0002690291,0.00033122546,-0.00020788997,0.00043739198,-1.4357753e-05,0.00030588848
2016-05-17,0.00023064304,-9.442735e-05,8.91044e-05,-1.38261075e-05,0.000120907374,-0.0002716907
2016-05-18,-0.000884334,-0.0010745032,-0.00077162724,-0.0015297141,-0.00087690074,-0.0012110232
2016-05-19,0.0007349503,-0.00020425447,0.00016828538,9.284688e-05,0.0005980848,-0.00022575833
2016-05-20,-0.0007684117,-8.563038e-05,-0.0005896327,-0.00010105953,-0.0005265748,-0.0002909968
2016-05-21,7.752734e-06,1.2691463e-05,7.3054174e-08,1.955658e-05,8.621496e-06,1.7213217e-05
2016-05-22,6.468112e-06,-2.506152e-06,1.0626512e-05,-2.5097763e-06,5.0249405e-06,-4.3892787e-06
2016-05-23,-0.00037342677,-0.00032830585,-9.164266e-05,-0.0005142899,-0.00040857136,-0.00045587876
2016-05-24,-0.00061167707,2.1160486e-05,-0.0006495789,2.2815624e-05,-0.0003800211,-0.00010752743
2016-05-25,-0.00016688957,0.00045215018,-0.00047522166,0.0007761479,7.8516314e-05,0.00039906154
2016-05-26,-0.00053901,-0.00012967573,-0.00037950638,-0.0003183305,-0.00043893568,-0.00020917851
2016-05-27,5.073948e-05,0.0003404082,0.00022600469,0.0003114566,0.00014010587,0.00020185304
2016-05-28,0.0002699023,0.00028600488,0.0002156496,0.00037057142,0.00024573604,0.00026145545
2016-05-29,-3.9001796e-05,-3.9609327e-05,-1.3519202e-05,-5.5362016e-05,-3.6935067e-05,-4.0158804e-05
2016-05-30,0.0005297966,0.00036354284,0.000274699,0.000736675,0.0005137641,0.000429568
2016-05-31,-0.00086086895,-0.00073492643,-0.00067055534,-0.0011617013,-0.0008232781,-0.00080774666
2016-06-01,-0.0004526011,-4.713767e-05,-0.0004413239,-0.00025640236,-0.00028618803,-0.00032140454
2016-06-02,0.00020724948,0.0004977166,0.00014830983,0.0007110817,0.00031703437,0.00038653208
2016-06-03,-0.0007260099,0.000119292105,-0.0005012364,0.00016894548,-0.00026575706,-6.0960378e-05
2016-06-04,-6.343769e-06,-5.622562e-06,9.7613665e-06,-9.365157e-06,-6.531237e-06,-6.033868e-06
2016-06-05,7.660507e-06,7.5826397e-06,6.298461e-06,1.3833663e-05,6.936366e-06,7.2973266e-06
2016-06-06,0.00034554125,0.00073987286,8.01178e-05,0.0010967673,0.0005200525,0.00030149936
2016-06-07,0.00022774495,0.0004548504,0.0001376105,0.00068165455,0.00032781324,0.00022651878
2016-06-08,0.0009149374,0.0010766758,0.0005235208,0.0017045403,0.0011254135,0.0009166758
2016-06-09,-0.00039528983,-0.00070632226,-0.0004527268,-0.0011706041,-0.00047119916,-0.00064731756
2016-06-10,-0.00276757,-0.0027007733,-0.002126309,-0.004831611,-0.0029415,-0.0023693051
2016-06-11,0.00011494307,0.0001244121,6.987034e-05,0.00020986173,0.00010319644,0.00013313255
2016-06-12,0.00024706172,0.00025291552,0.00015255177,0.00044042512,0.00022365488,0.00027189305
2016-06-13,-0.0016773962,-0.0017076653,-0.0013617512,-0.0032229847,-0.0018276,-0.0013810409
2016-06-14,-0.00016124331,-0.00038366922,-4.375208e-05,-0.00066812313,-0.00019809637,-0.00033359765
2016-06-15,-0.00011307949,-2.702504e-05,-2.6546795e-05,5.67328e-05,-0.00011036217,3.6334728e-05
2016-06-16,0.0007138318,0.0004450091,0.0005237797,0.0007909934,0.0006063085,0.0004159939
2016-06-17,-0.00092808413,-0.00045264745,-0.0006687629,-0.0007783812,-0.0008595667,-0.00036591227
2016-06-18,3.3191138e-06,3.779056e-06,5.1277755e-07,7.730006e-06,2.5282607e-06,3.549562e-06
2016-06-19,1.9942008e-05,1.9769246e-05,6.245347e-07,3.4084132e-05,1.8011315e-05,1.9982845e-05
2016-06-20,-0.0029441125,-0.0017289048,-0.0019460099,-0.0028647138,-0.0027078416,-0.0022461663
2016-06-21,-0.00079956226,-0.0008361189,-0.0003789655,-0.0013305031,-0.000770421,-0.0008511685
2016-06-22,-0.00031276254,-0.00041371683,-1.4577813e-05,-0.0006125348,-0.00033356986,-0.0005013991
2016-06-23,0.00040169767,0.0008658904,0.0003463989,0.001248671,0.00058732106,0.0003947757
2016-06-24,-0.0024311773,-0.0033163358,-0.0024220403,-0.0054641864,-0.0029957907,-0.0022514085
2016-06-25,3.488373e-06,6.3234717e-07,-1.3260433e-08,1.3110543e-06,3.023472e-06,-2.961408e-09
2016-06-26,1.8628187e-07,-1.9593122e-05,3.7234176e-06,-3.3012417e-05,-3.3731521e-06,-3.1231728e-05
2016-06-27,-2.9792007e-05,-0.00025053738,0.00024754455,-0.0012060245,-0.00038159004,0.00033771785
2016-06-28,-0.0014045975,-0.0005331894,-0.0012271503,-0.00070081354,-0.0012582368,-0.000688458
2016-06-29,-0.002014225,-0.0010876897,-0.0017544216,-0.0011537083,-0.0017730116,-0.0013859743
2016-06-30,-0.0005906864,-0.00015094074,-0.000644905,0.00025053733,-0.00040013963,-0.00030120788
2016-07-01,0.0010119796,0.0010249242,0.0006960043,0.0016110975,0.00093437074,0.0012721773
2016-07-02,-1.8740318e-05,1.5315232e-05,-1.3788507e-05,2.585582e-05,1.0286081e-05,2.5263764e-05
2016-07-03,-2.9900515e-05,-5.1898332e-05,-3.5040791e-06,-5.781347e-05,-4.2194843e-05,-5.1348852e-05
2016-07-04,0.0002618237,0.00021392622,0.00012374048,0.00033688048,0.0002675164,0.0004057616
2016-07-05,0.0005858323,0.00019130082,0.00072364364,0.00030685498,0.0003792389,7.839092e-05
2016-07-06,0.000713669,0.0005842526,0.0004511305,0.0006144547,0.0005814465,0.0007480152
2016-07-07,7.056856e-05,-0.00025492633,-1.63203e-05,-0.00041075298,-2.104092e-05,-0.00029296434
2016-07-08,0.0011006813,0.0012535858,0.0008111383,0.0026838284,0.0012630344,0.0014230821
2016-07-09,2.1638589e-06,-6.5087597e-06,-4.9188037e-07,-9.151539e-06,-1.9179618e-06,-1.2044236e-05
2016-07-10,4.6535615e-06,3.4097773e-08,2.8254321e-06,-1.7162267e-06,5.082079e-07,1.6208749e-07
2016-07-11,0.00039774648,0.00029844037,0.0003372382,0.0006874744,0.00039419418,0.0004841465
2016-07-12,-0.0013405024,-0.0006525715,-0.00025217215,-0.00060982537,-0.00088784215,-0.0008344205
2016-07-13,4.9368122e-05,0.00012930707,0.00018358986,0.00072608807,0.00022150688,3.3922868e-05
2016-07-14,0.00013225905,0.00025892703,0.00032455142,0.00047480068,0.00019544068,0.00019150402
2016-07-15,-0.00081850577,-0.000772255,-0.00028379535,-0.0012326441,-0.0007986036,-0.0010232626
2016-07-16,7.09743e-07,-1.3328125e-06,2.9669056e-07,-3.407579e-06,-2.36973e-06,-8.1079224e-07
2016-07-17,5.1526484e-07,1.0256303e-05,1.7179185e-06,1.834824e-05,1.0528634e-05,1.3133956e-05
2016-07-18,0.0004383719,0.00044080807,0.0005273132,0.0009321281,0.00044817946,0.00036219062
2016-07-19,-0.000108914835,-0.00023912932,-0.00014336316,-0.00071225537,-0.00034251914,-0.00029983732
2016-07-20,0.00086747186,0.0007095886,0.0007688278,0.0012208829,0.0007215539,0.0007482409
2016-07-21,-0.00030364125,-0.00022754524,-0.00023027473,-0.0004471682,-0.00026825024,-0.00038600984
2016-07-22,0.00039308405,0.00034724968,0.00039657042,0.00056713086,0.0002536813,0.0005095051
2016-07-23,-2.49315e-06,7.5232083e-07,-2.49315e-06,2.220762e-06,-2.2368332e-07,9.0359146e-07
2016-07-24,-1.7160605e-06,1.4064974e-06,-1.7160605e-06,3.6662245e-06,5.046918e-07,7.4317967e-07
2016-07-25,-0.00015724561,-0.0003574124,-0.00013526606,-0.0006732334,-0.0002789797,-0.00019021287
2016-07-26,0.00020664603,0.0002887192,0.00019567355,0.0004959097,0.00019455455,0.00034246646
2016-07-27,0.00032500553,0.00033983742,0.0003342329,0.00043906085,0.0002556113,0.000511557
2016-07-28,-0.0002457812,-0.000272709,-0.00027456295,-0.0005361903,-0.00040314608,-0.00021133292
2016-07-29,-0.00016999229,0.00022247169,7.185259e-05,0.0005951881,0.00022299927,0.00026854995
2016-07-30,1.5223081e-06,-8.484379e-07,1.5306375e-06,-2.2770114e-06,-1.0332523e-06,-2.952307e-06
2016-07-31,9.958167e-06,-9.249645e-06,9.958167e-06,-2.4992836e-05,-6.594509e-06,-1.4394855e-05
2016-08-01,0.00029939524,-0.00017561163,0.0001415741,-0.00022820287,-0.00015488204,0.0001616452
2016-08-02,-0.0008932179,-0.001293879,-0.0009904178,-0.0021757004,-0.0010621449,-0.0011536932
2016-08-03,-0.0008616542,-0.0004969441,-0.00044202933,-0.0007093817,-0.0005831253,-0.00070366147
2016-08-04,-0.00014545373,0.00036353397,-1.3770025e-05,0.000408514,1.1271558e-05,0.00038735967
2016-08-05,1.0808357e-06,0.00040444024,0.00026945013,0.00065746775,0.00013333924,0.00054266554
2016-08-06,-2.2511356e-05,-5.833625e-06,-1.1583476e-05,-5.9737897e-07,-1.8619584e-06,-1.4552818e-05
2016-08-07,-1.0660815e-05,-2.9498099e-06,-4.9643786e-06,4.849837e-07,-7.292076e-07,-6.0720727e-06
2016-08-08,-0.0002014197,0.00021009245,-9.462245e-05,0.00026394354,6.9663315e-06,0.00022821453
2016-08-09,0.0006098778,0.0006967345,0.00047702648,0.0009961807,0.00059683184,0.0008802743
2016-08-10,1.49265425e-05,-9.940505e-05,4.8624956e-05,-0.00028720373,-0.0001184548,-0.00011087134
2016-08-11,0.00066636625,0.00063026446,0.00041714826,0.0011081765,0.0007274341,0.0006279666
2016-08-12,-0.000595936,-0.00034637592,-0.0003314143,-0.00064331724,-0.00046696147,-0.00051683077
2016-08-13,2.934622e-07,-5.822668e-07,2.5416887e-07,-1.7310992e-06,-7.7078846e-07,-6.132135e-07
2016-08-14,2.7488655e-05,3.2218802e-06,2.0697864e-05,-1.3898937e-05,-4.00912e-06,6.795122e-06
2016-08-15,0.0009302726,0.0009074572,0.00059368886,0.0015063325,0.00088082504,0.00085288985
2016-08-16,-0.000320609,-0.00057654816,-0.000405026,-0.0010586648,-0.00044210622,-0.0006253614
2016-08-17,-0.000247598,-0.00018917602,-0.00017150432,-0.00044988573,-0.00020580359,-0.00037493286
2016-08-18,0.0009263657,0.0011086857,0.0007108031,0.001887373,0.0010319797,0.0010139209
2016-08-19,-0.00080954033,-0.0010400407,-0.00075135636,-0.0015729626,-0.00085766334,-0.0012481696
2016-08-20,-8.944943e-06,-4.1755774e-07,-6.1241835e-06,4.0729283e-06,2.1655676e-06,-4.8550555e-06
2016-08-21,-3.5893223e-07,-5.1533436e-07,2.899451e-07,-7.7413114e-07,-5.937128e-07,-1.5763225e-06
2016-08-22,-0.0013026034,-0.00092288345,-0.0007169854,-0.0016105187,-0.0011721369,-0.0010160551
2016-08-23,0.00020680454,0.0004816492,0.00013506049,0.0007126713,0.0003015198,0.0006104346
2016-08-24,-0.0010027983,-0.0011837173,-0.000797351,-0.0018934518,-0.0010468187,-0.0013141606
2016-08-25,-0.0002931478,-0.00028426942,-0.00032362316,-0.00046139123,-0.00033922048,-0.00032876836
2016-08-26,-0.0003391066,-0.00068211753,-0.00029210243,-0.0010159413,-0.00046651013,-0.00075005955
2016-08-27,-1.6903807e-05,-2.1554575e-05,4.2333522e-06,-3.1191492e-05,-2.2853055e-05,-1.814739e-05
2016-08-28,-3.7223822e-06,-2.6821746e-07,-3.2182852e-06,7.27051e-07,-2.5554968e-07,-1.889212e-06
2016-08-29,-0.0003896754,0.00021846363,-0.00019579931,0.00021989312,-0.0001497563,9.753153e-05
2016-08-30,0.0002889724,-4.3143904e-05,0.00015649498,-3.1478332e-05,0.00012018885,0.00012897351
2016-08-31,-0.00027988697,-0.0007141785,-0.00035945972,-0.0007975299,-0.00035491123,-0.00079868216
2016-09-01,-0.00012341484,8.321622e-06,6.525075e-05,7.6212134e-05,4.90293e-05,-7.458515e-05
2016-09-02,0.00021295474,0.0010490462,0.00036415787,0.0012385807,0.0006049266,0.0010305983
2016-09-03,2.170545e-06,1.8382225e-05,-1.699854e-05,3.2323394e-05,2.0679476e-05,8.861676e-06
2016-09-04,5.095171e-05,4.8090827e-05,1.05316585e-05,6.560423e-05,4.754258e-05,2.9231795e-05
2016-09-05,-4.0709645e-05,8.27951e-05,-4.170268e-06,9.397827e-05,-3.646163e-06,4.513842e-05
2016-09-06,-0.00062745006,0.0006412753,-0.0004378532,0.00047101444,-9.388222e-05,0.0006055983
2016-09-07,-0.0006671626,-0.00025659645,-0.00035450407,-0.00057194964,-0.00059541647,-0.00017005211
2016-09-08,-0.00048621983,-0.0005663157,-0.00044738324,-0.00074728474,-0.0005919328,-0.000616111
2016-09-09,-0.0037943844,-0.004631606,-0.0029849529,-0.006171847,-0.004020911,-0.00497232
2016-09-10,1.1415261e-06,1.0389082e-06,1.0589343e-06,1.929185e-06,9.44449e-07,6.16903e-07
2016-09-11,-7.842807e-05,-7.210805e-05,-7.900271e-05,-0.00013286046,-6.7232795e-05,-5.827721e-05
2016-09-12,-0.0032826918,-0.0021589713,-0.0023174777,-0.0035996926,-0.003013788,-0.0026026964
2016-09-13,0.00074979407,-0.00069378567,0.00029260566,-0.00085383357,0.00024297621,-0.0005064778
2016-09-14,-0.00032224637,-0.00022571233,-0.00032977053,-0.00013422832,-0.00017683119,-0.00032462474
2016-09-15,-0.0010383419,-0.000117843316,-0.00051735144,3.4285087e-05,-0.0006164521,-0.00024271128
2016-09-16,0.00027510716,2.7497936e-05,0.00017901072,7.531516e-05,0.00024677342,-0.0002115101
2016-09-17,-2.2322492e-06,-2.4759852e-06,-2.2322492e-06,-3.4530765e-06,-1.6662927e-06,-1.718609e-06
2016-09-18,-2.685953e-05,1.36284625e-05,-2.685953e-05,-4.496755e-06,-2.2397131e-05,2.0073714e-05
2016-09-19,-0.0009926962,-0.00029257967,-0.00086604204,-0.0004383564,-0.00081668375,-0.00030081873
2016-09-20,-8.246673e-05,0.00018129915,5.7702114e-06,0.0002527456,4.4896165e-05,0.00010874866
2016-09-21,-0.0014840751,-0.00015748713,-0.0011619257,0.00018986086,-0.0004620359,-0.00030744707
2016-09-22,-0.0014359382,-0.00030122226,-0.0011289931,-0.00029508973,-0.00068713503,-0.0003714593
2016-09-23,-0.0008176505,-0.00096984877,-0.0007635682,-0.0014289044,-0.0009865572,-0.0009805551
2016-09-24,5.6311615e-07,-7.382111e-08,5.6311615e-07,-4.947239e-07,3.083739e-07,5.292144e-07
2016-09-25,-2.1285278e-08,-9.655456e-07,-2.1285278e-08,-6.4009534e-08,6.708251e-08,-1.3878315e-06
2016-09-26,-0.0006979202,-0.0010905189,-0.0006126742,-0.0014584353,-0.00094352826,-0.00092643435
2016-09-27,0.0003088088,0.00051203364,0.00044449992,0.0007498154,0.00048961665,0.00040230693
2016-09-28,-0.00016014442,0.00017373686,-0.00017471709,0.00048803943,0.00012776362,0.0001625583
2016-09-29,-0.00097638014,-0.0011180369,-0.00079821533,-0.0017408194,-0.0011648799,-0.001186958
2016-09-30,0.0001918537,0.00024574628,6.417783e-05,0.0002538272,0.0001761611,0.00012178631
2016-10-01,4.2421375e-06,5.0473473e-06,4.2421375e-06,7.89039e-06,4.1967683e-06,6.9048874e-06
2016-10-02,-6.462976e-06,-5.1059396e-06,-6.462976e-06,-9.441181e-06,-5.7904144e-06,-7.030021e-06
2016-10-03,-0.000128195,-8.135837e-05,3.978669e-05,-0.00015897273,-0.00011913856,-1.2969526e-05
2016-10-04,-0.00024968962,-0.0005397758,-0.00018132922,-0.00081664114,-0.000440901,-0.00034045376
2016-10-05,0.00047205263,0.0005190752,0.0003764895,0.0008144087,0.00050503766,0.0004151968
2016-10-06,0.00027617186,5.0010145e-05,0.0003041054,3.0308434e-05,0.00019998908,3.8968075e-05
2016-10-07,0.00018101648,-0.00013459024,0.00016496112,-0.0002423708,-2.7862025e-05,5.0852374e-05
2016-10-08,6.0024655e-07,-6.6608175e-07,6.0024655e-07,3.0275403e-06,1.716294e-07,1.4699422e-06
2016-10-09,-1.02186395e-05,-8.425971e-06,-1.02186395e-05,-1.8487788e-05,-9.322462e-06,-7.494532e-06
2016-10-10,0.0006096191,0.0007667845,0.00045696073,0.0013268975,0.0006734516,0.0008561488
2016-10-11,0.00011634915,-0.0006253112,0.00013387579,-0.00087828084,-0.00016344289,-0.00032937893
2016-10-12,-0.00016899437,-0.00026385637,-0.00016936232,-0.00031968192,-0.00014006895,-0.00016806637
2016-10-13,-2.2269594e-05,-0.00025472106,-0.00015406171,-1.4110874e-05,9.549414e-05,-0.0004014106
2016-10-14,0.00013082763,0.0001706033,0.00015461801,0.00011684133,-2.5943024e-05,0.00019252408
2016-10-15,-1.4077018e-05,-1.2652301e-05,-1.4077018e-05,-2.2525437e-05,-1.3503225e-05,-9.822433e-06
2016-10-16,1.4331022e-05,1.2534531e-05,1.4331022e-05,2.5205867e-05,1.3380414e-05,1.3018954e-05
2016-10-17,0.0004099191,8.026358e-05,0.000396679,0.00028226033,0.00030164173,0.0002904293
2016-10-18,-0.0006715771,0.0002370588,-0.0002512225,0.00046671176,-0.00012735717,-0.00016785206
2016-10-19,-3.5842342e-05,0.00027011943,0.00021449175,0.00038585934,0.00016701056,0.00016216106
2016-10-20,-0.000102429745,-0.00019659917,-9.9043486e-05,-0.00042449243,-0.00017961254,-6.562055e-05
2016-10-21,4.4258635e-05,3.7573744e-05,3.072782e-05,0.0001147537,8.969013e-05,5.9509475e-05
2016-10-22,5.4614546e-05,7.34197e-05,5.4614546e-05,0.00012632622,4.4545057e-05,8.6490385e-05
2016-10-23,-3.0639062e-06,8.3902535e-07,-3.0639062e-06,-3.276309e-06,-3.455328e-06,-2.720858e-07
2016-10-24,-1.3911985e-05,0.00025380924,3.234525e-07,0.00044166564,0.00016744233,0.00021186814
2016-10-25,-0.00036116267,-0.00033094356,-0.00028763007,-0.00043500023,-0.00026951949,-0.000444635
2016-10-26,0.00013119151,-0.00029303058,5.486996e-05,-0.0006233011,-0.000255584,-0.00020356987
2016-10-27,0.00019255803,-4.6183108e-05,0.00011825094,-0.00016738784,-0.000101748556,4.1087766e-05
2016-10-28,-0.00056894607,-0.00048782842,-0.00046850875,-0.0006742075,-0.0005132075,-0.0004749904
2016-10-29,0.00014310384,0.00012263804,0.00013777282,0.00023216307,0.00013373962,0.00014296827
2016-10-30,-7.3874886e-05,-6.341631e-05,-7.048095e-05,-0.000120625686,-6.856154e-05,-6.894489e-05
2016-10-31,-0.0008294147,-0.0007601894,-0.00065339555,-0.001083988,-0.00064484176,-0.0010143442
2016-11-01,-8.634817e-06,-0.00042787427,-0.0004091116,-0.00042981835,-8.405684e-05,-0.00021158121
2016-11-02,0.00048501493,-0.00051586214,8.253327e-06,-0.000736143,8.92129e-05,-0.00018924357
2016-11-03,0.00023468361,-0.00022549226,0.00016491435,-0.00047703096,-0.00011145295,-7.140502e-05
2016-11-04,0.0004407039,6.708411e-05,0.00013986416,0.00026242557,0.00041795464,3.0377734e-05
2016-11-05,-8.459258e-07,-9.614776e-07,-2.853882e-07,-1.4063843e-06,-7.1829237e-07,-2.3816326e-06
2016-11-06,1.2607815e-05,1.4991165e-05,1.132618e-05,2.4534878e-05,1.0634625e-05,2.2214615e-05
2016-11-07,-0.0040028873,-0.001146805,-0.0017681534,-0.0018215585,-0.0024259011,-0.0025092568
2016-11-08,6.585864e-05,0.00031383292,8.602485e-05,0.00046438238,0.0002579962,0.0005083313
2016-11-09,0.00084764446,0.0003184883,0.0006415306,-0.00032969573,-0.00025030685,0.00030823966
2016-11-10,0.0006106189,0.00037080442,0.000121519304,0.0005600877,0.00058312196,0.00040029193
2016-11-11,0.00032687566,-0.00013007598,-1.6114875e-05,-0.0002670382,2.2833065e-05,2.628895e-05
2016-11-12,-6.736341e-06,-1.1076562e-05,-4.265398e-06,-2.4655314e-05,-7.711592e-06,-1.8212932e-05
2016-11-13,-4.8614198e-05,-3.5210986e-05,-4.8450667e-05,-4.2642365e-05,-4.5102865e-05,-3.9089162e-05
2016-11-14,0.00031606393,-8.7744615e-05,0.0002487624,-0.00044386857,0.00014811035,0.00033107484
2016-11-15,-0.00016172633,0.00043151132,4.4053773e-05,0.0010475197,0.00019761134,0.00021894577
2016-11-16,7.81979e-06,-8.596985e-05,1.1193225e-05,-0.0001612872,4.0825794e-06,4.046185e-05
2016-11-17,0.0007960108,0.0006573997,0.0005211568,0.0008373645,0.0005844387,0.0007628059
2016-11-18,0.0012541125,0.0007481723,0.0007299311,0.0011510019,0.0010637579,0.0011412514
2016-11-19,-2.348348e-06,-2.1053932e-06,-2.0255127e-06,-3.5932615e-06,-2.185274e-06,-1.1307392e-06
2016-11-20,-5.7878762e-05,-5.058374e-05,-5.066925e-05,-9.144348e-05,-5.2041672e-05,-6.067207e-05
2016-11-21,6.5585744e-05,0.00051020895,-0.00017388162,0.0014246504,0.00060552,0.00024573487
2016-11-22,-0.00039917306,0.00018386076,-0.00026254615,0.0009068465,0.00032232533,-0.00011494592
2016-11-23,0.0009376915,0.00075031514,0.00043203495,0.00070700195,0.000510532,0.0010697267
2016-11-24,0.0012322139,0.0008612652,0.0005353922,0.0015930224,0.001080965,0.0011346746
2016-11-25,0.00028915747,0.00045703351,0.00012016768,0.0011018312,0.00051412877,0.00033374442
2016-11-26,-1.3693422e-05,-1.4012989e-05,-1.2067986e-05,-2.4284782e-05,-1.1492237e-05,-1.8882682e-05
2016-11-27,-3.721131e-06,-4.2253014e-06,-4.628064e-06,-9.131302e-06,-2.8897175e-06,-6.716015e-06
2016-11-28,-0.0016846725,-0.0012212881,-0.00071138295,-0.001906924,-0.0011972737,-0.0015651325
2016-11-29,-0.00079907634,-0.0006138734,-0.00045089133,-0.0011256643,-0.00075696013,-0.00070331345
2016-11-30,0.001178109,0.0009511519,0.0006998564,0.0012588585,0.0007949227,0.0011211999
2016-12-01,0.0012647447,0.0007441354,0.00051444356,0.0011626515,0.00081047934,0.000944834
2016-12-02,-0.0011199497,-0.00087956886,-0.0007927219,-0.001086336,-0.00074705266,-0.0012769062
2016-12-03,-2.4604167e-05,-2.2240834e-05,-2.4604167e-05,-3.430618e-05,-2.173916e-05,-1.9589424e-05
2016-12-04,1.5212582e-07,-1.1027607e-06,1.5212582e-07,3.745429e-06,-2.3383575e-07,7.0175515e-06
2016-12-05,0.00024481304,0.0005672205,0.00015533819,0.0010080815,0.00047412494,0.00051498105
2016-12-06,5.8086698e-05,0.0002934127,0.00014979638,0.0008498432,0.00028894277,-8.62346e-06
2016-12-07,0.00085398596,0.0012003691,0.0005455197,0.0023986776,0.0013178755,0.0011958062
2016-12-08,0.0009819815,0.0009315115,0.0006977209,0.0013060685,0.0008060724,0.0008519027
2016-12-09,0.0015523458,0.001338982,0.00091485394,0.0017424782,0.0010210703,0.0016826729
2016-12-10,8.032435e-06,7.618712e-06,8.032435e-06,1.0170768e-05,7.4381687e-06,8.823622e-06
2016-12-11,1.2419e-06,8.935267e-08,1.2419e-06,-1.6517432e-05,1.9646889e-06,1.8509135e-06
2016-12-12,-0.00021520127,-0.00025618396,-0.00030494767,-0.00019965149,-0.00010051017,-0.00032134107
2016-12-13,0.0013137055,0.0013093298,0.00094361353,0.0025617052,0.0014288896,0.001039887
2016-12-14,-0.0019006297,-0.0020834927,-0.0014771668,-0.004385417,-0.0023444002,-0.0017597183
2016-12-15,0.0012712566,0.0010916934,0.0007790403,0.001289095,0.00074211234,0.0016197365
2016-12-16,0.0003457043,0.00033865616,0.00016162821,0.00055804115,0.00034575412,0.00043589063
2016-12-17,-1.0647774e-05,-6.4328547e-06,-1.0647774e-05,1.8238e-05,-3.2397609e-06,-5.396874e-06
2016-12-18,1.4087013e-06,1.7024662e-06,1.4087013e-06,-3.6401411e-06,-6.946932e-07,1.8121622e-06
2016-12-19,-0.0008750279,-0.0007434522,-0.00024689615,-0.0010097864,-0.00068366755,-0.0010628013
2016-12-20,0.0005697551,0.00050404994,0.00046540817,0.00082719995,0.00041230314,0.00060532254
2016-12-21,-0.00024275783,-0.0001787218,-0.00020737563,-0.00026063388,-0.00017366145,-0.0001014992
2016-12-22,-6.405818e-05,-0.00040473632,5.524298e-06,-0.00064568757,-0.00026619498,-0.00031872938
2016-12-23,0.00029411708,0.0002753024,0.00024456964,0.00076837355,0.0004699345,0.00020810298
2016-12-24,-7.052212e-05,-6.2261424e-05,-7.052212e-05,-0.00011547741,-6.468941e-05,-6.9997295e-05
2016-12-25,-4.152181e-05,-3.782623e-05,-3.746582e-05,-6.310891e-05,-3.9888782e-05,-3.969848e-05
2016-12-26,-3.2664957e-05,-9.825574e-05,2.0495663e-06,-0.00014037968,-6.983438e-05,-8.172247e-05
2016-12-27,0.00010599011,0.00048492625,0.00011502214,0.0008623511,0.00022473575,0.00036794212
2016-12-28,-0.0008099421,-0.00069414167,-0.0007446719,-0.0010605872,-0.000594004,-0.0008883266
2016-12-29,-0.0005915491,-0.00026713606,-0.00037371673,-0.00014653223,-0.00014458035,-0.0005637245
2016-12-30,-0.0010261432,-0.0009497227,-0.0008086953,-0.0012662867,-0.00081369135,-0.0013235445
2016-12-31,-7.1702875e-06,-6.6693196e-06,-2.3140826e-06,-1.0204793e-05,-7.3469046e-06,-6.5767263e-06
2017-01-01,9.914191e-05,9.195655e-05,4.6319336e-05,0.00017781134,9.063103e-05,9.915945e-05
2017-01-02,0.00035586875,0.00036752404,0.0001819247,0.0005059701,0.00027651203,0.0004909084
2017-01-03,0.00013182909,0.00076436,0.00049834076,0.0010690951,0.00034988744,0.0009460579
2017-01-04,0.00055923394,0.0012890252,0.00045450343,0.0021963536,0.0010277238,0.0011602787
2017-01-05,-0.00048412522,-1.3584767e-05,3.465429e-05,-2.7049799e-05,0.00012964693,-0.0009731843
2017-01-06,-0.0005797794,-0.00045237318,-0.00016418815,-0.0009885157,-0.0005949705,-0.00055849587
2017-01-07,2.3994785e-06,7.1284153e-06,8.342908e-07,4.332035e-06,-4.4105064e-07,8.995436e-06
2017-01-08,1.7132338e-08,2.417587e-06,1.8621965e-07,3.9038574e-07,-9.920709e-07,4.2837614e-06
2017-01-09,-0.0001381763,-0.00038398823,-0.00032403416,-0.00048107872,-0.00025346965,-0.00030703965
2017-01-10,0.00050686044,0.0003698571,0.00044190467,0.00079579,0.00041260466,0.00022869863
2017-01-11,0.00074050337,0.0008532038,0.00073113537,0.0013738347,0.00059922924,0.0007655703
2017-01-12,-4.6624802e-05,-0.00018973633,-2.5425195e-06,1.8108582e-05,-3.3571491e-06,-0.00039922446
2017-01-13,0.00067490694,0.0005791076,0.00054732995,0.0011728907,0.00068088516,0.00077387097
2017-01-14,2.0807347e-06,2.6136908e-07,4.375818e-08,2.7175136e-07,2.428536e-07,-2.7092355e-07
2017-01-15,-4.532039e-06,-1.1615199e-06,2.685257e-07,-2.0964796e-06,-2.5722059e-06,-6.157007e-07
2017-01-16,0.00014109744,-0.00034056004,7.090198e-05,-0.00030151688,-7.316434e-05,-0.00015659767
2017-01-17,-0.00020097468,-0.00021451368,-0.0001427395,-0.0004249833,-0.0001809161,-0.00080958125
2017-01-18,-0.00094667275,-0.0006112756,-0.0006724366,-0.001614016,-0.0008103083,-0.00092905055
2017-01-19,-0.0009283188,-0.0005710017,-0.0006911702,-0.0012211286,-0.0007585137,-0.0005995036
2017-01-20,0.00068833947,0.00080852496,0.00059087604,0.0013937335,0.0007005424,0.0008191473
2017-01-21,-6.262909e-06,3.4233045e-07,1.4269526e-06,3.6021572e-06,-2.987022e-06,1.7276224e-06
2017-01-22,5.745082e-06,1.8474201e-06,-1.7777914e-07,3.1185725e-06,3.2298105e-06,3.946166e-06
2017-01-23,0.00062326965,0.0002680812,0.0006840017,0.0006662715,0.0003314573,-0.00020877484
2017-01-24,0.00058314716,0.00091849535,0.0005957233,0.0014340722,0.00064432767,0.0009990254
2017-01-25,0.0008215727,0.0013618501,0.0010523517,0.0022249673,0.0010484073,0.0017794048
2017-01-26,-0.00065921526,-0.0005008023,-0.0005558548,-0.0010350267,-0.00056312064,-0.0004478845
2017-01-27,-0.00095713447,-0.00047816412,-0.0006510259,-0.0009957623,-0.0006606288,-0.00083737465
2017-01-28,7.8876724e-07,5.912381e-07,-5.755245e-07,1.1346647e-06,3.5097295e-07,7.867203e-07
2017-01-29,-1.0987045e-06,-9.838434e-07,-1.1702892e-07,-2.119365e-06,-7.249849e-07,-1.4259424e-06
2017-01-30,-0.0016101903,-0.0019889306,-0.0014281409,-0.0030457254,-0.001497991,-0.0022466902
2017-01-31,-3.5457586e-05,-0.00021411765,-0.00014874947,-0.0002827005,-8.6429485e-05,-0.00027500262
2017-02-01,0.0004462979,0.00067008566,0.00022658665,0.0009514372,0.0004057551,0.00062735606
2017-02-02,-0.0001532771,3.260685e-05,-6.1112805e-05,-3.8929942e-05,-5.0349896e-05,-5.293047e-05
2017-02-03,0.0006258768,0.000645246,0.00046281316,0.0011312737,0.0004955321,0.0012085874
2017-02-04,9.15223e-06,6.5726877e-06,-1.7236669e-06,1.6807013e-05,7.0857072e-06,8.451391e-06
2017-02-05,-1.7639131e-05,-1.3661522e-05,-4.0304276e-06,-3.050651e-05,-1.40516595e-05,-1.4629282e-05
2017-02-06,-3.3525324e-05,-0.00038926312,-3.0245179e-05,-0.00039706304,-0.00020712559,-0.00060659886
2017-02-07,-0.00042315578,-0.00035242105,-0.00041805796,-0.0006611011,-0.00032570446,-0.00045730418
2017-02-08,0.000102274884,0.00057255226,0.0002609642,0.00083490385,0.00036500726,0.00041820286
2017-02-09,0.000116689764,0.0006034897,0.00011177765,0.00079524965,0.0002823057,0.00072006654
2017-02-10,0.00094908196,0.0014446533,0.00097622705,0.0022072722,0.0010061755,0.001556203
2017-02-11,9.247603e-06,9.331364e-06,-9.3382755e-07,1.827732e-05,7.4489203e-06,6.342657e-06
2017-02-12,6.548688e-08,-1.0130667e-06,2.625788e-06,-3.1968905e-06,4.2641412e-07,8.965538e-07
2017-02-13,0.0011752272,0.0011607748,0.0010885803,0.0020321265,0.0010794603,0.0015157068
2017-02-14,-5.6264504e-05,5.9635386e-06,-2.7313085e-05,5.7944144e-05,-2.9460542e-05,-1.6018843e-05
2017-02-15,0.0017534673,0.0015522799,0.0015354792,0.0028752084,0.0015083511,0.0019239684
2017-02-16,-0.0005194015,-0.00039311746,-0.0005445902,-0.0007995379,-0.00042178787,-0.00039656847
2017-02-17,-0.00094028097,-0.00061807904,-0.0007325962,-0.001235659,-0.00081260846,-0.00094471377
2017-02-18,9.188402e-06,8.988749e-06,8.946238e-06,1.0201138e-05,7.265657e-06,1.1979386e-05
2017-02-19,-2.5937247e-06,-3.4166726e-06,-2.3963714e-06,-8.10033e-06,-2.7323097e-06,-3.2922592e-06
2017-02-20,0.00030141277,0.0002680379,0.0003102138,0.00045006623,0.00021729807,0.00019879392
2017-02-21,0.00225199,0.0018544975,0.0018578919,0.003300488,0.0016611165,0.0021934216
2017-02-22,0.00014725327,8.8102366e-05,-4.651727e-06,0.00028601693,0.00014920958,9.897979e-05
2017-02-23,0.00016062197,1.9756537e-05,-5.1937997e-05,0.00019206277,0.0001397259,0.00018614871
2017-02-24,-0.0010161822,-0.0010003918,-0.0005771432,-0.0018089581,-0.00080726657,-0.0009647753
2017-02-25,-3.287669e-05,-2.8879134e-05,-3.7408038e-06,-5.9240156e-05,-2.6047415e-05,-3.1618958e-05
2017-02-26,2.2099974e-05,2.0114136e-05,2.4883523e-06,4.1492513e-05,1.6570386e-05,2.056026e-05
2017-02-27,-0.00036874486,-0.0004081653,-0.00012436317,-0.0006809286,-0.0004439781,-0.0004988708
2017-02-28,-0.0012580995,-0.0008019577,-0.0010047329,-0.001454745,-0.0007331414,-0.0011215234
2017-03-01,0.0016037312,0.002095307,0.00132562,0.0038446789,0.0015226222,0.0024116305
2017-03-02,-0.0018662227,-0.0018352384,-0.0016722712,-0.003448401,-0.0015382511,-0.0023325088
2017-03-03,-0.00027500285,5.1229104e-05,-0.00017317451,1.044244e-05,-0.00011813074,-0.0002553226
2017-03-04,-2.5805211e-05,-2.1655718e-05,2.1836268e-08,-4.5956724e-05,-2.2223905e-05,-2.3950046e-05
2017-03-05,1.5098736e-05,1.2867986e-05,-1.3285852e-09,2.7133796e-05,1.2762507e-05,1.3842661e-05
2017-03-06,-0.00063121226,-0.00052801875,-0.00043232084,-0.0011051962,-0.0004907401,-0.00072006736
2017-03-07,-0.000116080126,-0.00044806203,-3.3166296e-05,-0.0008356035,-0.00023775916,-0.00047815606
2017-03-08,0.00022350006,-0.0005234481,0.00042177603,-0.0007456292,-6.5879976e-05,-0.0005790067
2017-03-09,0.0006839639,3.0537278e-05,0.0006629123,0.00041369282,0.00046922057,-0.0001229294
2017-03-10,0.00052672834,0.0008209553,0.00040892206,0.0014143003,0.0006750301,0.00086678873
2017-03-11,3.6801032e-06,1.5505444e-05,-4.915738e-06,2.7242997e-05,7.5198236e-06,2.7231057e-05
2017-03-12,5.1837924e-06,1.2934648e-05,-6.3768393e-06,2.6326185e-05,1.0023827e-05,2.0845175e-05
2017-03-13,9.356945e-05,0.00043864266,6.9078415e-05,0.0006723999,0.00029013716,0.0004122621
2017-03-14,-0.00024422357,-0.0004906415,-0.000112162066,-0.0010462257,-0.0005091513,-0.00053583767
2017-03-15,-0.0010970029,0.00070066185,-0.0013371935,0.0010796703,-6.234667e-05,0.00044751383
2017-03-16,-7.654026e-05,0.000540194,0.000107348096,0.0004595825,5.468867e-05,0.00055516313
2017-03-17,0.00022232215,0.00018667596,-5.5946584e-05,0.00032280062,0.00021302949,0.00021683835
2017-03-18,1.0606358e-06,-2.5873058e-05,-1.4980661e-06,-4.716681e-05,-1.0247502e-05,-6.229874e-05
2017-03-19,-3.5825095e-05,-7.983162e-06,-1.9505057e-07,-1.8051705e-05,-2.3611348e-05,-3.6241124e-06
2017-03-20,-0.0005444104,-0.0002766306,-0.00043280804,-0.0006501024,-0.000450288,-0.00045104598
2017-03-21,-0.0011809928,-0.00146423,-0.0006637622,-0.002407018,-0.0011587039,-0.0016884609
2017-03-22,-0.0007182007,-0.000617837,-0.00040027863,-0.0010157331,-0.0005331293,-0.00077701994
2017-03-23,0.00034381959,0.00026755506,4.006347e-05,0.0005180727,0.0002060984,0.0004099816
2017-03-24,0.00039784805,0.00033158247,0.00020700097,0.00045777895,0.0002865754,0.0004330101
2017-03-25,-2.1952275e-05,-6.158334e-06,1.423243e-06,-1.2725491e-06,-4.675995e-06,-1.953432e-05
2017-03-26,1.1025417e-06,-6.428743e-07,-4.6035152e-07,-3.3063063e-06,-1.6526677e-06,-8.522414e-07
2017-03-27,0.0003253893,-6.0207854e-05,0.0004168501,-1.1669923e-05,0.00014062283,-4.819519e-05
2017-03-28,-0.0002791404,0.00026603654,-0.00052286795,0.00082068756,0.00030314704,0.00053171907
2017-03-29,-0.00031833354,0.000367491,-9.306217e-05,0.0004908942,0.00016291316,0.00026136832
2017-03-30,-0.00012539944,-5.780513e-06,-0.00054705713,-2.736814e-05,0.0001780223,0.00015425764
2017-03-31,-0.0004518421,-0.00024470003,5.607363e-05,-0.0004910449,-0.00026219466,-0.0005428558
2017-04-01,1.2645899e-05,1.1244589e-05,1.4392801e-06,2.247933e-05,1.3442163e-05,1.5669231e-05
2017-04-02,5.202412e-05,4.259796e-05,7.968297e-07,8.914365e-05,5.121859e-05,5.8473095e-05
2017-04-03,0.00027336212,1.9057623e-05,0.0001069616,0.00014478265,6.836746e-05,4.651991e-05
2017-04-04,0.00035273205,0.00034554713,0.00027483352,0.0005812707,0.00017398839,0.00036857044
2017-04-05,-0.00042057066,-0.0003017147,-0.00041120523,-0.0004544682,-0.00030602136,-0.00032587445
2017-04-06,0.00056973536,0.0004058055,0.00038990445,0.0007982912,0.0004401441,0.0005991677
2017-04-07,-0.0005135862,-0.0004637227,-0.00044991277,-0.00080644456,-0.00040700374,-0.00048890826
2017-04-08,1.9027826e-05,1.4532022e-05,-5.6381232e-08,3.2568343e-05,1.6858772e-05,1.76986e-05
2017-04-09,-3.4308294e-05,-2.4486402e-05,1.1825812e-06,-5.76689e-05,-3.1922453e-05,-3.740578e-05
2017-04-10,3.3466265e-05,5.6908455e-05,0.000108066924,0.00010120261,-3.6306865e-05,-6.238449e-05
2017-04-11,0.0003971799,0.000541679,0.00035237067,0.0008169024,0.00047813542,0.0003322558
2017-04-12,0.00018632515,-0.00018640199,-4.7263824e-05,-0.0002765031,-9.908393e-05,2.8751567e-05
2017-04-13,-0.00054499216,-0.0007812218,-0.00034489107,-0.0014994525,-0.00071092986,-0.00094940467
2017-04-14,-9.643205e-05,-6.4161606e-05,-3.6189293e-05,-0.00014231238,-0.00011984132,-0.00015984745
2017-04-15,1.5915419e-05,1.1563879e-05,2.9491778e-06,2.6759446e-05,1.3093001e-05,1.4642898e-05
2017-04-16,3.0303781e-06,3.1486916e-06,5.2369346e-06,6.1592064e-06,1.1699808e-06,-1.1888221e-06
2017-04-17,-0.00048805788,1.7622706e-05,-0.0007582764,0.0002638217,1.1551256e-05,2.1586511e-05
2017-04-18,-0.00055482873,-0.00062302395,-2.2240012e-05,-0.0009792435,-0.00039392422,-0.0010106178
2017-04-19,-0.00095684663,-0.0010163861,-0.0008236174,-0.0019184267,-0.00076618226,-0.00070366025
2017-04-20,-0.00062714634,0.0003202155,-0.00052380236,0.00048708697,6.2444364e-05,0.0004762681
2017-04-21,-0.00024378017,-0.00010255575,-7.762153e-05,-0.0001071311,-2.5793785e-05,-0.00011703104
2017-04-22,5.1315084e-05,4.6527293e-05,8.174975e-06,8.831793e-05,4.7347807e-05,7.008692e-05
2017-04-23,1.153975e-06,-1.4223076e-06,-2.1068534e-05,-7.22152e-06,4.599678e-06,8.064571e-06
2017-04-24,-0.00046147837,0.0013664049,-0.00036737727,0.0020211544,0.00096136436,0.001777541
2017-04-25,-0.00014231534,0.0004930732,-0.00032293814,0.0005667343,0.00018286136,0.00064873905
2017-04-26,0.00043826178,0.0004086566,0.00050931703,0.00082884,0.0006107443,0.00058835186
2017-04-27,0.00038947645,0.00014366665,0.00016511025,0.0003709646,0.00026550496,0.0004805401
2017-04-28,-0.0001522452,-6.245436e-05,-0.00030700018,-2.3908218e-05,-6.32272e-06,-2.2520704e-05
2017-04-29,4.5963905e-05,3.056719e-05,5.157116e-06,7.413879e-05,4.0239673e-05,4.116457e-05
2017-04-30,2.4880836e-05,2.195161e-05,2.2377886e-05,4.7458598e-05,1.9013534e-05,2.3635554e-05
2017-05-01,0.00031048918,0.00020336467,6.884352e-05,0.0005927089,0.00030672984,0.00013890733
2017-05-02,0.0013162864,0.0013159787,0.0011279333,0.0020978185,0.001097398,0.0012600302
2017-05-03,5.2348823e-05,-0.00043803288,-0.00015454183,-0.00051153096,-0.00015285808,-0.00030424842
2017-05-04,0.0014482181,0.0005308788,0.00074517477,0.0011075003,0.000840064,0.0010622183
2017-05-05,0.0012916325,0.0013419185,0.00037585146,0.0024128784,0.0011650062,0.0013955755
2017-05-06,4.9749506e-05,3.4628378e-05,4.949535e-07,8.7186476e-05,4.19341e-05,4.922884e-05
2017-05-07,4.8163245e-05,3.2755244e-05,3.999158e-07,8.21616e-05,4.1211897e-05,4.776333e-05
2017-05-08,-0.00019940543,-0.00014469164,-0.00014386773,-0.00024347582,-0.000118299926,-0.00040362522
2017-05-09,0.00075385446,0.0005186946,0.0007888054,0.0010522942,0.0006637226,0.00036835743
2017-05-10,-0.00024375506,0.00030928658,-0.0002260515,0.00059762265,0.00017766147,-2.933481e-06
2017-05-11,-0.000495871,-0.00016934847,-0.0004071384,-0.0003969346,-0.00037210598,-0.00039970598
2017-05-12,-0.0006936242,-5.3593918e-05,-0.00036163183,-0.00058257714,-0.00043480188,-0.00033837595
2017-05-13,6.6379966e-05,5.6191988e-05,0.0,0.00012032073,5.084984e-05,6.520979e-05
2017-05-14,2.1116734e-06,2.0770467e-06,0.0,3.7092746e-06,1.6997492e-06,2.2957636e-06
2017-05-15,0.00077224325,0.0011774858,0.00068938336,0.0019208699,0.0008093729,0.00091584504
2017-05-16,-0.00025746966,-0.0001311316,-0.00037923298,-0.00016279999,-0.00018071457,-0.00025699468
2017-05-17,-0.0041344985,-0.0038021554,-0.0036814786,-0.00660648,-0.0033400552,-0.0037654727
2017-05-18,-0.0023388073,-0.0019872368,-0.0019880903,-0.0037659626,-0.002082053,-0.0019096411
2017-05-19,0.00056486146,0.0015089458,0.00049897045,0.0023889048,0.00090760883,0.0012032568
2017-05-20,5.1869658e-05,4.5916084e-05,0.0,8.7324064e-05,4.1096348e-05,5.692711e-05
2017-05-21,-3.00497e-05,-2.647668e-05,0.0,-5.185104e-05,-2.5575608e-05,-3.7243175e-05
2017-05-22,0.0010225249,0.0007208051,0.00034934917,0.0015805446,0.0008449158,0.00097174494
2017-05-23,-0.0006501294,-0.00047264626,-0.0005599839,-0.00084413093,-0.0005597343,-0.0005429037
2017-05-24,0.0001984607,0.0004923017,0.00033947744,0.00068617275,0.00031093135,0.00026091127
2017-05-25,0.00038390202,0.00016114424,0.00036403548,0.000534427,0.00036635713,0.00046119376
2017-05-26,0.00025840022,0.00038522686,0.00040649608,0.0005205682,0.00028950674,0.00017729535
2017-05-27,-6.866792e-05,-5.9476064e-05,0.0,-0.00010652263,-5.3915785e-05,-7.556947e-05
2017-05-28,3.7911923e-05,3.6751895e-05,0.0,6.2590014e-05,3.0499514e-05,4.3835047e-05
2017-05-29,-0.000117148535,-0.00034300814,9.147633e-05,-0.00044058895,-0.00023841836,-0.00047605103
2017-05-30,-0.00068332563,-0.0004445777,-0.00038832135,-0.00092942815,-0.0005495284,-0.00062746805
2017-05-31,0.00051063555,0.00022621409,0.00015471713,0.00043576947,0.00033903646,0.00051525916
2017-06-01,0.0015134942,0.0014791128,0.0011120766,0.0025033744,0.0012398215,0.0020902976
2017-06-02,0.0019752,0.0021269545,0.001802662,0.0035723643,0.0019196746,0.002320814
2017-06-03,5.2585274e-06,5.545234e-07,-4.608447e-07,5.4073803e-06,2.889895e-06,-5.169611e-06
2017-06-04,-2.0968887e-06,-5.6220716e-07,1.057273e-07,-1.7205526e-06,-1.1683293e-06,2.0397051e-06
2017-06-05,0.00014009685,-0.0004280304,-0.00013474966,-0.00036618792,-4.8190133e-05,-0.0001460798
2017-06-06,-0.00066941086,-0.00034505312,-0.00027944538,-0.0006429242,-0.00042081467,-0.0009767328
2017-06-07,9.3460956e-05,-0.00030524997,5.8869635e-05,-0.0003867594,-0.00011328958,-4.90598e-05
2017-06-08,-0.0007069211,-0.00020391757,-0.00035639992,-0.00044112033,-0.00027837456,-0.0004776602
2017-06-09,-0.00067110977,-0.0006819443,-0.0007316815,-0.0009504534,-0.00040737382,-0.0011317122
2017-06-10,4.5625868e-05,4.032315e-05,2.8661535e-07,6.243105e-05,3.518243e-05,4.65406e-05
2017-06-11,2.5257099e-05,2.3730667e-05,1.0353067e-06,3.4379384e-05,1.934725e-05,3.864749e-05
2017-06-12,-0.0013635055,-0.001403532,-0.00085797306,-0.002290126,-0.0012306041,-0.0016708481
2017-06-13,0.00080380257,0.0010140459,0.000616428,0.0016416437,0.0009193419,0.0009489814
2017-06-14,0.0002716974,0.00016391074,0.00034346172,-3.527057e-05,7.974256e-06,0.00045957984
2017-06-15,-0.00086552755,-0.0013441904,-0.0007750325,-0.0017715847,-0.0008818531,-0.0016767865
2017-06-16,-0.0002653209,0.00048588595,-0.00017089413,0.0005873959,0.0001952026,0.00022025958
2017-06-17,0.00011925159,0.00010994779,-1.003709e-09,0.00018478959,0.000109438784,0.00016733522
2017-06-18,-2.4171964e-05,-2.8821427e-05,-3.1323643e-07,-4.407283e-05,-2.4274568e-05,-3.8672533e-05
2017-06-19,0.0012810297,0.0012698239,0.0010799505,0.0021671308,0.0010796385,0.0018364581
2017-06-20,-0.0005599176,-0.0010706602,-0.000625929,-0.0016281039,-0.0008752896,-0.0012751796
2017-06-21,-9.998498e-06,-0.00034346542,-0.000114867966,-0.00073728996,-0.00037906397,-0.00020585113
2017-06-22,-0.00010577637,0.00023739216,0.00010446712,0.00012478486,-1.0635397e-05,0.00017472212
2017-06-23,-0.00036723624,-0.00011384364,-0.00037575705,-0.0001890874,-0.000119226665,-0.00020909686
2017-06-24,-4.5072724e-05,-4.594036e-05,-1.8203149e-05,-7.522241e-05,-4.063418e-05,-6.4227985e-05
2017-06-25,-6.8950458e-06,-7.1906575e-06,-2.2539382e-06,-1.19264405e-05,-6.0195043e-06,-8.950311e-06
2017-06-26,1.1997405e-06,0.0006057262,0.0002523076,0.0009935091,0.0004633046,0.0005300943
2017-06-27,-0.0010213831,-0.0011427887,-0.0007316759,-0.0016342642,-0.00087407057,-0.0015008996
2017-06-28,3.6346217e-05,0.00080117147,0.00030044126,0.0010437618,0.00042840466,0.0011256164
2017-06-29,-9.868278e-05,-0.0007973682,-0.00032471516,-0.00088962377,-0.00045833705,-0.00076678646
2017-06-30,-1.4323769e-05,3.5741374e-05,-0.00013226726,0.00042060862,0.000259407,1.7597222e-05
2017-07-01,-2.961653e-06,-9.723302e-06,1.7553647e-06,-1.680178e-05,-7.909771e-06,-1.4799982e-05
2017-07-02,-5.934257e-07,1.4860107e-05,-3.5263838e-06,2.424734e-05,1.1406259e-05,2.1479997e-05
2017-07-03,0.0005401943,0.00066053245,0.00045193254,0.0011123655,0.00071227964,0.0005039093
2017-07-04,0.00014456219,2.2028333e-05,0.00016078344,0.00014404503,0.00010047359,-0.000109420005
2017-07-05,-0.0005032848,-0.0005072737,-0.00049977604,-0.0008785178,-0.00048721815,-0.00033170046
2017-07-06,-0.00029084468,-0.0008767443,-0.0001976182,-0.001303467,-0.0006258059,-0.0011221102
2017-07-07,0.00066696847,0.00038792565,0.0005857794,0.0008443004,0.00054904923,0.00075646705
2017-07-08,4.7269536e-05,4.7158836e-05,7.507076e-06,7.012657e-05,3.904126e-05,4.8776586e-05
2017-07-09,-2.5903078e-05,-2.6976284e-05,-7.833181e-06,-4.0218325e-05,-2.2286846e-05,-2.7332708e-05
2017-07-10,0.0003932661,0.0004469733,-8.10715e-05,0.0009971998,0.00051515526,0.0004870577
2017-07-11,-0.00014307328,0.00018841668,-0.00023886736,0.00017876494,-3.1446038e-05,-1.1341287e-05
2017-07-12,-0.000942397,0.00044645005,-0.00075104134,0.00075004663,0.0002371893,0.00040760048
2017-07-13,-0.0001833595,-0.00014101178,4.3250297e-05,-0.00055760494,-0.0002927611,1.9860425e-05
2017-07-14,0.0008521949,0.0014328947,0.00069234,0.0020516966,0.0010496377,0.0014115493
2017-07-15,4.9505026e-05,-9.454897e-06,5.0045463e-05,-1.056537e-05,2.497439e-06,7.1406816e-06
2017-07-16,1.484826e-05,4.254252e-06,1.834327e-05,7.397671e-06,6.3766493e-06,1.7546754e-05
2017-07-17,-0.00038256295,-0.0002804585,-0.00058770337,-0.0003872614,-0.00018373122,-0.0002112753
2017-07-18,-0.00072831457,-0.00044106485,-0.000402359,-0.0007474157,-0.0004522638,-0.0007786751
2017-07-19,0.001846107,0.0017023444,0.0014525478,0.0030263886,0.0014973825,0.0020015948
2017-07-20,0.00020718235,0.00020231729,-2.2493326e-05,0.0003393999,0.00019731725,0.00035833984
2017-07-21,-0.00038611345,-0.0004784055,-0.00073782296,-0.00064987206,-0.0003120278,-3.604622e-05
2017-07-22,1.8562605e-05,1.9904479e-05,1.8777275e-05,2.9391664e-05,1.7977329e-05,2.59197e-05
2017-07-23,-1.8902776e-05,-2.1268186e-05,-1.8899671e-05,-3.19467e-05,-1.6716796e-05,-3.0287969e-05
2017-07-24,-0.00049072725,-0.0004254092,-0.00024001078,-0.00095725746,-0.00053289684,-0.0005361884
2017-07-25,0.00044488124,0.000423423,0.0003538474,0.0008028609,0.00030132322,4.678217e-05
2017-07-26,0.0011841749,0.0013195241,0.00063168025,0.0022395425,0.0010268036,0.0011745144
2017-07-27,0.00036923177,0.00012688924,0.00011413239,0.00029506622,0.00027316067,0.00034019913
2017-07-28,-0.00047408201,-0.00018930301,-0.00038585946,-0.000532881,-0.00023247783,-0.0004505808
2017-07-29,-1.4703972e-05,-1.2662397e-05,-1.5225654e-05,-2.1312191e-05,-1.1209375e-05,-1.3697753e-05
2017-07-30,6.6926937e-06,4.645356e-06,6.8916706e-06,5.806001e-06,3.3917254e-06,4.493959e-06
2017-07-31,0.0012449188,0.00077575137,0.00065725844,0.001453185,0.0007959382,0.0010836228
2017-08-01,0.000563142,0.00061311,0.00034498196,0.0012305921,0.00052535906,0.00053743337
2017-08-02,-0.00058398384,-0.000100519115,-2.3253065e-06,-0.0005028148,-0.0003705107,-0.0004694331
2017-08-03,-1.5880089e-05,-0.00029571494,-0.00017094139,-0.00023747039,-7.722778e-06,-0.00022929859
2017-08-04,-0.00041171967,-0.00027806286,-0.0003124311,-0.00052873715,-0.00031401357,-0.00040727042
2017-08-05,6.681075e-05,7.51272e-05,6.450189e-05,0.00012042791,6.113825e-05,9.6433956e-05
2017-08-06,-2.1857963e-05,-2.1590871e-05,-2.0688825e-05,-3.0958483e-05,-1.627565e-05,-2.428754e-05
2017-08-07,5.8595295e-05,0.00042728186,0.00035833468,0.0006198426,0.00019096187,0.0001239554
2017-08-08,-0.00038275783,-0.0004507917,-0.0003649158,-0.000717944,-0.00036406057,-0.00055303925
2017-08-09,-0.0008861844,-0.0009647629,-0.0006816349,-0.0017890028,-0.0007882107,-0.0012507492
2017-08-10,-0.0025424238,-0.0030118253,-0.0020633412,-0.005059528,-0.0023255816,-0.003536825
2017-08-11,-0.0003047577,-0.00062307395,-0.00043356902,-0.0007540213,-0.00031430394,-0.0006404178
2017-08-12,3.93607e-05,3.1381205e-05,3.2134776e-05,7.426132e-05,3.680104e-05,4.09987e-05
2017-08-13,2.9490866e-05,2.326208e-05,-4.9190835e-06,5.604867e-05,2.759728e-05,3.1001477e-05
2017-08-14,-0.0010920668,2.3532826e-05,-0.0009909547,-0.00037983753,-0.00073917967,4.6775007e-05
2017-08-15,-0.00078343705,-0.00073843094,-0.00074483495,-0.001543289,-0.00081626984,-0.0009697017
2017-08-16,0.0005290408,0.00093302847,0.00039445402,0.001520535,0.0006929685,0.0010758757
2017-08-17,-3.452974e-06,-0.00073445967,3.7684098e-05,-0.0014074764,-0.0005479314,-0.0006938532
2017-08-18,0.000100543904,1.7932663e-05,0.00016655111,-0.00019694284,-6.2346146e-05,-0.00021517255
2017-08-19,-5.75718e-06,-7.852472e-06,-1.0830796e-05,-6.9766434e-06,-7.703368e-06,-2.6063535e-06
2017-08-20,-1.4096925e-05,-1.12546195e-05,3.1497336e-06,-2.615516e-05,-1.1880995e-05,-1.577649e-05
2017-08-21,0.0005925233,0.0003269767,0.00035942794,0.0006354588,0.00030771797,0.00075884175
2017-08-22,-0.0012239156,-0.00027962198,-0.0012957654,-0.00011170199,-0.00047947085,-0.00033947677
2017-08-23,0.0008820367,0.00076548953,0.00058221095,0.0011476245,0.000681618,0.0010350195
2017-08-24,0.00010818077,-0.00016130599,-0.00024358064,-6.6735396e-05,2.1906115e-05,4.13472e-05
2017-08-25,0.00042142824,0.00066236214,0.00027694876,0.0011564285,0.0004876425,0.000930337
2017-08-26,3.7072803e-06,3.3104116e-06,3.851255e-06,3.999439e-06,2.4230205e-06,2.471243e-06
2017-08-27,0.00012468685,0.000115258525,0.00012453462,0.00017217323,9.906839e-05,0.00010706881
2017-08-28,0.00043560477,0.00041246548,0.0002970087,0.0007850106,0.000414631,0.00089076295
2017-08-29,0.00029376382,8.909441e-06,0.00038297867,-0.00025458523,-1.3016127e-05,-6.895897e-05
2017-08-30,-0.0007767217,-9.867135e-05,-0.0005848983,5.311114e-05,-0.00021080993,-0.00022977681
2017-08-31,-0.0001230818,0.0010356834,0.00030302873,0.0018015815,0.0006968072,0.0005637311
2017-09-01,0.00041625137,0.00033128695,-0.00016008619,0.0009027176,0.00040034516,0.0006441991
2017-09-02,-9.985905e-05,-9.616792e-05,-8.39522e-05,-0.00015761863,-8.1092054e-05,-0.00010448495
2017-09-03,-1.4844236e-05,-1.3631638e-05,-1.8225971e-06,-2.6456108e-05,-1.17928275e-05,-1.4325241e-05
2017-09-04,-0.00012098298,-0.0002943319,-5.6144305e-05,-0.0006305611,-0.00027923967,-0.0002950627
2017-09-05,-0.000110667366,-0.00020338538,-7.491132e-05,2.0273732e-05,0.000106901636,4.7757685e-06
2017-09-06,-0.00015487983,0.00015615969,3.6313482e-05,4.4205717e-05,-6.1408304e-05,-6.3081425e-05
2017-09-07,0.002042876,0.0014960559,0.0011579418,0.0029385847,0.0016355362,0.002144355
2017-09-08,-0.000102694255,-0.00048287777,-0.00033468832,-0.0007052668,-0.0003261992,4.3424425e-05
2017-09-09,-9.066868e-06,-9.006481e-06,-1.0942815e-06,-1.3973175e-05,-7.22934e-06,-1.0960268e-05
2017-09-10,-1.9895673e-05,-2.3104783e-05,-3.3387616e-06,-3.7544272e-05,-2.057558e-05,-3.12155e-05
2017-09-11,-0.0002549782,0.0006041669,8.35186e-05,0.00086666096,0.00021641541,1.7021754e-05
2017-09-12,-0.00046603908,-5.2831834e-05,-0.00020511489,-7.956421e-05,-0.00015126818,-0.00033502097
2017-09-13,-0.00087526086,-0.000545117,-0.00048934337,-0.00089385005,-0.00046330065,-0.0011345815
2017-09-14,4.046334e-05,0.00016326974,0.00013628732,9.196346e-05,4.39968e-05,-0.00012552747
2017-09-15,0.0010020656,0.00067653897,0.0005286024,0.0015349719,0.00080266193,0.00063744676
2017-09-16,7.349637e-07,1.0348966e-07,-7.428032e-07,6.544599e-08,3.8735178e-07,6.586072e-08
2017-09-17,2.7172862e-06,6.525251e-07,-5.977312e-07,4.527541e-07,1.3606234e-06,2.7412486e-07
2017-09-18,0.00080933486,0.00074576784,0.00091575965,0.0016697448,0.0008360606,0.00035686741
2017-09-19,-5.9456175e-05,0.0001328225,0.00014789097,0.00011378529,-2.1502703e-07,-6.6526176e-05
2017-09-20,0.00036051273,0.00022529457,0.00033646723,0.000600596,0.0003212517,-3.934198e-05
2017-09-21,-0.00021355561,-0.0004945374,-0.0001538204,-0.00060592394,-0.00022505102,-0.00070224307
2017-09-22,0.00015184359,-5.2703804e-06,1.42165645e-05,0.00031019314,0.00011899114,0.0002718957
2017-09-23,-1.2919965e-05,-2.9259265e-06,1.8946963e-06,1.2817819e-06,-2.288548e-06,-4.6064783e-06
2017-09-24,1.2946957e-05,2.849465e-06,-2.6538135e-06,-1.3780224e-06,2.0355e-06,2.550477e-06
2017-09-25,-0.0012572502,-0.00093841564,-0.00072497234,-0.0016541699,-0.0009156072,-0.00097418326
2017-09-26,-0.0004295638,-0.00055557623,-0.00020979319,-0.0011197779,-0.000431033,-0.0008809559
2017-09-27,0.0012634047,0.0008842911,0.0013110982,0.0017814666,0.0009063336,0.0006035549
2017-09-28,0.00020259932,0.00020088974,0.00033258466,0.0005811787,0.00027443896,1.538446e-05
2017-09-29,0.0006869714,0.00094842,0.00068739866,0.0015827684,0.00067553495,0.00096814614
2017-09-30,1.2183518e-05,1.0951282e-05,1.1752647e-05,2.7672117e-05,1.0800383e-05,1.4568055e-05
2017-10-01,5.6877666e-06,4.8614206e-06,5.896301e-06,7.5090657e-06,3.526496e-06,4.0263776e-06
2017-10-02,0.0009538378,0.0008044281,0.0009480434,0.0016161478,0.00075596647,0.00075318513
2017-10-03,0.0005442012,0.00083292456,0.00057660084,0.0015029842,0.0006543452,0.00073204614
2017-10-04,-0.00064858183,-0.00026484637,-0.0004379637,-0.0005254186,-0.00032744845,-0.00026364933
2017-10-05,0.001220839,0.0012392126,0.0013096255,0.0020543963,0.00088383566,0.0013771441
2017-10-06,-0.00060416,-0.0008141996,-0.00067802647,-0.0012432138,-0.00056940655,-0.0011025858
2017-10-07,7.4721243e-06,5.5751575e-06,7.4420977e-06,1.32249e-05,5.3408726e-06,5.0633253e-06
2017-10-08,2.4352188e-05,1.9180754e-05,2.4352188e-05,4.330548e-05,1.673271e-05,2.0071473e-05
2017-10-09,-7.258e-05,4.6917965e-05,-0.00013478367,9.417948e-05,3.9789324e-05,9.3073366e-05
2017-10-10,0.0008334293,0.0013059144,0.00076186965,0.0022339446,0.0009955671,0.0013210258
2017-10-11,9.050383e-05,0.00048190934,0.00020233508,0.0006982321,0.00022873096,0.0005088363
2017-10-12,-0.0001999129,0.00018917576,-5.424804e-05,0.00014065423,-3.3006658e-05,9.328315e-05
2017-10-13,0.00060385297,0.0010821248,0.0007304692,0.0018637317,0.0007612371,0.00091436936
2017-10-14,5.185864e-05,3.975188e-05,5.185864e-05,8.084185e-05,3.947503e-05,4.2171283e-05
2017-10-15,-1.003786e-05,-8.811852e-06,-1.003786e-05,-2.3589191e-05,-5.3267795e-06,-1.1043841e-05
2017-10-16,-4.414379e-05,4.436697e-05,0.00034837233,-0.00015985158,-0.0001628938,-0.00011314588
2017-10-17,-0.0007385022,-0.0005911161,-0.00054357055,-0.0011179438,-0.0005264723,-0.000811799
2017-10-18,0.00061276753,0.00051034545,0.0006075129,0.0008810395,0.0003669336,0.00062754843
2017-10-19,-0.0008442722,-0.0005197178,-0.0007002725,-0.0010952511,-0.0006234603,-0.00048345252
2017-10-20,0.001293783,0.0010076738,0.0011694917,0.0018490801,0.00084110204,0.0012526944
2017-10-21,-9.722046e-06,-7.93117e-06,-9.863884e-06,-1.2864813e-05,-9.057432e-06,-4.95055e-06
2017-10-22,-9.440157e-06,-7.199177e-06,-9.274518e-06,-1.4774537e-05,-7.5376665e-06,-7.1534737e-06
2017-10-23,-0.000789458,-0.00061911024,-0.0007538374,-0.0010960404,-0.00046784597,-0.0005539077
2017-10-24,0.00059161417,0.00052765594,0.0006789509,0.0010514532,0.00051143725,0.0005377365
2017-10-25,-0.00022041287,-0.0009077984,-0.00032924177,-0.0013347709,-0.00040479033,-0.0005723809
2017-10-26,0.0015539317,0.001008688,0.0012318684,0.0020612595,0.0011086023,0.0015852167
2017-10-27,0.0011495168,0.0014364326,0.0010715487,0.0024963045,0.0011095188,0.0016995772
2017-10-28,-2.17628e-06,-1.5582752e-06,-1.9639708e-06,-5.974042e-06,-2.648413e-06,-3.6911154e-06
2017-10-29,2.9275207e-05,2.449263e-05,2.7742703e-05,6.748019e-05,2.8874147e-05,4.6006215e-05
2017-10-30,-0.0010040668,-0.0005984257,-0.00085838255,-0.0011695317,-0.00077265565,-0.0011806592
2017-10-31,0.0011313859,0.0009966256,0.00081948773,0.0017249945,0.0008617674,0.0012029513
2017-11-01,0.0012190546,0.0011371248,0.0010574431,0.0021358335,0.0010302172,0.001303647
2017-11-02,-0.0005849358,-0.00015903922,-0.00048490614,-0.00026077058,-0.00019489258,-0.0003583414
2017-11-03,-0.00011622636,0.0001705549,9.17982e-06,4.317251e-05,-0.00016276394,-6.477e-06
2017-11-04,2.4286128e-05,2.038578e-05,2.4844558e-05,3.5419456e-05,1.7579041e-05,2.1309628e-05
2017-11-05,3.92488e-06,3.2954308e-06,3.9737906e-06,5.0133567e-06,2.5914912e-06,3.3955316e-06
2017-11-06,0.0004984176,0.00092103553,6.959672e-05,0.0015240506,0.000744606,0.0008511394
2017-11-07,-0.00047621957,-0.00059566635,-0.00010618294,-0.0010312594,-0.0005465925,-0.00071503426
2017-11-08,0.0003158238,0.00038812112,0.00022497345,0.00061198196,0.00037107474,0.00046733723
2017-11-09,-0.001278905,-0.0013441573,-0.00061679655,-0.0020047133,-0.0010158166,-0.0017249036
2017-11-10,-0.000921994,-0.0010547766,-0.0008097343,-0.0018638099,-0.0008977645,-0.0010797571
2017-11-11,9.571502e-06,9.172014e-06,1.457447e-05,3.0710223e-06,8.06132e-06,-3.9683864e-06
2017-11-12,-4.241133e-05,-4.6113895e-05,-3.9945666e-05,-7.356567e-05,-3.4322926e-05,-5.4942517e-05
2017-11-13,-7.940235e-06,-0.00012885063,1.5443295e-05,-0.00017054562,-1.049343e-05,-0.00010886393
2017-11-14,-0.0007937605,-0.0010626753,-0.0004852395,-0.0018274653,-0.0008308922,-0.0010723072
2017-11-15,-0.0010641852,-0.0012173306,-0.00093944714,-0.0019489843,-0.0008956644,-0.0012933617
2017-11-16,-0.00023528538,0.00095193787,-0.00014335624,0.0012612899,0.0003607274,0.0007963512
2017-11-17,-2.77384e-05,-3.7574732e-06,-0.00020090006,3.1793305e-05,0.000107335174,0.00014458527
2017-11-18,2.4801644e-05,2.282201e-05,2.4400995e-05,3.8566166e-05,2.0131967e-05,2.3727223e-05
2017-11-19,3.572047e-05,3.390059e-05,3.3100165e-05,5.5696313e-05,2.885071e-05,3.7742644e-05
2017-11-20,-0.00012514228,-0.00030886952,-9.735755e-05,-0.00042784103,-0.00026454436,0.00011405671
2017-11-21,0.00052147143,0.0014481535,0.00047958217,0.0022382294,0.0010481022,0.0013983544
2017-11-22,-2.2693983e-05,0.00037046787,8.911288e-06,0.0005380646,0.00028881757,-8.076418e-05
2017-11-23,-9.9690085e-05,-0.00027183635,5.3510004e-05,-0.00032069534,-0.00017748748,-0.00039730375
2017-11-24,0.0005766772,0.00064208294,0.00064594497,0.0009978296,0.0004920022,0.0008229184
2017-11-25,0.00013983538,0.0001263492,9.491171e-05,0.0002259846,0.000111962814,0.00013469493
2017-11-26,2.7540113e-05,2.6423022e-05,2.1316911e-05,3.0254185e-05,1.9822852e-05,2.860505e-05
2017-11-27,-0.0003804642,-0.00055053073,-0.0005335729,-0.000937168,-0.00040351093,-0.0005712178
2017-11-28,0.00077282684,0.0010828682,0.0008494943,0.001641447,0.000658678,0.0010292742
2017-11-29,-0.0014189039,-0.0011128745,-0.001102843,-0.001770792,-0.0010842134,-0.001209414
2017-11-30,0.0011200628,0.00063469267,0.001036647,0.0009729906,0.0005200592,0.0009854987
2017-12-01,0.00032131578,0.00034761702,-7.9150195e-05,0.00068118435,0.00047783027,0.00026613384
2017-12-02,2.4842482e-05,2.602283e-05,1.5512811e-05,4.1706517e-05,2.302071e-05,2.0671756e-05
2017-12-03,4.1382846e-05,3.4549448e-05,1.4553669e-05,6.048848e-05,3.6354006e-05,3.6612124e-05
2017-12-04,-0.0010235856,-0.0005391276,-0.0003013419,-0.0010602607,-0.0007785518,-0.00090241537
2017-12-05,-0.0006075671,-0.0007105551,-0.00042055055,-0.0013053655,-0.0005200569,-0.0007489099
2017-12-06,-0.00063046673,-0.0009356076,-0.00021459191,-0.0017541852,-0.00083651586,-0.0010958902
2017-12-07,0.00037436068,0.0004022335,0.00044333102,0.00044642852,0.00020965538,0.00063190365
2017-12-08,0.00062939106,0.0009451841,0.00040312693,0.0019153702,0.00077627547,0.001220789
2017-12-09,4.4001874e-05,3.6608595e-05,-3.2565e-05,7.167749e-05,3.8703325e-05,5.811735e-05
2017-12-10,-7.429675e-05,-5.738824e-05,-5.04656e-07,-0.00011225926,-7.277868e-05,-4.5763256e-05
2017-12-11,0.00021375637,0.00055002724,-5.355887e-05,0.0009210463,0.00044349747,0.0005280449
2017-12-12,0.0007655671,0.0005236913,0.0004133632,0.00086614816,0.0005733146,0.00044039375
2017-12-13,-0.00097331405,-6.591883e-05,-0.00088780536,-0.00014132696,-0.0002810137,-0.00074220006
2017-12-14,-0.000533312,-0.00061397185,-0.0009847966,-0.00093880505,-0.00028328458,-0.0008239874
2017-12-15,0.00041840374,0.0007918776,0.0003564579,0.0011926804,0.00044173613,0.0007034791
2017-12-16,0.00044525764,0.0003414896,0.0,0.0006756944,0.00038323598,0.0003108912
2017-12-17,0.00016737093,0.00013083243,0.0,0.0002570074,0.00014752884,0.00011728423
2017-12-18,0.0009938161,0.0012936039,0.00062882213,0.002313148,0.0009920117,0.0011769522
2017-12-19,-0.0011546777,-0.0010514538,-0.001104974,-0.0017273439,-0.0010236712,-0.0010862991
2017-12-20,-0.0004560753,-0.00029460827,-0.00042587405,-0.0006621017,-0.00034227534,-0.0002249419
2017-12-21,0.0014031574,0.0012439443,0.001168924,0.002180376,0.0011750637,0.0012576135
2017-12-22,-0.00014324588,5.31443e-05,0.00027655577,-3.1904772e-05,-8.475579e-05,-5.904031e-05
2017-12-23,0.00016509762,0.00014914961,0.0,0.00026621652,0.00014572825,0.00015041081
2017-12-24,-4.351672e-05,-4.2080377e-05,0.0,-7.49408e-05,-4.1442716e-05,-6.0559094e-05
2017-12-25,8.4153755e-05,2.7603908e-05,-1.889385e-05,1.709858e-05,2.7606759e-05,2.1094822e-05
2017-12-26,0.0005536004,0.00067859737,0.0002929368,0.0011925956,0.00058503647,0.0007372516
2017-12-27,6.747447e-05,0.00025437505,6.910803e-05,0.0006388028,0.00027317056,0.00017023031
2017-12-28,0.0011240987,0.00095837686,0.0011114022,0.0020420828,0.0010739759,0.0010569105
2017-12-29,9.715402e-05,8.2264036e-05,-9.491723e-05,0.00036551856,0.00021119702,1.404154e-05
2017-12-30,-2.5735762e-05,-4.66222e-05,-1.5978146e-06,-9.1104725e-05,-5.084079e-05,-9.227058e-05
2017-12-31,6.60919e-05,9.304058e-05,2.4984927e-06,0.00014436679,7.9196376e-05,0.00010236544
2018-01-01,2.7974258e-05,9.0259935e-05,6.860612e-05,9.5102005e-05,-1.0948114e-05,0.00035869254
2018-01-02,0.0022767128,0.0023069046,0.0022680447,0.0039785476,0.0020151571,0.0025086089
2018-01-03,0.0018759537,0.0018231773,0.0012750893,0.0031616134,0.001492923,0.0019745673
2018-01-04,0.0017282281,0.002027892,0.00134478,0.0033676003,0.0015266103,0.0017897596
2018-01-05,0.0020416118,0.0018437532,0.0015580317,0.0031834552,0.0015256347,0.0022114713
2018-01-06,0.00019892845,0.0002366968,0.00014432256,0.00037086342,0.00021239284,0.00023354084
2018-01-07,8.373105e-05,6.940537e-05,5.29507e-05,0.00015052911,7.9486694e-05,6.2650084e-05
2018-01-08,-4.0858093e-05,-0.00013521353,-0.0001230802,-0.00013802749,-0.00013687242,-0.00012542962
2018-01-09,0.00014100075,0.00023834128,7.626436e-05,-1.00789575e-05,-8.208253e-05,1.1489731e-05
2018-01-10,-0.0017436607,-0.0013166243,-0.0013248762,-0.002802213,-0.0012497788,-0.0015706224
2018-01-11,0.001868368,0.001676291,0.0012223468,0.0030390786,0.0013384194,0.0017063505
2018-01-12,0.0034010857,0.0030079002,0.002382891,0.0053102956,0.0023461543,0.003285309
2018-01-13,4.0994248e-05,7.176629e-05,9.08759e-06,0.00010298105,6.021389e-05,5.946285e-05
2018-01-14,-4.7910107e-05,-9.491447e-05,-1.3077853e-07,-0.00012937782,-7.272169e-05,-8.453986e-05
2018-01-15,0.00032632574,0.00036218343,0.00017174969,0.0005569244,0.00016768614,0.00047725977
2018-01-16,-0.00025537348,-0.0002774243,0.00011641296,-0.0006171605,-0.00031810728,-0.00026148144
2018-01-17,0.0016523639,0.0018125036,0.0010161918,0.00323918,0.001309983,0.0017067366
2018-01-18,-0.00026141218,-0.00021048666,6.660416e-05,-0.0006008908,-0.00037229853,-0.00023883003
2018-01-19,0.0021300828,0.0017889879,0.0014471223,0.0033922058,0.0014343968,0.0021118538
2018-01-20,-0.0001144152,6.978022e-05,-8.0876605e-05,5.306562e-05,2.6472784e-05,-4.6076543e-06
2018-01-21,9.542697e-05,-9.726831e-05,7.692842e-05,-7.5772776e-05,-4.56706e-05,-8.0551494e-05
2018-01-22,0.0023252647,0.002251057,0.0014414742,0.0040373537,0.001718582,0.0022616233
2018-01-23,0.0017306841,0.001852119,0.0012052194,0.0034665118,0.0015669991,0.0017263677
2018-01-24,0.0017237127,0.0016154778,0.00059295463,0.0027874664,0.0012421452,0.0017796055
2018-01-25,-0.0002888958,-0.000585597,-0.00047641905,-0.0007966223,-0.0004330264,-0.0003704623
2018-01-26,0.0028823505,0.002712552,0.0013329511,0.0049039302,0.002015946,0.0027523397
2018-01-27,-2.6403377e-05,9.141594e-06,-2.1002856e-05,1.1288265e-05,6.340364e-06,-2.023115e-07
2018-01-28,-6.999661e-05,3.6197656e-05,-5.2940035e-05,2.9333984e-05,2.04722e-05,1.2180171e-05
2018-01-29,-0.0017745441,-0.0024235584,-0.001099999,-0.003994551,-0.0016586229,-0.0020179944
2018-01-30,-0.0039031096,-0.0040441467,-0.0017386589,-0.0072536264,-0.0030440043,-0.004364891
2018-01-31,0.0003505939,0.0003922038,0.00022388701,0.0008099674,0.0002873564,0.0003143679
2018-02-01,0.0009222859,-1.9796056e-05,0.0002265095,0.00013015512,0.000120346915,0.0007323744
2018-02-02,-0.0025181836,-0.004695182,-0.0009991891,-0.007051381,-0.002906015,-0.0043113413
2018-02-03,-0.00019023554,-2.9094856e-06,-0.00013197714,-1.0857679e-05,-1.2601034e-05,-0.00017706954
2018-02-04,0.0002762544,4.1675858e-06,0.00017680757,2.3535256e-05,2.1366273e-05,0.00024310869
2018-02-05,-0.0019725733,-0.005295249,0.0004060596,-0.0071661603,-0.0023706262,-0.0058523766
2018-02-06,-0.0030371319,-0.0021756573,-0.0008086118,-0.0042064153,-0.002073066,-0.0036715942
2018-02-07,0.00035314163,-0.00038323188,0.0002568125,-0.00037218755,2.326311e-05,-0.0003048737
2018-02-08,0.0029997376,-0.00072073325,0.0014272854,0.00024942117,0.0005306806,0.00053617434
2018-02-09,0.00063149846,-0.000117139774,0.0006983993,0.00018145333,0.0002305502,-5.190856e-05
2018-02-10,1.8943596e-05,-7.3717883e-06,1.8467277e-05,-7.2977145e-06,-1.5704817e-06,9.6865015e-06
2018-02-11,7.520429e-05,-3.0860392e-05,7.006926e-05,-1.978064e-05,-1.1572687e-05,2.4634915e-05
2018-02-12,-0.0020963294,0.00036879664,-0.00066608685,-0.00018348165,-0.00013983886,-0.0011152779
2018-02-13,-0.00016211189,0.00029681518,-0.00013842141,0.00027877316,0.0001100377,0.0003529526
2018-02-14,-0.0010642691,0.0009798025,-0.0004933586,0.0010841383,0.00037363233,0.0003572069
2018-02-15,-0.0010910955,0.0005816456,-0.0003690797,0.00062998506,0.00029131622,6.322027e-05
2018-02-16,-0.00052778993,-4.5404344e-05,-0.00014370722,-6.0003287e-05,-0.00011208843,-0.00031650538
2018-02-17,2.0056308e-05,6.799583e-05,-1.4631271e-05,6.6443754e-05,2.5336347e-05,2.9301216e-05
2018-02-18,-5.992689e-05,-9.8530916e-05,-5.9455424e-06,-0.00011517392,-4.015129e-05,-6.679322e-05
2018-02-19,2.0287636e-05,6.774644e-05,2.0987577e-06,6.378217e-05,7.6868564e-05,3.3704913e-05
2018-02-20,-0.0006108736,-0.0009227932,-0.00016937086,-0.0013039954,-0.00069752,-0.0008680041
2018-02-21,-0.0002201276,-0.00019482232,-4.6375084e-05,-0.00038568737,-0.0001688383,-0.00035238516
2018-02-22,-0.00026027634,8.017853e-05,-0.00017212727,4.435071e-05,3.463471e-05,-1.3122817e-05
2018-02-23,-0.00037581348,0.00087474583,-0.0004536458,0.0012680864,0.00047598346,1.9707326e-05
2018-02-24,9.7496495e-06,-4.029974e-05,8.232619e-06,-2.6638018e-05,7.034093e-06,4.049788e-05
2018-02-25,-1.0292589e-05,1.3650774e-06,-6.1666115e-06,-2.3733057e-06,-5.8782607e-06,-2.030662e-05
2018-02-26,-0.0006559319,0.0004745536,-0.00046802044,0.0005492115,0.0001818885,-0.0003711856
2018-02-27,-0.00017904534,-0.0010154488,-0.00012573015,-0.0012174492,-0.00046146213,-0.00061707187
2018-02-28,0.00018889896,-0.0008046311,0.00038097674,-0.0009772585,-0.00012633008,-0.00035553964
2018-03-01,0.00034720296,-0.0004409928,0.0003052181,-0.00049033447,0.00010610674,-0.0002136704
2018-03-02,-1.1482091e-05,-0.00022916835,-0.00035846425,-0.00041336476,-0.00023660269,0.00013602653
2018-03-03,-8.193426e-06,-2.9191553e-06,-3.2830972e-06,1.7907563e-06,-1.4425947e-06,-1.773042e-05
2018-03-04,-2.2516106e-05,1.6267823e-05,-1.5190071e-05,1.0375628e-05,3.506273e-07,-2.5533023e-05
2018-03-05,0.00017013284,0.00051772513,0.0001849255,0.0007861651,0.00024761984,0.00034791153
2018-03-06,-0.00073395914,0.00030954307,-0.00057398976,0.00028879312,6.557105e-05,-0.00028508375
2018-03-07,0.00023164797,-0.00042620115,9.3312716e-05,-0.00054492615,-0.00029450885,0.000117976146
2018-03-08,-0.00074847974,-5.925256e-06,-0.00024244306,2.2055287e-05,3.4876484e-05,-0.0008105051
2018-03-09,-0.0007330039,0.00034519882,-0.00021589518,0.00025611746,4.0298048e-05,-0.00031479722
2018-03-10,0.00018321337,7.7602035e-06,0.00011006512,6.262391e-05,5.3572898e-05,0.00013232487
2018-03-11,-0.00024346157,-2.364357e-05,-0.00015072066,-8.639557e-05,-6.879378e-05,-0.00019941536
2018-03-12,-0.00051568035,9.293219e-05,-0.00024930708,0.000117714364,0.00011695279,-0.000314649
2018-03-13,-0.0004236382,-0.000658318,-0.000599825,-0.00090390135,-0.00037183377,-0.00040597038
2018-03-14,0.0004107579,9.502881e-06,-4.171407e-05,2.2989083e-05,4.3899163e-05,0.00045750497
2018-03-15,3.5529134e-05,-0.00038930474,-2.1442902e-05,-0.00042113007,-0.00023733881,-0.00016398539
2018-03-16,6.536053e-05,-9.162581e-05,6.0364586e-05,-8.699386e-05,-0.00010507306,4.0824238e-05
2018-03-17,0.00030102007,3.0342477e-05,8.548197e-05,7.2224306e-05,2.3146584e-05,0.00024971212
2018-03-18,-5.9130638e-05,-7.5273542e-06,-3.2223474e-05,-1.9099945e-05,-8.011534e-06,-4.6780522e-05
2018-03-19,-0.001295911,-0.0017024582,-0.0007718581,-0.0023871951,-0.0010531984,-0.0013191606
2018-03-20,0.0003684697,0.0005945341,0.00039801243,0.0007168891,0.00025085558,0.00059814623
2018-03-21,-0.00043597663,0.00032737042,-0.00025235032,0.00038172444,6.442308e-05,-6.9072295e-05
2018-03-22,-0.0006969072,-0.0017869684,-0.00065087806,-0.0024976875,-0.0009055452,-0.00083481957
2018-03-23,0.0016869245,-0.00027905943,0.0008384807,1.3278941e-05,0.0003958496,0.0018440303
2018-03-24,6.0011596e-05,4.368304e-05,1.949119e-05,4.129482e-05,1.8478711e-05,2.9418212e-05
2018-03-25,-4.373478e-06,-2.5292571e-05,-9.055221e-06,-3.0854837e-05,-1.7181956e-05,-3.6517404e-06
2018-03-26,-0.0012087937,0.00014760069,-0.0012163391,-0.00010182933,-0.00046089164,-0.0009834113
2018-03-27,-2.9556224e-05,-0.00021188286,0.00042560018,-0.00057522487,-0.00031728885,-0.00068842544
2018-03-28,-0.00027426778,-0.0006887149,-8.8250745e-05,-0.00097598956,-0.0003994192,-0.00033076017
2018-03-29,-0.0012364519,0.0001541163,-0.0009685195,0.00016488481,3.2139054e-05,-0.0006694227
2018-03-30,-0.0004552556,-0.00032702138,-0.00027728878,-0.0006297133,-0.00026688533,-0.00041169376
2018-03-31,-8.25636e-05,-1.7956387e-05,-1.8283818e-05,-4.2411415e-05,-1.8445164e-05,-5.7423284e-05
2018-04-01,0.00014701136,1.0588478e-05,7.6919025e-07,4.253528e-05,1.0576986e-05,0.00014254036
2018-04-02,0.00094558956,-0.00046995244,0.0006344755,-0.00085908425,-0.0003980575,0.00044476593
2018-04-03,-0.00066287967,5.3421558e-05,-0.00044883607,0.000115502604,-1.7934175e-05,-0.00024260022
2018-04-04,6.4319593e-06,-0.00014520586,7.491428e-05,-0.00014079562,-2.667406e-05,-0.00030842746
2018-04-05,-0.0016939578,0.00010683656,-0.0009212442,-9.0854875e-05,-1.5065532e-05,-0.0011486914
2018-04-06,0.0008871807,-0.00037093766,0.00046015406,-0.00041612552,-0.00016060351,8.636828e-05
2018-04-07,-0.0001533859,-3.9574456e-07,2.846753e-06,-1.5222938e-05,2.0748953e-06,-0.00013450901
2018-04-08,-0.000110082365,-7.03897e-06,-1.5971365e-05,-1.9908151e-05,-1.6140835e-06,-8.894482e-05
2018-04-09,-0.0003369704,0.000601598,-0.000260795,0.000593991,0.00024097363,0.00015817222
2018-04-10,-0.0005881178,0.0007756239,-0.00031989234,0.0011029781,0.00046883596,-1.3993122e-07
2018-04-11,0.00039977836,0.00026304607,0.00042272566,0.0005258581,0.00035743637,0.0001596802
2018-04-12,-0.0005124837,0.00013493568,-0.0003001068,0.00011255229,-2.0915699e-05,-0.00018643285
2018-04-13,0.00040539316,0.00027936522,0.00040774606,0.00048465206,0.00030917727,0.00020686921
2018-04-14,1.902609e-05,2.4438083e-05,6.4225765e-06,2.9351106e-05,1.1864182e-05,-3.7529721e-06
2018-04-15,0.00013837994,0.0001564782,5.9685575e-05,0.0002042739,8.328479e-05,3.3749315e-05
2018-04-16,-0.0005947854,-6.474832e-05,-0.00029736554,-0.00024283897,-3.951809e-05,-0.00038190727
2018-04-17,0.00051494327,0.0007791962,0.00030729934,0.0010692509,0.00041236766,0.0008339448
2018-04-18,0.0010246182,0.0012451211,0.0006548128,0.0019468801,0.0008042626,0.0009623967
2018-04-19,-0.00086439494,-0.00080267503,-0.0005116629,-0.00116943,-0.0005094989,-0.0009280197
2018-04-20,-0.000486968,-0.000802249,-0.00051756005,-0.0010907415,-0.00039211867,-0.0008784901
2018-04-21,-0.00011124743,-7.6912984e-05,-7.797936e-05,-0.00017734927,-5.47989e-05,-5.1749794e-05
2018-04-22,1.7411407e-05,6.646814e-06,2.3823989e-06,2.9174116e-05,2.550325e-06,7.65037e-06
2018-04-23,-5.5761884e-05,-0.00021645843,-0.00012399224,-0.00031222196,-0.00012887841,-0.0001990024
2018-04-24,-0.00018898981,-0.00013059794,-0.00012316398,-0.00013529758,0.00023169395,-0.00015616433
2018-04-25,-0.0003155519,-0.00069728954,-0.00026141852,-0.0013158086,-0.0003480489,-0.00025359466
2018-04-26,0.001268886,0.0013343769,0.0010178873,0.0020961217,0.00079016824,0.0009890685
2018-04-27,-0.00024071008,0.00027633403,-0.0002088445,0.00026005396,0.0001150426,2.296493e-05
2018-04-28,0.00025259244,0.0002356784,0.00023282543,0.00041531934,0.00015608133,0.00025115008
2018-04-29,8.961549e-05,8.14368e-05,8.5362735e-05,0.00016027881,6.136539e-05,8.9448666e-05
2018-04-30,-0.00036881934,-0.00053150015,-0.00021299857,-0.0007899501,-0.0003280171,-0.0004429885
2018-05-01,0.0010190299,0.00022329763,0.00071186194,0.00045067997,0.00032887762,0.00080237957
2018-05-02,0.0009753701,0.00032398393,0.0006840999,0.00081479165,0.00044954696,0.00079858175
2018-05-03,4.316934e-05,0.00013886018,-0.00012162938,0.00023716893,0.00023409586,8.548748e-05
2018-05-04,-0.00058378105,3.5318273e-05,-0.00032150504,-0.00040355354,-0.00027317213,-0.0003825471
2018-05-05,0.000117365846,0.000100369754,0.000103443504,0.00019273766,7.218042e-05,0.000105599465
2018-05-06,-7.88539e-05,-8.3444225e-05,-8.552488e-05,-0.00013441729,-5.3689128e-05,-9.92575e-05
2018-05-07,0.0005119393,0.00021209984,0.00020038895,0.00043567002,0.0002098579,0.00042801665
2018-05-08,6.8237e-05,-0.00014585267,-0.0001989688,-0.00020448572,-0.00014505345,3.8989205e-05
2018-05-09,0.0010447823,0.0011141261,0.0008068228,0.001777054,0.0008388753,0.0010271808
2018-05-10,-0.0003457535,0.00065430155,-3.458783e-05,0.0008637479,0.00037592443,-7.29547e-05
2018-05-11,-0.00087019993,-0.00066061364,-0.0003434983,-0.0012489522,-0.0007091346,-0.0010098844
2018-05-12,-6.719842e-05,3.262465e-05,-3.155873e-05,-2.2340751e-05,-2.6984764e-05,4.411481e-05
2018-05-13,-8.461496e-05,3.733757e-05,-5.6716905e-05,-2.7931277e-05,-3.3369102e-05,5.7622365e-05
2018-05-14,0.0003427264,0.00031960453,0.00020009083,0.00056020124,0.0002019389,0.00026774334
2018-05-15,0.000280093,-0.00076854567,-0.00025547054,-0.00093698833,-0.0004759684,-0.00012589173
2018-05-16,0.0009872228,0.00074658997,0.00047659935,0.0012016511,0.0005263807,0.0008341576
2018-05-17,0.0004311447,-1.2923213e-05,0.00023713942,0.0001730072,-1.3824499e-05,0.00011462547
2018-05-18,-0.0005021776,-0.00027482788,-0.00045274512,-0.0005799997,-0.00015087174,-0.00038582427
2018-05-19,3.1984057e-06,-1.3545437e-05,2.2921467e-06,-3.9178094e-06,-8.954253e-06,-1.4874395e-05
2018-05-20,-0.0001477141,1.1233672e-05,-0.000116161485,-3.904975e-05,-9.9484205e-06,-3.7874575e-05
2018-05-21,0.0007771011,0.0010274114,0.00042434095,0.0015859227,0.0005295354,0.0004437496
2018-05-22,-0.0002969738,-0.0003507626,-8.5367e-05,-0.0005816273,-0.0002526454,-0.00050731585
2018-05-23,-0.000804155,-0.0010438869,-0.00058051624,-0.0015754878,-0.00062350184,-0.0011579636
2018-05-24,-0.0011849655,-0.0009847258,-0.00065403513,-0.0016665424,-0.00063287606,-0.0010152602
2018-05-25,-0.00052401616,-0.0006595532,-0.00024123753,-0.0011631834,-0.00037633083,-0.00066740933
2018-05-26,6.735512e-06,3.318558e-06,4.506386e-06,-3.886559e-08,-2.6117575e-06,7.2915273e-06
2018-05-27,6.1241786e-05,-4.2891106e-06,4.0846033e-05,1.5960355e-05,5.299876e-06,3.4413162e-05
2018-05-28,0.0005919091,-7.683228e-05,0.00041682558,-6.6645014e-05,2.0498737e-06,0.00027540856
2018-05-29,-0.00025602584,-0.00105434,-0.00024704955,-0.0013373892,5.1245668e-05,-0.0009083648
2018-05-30,0.00020596724,0.00040243447,0.00024251881,0.00032459944,-0.00027022336,0.00059420045
2018-05-31,-0.0008934016,-0.00062652066,-0.00043723913,-0.0010275855,-0.0003517166,-0.0010409411
2018-06-01,-0.00048082194,0.00019807373,-0.00011908872,3.0215942e-05,-0.00024066403,-0.00028916556
2018-06-02,-0.00013105075,1.7639788e-05,-6.694417e-05,-1.5900607e-05,1.5396887e-05,-6.995288e-05
2018-06-03,-9.3299146e-05,1.5716809e-05,-6.990453e-05,-5.0002536e-06,1.4406922e-05,-2.9985787e-05
2018-06-04,-0.0007660842,-0.00031190037,-0.0004594686,-0.00057239516,-0.0005580848,-0.00076689036
2018-06-05,0.00032861272,0.00030939392,0.00029743803,0.00033821844,0.00019029668,0.00025500503
2018-06-06,0.00044141157,0.0008599482,0.0004372389,0.0012988643,0.00061405933,0.0007548855
2018-06-07,-1.5487003e-05,0.00020646208,-6.65036e-05,7.918622e-05,7.639762e-05,9.2545844e-05
2018-06-08,-1.2416177e-05,-0.0001466109,0.00013590223,-8.785282e-05,-0.00012784677,-0.00020127848
2018-06-09,9.968004e-06,-3.349975e-05,6.387975e-06,-3.8119655e-05,-2.61206e-05,8.506937e-06
2018-06-10,0.00031636716,-0.00015675738,0.00021861494,-0.0001227599,-9.419232e-05,0.00026984603
2018-06-11,-0.00024135299,9.1733935e-05,6.608994e-05,1.45632885e-05,2.2412996e-05,-2.0846788e-05
2018-06-12,0.00031278358,0.00013567264,0.00011227692,0.0004499132,0.00020017313,0.00034366208
2018-06-13,3.2081658e-05,-0.00041741514,1.648739e-06,-0.00068514247,-0.00032712496,4.9070764e-05
2018-06-14,-0.000115578565,0.00012796729,-0.00026119573,0.00017637198,5.6234912e-05,2.5737547e-05
2018-06-15,8.167066e-05,-0.00077867875,-0.00017445239,-0.0012469835,-0.00062474876,0.00013234504
2018-06-16,-5.0593902e-05,1.0038984e-07,-1.9067264e-05,-7.92458e-06,3.6620388e-06,-3.7712158e-05
2018-06-17,9.122393e-05,3.719143e-05,4.0456394e-05,5.327943e-05,2.6946691e-05,8.5337895e-05
2018-06-18,-0.00020283676,-0.0004404563,-0.00034543747,-0.00054291915,-0.0003446304,-0.00024247453
2018-06-19,0.00019918593,-0.0009018317,5.4314707e-05,-0.0010706991,-0.000487819,-0.00042090655
2018-06-20,0.0003817451,0.00049305736,0.00019971325,0.0008582743,0.0003615872,0.0008372678
2018-06-21,0.0006018483,-0.00029351548,0.0006268244,-0.00048454062,-2.80817e-05,0.000342595
2018-06-22,-0.00091324537,7.9488964e-05,-0.00085632625,8.306227e-05,-0.000103856604,-0.0005335094
2018-06-23,-4.8014477e-05,-8.659365e-06,-4.443292e-06,-1.3301964e-05,-1.6058655e-06,-4.7956833e-05
2018-06-24,0.000105054845,-6.4218902e-06,-3.6564481e-06,1.969198e-05,-4.566308e-06,7.7076416e-05
2018-06-25,0.00031868028,-0.0012785498,0.0008904068,-0.0018189892,-0.0006262026,-0.0006335741
2018-06-26,0.0008612947,0.0005695845,0.00016652343,0.0010170556,0.00037893208,0.0010539431
2018-06-27,0.00072047394,-1.1435884e-05,0.00038275722,2.136649e-05,0.00017566603,0.0004785125
2018-06-28,0.0010048582,0.00044958686,0.00030319524,0.00078265276,0.00034309435,0.0010639315
2018-06-29,-0.0019413844,-4.796081e-05,-0.0007137495,-0.00046400636,-4.5838846e-05,-0.0016506215
2018-06-30,-0.00030865055,-5.425579e-05,2.628165e-06,-0.00012661543,-9.112781e-06,-0.00028368025
2018-07-01,7.2557273e-06,-2.165746e-06,4.358989e-07,-3.2408593e-06,-6.096816e-06,-8.387082e-07
2018-07-02,0.0005491803,-0.00028672648,0.00018791831,-0.00074679224,-0.00047195813,0.00039765955
2018-07-03,0.0006100497,0.00056905666,0.00025806445,0.001184315,0.000670782,0.0005288568
2018-07-04,-0.0005460442,-0.00027604133,-0.00022623572,-0.00056567224,-0.00028589772,-0.00049766514
2018-07-05,-0.00028361214,0.000429887,-0.0003013222,0.0005543274,0.00030017484,0.0001011911
2018-07-06,-0.0008810103,0.0004291575,-0.00025711773,0.00033323828,0.00022583861,-0.0003890569
2018-07-07,-5.059146e-05,3.5826128e-05,-2.4564881e-06,3.0871804e-05,5.892411e-05,-8.9471934e-05
2018-07-08,1.41245755e-05,-3.2450946e-05,-9.5020805e-06,-3.5779234e-05,-4.3897766e-05,1.9879513e-05
2018-07-09,-0.0015133152,-0.00012580483,-0.0006263468,-0.00066276913,-0.00030528512,-0.00094312266
2018-07-10,-0.00018148423,7.262941e-05,-2.547315e-05,-0.00013292131,-0.000100133264,7.157067e-05
2018-07-11,-0.00026440682,-0.0017657283,-0.00084054295,-0.0023913805,-0.0011780371,-0.0005784734
2018-07-12,0.0010059929,0.0015634911,0.000796573,0.00217031,0.0010688367,0.0013505083
2018-07-13,8.336918e-05,0.00034761502,0.00015981546,0.00036322733,0.00020489123,-0.00010545067
2018-07-14,-1.5789989e-05,-7.3008067e-07,-1.6461321e-06,-1.0808258e-05,-1.2723688e-06,-1.5791931e-05
2018-07-15,-9.1720925e-05,5.1434276e-06,-3.4400487e-05,-4.643477e-05,1.6435969e-06,-0.000121731704
2018-07-16,-0.0010483313,-0.0007664508,-0.0006679628,-0.0013186785,-0.00047725023,-0.0011026255
2018-07-17,0.0005328247,0.00035825022,0.0004548353,0.00055338826,0.00024433053,0.00010183642
2018-07-18,9.304936e-05,0.00018633586,9.8021475e-05,0.00019284945,0.0001672655,0.00014778982
2018-07-19,-9.667918e-05,-0.00015556578,-0.00023229826,-0.00047034794,-0.00017953049,6.5342625e-05
2018-07-20,-0.0014995765,-0.00051539676,-0.00080777,-0.0008798468,-0.0005392921,-0.0011514445
2018-07-21,3.9320177e-05,4.4965742e-05,5.5908265e-05,7.211741e-05,5.3396336e-05,-1.3705071e-05
2018-07-22,8.012301e-06,-1.748091e-06,-4.0897785e-06,2.3388873e-06,-2.521784e-06,2.8740005e-05
2018-07-23,-0.00047307686,-0.00081226276,-0.00028857237,-0.0009890916,-0.00056939904,-0.0008203168
2018-07-24,0.0005075033,0.00095831795,0.0006330648,0.0014156727,0.00075489376,0.0005023506
2018-07-25,0.00027216473,0.0009667355,0.0005153975,0.001413163,0.00064768904,0.00016472716
2018-07-26,-0.00024197846,-0.00031714153,-9.244414e-05,-0.0004680381,-0.0002767395,-0.00027738107
2018-07-27,3.233384e-05,-8.695256e-05,-8.345885e-05,-0.00012690976,-7.4840136e-05,0.00010781884
2018-07-28,1.2136535e-05,2.0749269e-05,1.1727623e-05,2.031175e-05,1.347505e-05,1.2695843e-05
2018-07-29,1.18507505e-05,9.672156e-06,1.088172e-05,2.099133e-05,2.0873586e-05,-2.4005727e-05
2018-07-30,-0.00040818713,-0.00049970095,-0.0003674143,-0.0007308483,-0.00032924063,-0.00059202395
2018-07-31,0.0002456548,0.00041918948,0.00019712298,0.00065476337,0.0001765626,0.00024275415
2018-08-01,-0.00039685905,-0.0006623144,-0.00043012,-0.0010943107,-0.00060104084,-0.00017839945
2018-08-02,-0.00079692726,-0.0007977882,-0.0008012289,-0.00134727,-0.0007077132,-0.000176742
2018-08-03,0.00067549205,0.0009014508,0.0005021072,0.0013194283,0.00058368174,0.0009146328
2018-08-04,9.890412e-05,-2.5991189e-05,9.962589e-05,2.0181664e-05,2.7735307e-05,2.6077778e-05
2018-08-05,-0.00014999924,-4.9337596e-05,-0.00014742733,-0.00011048857,-9.273704e-05,-7.5222444e-05
2018-08-06,0.0006163179,0.0003389251,0.0003770154,0.0007157787,0.00027227635,0.0005531563
2018-08-07,0.00047697284,0.0004512616,0.00054556783,0.0005961382,0.0002621664,0.00043902532
2018-08-08,-3.659532e-05,-0.00030034437,-0.0001381005,-0.0003251742,-3.5470304e-05,-0.00040297158
2018-08-09,-8.656841e-05,-0.00011762649,-1.5739881e-06,-0.0003332935,-0.00022063557,-1.3724314e-05
2018-08-10,-0.0003502717,-0.001317116,-0.00052359136,-0.0016623166,-0.0008385736,-0.00050915487
2018-08-11,0.00015601705,4.783874e-05,5.747389e-05,0.000107658096,7.048857e-05,0.0001405053
2018-08-12,-9.351122e-06,6.446197e-06,-7.912844e-06,-1.8084562e-06,-1.1550783e-06,4.2526326e-06
2018-08-13,0.00083444465,-0.00047289417,-6.182587e-05,-0.00016016523,-3.098747e-05,0.0006276628
2018-08-14,0.0008802047,0.000975906,0.0005074392,0.0012022725,0.00052709,0.001335563
2018-08-15,0.0017702486,-0.00045939515,0.0011611897,0.00019060045,0.00026933372,0.00088335987
2018-08-16,-2.5002464e-05,0.00071049714,0.00012976622,0.00069816416,0.00026555502,0.00048775913
2018-08-17,-0.0018218476,-2.9921783e-05,-0.0006285136,-0.0006777832,-0.00034370614,-0.0012668244
2018-08-18,0.00027290822,4.3411834e-05,7.147769e-05,0.00012613994,3.5722092e-05,0.000174131
2018-08-19,-7.097317e-05,2.3832256e-06,8.432348e-07,-1.558074e-05,9.232802e-06,-4.293985e-05
2018-08-20,-0.00042115338,0.00023881037,-0.00018395216,9.804779e-05,1.2102067e-05,-0.00027934293
2018-08-21,-0.0013241995,-0.0003141905,-0.00067263015,-0.000691793,-0.00032597347,-0.0010133905
2018-08-22,-0.0012598565,-0.00030208367,-0.00093888235,-0.00060629967,-0.00033030607,-0.00087873917
2018-08-23,-0.00010283198,-0.0005097079,-0.0002626667,-0.0006588173,-0.0004915185,-8.960519e-05
2018-08-24,0.0002861618,0.0010275367,0.00043176836,0.0012509482,0.0007246607,0.0006428054
2018-08-25,-3.866381e-06,-1.0659834e-05,-1.317214e-06,-1.942076e-05,-1.4430084e-05,-1.2878364e-05
2018-08-26,2.063442e-05,1.5326545e-05,-1.4344516e-06,1.698095e-05,4.485524e-06,1.9771824e-05
2018-08-27,-0.00062840903,0.0006706245,-0.00019455414,0.0007984976,0.00071472337,-0.00023924567
2018-08-28,6.822744e-05,-0.00016657959,-9.64286e-05,-0.0002074363,-7.417976e-05,3.1514726e-05
2018-08-29,0.0011103402,0.0012019494,0.00091708795,0.0019056218,0.0008729833,0.0012368603
2018-08-30,-0.00048243234,-0.0006955523,-0.00052123354,-0.0012061578,-0.00074053137,-0.0006769998
2018-08-31,4.5927143e-05,-2.2652122e-05,-0.00017437234,-3.504752e-05,-0.00015530725,-6.042335e-05
2018-09-01,6.695107e-05,0.00013205373,8.264311e-05,0.00021840096,0.00018491408,-4.1118732e-05
2018-09-02,-6.980703e-05,-8.028889e-05,-7.158153e-05,-0.00012304689,-6.7210385e-05,-6.814268e-05
2018-09-03,-0.0002023055,-0.00036334104,-0.00022508486,-0.00048826082,-0.0002865231,-0.00014929145
2018-09-04,-0.0006214521,-0.0012064434,-0.00059098704,-0.001534399,-0.00085102516,-0.00087077875
2018-09-05,-0.00049470377,-0.0010531256,-0.0006153774,-0.0017064086,-0.0009128785,-0.00019209144
2018-09-06,-0.0003457996,-0.00030113573,-0.00021518998,-0.0006011292,-0.00017487933,-0.00029710002
2018-09-07,0.00023951505,-0.0006176517,-6.0846396e-05,-0.00040456938,-0.0002594256,0.00017632761
2018-09-08,0.00024341966,8.69107e-05,0.00013529773,0.00019321474,0.00012864373,0.00025632206
2018-09-09,-1.0452472e-05,-2.9904177e-07,-1.7480701e-05,-3.8229264e-06,-9.839466e-06,-7.7227e-06
2018-09-10,0.00017598737,0.00029149442,0.00013567656,0.0003768938,0.00013396863,0.00021996442
2018-09-11,0.0003348978,0.0005427016,0.0004572352,0.0005916874,0.00025572022,0.0001699804
2018-09-12,-0.00059857627,5.64422e-05,-0.00046782574,-0.00014497955,-3.432257e-05,-0.0004859701
2018-09-13,-0.0012808264,-0.0004832384,-0.0006505193,-0.0011459098,-0.0006105924,-0.0010629793
2018-09-14,-2.2609596e-05,0.00025115453,2.8580143e-05,0.00035293796,0.00015148375,7.894184e-05
2018-09-15,-8.977221e-05,-4.1873773e-05,-3.4806595e-05,-6.3560496e-05,-4.695601e-05,-7.505069e-05
2018-09-16,1.5314934e-05,1.4504935e-05,8.089769e-06,2.5168414e-05,9.153627e-06,2.6776721e-05
2018-09-17,8.91194e-05,-0.0003159703,-0.00032558106,-0.00013211733,-0.00015188404,-6.7165297e-06
2018-09-18,0.0005740519,0.00082467525,0.0006631836,0.0012678563,0.0007955398,0.00046844973
2018-09-19,-0.00062152004,0.00015273319,-0.0001966191,6.085059e-07,0.00029415483,-0.0006320439
2018-09-20,-0.0005501807,0.0008350603,-4.6249654e-05,0.0006873324,0.0007797183,-0.0002858902
2018-09-21,0.00022252892,0.0005611297,0.00024475882,0.0007755469,0.0005038056,0.00010418806
2018-09-22,-4.4235254e-05,-6.863339e-05,-4.757897e-05,-7.983164e-05,-7.76484e-05,1.2811381e-05
2018-09-23,9.141209e-05,0.00011705599,8.981733e-05,0.00014160112,0.00012128935,4.0261664e-05
2018-09-24,-0.0008229153,-0.0011502544,-0.000533099,-0.0018181581,-0.0011306914,-0.0007177755
2018-09-25,0.00033033764,0.0005276162,0.00038000135,0.0008008907,0.0004564848,0.00043261095
2018-09-26,-0.00043314596,-0.00034704743,-0.0002569148,-0.00062779814,-0.00035977244,-0.0006374156
2018-09-27,0.0001626067,0.00019814678,0.00022117452,0.000116884745,0.00012768935,-5.8032834e-05
2018-09-28,-0.0008489927,-0.0006802232,-0.00071385864,-0.00095442147,-0.0005352907,-0.0006431042
2018-09-29,7.616997e-06,8.065558e-06,3.181696e-07,1.5021537e-05,1.5511116e-05,-1.3722873e-05
2018-09-30,9.199666e-06,1.7476355e-05,6.3864236e-06,1.6342587e-05,1.0912887e-05,1.6733771e-05
2018-10-01,0.0014415237,0.0011183465,0.0012170571,0.001884376,0.00089345727,0.0013582485
2018-10-02,-0.00045177943,-0.00035670458,-0.00045461507,-0.00045854258,-0.00024114578,-0.0005716792
2018-10-03,0.00073833787,7.190117e-05,0.0004805657,0.00037614102,4.7112386e-05,0.0007678443
2018-10-04,-0.0011564494,-0.0020368064,-0.0009765947,-0.003020529,-0.001524446,-0.0010140571
2018-10-05,-0.0001140609,-0.0007269588,-0.00014571307,-0.0009369829,-0.00033159848,-0.00014323834
2018-10-06,-3.4300003e-05,-6.5902175e-05,-4.1327286e-05,-5.909674e-05,-4.742132e-05,-4.254995e-05
2018-10-07,4.432814e-05,6.444616e-05,4.6552024e-05,7.498464e-05,6.2207924e-05,3.2968221e-06
2018-10-08,0.00013934958,-7.680839e-05,0.00028544714,0.00026111817,0.0001460632,0.00045595484
2018-10-09,-0.00026864227,-0.00037918598,-0.00013625759,-0.0005222998,-0.00036844975,-0.0005006737
2018-10-10,0.0018419906,-0.0019753252,0.0019481597,-0.0016136727,-0.00018615655,3.406945e-05
2018-10-11,0.002182633,-0.0010689058,0.0019367882,-0.00037203226,0.0005373237,0.0010959215
2018-10-12,-0.002337567,-0.0005034965,-0.0017913299,-0.0012593219,-0.0010223525,-0.0018649859
2018-10-13,-3.0761716e-05,-1.3652996e-05,-2.579497e-05,-2.3380262e-05,-2.0117728e-05,-2.4089852e-05
2018-10-14,7.7699704e-05,2.88506e-05,6.177046e-05,5.4985394e-05,5.2259184e-05,5.8421745e-05
2018-10-15,-2.5850093e-05,7.1042654e-05,1.5478196e-05,-9.307193e-05,6.90102e-05,-5.1206265e-05
2018-10-16,-0.0035751052,-0.0005099729,-0.0018190244,-0.0015435922,-0.0011115343,-0.0028046968
2018-10-17,0.0006030897,-0.0001677806,0.00025653857,1.2102842e-05,-4.421119e-05,0.00041078895
2018-10-18,0.0017856231,-0.00030030948,0.0009953552,-0.00026572656,-0.00015260333,0.0011350148
2018-10-19,-0.0002365614,-9.201992e-05,-0.0002906242,-0.00024816228,-0.00011119599,-0.0003175875
2018-10-20,-2.6477352e-05,-4.7095165e-07,-2.3213266e-05,-1.6563648e-06,1.6808734e-06,-1.4578025e-05
2018-10-21,8.201321e-06,1.278567e-06,5.855537e-06,1.7003733e-06,-8.2401453e-07,2.2367328e-06
2018-10-22,9.9060715e-05,-0.00017497913,0.000121318735,-0.000203869,-0.00013482891,5.7754223e-06
2018-10-23,0.0023473727,0.0003253062,0.0011051387,0.000721597,0.00031733693,0.0017922928
2018-10-24,0.003316837,7.423785e-05,0.0011389037,3.4576875e-05,-0.000111701615,0.0025913997
2018-10-25,-0.0009637357,-7.44555e-05,-6.1823885e-06,3.9472885e-05,-1.85102e-05,-0.0009013405
2018-10-26,0.0013310709,0.00019946143,4.8550282e-05,0.00013324652,0.000113730785,0.0010205159
2018-10-27,1.4635431e-05,1.7809727e-05,2.35948e-05,2.218264e-05,1.5062617e-05,6.097216e-07
2018-10-28,-1.9174744e-05,-1.1428615e-05,-1.6821326e-05,-1.6209298e-05,-8.991244e-06,-8.727571e-06
2018-10-29,0.0008534941,-0.00014616216,0.00026333964,-0.00015761908,-0.00026479474,0.00053871813
2018-10-30,-0.0008396214,0.00030280647,0.00054449006,0.0005423789,0.00024287496,-0.00074147526
2018-10-31,-0.0017395654,-0.00031085158,-0.00010362338,-0.000439111,-0.00010539669,-0.0014551954
2018-11-01,-0.0024371366,-7.95387e-06,-0.0008521736,-0.00040043963,6.696424e-05,-0.0017127297
2018-11-02,-0.0017030984,-0.0008750208,-0.00085558475,-0.0014378206,-0.00043299308,-0.001499809
2018-11-03,7.850112e-05,6.2113475e-05,2.2075788e-05,0.00010099593,5.8677866e-05,6.6647175e-05
2018-11-04,-0.00011957832,4.037581e-06,-7.010377e-05,-5.222368e-05,3.8817463e-05,-7.099802e-05
2018-11-05,-0.00020858708,0.00017008171,-0.0001340124,4.1219607e-08,5.3416807e-05,-8.519435e-05
2018-11-06,4.7266196e-05,0.00027858643,0.00014936381,0.0003820459,0.00022464611,0.00016231825
2018-11-07,-0.00032500917,0.0008718296,8.64321e-05,0.0010111042,0.0005729394,8.351683e-05
2018-11-08,0.000570353,-0.0005407829,0.000282629,-0.0004590223,-0.000386332,0.0003825805
2018-11-09,-0.00034812925,-0.0007872789,-0.00043533655,-0.0010153955,-0.0006178672,-0.00025110343
2018-11-10,2.6048081e-05,5.7887744e-05,2.9620245e-05,7.798495e-05,5.737759e-05,3.362816e-05
2018-11-11,2.5286903e-05,7.182093e-07,1.4019166e-05,6.4213596e-06,-7.2809225e-06,3.26133e-05
2018-11-12,-0.00043203463,-0.0012038086,-0.00063208677,-0.0015983696,-0.00077775086,-0.00016250632
2018-11-13,0.001122847,0.00014645405,0.000101877915,0.000289422,0.00011720401,0.0009659605
2018-11-14,0.00029896066,9.295071e-05,-0.00013743933,0.00063111883,0.000330216,0.0005790129
2018-11-15,-0.00046455994,-3.0400384e-05,0.00013394761,-0.00045064508,-0.00018485218,-0.00052486773
2018-11-16,-0.0003510364,0.00013139188,-0.00028732227,-3.8554354e-05,2.7637989e-05,-0.0004147827
2018-11-17,5.7197136e-05,1.0678599e-05,3.521541e-05,2.078206e-05,5.446236e-06,4.7313402e-05
2018-11-18,-0.00011084914,-2.067152e-05,-5.7998364e-05,-6.261819e-05,-5.507934e-05,-6.708731e-05
2018-11-19,0.0012571259,-0.00018600446,0.00044564687,0.00038005292,0.0005404873,0.0012314377
2018-11-20,0.0016706174,-0.0009020169,0.00028377326,-0.00046610646,-0.00016359054,0.0017359054
2018-11-21,-0.0015655501,-5.803559e-05,-0.00058546173,-0.00080565945,-0.00043197692,-0.0016384461
2018-11-22,0.00074595923,0.00019783783,0.00024295945,0.0005179543,0.00038919324,0.0006802408
2018-11-23,0.0009918675,-0.00017782468,3.8257917e-06,-0.0001383116,-0.0002063088,0.0009086669
2018-11-24,0.00078200566,0.0003181983,0.00015351137,0.0005681886,0.0004910966,0.00067653926
2018-11-25,-6.4726395e-05,-4.43702e-05,-6.3646553e-06,-5.5177494e-05,-5.390372e-05,-6.8519344e-05
2018-11-26,-0.0008001919,0.00015003195,-0.00038894484,-0.00012621252,7.104627e-05,-0.00092171197
2018-11-27,0.00030505026,0.0002463581,0.00024747272,0.0003843628,9.7989185e-05,0.00037172504
2018-11-28,-0.0019149836,0.00023692388,-0.00035358756,-0.0003107965,-2.4045888e-05,-0.0016328165
2018-11-29,-0.0001292106,7.679335e-05,7.571264e-05,-2.2815162e-05,7.842123e-05,-0.00031273367
2018-11-30,0.0005619857,0.00030127435,0.00020427551,0.00041941763,0.000120356046,0.0005754842
2018-12-01,-0.00025135363,-0.000105195955,-1.660582e-05,-0.000102743244,-2.0100066e-05,-0.00021477084
2018-12-02,3.942731e-05,8.738569e-06,1.5081817e-05,7.192526e-06,-2.301429e-06,2.5524636e-05
2018-12-03,0.00027560664,0.0013306269,0.00028405478,0.0013310028,0.0010379734,-9.74677e-05
2018-12-04,-0.0013302631,-0.0019133157,-0.00092697085,-0.001979894,-0.001105276,-0.00068944716
2018-12-05,0.00017818811,-0.00023988255,-0.00023559731,-0.00032278837,-0.00032907075,0.000232081
2018-12-06,-0.00020830634,-0.0010236765,-0.0005966057,-0.0013556542,-0.001110365,0.00012924183
2018-12-07,-0.00015109862,-0.00014649646,0.00010059547,-6.7134235e-05,0.00013624346,-0.00014287322
2018-12-08,-6.584452e-05,-1.423978e-05,0.0,-3.1056356e-05,-1.0622834e-05,-5.7431917e-05
2018-12-09,-0.0002184391,-8.129645e-05,0.0,-0.00012814545,-3.9544524e-05,-0.00021032798
2018-12-10,0.00055855484,-0.00042715183,0.00020104766,-0.00042798906,-0.00028465,0.00040846207
2018-12-11,0.000115727766,0.00012996307,-0.00015732211,0.00013386851,-0.00012187957,0.00038405223
2018-12-12,-0.0018868163,-0.0005586924,-0.0011162907,-0.0012737432,-0.00086980744,-0.0015497092
2018-12-13,-0.00041901314,3.766522e-05,-0.00046288915,-0.00023650158,-0.00016373378,-0.0004298771
2018-12-14,0.0013695346,4.5156953e-06,0.00049703964,0.00024535245,7.356191e-06,0.001126178
2018-12-15,2.8788494e-05,1.5172411e-05,0.0,1.5372445e-05,4.9676264e-06,2.6309537e-05
2018-12-16,-0.00012424904,-4.6747627e-05,0.0,-6.8927155e-05,-1.380622e-05,-0.00012920523
2018-12-17,0.0007671209,-3.618469e-05,0.0005636348,0.0001637524,0.00020145901,0.0001901375
2018-12-18,0.0008176665,0.00022028737,0.0004935613,0.00063826476,0.0004192268,0.0006303036
2018-12-19,0.0009973738,0.00037360698,0.0001788343,0.00067651656,0.00036609964,0.00090959313
2018-12-20,0.0022733815,0.0005978738,0.0010180194,0.0012716829,0.0008161871,0.0013454575
2018-12-21,0.0019014151,-0.00013552816,0.000491272,0.00050429144,6.9886526e-05,0.0016740095
2018-12-22,5.4292523e-05,5.5572866e-05,1.7568389e-05,9.140534e-05,7.612843e-05,-3.0615716e-05
2018-12-23,6.44894e-05,5.4075103e-05,3.1140028e-06,0.00010732956,8.7204506e-05,-2.200329e-05
2018-12-24,0.0040990785,0.0013793522,0.0011147544,0.00290176,0.0013096199,0.0033477468
2018-12-25,0.00035002702,-0.00010270899,0.00031530377,1.8079307e-06,-2.0957292e-05,0.00044563512
2018-12-26,-0.0046078553,-0.0011663848,-0.00057623547,-0.002857818,-0.0010273262,-0.004321944
2018-12-27,2.5456622e-05,0.00041197622,0.00022236328,0.00032164907,0.00014102942,0.00059338164
2018-12-28,0.00020251985,0.00033026314,0.000100045065,0.0008955434,0.00057942263,-0.00027737112
2018-12-29,-4.588338e-05,-4.628308e-05,-2.2114627e-05,-6.770416e-05,-5.690933e-05,3.3626256e-05
2018-12-30,2.3713214e-05,1.8458393e-05,-1.8720388e-06,3.43403e-05,2.3402568e-05,-1.3146415e-05
2018-12-31,-0.000101203674,4.2179225e-05,0.00018911238,0.0003300168,0.00027551543,-1.6015216e-05
2019-01-01,-6.0592472e-05,-0.0003369991,9.639315e-05,-0.000352689,-5.0331466e-05,-0.00020044851
2019-01-02,0.00083014934,0.0006101583,0.00021714997,0.0010350578,0.00047976896,0.00066595053
2019-01-03,0.0029553317,0.0011509113,0.0007295206,0.0023791916,0.0012806416,0.002902616
2019-01-04,-0.004559469,-0.0022081456,-0.0015148575,-0.0027166067,-0.0009679925,-0.004653729
2019-01-05,4.4611684e-06,9.067163e-06,-2.6492532e-06,-6.6632595e-07,2.4880324e-06,-7.765872e-06
2019-01-06,0.00011481317,8.831251e-05,1.9298937e-05,0.00023330815,0.00012351455,2.3778332e-05
2019-01-07,-0.0017720083,-0.0006665807,-0.0005108753,-0.0013251967,-0.0006385804,-0.0018978711
2019-01-08,-0.0004805231,-0.00019434061,-4.1222556e-05,-8.912794e-05,9.38797e-05,-0.0006747947
2019-01-09,0.000109814966,0.00039913226,0.0003747127,0.00089411344,0.0008388727,-0.00025506952
2019-01-10,-0.00042047456,-0.0004008473,-0.00020029207,-0.0010030651,-0.0005316854,-0.00051158166
2019-01-11,-0.00032292475,-6.699673e-05,-0.00033236505,-7.241386e-05,-6.000623e-05,-0.00012866627
2019-01-12,-5.8620357e-05,-4.071258e-05,-2.1941069e-06,-9.620166e-05,-4.5924946e-05,-5.790894e-05
2019-01-13,0.000107996115,6.67123e-05,0.000114008915,3.2726435e-05,3.022939e-05,-7.8815065e-06
2019-01-14,-0.00096846937,-0.0005965157,-0.00063996605,-0.0010056744,-0.0007173704,-0.00033931015
2019-01-15,0.00047811805,0.00045043768,0.00034437818,0.00088469323,0.0004857107,-5.7892725e-05
2019-01-16,0.0003189178,0.0003436335,0.00020742108,0.0008348648,0.00047593215,-3.9861312e-05
2019-01-17,0.00039601745,0.00030459138,0.00027345453,0.0007600733,0.00029963718,0.00018335013
2019-01-18,0.000880397,0.00075786334,0.000857663,0.0018887591,0.0009949814,-7.142918e-05
2019-01-19,-9.339658e-05,-5.7143207e-05,-8.497252e-05,-4.635644e-05,-3.3187567e-05,-4.1742525e-05
2019-01-20,0.000106237734,5.4548465e-05,0.0001100008,3.1531e-05,2.2654494e-05,2.2301785e-05
2019-01-21,-0.00013583223,3.212329e-05,-8.603908e-05,-8.757312e-05,-3.992743e-05,-5.494463e-05
2019-01-22,-0.0013859929,-0.0012105468,-0.0010477635,-0.0026273213,-0.0012007597,-0.00060652994
2019-01-23,0.00022760995,0.0002958917,0.0001704283,0.00057705736,0.00022135892,0.0002673917
2019-01-24,0.00050927105,0.00042808356,0.00037907198,0.0010263359,0.00055099116,0.00028261976
2019-01-25,0.0012635649,0.0011224234,0.00096665503,0.0024432566,0.0010688818,0.0006934902
2019-01-26,6.804045e-05,5.306024e-05,4.1065592e-05,4.6947527e-05,2.5423855e-05,7.221908e-05
2019-01-27,7.213883e-05,4.626411e-05,7.950164e-05,1.7977223e-06,4.6950195e-06,4.470101e-05
2019-01-28,-0.00069088826,-0.00065346854,-0.0005075023,-0.001732719,-0.0008130363,-0.00040080532
2019-01-29,0.00014225185,0.00024391495,5.412598e-05,0.00037748093,0.00013831475,0.00021471542
2019-01-30,0.0009569731,0.0010537723,0.00053500524,0.00230105,0.0010301102,0.00072214374
2019-01-31,0.00096848886,0.0006624718,0.00046712495,0.0014375498,0.0006749438,0.00069844193
2019-02-01,-0.0003715731,-0.0003027004,-9.279058e-05,-0.00046822696,-0.00031674237,-0.00048098827
2019-02-02,-5.8199978e-05,-2.6347716e-05,-6.616893e-05,-1.203586e-05,-3.5562537e-06,-3.068323e-05
2019-02-03,0.00010059506,4.9984737e-05,9.35678e-05,1.8384319e-05,-3.0850736e-06,5.3881446e-05
2019-02-04,7.3909054e-05,0.00022994331,-3.0690902e-05,0.00050470006,0.00014063514,-5.115643e-06
2019-02-05,0.001043081,0.0010332342,0.0006210536,0.0020888632,0.00096346275,0.00088980753
2019-02-06,-0.00033045726,-0.0004104298,-3.0085379e-05,-0.00092993915,-0.00045314612,-0.00043415683
2019-02-07,-0.001981982,-0.0012789614,-0.001441589,-0.0031605433,-0.0017014601,-0.0012686586
2019-02-08,-0.00093687535,-0.00043151097,-0.0008567034,-0.0006493611,-0.00030571228,-0.0007606099
2019-02-09,3.0972413e-05,3.364597e-05,1.4692739e-05,5.0335548e-05,2.8101635e-05,3.40206e-05
2019-02-10,4.703452e-05,5.2439962e-05,2.319635e-05,8.202261e-05,4.9159593e-05,2.6543545e-05
2019-02-11,0.00011014081,-0.000110572764,0.00014400801,-3.7042304e-05,-0.00012366312,-0.00017218651
2019-02-12,0.00047473222,0.00076231535,0.00028981056,0.0013268656,0.0006681844,0.00045528024
2019-02-13,0.0002995925,0.00023599005,0.0002510802,0.00040758422,0.00020072055,0.00013030616
2019-02-14,0.0002745502,0.00014536153,0.00014511279,0.00032760514,0.00023537103,0.0001461896
2019-02-15,0.00044414873,0.00075997773,-0.00010600146,0.0013002225,0.00055567344,0.00056068593
2019-02-16,4.0070117e-06,5.7841276e-06,1.5268906e-06,6.396705e-06,2.689738e-06,1.0335928e-06
2019-02-17,4.1479707e-05,5.5985765e-05,3.8796392e-05,0.000102826074,6.796957e-05,-4.91349e-06
2019-02-18,0.0004550363,0.00053277507,0.000313316,0.0009552421,0.00048747042,0.00051257137
2019-02-19,0.0002841771,0.00045294806,-0.00014474128,0.00070221344,0.00032722455,0.00044671135
2019-02-20,0.0007556706,0.00082403223,0.00038446827,0.0015073137,0.00072144094,0.0009683336
2019-02-21,-0.00136069,-0.001021418,-0.00064584776,-0.0019120234,-0.0010118566,-0.0012832878
2019-02-22,0.001106622,0.0011620966,0.00020791359,0.0021100773,0.0010393343,0.0011991014
2019-02-23,0.00020268922,0.0001939863,0.00018117543,0.00035744155,0.00017331328,0.00013248506
2019-02-24,-0.0007031323,-0.0006660567,-0.0005760567,-0.001228914,-0.0005924471,-0.0005632816
2019-02-25,0.0006455506,0.00037017098,0.00043278755,0.0009609863,0.0004901638,0.0005686641
2019-02-26,0.00012413217,7.6428216e-05,2.3987657e-05,6.73059e-05,0.00010131973,0.0001431318
2019-02-27,-0.00042206267,-0.00043236063,-4.8039852e-05,-0.00074898096,-0.00036574836,-0.0004788804
2019-02-28,-0.0002335241,-0.00041352346,0.00014198248,-0.00076144666,-0.00034727057,-0.00038818805
2019-03-01,0.0002465821,0.00018627982,-0.00012060251,0.00042186625,0.00017092869,-9.4989e-05
2019-03-02,3.303219e-05,2.5088919e-05,5.1262373e-06,3.5122e-05,1.796362e-05,4.3027176e-05
2019-03-03,-1.1773763e-05,-1.8012994e-05,7.621911e-06,-3.1887354e-05,-1.4204292e-05,-3.4119155e-05
2019-03-04,-0.0002397348,-0.00010981389,-0.00015632386,-0.00029300785,-0.00013940792,-0.0002795942
2019-03-05,-0.0001923696,8.983825e-05,-0.0002832061,0.00012107467,2.3198061e-05,-4.457805e-05
2019-03-06,-9.2752576e-05,-0.00018732059,-3.5569374e-06,-0.00048249974,-0.00026824253,-0.00027877683
2019-03-07,0.00015480073,-0.0003134508,0.0004481537,-0.00027066184,-9.832596e-05,-0.00028297116
2019-03-08,-0.0011394062,-0.0008672851,-0.0003827505,-0.0014688226,-0.0008310157,-0.0010556699
2019-03-09,-1.2857335e-05,1.6925153e-05,-3.7086007e-05,4.850696e-05,1.1509938e-05,3.2030028e-05
2019-03-10,4.787434e-05,4.0232208e-05,5.8734997e-05,6.3096966e-05,3.8571154e-05,-1.5357504e-05
2019-03-11,-0.00021702312,0.00065578753,-0.00025324972,0.00033634788,-4.8946797e-05,0.00071188784
2019-03-12,-0.0002612896,0.00019770121,-0.00047784584,0.00049009797,0.0002539557,0.00028341258
2019-03-13,-0.00039029465,9.807643e-05,-0.0003785042,-0.000106277614,-2.4902374e-05,9.049499e-06
2019-03-14,2.8118095e-05,-0.00010863675,-2.4112134e-05,-0.0001386638,-0.000109558496,1.4560894e-05
2019-03-15,0.00029602877,0.00075250183,-0.00014743205,0.0013710306,0.00089033425,0.0009953616
2019-03-16,0.00013168865,0.00015100525,5.900236e-05,0.00019403062,0.00011571283,0.00014946709
2019-03-17,-7.112786e-05,-7.4091025e-05,-4.6683945e-05,-0.0001072334,-6.298068e-05,-7.350922e-05
2019-03-18,0.0002961884,0.0005118365,-0.00016090303,0.00074674835,0.00041440802,0.0006586836
2019-03-19,-0.0001528523,5.53573e-05,-0.000102311096,4.9258193e-05,5.2024945e-05,-0.0001697029
2019-03-20,0.00017663493,0.00019063406,0.0002165049,0.0004739631,0.00032409406,-0.00018249049
2019-03-21,0.00024871566,0.00027127215,-1.0853396e-05,0.0002409764,0.00024621395,0.00019517595
2019-03-22,-0.0018958648,-0.0017600115,0.000100624726,-0.0025909485,-0.0017669448,-0.002391326
2019-03-23,7.460638e-05,9.415207e-05,3.629859e-05,0.00016982638,9.460077e-05,8.028471e-05
2019-03-24,-3.088274e-05,-2.2460135e-05,-3.629991e-05,-3.6741396e-05,-3.420822e-05,7.3134775e-06
2019-03-25,-0.0004300478,-0.00026430722,-7.99003e-05,-0.0005411077,-0.00044825018,-0.00039339665
2019-03-26,0.0002635893,0.00034932347,-0.00019350457,0.0004855831,0.00024023323,0.0005955432
2019-03-27,-0.0003122529,-0.00016979771,-0.00018178744,-0.00045173615,-0.00028759593,-0.00025004894
2019-03-28,-0.0007267009,-0.00032140015,-0.0006816059,-0.0007619578,-0.00050975505,-0.00044819064
2019-03-29,-0.00013362736,0.00028185287,-0.00050220254,0.00029843833,9.676335e-05,0.0004263918
2019-03-30,-2.4481611e-05,-1.9578525e-05,-2.7980437e-05,-3.3210505e-05,-2.2204222e-05,-1.9762932e-05
2019-03-31,3.0818414e-05,3.3891218e-05,1.7346329e-05,3.2969398e-05,2.3190452e-05,4.5364366e-05
2019-04-01,-0.00021533668,0.00065014855,-0.00055297825,0.0005223717,0.00020537223,0.00069912453
2019-04-02,0.0011408356,0.0015011203,0.00026247496,0.0022315902,0.001189055,0.0014703138
2019-04-03,0.00038308735,0.00050779263,2.1735914e-05,0.00073701935,0.00041501047,0.00060477946
2019-04-04,0.00010800803,0.0002432247,6.5307026e-06,0.00038744922,0.00022208628,6.705867e-05
2019-04-05,0.0014169959,0.0011864824,0.00054292136,0.0020735736,0.0012400632,0.0013183209
2019-04-06,-2.9561912e-05,-2.4631165e-05,-1.6563446e-05,-4.861696e-05,-2.4277428e-05,-2.5520498e-05
2019-04-07,0.0004135269,0.0003852373,8.388335e-05,0.00065568933,0.000361394,0.00041007914
2019-04-08,-0.00022724972,-0.0002045701,-6.145413e-05,-0.0002881882,-6.436587e-05,-0.00029859997
2019-04-09,-0.0012733234,-0.0009806292,-0.00033016098,-0.0019011399,-0.0010604579,-0.0012482703
2019-04-10,0.00094596355,0.00086276856,0.000121992496,0.001522271,0.0008236974,0.00085345295
2019-04-11,-0.0011776162,-0.0012045734,-0.00014921544,-0.0022876246,-0.0012478242,-0.0011439137
2019-04-12,0.0012899505,0.0010889468,0.00031320803,0.002034826,0.0011582732,0.001225233
2019-04-13,-5.7108455e-06,4.0624677e-06,3.4282737e-06,5.973611e-07,-7.6873275e-06,1.7315844e-05
2019-04-14,7.018912e-05,9.5136806e-05,-2.7820472e-06,0.00015306655,7.073652e-05,0.00011370802
2019-04-15,-0.00023012114,-0.00017510419,-0.000107073276,-0.00020737942,-0.00015432942,-0.00024224244
2019-04-16,0.0007646912,0.0006562237,0.00026277464,0.0010559098,0.0005680251,0.0006988385
2019-04-17,0.0007527448,0.00038079126,0.000567942,0.00081143127,0.00045073935,0.0005365606
2019-04-18,0.00018625906,0.00022223305,-0.00019945168,0.00044815795,0.00018528663,0.00036894064
2019-04-19,0.00014577394,0.000114869064,2.5623167e-05,9.2400885e-05,5.014808e-05,0.00014289896
2019-04-20,9.045156e-06,-3.298917e-06,-1.4697175e-06,-1.3193109e-05,-7.1112777e-06,-2.1019518e-06
2019-04-21,-8.14636e-05,-0.00012044467,1.7704355e-05,-0.0002145845,-9.988787e-05,-0.0001871495
2019-04-22,2.6461328e-05,-0.00015343583,0.00012189859,-0.00020029917,-5.3269203e-05,-0.00014771758
2019-04-23,0.0010224476,0.00081511127,0.00027131566,0.0013679492,0.0006738075,0.0011955624
2019-04-24,-0.0004087369,-0.00040404117,5.071915e-06,-0.00084002037,-0.00035551458,-0.00041374587
2019-04-25,-0.0009823963,-0.0008562124,-0.0003060105,-0.0016191987,-0.00077234034,-0.0009938029
2019-04-26,-0.0002198716,0.00018654003,-0.0002930454,0.0001868533,3.54356e-05,0.000111020556
2019-04-27,-3.0068908e-05,-1.6196682e-05,-1.2340415e-05,-3.5957408e-05,-2.1662303e-05,-1.2621803e-05
2019-04-28,3.90834e-05,7.752856e-06,1.1563773e-05,1.847777e-05,1.097434e-05,-2.6722823e-06
2019-04-29,6.6853e-05,0.000115017894,-0.00011395615,-0.00012214664,-0.00015718787,-8.875455e-05
2019-04-30,-0.00052070396,-0.00010818679,-0.00044957086,-0.0002188659,-0.00013914968,-7.36542e-05
2019-05-01,-0.00048598633,-0.00064019783,0.00025220768,-0.0013816938,-0.00058836385,-0.0008266045
2019-05-02,-0.00019810718,-0.00041520462,0.0003002608,-0.00072476774,-0.0003015952,-0.00053438
2019-05-03,0.0007652746,0.0011746023,-0.00010177059,0.0020283135,0.0009896822,0.0014043836
2019-05-04,2.6907213e-05,-2.5659054e-05,2.825135e-05,-3.821499e-05,-2.8491217e-05,-2.5913418e-05
2019-05-05,6.9962375e-06,-1.1709752e-05,5.6074327e-06,-1.7288896e-05,-1.39644435e-05,-1.684972e-05
2019-05-06,1.2312855e-05,-0.0009836277,0.0006895293,-0.0013895357,-0.0003760286,-0.00080765935
2019-05-07,-0.0011302651,-0.0015978379,-2.9887604e-05,-0.0024702603,-0.0010021293,-0.002063022
2019-05-08,6.048234e-05,-9.1593814e-05,-4.3082808e-05,-4.0724415e-05,-3.8481925e-05,5.1437597e-05
2019-05-09,0.0014108163,1.3886164e-05,0.00095156464,0.0007088748,0.0007528176,0.0003218042
2019-05-10,-0.0005801243,0.00010285043,-0.00058791507,-8.823654e-05,-0.00017601499,7.0635695e-05
2019-05-11,-9.067284e-05,0.00020120859,-0.00019211373,0.00032597722,0.00025236316,0.00016370972
2019-05-12,-0.00018689349,-0.00021745641,-0.000108003245,-0.00028480717,-0.0001992429,-0.00018227035
2019-05-13,0.002947974,0.00018133146,0.0021803714,0.001552797,0.0016302011,-2.2301952e-06
2019-05-14,-0.0009772828,0.000104513594,-0.00046719148,-2.4002857e-05,-0.00010541504,-0.0002146571
2019-05-15,-0.00024776478,0.0006971317,-0.00019907419,0.0005301355,0.00035762912,0.00034745832
2019-05-16,-0.00095974165,-9.260274e-05,-0.0008195446,-0.00047448577,-0.0002178942,-5.498221e-05
2019-05-17,0.00091777596,-0.0002960276,0.00085988746,-6.831306e-05,-7.2114766e-05,0.0005302662
2019-05-18,-2.2266639e-05,-2.3307508e-05,9.403151e-07,-4.581406e-05,-3.4538978e-05,3.280542e-06
2019-05-19,0.0007341223,0.0006841489,0.00013046936,0.0010897552,0.00060394447,0.0006034239
2019-05-20,-0.00023765807,-0.0003946407,9.747226e-05,-0.00029797995,-0.00018341807,-0.0006049615
2019-05-21,-0.0010287435,-0.000116324205,-0.00091250567,-0.00031305198,-0.00012834466,-0.0004745864
2019-05-22,0.00039077862,-0.00016011162,0.0005571574,-0.00019862776,-0.00017473062,0.0001463139
2019-05-23,0.0023509953,0.00046547732,0.0017033422,0.0007856471,0.0003705779,0.0009804403
2019-05-24,-0.00062089454,0.00011277061,-0.0005745443,0.0002491434,0.00018803918,-0.0003806736
2019-05-25,-3.374227e-05,-3.1452924e-05,4.1206044e-06,-7.037648e-05,-2.3952723e-05,-2.9688856e-05
2019-05-26,0.00029633188,0.00030461178,1.694505e-05,0.00048749312,0.0002554574,0.000340787
2019-05-27,-0.00047897577,0.000113256465,-0.00029581483,-0.00022772893,-0.00017215483,-0.0003889672
2019-05-28,0.00090108707,0.00023693591,0.0007516001,0.0005639773,0.00028856492,0.0005959
2019-05-29,0.000555505,-0.000120800396,0.0006272105,-0.00037364668,-0.00018491985,5.5521727e-05
2019-05-30,0.00036283332,0.00034062783,0.00051441335,0.00070982706,0.0004089776,0.00030222652
2019-05-31,0.0032051825,0.0012517243,0.0022991307,0.002067338,0.001165582,0.0026038005
2019-06-01,3.4429493e-05,2.5771245e-05,8.9233447e-07,4.146263e-05,8.999815e-06,-1.8503506e-06
2019-06-02,0.00021943927,0.00020582668,1.07024125e-05,0.00036478997,0.00018633473,0.00024647394
2019-06-03,-9.179476e-05,-0.00023591865,0.0001739715,-1.5274201e-05,4.2705313e-05,-0.0004900689
2019-06-04,-0.0034525685,-0.0012439899,-0.0019538845,-0.0021845757,-0.00093227683,-0.0034108774
2019-06-05,-0.00096419663,-0.00023945261,-0.0005804798,-0.0009320764,-0.00049369445,-0.00061502453
2019-06-06,-7.008075e-05,0.0003203187,0.00013698499,0.0005701066,0.00041750865,5.107995e-05
2019-06-07,-0.00010141522,0.00069022476,-7.3475596e-05,0.0013588737,0.0007998215,0.00045009592
2019-06-08,-2.2963588e-05,-3.9581566e-05,1.6922784e-06,-4.898087e-05,-2.6495572e-05,-4.8577214e-05
2019-06-09,-9.8716315e-05,-0.00017443032,1.1556531e-05,-0.00026970878,-0.0001301654,-0.00026094762
2019-06-10,-0.0014102943,-0.00036221204,-0.000879966,-0.0010994559,-0.0004326077,-0.0009068264
2019-06-11,-8.465488e-05,0.00036527,-0.00018456386,0.0005830764,0.0002768288,0.0004745174
2019-06-12,0.00015734811,0.00013371345,-0.00018241987,-0.0001126856,-0.00015874102,0.00020677142
2019-06-13,0.00039491564,0.0006223717,0.0002926373,0.001074068,0.00049097865,0.0008002364
2019-06-14,-0.00049602805,-0.00057101954,-0.00052321795,-0.00095891673,-0.0005431885,-0.000115940195
2019-06-15,5.700821e-05,7.977166e-05,-6.063739e-06,9.955014e-05,5.363661e-05,9.890659e-05
2019-06-16,1.22293695e-05,3.1409403e-05,-1.0730007e-06,3.2936146e-05,2.2855229e-05,4.7046033e-05
2019-06-17,8.732232e-05,0.00023298152,-7.8105884e-05,0.00013553866,5.093803e-05,0.00032539776
2019-06-18,0.0014795834,0.0015226741,0.0013484296,0.0029783496,0.0012720374,0.0012765703
2019-06-19,0.00060741504,0.00087127264,0.00060215796,0.0013724616,0.0006032204,0.00040967955
2019-06-20,0.0025232378,0.0020634343,0.0017911039,0.004124453,0.0019865693,0.002415436
2019-06-21,-0.00041836523,-0.00049214065,-0.00053861836,-0.0014977979,-0.0007024938,-0.00029969224
2019-06-22,0.00026644874,0.00030333368,2.212181e-05,0.00037831557,0.00019931736,0.0003513453
2019-06-23,-2.7251328e-05,-2.6043392e-05,1.8654353e-06,-3.4278815e-05,-1.981617e-05,-2.9065326e-05
2019-06-24,2.821839e-05,0.00016469481,-0.00026116884,0.00037001228,0.00022602033,0.00012983331
2019-06-25,-0.0013910799,-0.0012181943,-0.0013233016,-0.0023821434,-0.0009858853,-0.001114511
2019-06-26,-0.0007934829,-0.0005292074,-0.0001263173,-0.00078782794,-0.0004953521,-0.00086861313
2019-06-27,-0.00024498964,-0.00010251373,0.00052026537,3.9887866e-05,-1.4750869e-05,-0.00067694037
2019-06-28,0.00075153727,0.00070685294,0.00044825525,0.0012219608,0.00051197456,0.0005542577
2019-06-29,2.7762013e-05,6.812432e-05,-1.7153694e-05,0.00010804243,2.713748e-05,9.2214636e-05
2019-06-30,-0.00023639857,-0.00032828382,5.3680866e-05,-0.0004677096,-0.00021738722,-0.0003780272
2019-07-01,0.00016602411,0.00035289302,0.0006757071,0.00072601216,0.00018216515,-0.00018250043
2019-07-02,3.140485e-05,0.00039012445,-0.00027088416,0.00017667879,-8.721136e-05,0.0005298644
2019-07-03,0.0014753455,0.0013248327,0.00082101446,0.0025085227,0.0010023158,0.0017267563
2019-07-04,0.00053828553,0.00017459308,0.00042922588,0.0005244296,0.00029548685,0.00019980216
2019-07-05,-0.0017589781,-0.001290708,-0.0009879838,-0.0024808366,-0.001230057,-0.0017471556
2019-07-06,-0.00011940575,-7.1893184e-05,-2.0772888e-05,-9.5539195e-05,-5.0894952e-05,-9.4134055e-05
2019-07-07,-0.000113866576,2.430809e-06,-5.6260807e-05,-4.700606e-06,5.57967e-06,2.5817762e-05
2019-07-08,-0.001760465,-0.0011493511,-0.0011689381,-0.0023330087,-0.0010649376,-0.0014045718
2019-07-09,-0.0005863243,-0.00040947282,-0.00032120233,-0.000853999,-0.00041958533,-0.0006595338
2019-07-10,0.00076990476,0.0008536041,0.00036597849,0.001452128,0.0005490092,0.0007059404
2019-07-11,-0.00011931611,-0.00029583246,-1.9020974e-05,-0.00053835957,-0.00037703337,-0.00018298955
2019-07-12,7.963813e-05,0.0004060474,-9.639311e-06,0.0007926839,0.00034990368,0.00022230159
2019-07-13,0.00010657482,2.2067828e-05,8.128308e-05,3.5232824e-05,6.6076195e-06,3.8339575e-05
2019-07-14,0.0004894857,0.00014033604,0.00035507762,0.00020836703,6.0902574e-05,0.00020332962
2019-07-15,-0.0004489082,-0.00028350967,-0.00030498745,-0.00051417906,-0.0004315295,-0.0001695704
2019-07-16,6.229645e-05,-0.00043179074,5.8758615e-05,-0.0007011722,-0.00039652135,-0.00013021065
2019-07-17,-0.00087492313,-0.0006800377,-0.0005345556,-0.0012237325,-0.00051993784,-0.0005726652
2019-07-18,0.000111968926,0.00029839916,2.878971e-05,0.0004268913,0.00028236557,0.00040815285
2019-07-19,-0.00086799485,-0.0008287793,-8.4039835e-05,-0.0012741796,-0.00050417753,-0.0011933135
2019-07-20,-0.00018900233,-6.6990506e-05,-7.608714e-05,-6.816774e-05,-1.4493682e-05,-9.80769e-05
2019-07-21,4.352582e-05,4.4325957e-06,2.1451286e-05,1.0930265e-05,-4.3742293e-06,1.8322791e-05
2019-07-22,0.00047267118,0.0003285252,0.00020747952,0.0005627061,0.00014838736,0.00038664314
2019-07-23,0.00045408896,0.00061461475,5.312302e-05,0.00081090303,0.00018238765,0.00073608034
2019-07-24,0.00026014855,0.00042955467,6.5138636e-05,0.0005931622,0.0002176796,0.00048941147
2019-07-25,-0.0010171612,-0.0010374943,-0.00023978326,-0.0017968185,-0.0008242519,-0.0015861078
2019-07-26,-2.3010265e-05,0.000443686,6.122819e-07,0.00030717877,0.00011546774,0.00020200931
2019-07-27,0.00017332009,2.6675078e-05,9.975347e-05,4.4334633e-05,-5.14895e-06,8.046206e-05
2019-07-28,-2.7523074e-05,-7.5936027e-06,-1.8064151e-05,-7.251727e-06,-2.023741e-06,-2.15243e-05
2019-07-29,1.5132243e-05,8.427129e-06,2.0227015e-05,-9.9474e-05,-0.00015863079,0.0002448977
2019-07-30,-5.7365298e-05,-0.00035466463,3.3579567e-05,-0.00054543413,-0.0003820184,-0.0002133685
2019-07-31,-0.00022116934,-0.00091300905,0.0005726088,-0.0010431322,-0.00038995536,-0.0007853826
2019-08-01,0.00059264054,-0.00025646613,0.0006582254,0.00016614213,0.00018555608,7.3317795e-05
2019-08-02,0.0014455605,-0.00014358782,0.0011713977,0.00062549027,0.0005986494,0.00010321744
2019-08-03,-9.69505e-06,1.88472e-05,-8.367267e-07,8.384266e-06,1.1681203e-05,-1.7675842e-05
2019-08-04,-1.0908267e-05,2.3633054e-06,7.106768e-07,-2.0973664e-06,2.645516e-06,-4.342627e-06
2019-08-05,0.0041388897,0.00033330594,0.0027152486,0.0022026002,0.0022393763,0.0004142964
2019-08-06,0.0005300741,0.00035465823,0.0005012181,0.000878392,0.0004891087,0.0005516513
2019-08-07,-0.000122578,0.00048584043,0.00015920639,5.4735978e-05,6.8348745e-05,4.6609537e-05
2019-08-08,-0.0021143034,-0.000507951,-0.0011813415,-0.0008286916,-0.00046022775,-0.0012954549
2019-08-09,6.6012326e-05,-0.00016594298,-8.6855296e-05,-0.00056634005,-0.00036213832,9.2965885e-05
2019-08-10,-0.00012931743,-8.3872794e-05,-5.7942074e-05,-0.00015223991,-4.7642545e-05,-0.00010568354
2019-08-11,-8.702406e-05,-2.2380786e-05,-2.8895318e-05,-5.5144596e-05,-2.1475205e-05,-0.00014253065
2019-08-12,0.003013625,0.0006830716,0.0013988999,0.002205203,0.00085420744,0.002098592
2019-08-13,-0.0019895877,-0.00088289083,-0.0016484899,-0.0009167297,-0.00034436196,-0.0015064583
2019-08-14,0.002521544,0.00036567316,0.0020298625,-0.0005228902,-0.00072421605,0.001407621
2019-08-15,0.0018797773,0.00083039625,0.00094470877,0.0022224912,0.0012237654,0.0016310829
2019-08-16,-0.0023364567,-0.0007194864,-0.0012370916,-0.00084427686,-0.00031942214,-0.0018958012
2019-08-17,3.0624364e-05,1.380093e-05,2.567592e-05,3.0728246e-05,1.6732725e-05,2.7548169e-05
2019-08-18,-0.0002728532,-0.000120831675,-0.00013235181,-0.00020231343,-6.765693e-05,-0.0002568132
2019-08-19,-0.002507004,-0.00094154757,-0.0012757516,-0.0015716626,-0.00070671237,-0.002092851
2019-08-20,0.00096192135,0.00030973068,0.0003638903,0.0009228966,0.00035589756,0.0006968956
2019-08-21,-0.0011002816,-0.0003108698,-0.00077142083,-0.00037143138,-9.5597075e-05,-0.0006659112
2019-08-22,-0.00039573995,-0.00024693497,3.4739776e-05,-0.0008451846,-0.000380378,-0.0005509581
2019-08-23,0.0014159203,6.157515e-05,0.0007113422,0.00014294611,-0.00015144974,0.0008665052
2019-08-24,6.365437e-05,1.072568e-05,3.9440976e-05,1.9665005e-05,-4.179192e-06,6.193976e-05
2019-08-25,2.491793e-05,9.359e-06,1.6802349e-05,2.1430655e-05,1.990815e-05,1.6329559e-05
2019-08-26,0.0006562794,0.0004278291,-0.00018712711,0.00083270326,0.00033023587,0.00094694446
2019-08-27,-0.00012083603,0.00021460476,-6.507203e-05,0.00038725027,0.00021540266,-0.00020487294
2019-08-28,-5.9815255e-05,-4.9552098e-05,-0.0003161404,0.00035011105,0.00024231299,7.550958e-05
2019-08-29,-0.00057358615,-2.6420816e-05,-0.00062185805,0.00024488202,0.00019972525,-0.000195637
2019-08-30,-0.0002731741,7.34882e-05,-0.00011339201,9.802459e-05,4.1689484e-05,-7.132613e-06
2019-08-31,-1.2834155e-05,-4.196457e-06,-1.3352724e-07,-8.607441e-06,6.744686e-07,-1.2353741e-05
2019-09-01,-5.1685125e-05,-2.5058693e-05,-1.0973868e-05,-2.8104805e-05,-1.6316824e-05,-4.9139555e-05
2019-09-02,0.00014010705,1.9228184e-05,0.00010918505,0.00016629852,7.368589e-05,0.00018379132
2019-09-03,0.00094086915,0.0004390037,0.0003637559,0.0006381781,0.00013897831,0.0010889469
2019-09-04,-0.0006007796,0.0004248792,-0.00029521462,0.0005176017,0.0005545373,-0.0007665196
2019-09-05,-0.0016849333,-0.00067647,-0.00042557553,-0.0016805822,-0.0007607379,-0.002051274
2019-09-06,-2.2466465e-05,0.00021857045,0.00017441108,0.0001870798,0.00020400372,-0.00026669214
2019-09-07,-0.0002010801,-8.038509e-05,-6.925735e-05,-4.7354715e-05,6.8037343e-06,-0.00020482334
2019-09-08,-7.18971e-05,-3.2019914e-05,-2.2855109e-05,-2.3790226e-05,3.1788744e-07,-6.614188e-05
2019-09-09,-0.0004178252,-0.0003135583,9.157683e-05,-0.00051476056,-9.4580006e-05,-0.000834049
2019-09-10,-0.00027285362,-0.00033334174,5.3524385e-05,-0.00036688306,7.122326e-05,-0.00080039055
2019-09-11,0.00088214566,0.0006878429,0.0007687085,0.0010136187,0.0005029769,0.0004738324
2019-09-12,0.0005631644,0.00042548103,0.00050852756,0.0009618001,0.0005398401,2.9387931e-05
2019-09-13,0.00034441045,9.355376e-05,0.00053931284,0.000399065,0.00025020266,-0.00053304876
2019-09-14,-4.7861035e-05,-1.3687263e-05,-6.4316814e-06,3.3918016e-06,1.9064299e-05,-7.3596566e-05
2019-09-15,-1.7814631e-05,-1.1445013e-05,-1.7462527e-05,-2.2647453e-05,-8.918111e-06,-1.3135287e-05
2019-09-16,-0.00028853174,5.6923804e-05,-0.00019708408,2.7387227e-05,0.00030849013,-0.00043353112
2019-09-17,-0.0005032952,-0.00022798215,-0.00054174394,-0.00026582842,-0.00023878583,-6.8961366e-05
2019-09-18,-0.00026014814,-0.00024525294,-7.5405e-05,-0.0004852905,-7.038135e-05,-0.0005569708
2019-09-19,0.00026324598,0.0002874881,6.396243e-05,0.00056296005,0.00023848467,0.00053775415
2019-09-20,-0.00085649476,-0.00029115292,-0.0008201185,-0.00055427995,-0.00035288237,-0.00021796096
2019-09-21,-4.5586847e-05,-3.3962893e-05,-3.701606e-05,-7.5241864e-05,-4.2865642e-05,-2.7389293e-05
2019-09-22,-0.00012452074,-9.140959e-05,-4.51608e-05,-0.00017362104,-0.000108556604,-5.3775377e-05
2019-09-23,-0.0010479339,-0.00052462204,-0.00073774863,-0.0013791937,-0.00058812817,-0.0003478237
2019-09-24,-0.0008359988,-0.0006081324,-0.00027878882,-0.0015195581,-0.0005903936,-0.00037017377
2019-09-25,-0.00073287345,-0.0006670341,-0.00041781092,-0.0013074233,-0.0007144047,-0.00087777333
2019-09-26,0.000522816,0.00036868636,0.00019056746,0.0006725419,0.00028253827,0.00068445597
2019-09-27,-0.0006919487,-0.0005581712,-0.0002756519,-0.0010621186,-0.00054415443,-0.0008095604
2019-09-28,1.13881615e-05,1.4767984e-05,4.3492505e-06,1.9567728e-06,4.696893e-06,9.31571e-06
2019-09-29,0.0001549904,0.00010179818,6.342964e-05,0.00014652588,6.867804e-05,0.00013220315
2019-09-30,0.000113189,9.663861e-05,0.0001626931,0.0002660748,6.302757e-05,-0.00013776196
2019-10-01,-0.00049904274,-0.00085786625,3.3909844e-05,-0.001137283,-0.00029059144,-0.00067748403
2019-10-02,-0.00085209997,-0.0014617337,-0.00018272971,-0.002102535,-0.0005419246,-0.0011076963
2019-10-03,-0.0011144233,-0.00012837481,-0.0008302925,-0.0010362475,-0.00071770285,-0.0006283618
2019-10-04,-0.0017408418,-0.0004003574,-0.0011839778,-0.0016628202,-0.0010984124,-0.0009234735
2019-10-05,1.679861e-05,6.858737e-06,1.349423e-06,1.6771213e-06,-2.9303266e-08,1.8446344e-05
2019-10-06,0.00011780819,8.373097e-05,7.2070914e-05,8.742668e-05,3.3060995e-05,9.4042894e-05
2019-10-07,-0.0006106251,-0.00048575617,-0.0003541943,-0.00077498,-0.00037109418,-0.0006808549
2019-10-08,0.001460939,0.0005670563,0.0011919119,0.0013718699,0.0007451659,0.00068814185
2019-10-09,-0.0008018029,-0.00028327332,-0.000702214,-0.00054280955,-0.0002245095,-0.00040969177
2019-10-10,-0.0014680326,-0.00068175746,-0.0015050762,-0.0012668129,-0.00060426735,-0.0008679013
2019-10-11,-0.0031350339,-0.00079136644,-0.0028558068,-0.0017981404,-0.0009237644,-0.0016987863
2019-10-12,-3.7032783e-05,-2.5426456e-05,-2.4226714e-05,-6.461943e-05,-2.0207133e-05,-3.4921977e-05
2019-10-13,-3.5749163e-05,-2.023451e-05,3.0157535e-06,-1.8303273e-05,1.9568406e-05,-7.0201946e-05
2019-10-14,-0.0007010362,-2.9373445e-05,-0.00053495925,-0.00056054024,-0.00047032125,-0.00035471516
2019-10-15,0.0005468093,0.0005963717,0.000342789,0.0010265069,0.0007920105,0.0010165288
2019-10-16,0.00054525473,0.0004390142,0.00033833412,0.0008122316,0.0005219886,0.0005183349
2019-10-17,0.00025586196,0.00033549863,0.00018890294,0.0006965816,0.0004921774,0.00015199003
2019-10-18,-0.00048584692,-0.00046582037,-0.00028412027,-0.00075211335,-0.00043352597,-0.00069709297
2019-10-19,-1.7688366e-05,-1.2464332e-05,-2.3426483e-05,-1.6669137e-05,-7.874411e-06,-7.4094824e-06
2019-10-20,-7.163263e-05,-2.4841665e-05,-2.740374e-05,-2.8520017e-05,-6.162862e-06,-7.654493e-05
2019-10-21,0.00079985586,0.00078052114,0.0006079998,0.0011535272,0.0007561304,0.0007198099
2019-10-22,-0.0001315206,-0.00016627305,-0.00021549176,-5.7702855e-05,-2.4988594e-06,-3.873068e-06
2019-10-23,-0.00016227222,6.0239287e-05,-7.489671e-05,-0.00020764023,-0.00015659317,9.9359604e-05
2019-10-24,0.00043406672,0.00042675162,0.00013084573,0.0008218479,0.000501413,0.00046017466
2019-10-25,-0.00070803094,-0.000120230376,-0.00041789623,-0.00017840977,-0.00016671441,-0.00051886984
2019-10-26,-5.5368506e-05,-4.8323825e-05,-4.2025604e-05,-9.025549e-05,-5.0936247e-05,-4.785765e-05
2019-10-27,9.1982394e-05,0.000108836255,9.984631e-05,0.00017307836,0.00013741806,-4.197847e-07
2019-10-28,0.00089001056,0.0007015805,0.0005379568,0.0012298874,0.0006935636,0.0008127507
2019-10-29,4.4897304e-05,5.6328598e-05,-1.4999568e-05,0.00018488738,0.00014293252,-1.7791514e-05
2019-10-30,-0.0001991263,3.460104e-05,-0.00028367795,-4.266178e-05,-9.7649616e-05,-8.754662e-06
2019-10-31,-0.0017679939,-0.0011439691,-0.0011862075,-0.0019134772,-0.0010821469,-0.0016172839
2019-11-01,0.00202208,0.0021267433,0.0010606508,0.0031635766,0.0017107084,0.0018540678
2019-11-02,7.224157e-05,6.555122e-05,4.3474083e-05,0.00010148356,6.263768e-05,4.0252402e-05
2019-11-03,-4.4139742e-05,-4.7322388e-05,-3.808585e-05,-7.0002876e-05,-4.030429e-05,-3.9549876e-05
2019-11-04,0.0016132382,0.0012963979,0.00058772555,0.0022083512,0.001312099,0.0012382144
2019-11-05,-0.00014558465,2.2040409e-05,-0.00025763793,-0.00016175906,-3.585189e-05,-0.00020141959
2019-11-06,-0.00027289506,-0.00013195068,-0.00029214888,-0.0004500992,-0.00028284508,-0.00019803726
2019-11-07,0.0008162336,0.00066915585,0.0004069291,0.0010571869,0.0006897351,0.0006705391
2019-11-08,-0.0008389722,-0.0008748454,-0.0003368573,-0.0012621386,-0.00059861224,-0.0008076657
2019-11-09,5.9192775e-05,6.293417e-05,4.0565137e-05,9.136037e-05,4.6973826e-05,4.5011664e-05
2019-11-10,0.00013797222,0.00014505199,8.083765e-05,0.00022970416,0.00012308518,7.768792e-05
2019-11-11,-0.0015020582,-0.0011979034,-0.00079467456,-0.0022182057,-0.0012169845,-0.0013291927
2019-11-12,0.0001546214,0.00019933772,-4.4778324e-05,0.00042672647,0.00022877197,0.00024160567
2019-11-13,-0.001071392,-0.0008279409,-0.00043598108,-0.0013399674,-0.0007299157,-0.0010873396
2019-11-14,-0.0006691759,-0.00035436632,-0.00041569292,-0.00056441705,-0.0003284037,-0.0004843969
2019-11-15,0.0007124144,0.0009526783,-0.0001624987,0.0014124531,0.00054671924,0.0010673193
2019-11-16,-3.742431e-05,-1.6446762e-05,-3.4530603e-05,-3.7163023e-05,-2.6738677e-05,-8.358938e-06
2019-11-17,-2.2058764e-05,-9.061841e-06,-1.3986874e-05,-5.4737247e-06,-5.803991e-06,-1.1340771e-05
2019-11-18,-0.00049004506,-0.00033197363,-0.00039968992,-0.0005769071,-0.0003426947,-0.00043815144
2019-11-19,-0.00046174525,-0.00030312178,-0.00032316244,-0.00058436795,-0.00033387,-0.00026416962
2019-11-20,-0.00058920024,-0.0005512814,8.076581e-05,-0.0010576047,-0.0003997164,-0.0007963216
2019-11-21,-8.073351e-05,-0.0004181853,0.00025858442,-0.00073235144,-0.00025228946,-0.0007985719
2019-11-22,0.0004276321,0.0004076457,0.0001267388,0.00052401045,0.0001806194,0.0005045452
2019-11-23,-0.00032027764,-0.00018028695,-0.00021682416,-0.0003563024,-0.00019919967,-0.00022093701
2019-11-24,0.00064907153,0.00036097495,0.00035528193,0.0006581019,0.00036711758,0.00049604365
2019-11-25,0.00080325006,0.0012664186,-6.907175e-05,0.0019339338,0.0007185974,0.00146644
2019-11-26,0.00024186366,0.00025753042,8.0520935e-05,0.000594158,0.00019656969,0.0003668059
2019-11-27,0.00018048834,0.0003263255,-2.3920786e-05,0.00055202976,0.00021027263,0.00039044023
2019-11-28,0.00046097778,0.00020311665,0.00026192266,0.00040944546,0.00017701279,0.0004122632
2019-11-29,-0.0015405875,-0.001481582,-0.0005247655,-0.0025875752,-0.0011689644,-0.0019284061
2019-11-30,0.00016015928,6.916384e-05,4.9753548e-05,4.7599497e-05,-1.047471e-05,0.00013173046
2019-12-01,6.860194e-05,3.100672e-05,3.1357544e-05,1.866371e-05,2.061843e-06,6.553898e-05
2019-12-02,-0.0016598434,-0.0018125868,-0.0004544686,-0.0029992764,-0.0014876955,-0.001994589
2019-12-03,-0.0015209173,-0.0011156594,-0.0006070886,-0.0020589104,-0.0010904205,-0.00167339
2019-12-04,-0.00026628954,0.00046875974,-0.000597327,0.0001295498,-0.00025335661,0.00083008077
2019-12-05,-6.640439e-05,5.046929e-05,-0.00024198972,0.00015646903,5.4124266e-05,0.0001503028
2019-12-06,-0.00040400683,0.0004834363,-0.00069536816,0.00046017638,-9.429978e-05,0.0008994909
2019-12-07,-5.5682417e-06,-1.6868167e-06,-4.826611e-06,-5.1803354e-06,-2.0351947e-06,-1.2225181e-05
2019-12-08,-6.260367e-05,-3.2222357e-05,-2.2457183e-05,-3.3181703e-05,-3.8776566e-06,-5.790095e-05
2019-12-09,0.00022434685,-0.00011283207,0.00025212526,-0.00017588957,-0.00012481445,-0.0001467262
2019-12-10,-2.8456669e-05,8.47899e-05,-6.3174564e-05,0.00017386115,6.496818e-05,4.013528e-06
2019-12-11,8.140693e-05,0.000539459,-0.00011883745,0.00067001977,0.00033050936,0.0004921361
2019-12-12,0.0007953557,0.0009730385,2.960991e-06,0.0015342786,0.000982338,0.0013986854
2019-12-13,0.0008756341,0.0008994809,-0.0002189259,0.0017456901,0.0010552899,0.0013685459
2019-12-14,0.0001618928,9.7057935e-05,9.2787894e-05,9.3970375e-05,1.4568968e-05,0.00017022563
2019-12-15,-1.5316004e-05,-7.4827353e-06,-5.6276076e-06,-3.6748893e-06,-4.0209893e-06,-1.0808751e-05
2019-12-16,0.0016537618,0.0018453777,0.0005880668,0.0024843267,0.001400656,0.0020237027
2019-12-17,0.0013019193,0.0010010931,0.0013844471,0.0011704632,0.00047325058,0.0012805149
2019-12-18,-0.0014381063,-0.0006500217,-0.0004517286,-0.0008487434,-0.00030031474,-0.0014489368
2019-12-19,0.000546619,0.0004240516,0.00017287083,0.0007201299,0.00034810937,0.0005459272
2019-12-20,0.0003886824,0.0003487776,0.00016295291,0.000532396,0.0004936225,0.0003938678
2019-12-21,8.3249426e-05,5.9188053e-05,3.5400102e-05,4.2068565e-05,1.2771836e-05,7.28461e-05
2019-12-22,-0.00032102905,-0.00019187864,-0.00010335481,-0.00011767998,7.802007e-06,-0.00031729662
2019-12-23,0.00029466941,0.0003213308,-4.0614737e-05,0.00027858384,3.566198e-05,0.00027454758
2019-12-24,0.00046518975,0.00039891768,0.00026213785,0.0007109968,0.0003819044,0.00040180737
2019-12-25,0.00017292707,7.6377095e-05,7.64476e-05,9.192515e-05,5.3082526e-06,0.00015318173
2019-12-26,0.0015540892,0.0014392432,0.0009218934,0.0023680557,0.0012413005,0.0014252156
2019-12-27,0.00054768595,0.00047169707,0.00033001736,0.0009940554,0.000580597,0.0005198455
2019-12-28,-7.286464e-05,-4.2834243e-05,-3.258045e-05,-4.361192e-05,3.8022424e-06,-8.773054e-05
2019-12-29,-9.360831e-05,-3.6863486e-05,-1.3529483e-06,1.44534115e-05,5.8687387e-05,-0.0001505239
2019-12-30,-0.00086419744,-0.0010655803,-0.00057814637,-0.0015506176,-0.0009250048,-0.00081589806
2019-12-31,0.00026518313,7.793016e-05,0.0002224592,0.00011647704,-1.6592262e-06,0.00034781385
2020-01-01,0.0006453577,6.2836516e-05,0.00019482254,0.00067837443,0.0002983361,0.0006541174
2020-01-02,0.0016321196,0.0021231573,0.001256473,0.0028706829,0.001461925,0.0017612611
2020-01-03,-0.002497771,-0.0017072043,-0.0015797921,-0.003182215,-0.0015861181,-0.0024311848
2020-01-04,-3.4773762e-05,9.91208e-06,-1.1721121e-05,-3.9304527e-06,3.142579e-05,-6.5859975e-05
2020-01-05,8.83361e-05,9.945638e-05,7.904156e-05,0.0001280772,9.152064e-05,1.4089017e-05
2020-01-06,-0.00146436,-0.00054030184,-0.0006411419,-0.0016343024,-0.00078377326,-0.0015487237
2020-01-07,-0.00030474842,-0.00030726113,-0.0003035471,-0.0003809453,-0.00025938547,-0.00017977244
2020-01-08,-0.00095661625,-0.0007849912,-0.0005693374,-0.0013857757,-0.0007525817,-0.0008553107
2020-01-09,0.00046866038,0.0008719654,0.0002573777,0.0011819412,0.00022558725,0.0011230967
2020-01-10,5.6159875e-05,0.0002958898,0.00032349204,0.0003236751,0.00017794366,-0.000119301934
2020-01-11,2.976939e-06,6.601978e-07,-3.9179695e-06,1.0704856e-05,2.9977784e-07,5.7532435e-07
2020-01-12,0.00013421499,0.00012887162,0.00011697864,0.00022457144,0.00013704956,6.676301e-05
2020-01-13,0.00067740795,0.0007895751,0.00037932026,0.0012620258,0.0004800058,0.00090193213
2020-01-14,0.0014472858,0.0014081304,0.001028428,0.0024415073,0.0012908364,0.0012241642
2020-01-15,0.0007587429,0.00056694396,0.00047794223,0.0009325162,0.00043825374,0.0006137433
2020-01-16,0.0016249936,0.0013254505,0.00083138986,0.0022622645,0.001206808,0.0017146692
2020-01-17,0.0016717297,0.0016675668,0.0010298439,0.0027987878,0.0012581064,0.0019389244
2020-01-18,-9.3349874e-05,-0.00010020084,-2.6348891e-05,-0.00017087253,-7.0856535e-05,-0.00010325253
2020-01-19,-0.00029281277,-0.00027149828,-0.00025866408,-0.00056698546,-0.00027569858,-0.00027018413
2020-01-20,-0.00013375035,-6.713995e-05,-6.19537e-05,-9.7063144e-05,-5.4574964e-05,-0.00018345875
2020-01-21,-0.0012476575,-0.0014033841,-0.00012270625,-0.0022473757,-0.001063096,-0.0016523334
2020-01-22,0.00054416026,0.00044076727,0.00017742593,0.0006897041,0.0003786272,0.0003515525
2020-01-23,-0.00084955856,-0.00091619726,-0.0002524131,-0.0016269592,-0.0007025995,-0.0012412912
2020-01-24,-0.00054038124,-0.0008305414,0.00033827452,-0.0011865477,-0.0006646156,-0.00084107806
2020-01-25,-8.077622e-05,-8.419094e-05,-4.36958e-05,-0.00016659415,-7.867431e-05,-0.00010819203
2020-01-26,0.00013715768,0.00019088465,7.7507204e-05,0.00033665067,0.00015658174,0.00027435
2020-01-27,-0.00219417,-0.0032248325,-7.164561e-05,-0.004518787,-0.0018196534,-0.0038581693
2020-01-28,6.62233e-05,0.00071192597,-0.00012849794,0.00095352245,0.00018859327,0.0009156586
2020-01-29,0.00029269274,0.00032193694,0.00025764914,0.00044511637,0.00015532107,0.00031326286
2020-01-30,0.0016640085,0.0005367063,0.0011526892,0.0015859791,0.0009391874,0.001002484
2020-01-31,0.0020212748,-0.0006650091,0.0016868302,-3.226271e-05,0.00056920055,-0.000102117076
2020-02-01,0.00012700916,0.00012298278,6.191431e-05,0.00023254238,0.00012267714,0.00013330443
2020-02-02,8.544889e-05,7.6711774e-05,6.0605325e-05,0.00016479784,9.3360075e-05,8.017272e-05
2020-02-03,0.00054707524,-5.047776e-05,5.309873e-05,0.00040526822,0.0004329014,0.0003596691
2020-02-04,-0.003156618,-0.00041307276,-0.0024019089,-0.0013660019,-0.00115563,-0.0014702053
2020-02-05,-0.0020582052,0.00043709195,-0.0014061255,-0.00011609096,-0.00042191302,-0.00071988394
2020-02-06,-0.0005043984,0.00037406813,-0.000373011,0.00036362765,8.244089e-05,-0.00016916075
2020-02-07,0.000971842,5.006553e-05,0.0006432997,0.00041348493,0.0001506364,0.0004241497
2020-02-08,0.00018997057,0.00018432355,0.00011342958,0.0003491708,0.00018291347,0.00021011237
2020-02-09,0.0003551804,0.00033129763,4.6394067e-05,0.00062317395,0.00031996376,0.0004049068
2020-02-10,0.0015116805,0.0007611012,0.00079149194,0.001431017,0.00073466386,0.0014366393
2020-02-11,6.9885966e-05,0.0007433888,-7.964919e-05,0.0012764703,0.00067463156,0.00048054798
2020-02-12,0.0002980482,0.0012696374,-0.00020829398,0.0019318945,0.0010432536,0.00087414746
2020-02-13,-2.2986642e-05,-7.165086e-05,6.8086156e-05,-0.00016571682,-0.00013853853,-0.00019656618
2020-02-14,0.0007841128,0.00067349063,0.0003671245,0.0013503853,0.0007019826,0.000838933
2020-02-15,-0.000807637,-0.00075076515,-3.090841e-05,-0.0014085099,-0.0006944214,-0.0008601741
2020-02-16,-0.00015219855,-0.00015280287,9.109601e-06,-0.00029828327,-0.00015448776,-0.0002141349
2020-02-17,-0.00013559128,-9.9600344e-05,-2.8430388e-05,-0.0001328578,-3.7381276e-05,-0.00023242741
2020-02-18,-0.00036589347,-0.00018777775,-0.0002883993,-0.0003295128,-0.00024975798,-1.763804e-05
2020-02-19,0.0011773788,0.00076496135,0.00071371964,0.0016471267,0.00096380175,0.0009094729
2020-02-20,-0.00024436327,-0.00040564328,0.00014217955,-0.00078547496,-0.0004304622,-0.00033703732
2020-02-21,-0.0005331071,-0.0007131665,1.5774664e-05,-0.00091388944,-0.00054427655,-0.0002477555
2020-02-22,-3.1388012e-05,-4.434997e-05,1.4057655e-07,-7.419366e-05,-3.1760024e-05,-6.975561e-05
2020-02-23,-1.0693364e-05,9.940475e-05,-9.999415e-06,0.00012265616,3.199967e-05,0.00023229726
2020-02-24,-0.003865422,-0.005179719,-0.0005936505,-0.00806741,-0.0038009663,-0.0043236674
2020-02-25,0.00029329612,-0.001344901,-0.000112078545,-0.0012210429,0.00024226747,-0.00037491022
2020-02-26,0.001223599,4.7533693e-05,0.00049721403,0.0004021754,0.00046316744,0.0004611242
2020-02-27,0.0049260906,0.00067853153,0.001911464,0.0025563985,0.0028287098,0.0035289323
2020-02-28,0.002587593,0.0004961713,0.0014418771,0.00154682,0.0017708897,0.0017705184
2020-02-29,7.938246e-05,2.3055893e-05,1.820853e-05,7.619742e-05,5.4614404e-05,6.2283293e-06
2020-03-01,3.106528e-05,-2.9732862e-06,1.3830704e-05,3.6696598e-05,3.5329078e-05,-3.6149384e-05
2020-03-02,-0.0028142307,-0.00061538955,-0.00038720487,-0.00095307647,-0.0008694382,-0.002281081
2020-03-03,0.00047780393,0.00041856893,-0.00012109067,0.00029217912,2.8432813e-05,0.0003342513
2020-03-04,-0.0027986842,-0.0005183101,-0.000756871,-0.0007759818,-0.0005002094,-0.0023521127
2020-03-05,0.0027232408,0.0008512867,0.0006858897,0.0010910664,0.00043235757,0.0023822275
2020-03-06,0.005668914,0.0022436865,0.0020196096,0.004260015,0.002175664,0.004983832
2020-03-07,9.2537455e-05,-4.0534793e-05,7.555757e-05,-1.3614942e-05,3.2694803e-05,-3.512394e-05
2020-03-08,0.00048260757,6.5117325e-05,0.00031880723,0.00015706338,0.00022628799,7.667355e-05
2020-03-09,0.015198417,0.0040263683,0.003291651,0.0071553825,0.0037393505,0.012634096
2020-03-10,-0.0052924342,-0.0018238198,-0.001775499,-0.0032224567,-0.001329669,-0.004695519
2020-03-11,0.0036145903,0.00052975916,0.00061999273,0.00068214384,0.00023932678,0.003246876
2020-03-12,0.01353565,0.0031074134,0.0031521902,0.005015163,0.0028476538,0.0117235165
2020-03-13,-0.0029278796,-0.0007078184,-0.00010150634,-0.00033949479,2.341047e-05,-0.002320658
2020-03-14,0.00024387825,0.000101183825,0.00013858904,0.00026574475,0.00014301942,0.00020893247
2020-03-15,-0.00016348643,-6.597651e-05,-9.555968e-05,-0.00016094708,-8.358952e-05,-0.00014429793
2020-03-16,0.009878038,0.002677351,0.0016417024,0.004328489,0.0015129837,0.0092727225
2020-03-17,-0.0002874831,2.1190588e-05,0.00034379418,0.0009867017,0.00082400156,-0.00020272308
2020-03-18,0.006043982,0.0015019502,0.0005669349,0.0029719716,0.0012357006,0.0056698686
2020-03-19,0.001284722,0.000269053,-0.00021142467,0.0020992088,0.0011489678,0.001507779
2020-03-20,-0.0007699203,-5.6078807e-05,8.095553e-05,-0.00022058557,-6.577143e-05,-0.00076878606
2020-03-21,-2.0502946e-05,-4.9590226e-06,-7.352141e-06,-1.537293e-05,-7.888314e-06,-1.8014021e-05
2020-03-22,0.0001543021,3.5628353e-05,3.4733574e-05,0.00011998454,6.2664854e-05,0.00016345405
2020-03-23,0.0028107539,0.0009921903,1.5035835e-05,0.0017374384,0.0005529294,0.0027673088
2020-03-24,-0.0067237867,-0.0015862181,-6.816178e-05,-0.0027971598,-0.0011672026,-0.006217296
2020-03-25,-0.0040303357,-0.0011243796,-5.0178736e-05,-0.0023167874,-0.0011680595,-0.0036149758
2020-03-26,-0.002214234,-0.00056698296,-8.799683e-05,-0.0009251708,-0.00042803175,-0.0016365134
2020-03-27,-0.00042057908,-0.00043353153,-3.979015e-05,-0.0011325785,-0.0007865252,-0.0005303388
2020-03-28,1.646636e-05,-4.1950857e-06,8.562121e-06,2.7562492e-05,4.518045e-06,4.0111707e-05
2020-03-29,5.1957042e-05,-1.8292513e-06,1.4077185e-05,8.4376305e-05,2.3109165e-05,0.0001252419
2020-03-30,-0.0004222469,4.0332594e-05,-7.143945e-05,-0.00024261016,-0.00021181285,-0.00032024126
2020-03-31,-6.34755e-05,1.1728085e-05,2.6734779e-05,3.637167e-05,4.0807856e-05,-6.19144e-05
2020-04-01,0.0011315948,0.00012112613,6.280169e-05,0.00028310783,-7.472072e-05,0.0012436805
2020-04-02,-0.00047553293,-4.6771445e-05,6.130555e-05,-1.0418145e-05,0.00016670731,-0.00046267992
2020-04-03,0.00018373491,-9.125598e-05,4.3293898e-05,-8.085509e-05,-4.2744494e-05,0.00019563492
2020-04-04,1.0680975e-05,1.3060994e-05,8.161635e-06,1.8004841e-05,8.1882035e-06,-2.8858947e-05
2020-04-05,-8.433124e-06,-6.549482e-06,-6.19077e-06,-1.7129565e-05,-1.0657804e-05,-8.778657e-07
2020-04-06,-0.0011356341,0.000112559064,1.47807195e-05,-0.00036259348,0.00013957833,-0.0017521208
2020-04-07,-0.00212689,-0.00070106913,-0.00012122804,-0.0015823299,-0.00063366664,-0.002283667
2020-04-08,-0.0003006375,1.5071368e-05,9.1340575e-05,-0.00034316833,-6.383399e-05,-0.0007806347
2020-04-09,-2.4609031e-05,0.00015500381,-1.9607425e-05,-8.681222e-05,5.0401904e-05,-0.00052668183
2020-04-10,-0.00045776507,-0.00030072202,-0.00020706757,-0.00069748884,-0.00030234532,-0.00039659682
2020-04-11,1.9073796e-05,1.1071371e-05,8.954557e-06,2.8241462e-05,1.0438032e-05,1.7685875e-07
2020-04-12,4.038194e-05,2.521775e-05,4.2711534e-05,7.036024e-05,1.8822708e-05,-3.2230053e-06
2020-04-13,-0.000117620904,-0.000112777096,-4.44667e-05,-0.00018495451,-9.55144e-05,0.000112140435
2020-04-14,0.00057402265,0.0002516575,2.117958e-06,0.0004610553,0.00034062823,-0.00022709247
2020-04-15,-0.0004024975,-0.00018066469,-5.123203e-05,-0.0002890882,-0.0003322289,0.0007781696
2020-04-16,-2.655117e-06,0.00019739573,0.00010871746,0.00037130233,2.1546404e-05,0.000492885
2020-04-17,0.00039367846,3.9297796e-05,-4.666993e-05,0.00021494296,0.00028640236,-0.0009813407
2020-04-18,0.00010090839,7.277535e-05,9.749349e-05,0.00019811984,6.233305e-05,2.4959794e-05
2020-04-19,-6.9936286e-05,-5.183634e-05,-6.3381674e-05,-0.00013306436,-5.0351566e-05,-2.7860398e-05
2020-04-20,-0.00025134336,-5.099797e-05,-2.829508e-06,-0.00036888404,-0.00025560718,0.0003962269
2020-04-21,-0.0005149133,-0.0002142319,-2.1609174e-05,-0.0006165796,-0.0004847448,0.0010698909
2020-04-22,0.00037030637,0.00029768117,3.1657917e-05,0.00063296716,0.00028726461,-0.00018881682
2020-04-23,0.00015466473,5.091919e-05,8.03495e-05,0.00022007179,0.00011620529,-9.043314e-05
2020-04-24,0.00031737646,2.2102904e-05,5.4538556e-05,0.00015917874,3.0958538e-05,5.46633e-05
2020-04-25,3.7341553e-05,2.5514164e-05,3.467198e-05,6.4555345e-05,2.761552e-05,2.2841168e-05
2020-04-26,0.000121146775,7.348369e-05,0.00011605099,0.00020465259,9.887654e-05,8.056825e-05
2020-04-27,0.0006038283,0.00032599983,0.00010284161,0.00063599047,0.00024941165,-0.00013707679
2020-04-28,0.00032631084,0.0002075814,7.936897e-05,0.00038501227,0.00022064804,-0.00016987046
2020-04-29,0.0008085826,0.00034730195,0.00041562004,0.0012059162,0.00065608416,-0.00018781393
2020-04-30,-0.0017710036,-0.00091038854,-0.00045585178,-0.001738264,-0.00070341554,-0.0014833614
2020-05-01,-0.0011103654,-0.00023277312,5.8568537e-05,-0.0008669618,-0.00047846258,-0.00028959016
2020-05-02,0.00013036377,8.963229e-05,0.00011655201,0.00022418682,0.00010403082,0.00013518216
2020-05-03,-0.00015304472,-0.00010884987,-0.0001353754,-0.00025710143,-0.00011611276,-0.000149364
2020-05-04,-0.0008953406,-0.000118977165,-0.00019846053,-0.0004640972,-0.00034792474,-5.418718e-05
2020-05-05,0.00041977502,0.00012089096,-6.0428297e-06,0.0003817113,0.00025750947,-0.0001738486
2020-05-06,-0.000112832764,-0.00015690578,-6.292525e-05,-0.00031172583,-0.00020165842,-2.1724747e-05
2020-05-07,0.0005605383,0.00043451035,5.9165486e-05,0.0009815025,0.00036259028,0.00062017416
2020-05-08,0.00027011088,3.7758902e-05,0.00013786854,0.00035995757,0.00023537461,-0.0004949699
2020-05-09,-4.0879408e-05,-2.6891521e-05,-3.1273725e-05,-6.330033e-05,-2.6882599e-05,-3.835694e-05
2020-05-10,-0.00046654194,-0.00033942537,-0.0003999159,-0.0007002302,-0.0003078224,-0.000524354
2020-05-11,-0.00049231254,-0.00032521525,5.426542e-06,-0.0006023044,-0.0002965554,-0.00059078494
2020-05-12,-0.00047035454,-9.338321e-05,-0.00017952139,-0.0003575844,-0.00023163977,-1.1267944e-06
2020-05-13,-0.0005610616,-0.00031367005,-0.00016558784,-0.0007017782,-0.00036518872,-1.5441627e-06
2020-05-14,-0.00033133305,-5.4967542e-05,-0.00012675815,-8.389139e-05,-7.119566e-05,2.9472344e-06
2020-05-15,0.00015879895,0.00014555392,8.317559e-05,5.080681e-05,5.7791167e-05,-0.0001269985
2020-05-16,-5.2791816e-06,1.9706563e-06,-9.441281e-06,2.299128e-05,1.15732255e-05,3.6300178e-05
2020-05-17,5.1292054e-06,7.83782e-06,-5.421207e-06,3.3830955e-05,1.3551114e-05,3.167183e-05
2020-05-18,-0.00012371373,5.5934255e-05,-9.910589e-05,0.00055648584,0.00022673022,-0.0003407577
2020-05-19,-0.00034730879,-0.00016099986,-0.00021922275,-0.00023867498,-0.00020140171,-0.0004883912
2020-05-20,0.00011334893,0.00026242473,-4.393703e-05,0.0003624511,0.00019372252,-3.0771823e-06
2020-05-21,-0.00043564037,-0.0005188514,-5.7547568e-05,-0.0007607193,-0.00037328486,-0.00051321223
2020-05-22,-0.0004174722,-0.00023708769,-0.00020407855,-0.00042235354,-0.00028365836,-0.00016818687
2020-05-23,-2.0204034e-05,-1.7239823e-05,-1.8999029e-06,-2.5861078e-05,-1.421527e-05,-8.913425e-06
2020-05-24,-2.8592554e-05,-4.4407363e-05,6.9170096e-06,-0.00010436052,-4.8972954e-05,-0.00012740011
2020-05-25,-3.6473753e-05,6.972571e-05,-5.305741e-05,8.1056016e-05,6.7054507e-06,3.0084346e-05
2020-05-26,0.00047366618,0.00047512658,1.8645409e-05,0.0008168935,0.00048360787,0.00015193311
2020-05-27,0.0006263955,0.0002928353,0.0002462941,0.0006928568,0.00045613057,0.0004356888
2020-05-28,0.00019156265,0.00017219476,0.00015965088,0.000292433,0.00017319359,0.00022366774
2020-05-29,2.1769056e-05,4.1242547e-05,-2.9086117e-05,0.00011014624,-1.4676706e-05,5.3729946e-05
2020-05-30,0.00020587888,0.00019919447,-1.7706428e-05,0.00035072298,0.0001940365,0.000271952
2020-05-31,-0.0002130701,-0.00020489506,-3.8600618e-05,-0.0003104017,-0.00017367222,-0.00020668219
2020-06-01,0.0011899857,0.0009389144,0.00018342907,0.0015706803,0.0008042959,0.0011345933
2020-06-02,0.0009956162,0.0004738119,0.00016411951,0.0010013568,0.00059137616,0.00075586524
2020-06-03,0.0024582797,0.0012947979,0.00062697154,0.002761987,0.001573813,0.0018648664
2020-06-04,0.0003836058,0.00014372438,0.0002708487,0.00032667027,0.00018019335,0.00017334345
2020-06-05,0.0020582513,0.0012319082,0.00043108643,0.0027095152,0.0014201722,0.00175356
2020-06-06,-2.9144188e-05,-2.7558202e-05,-3.1757594e-05,-3.9035855e-05,-2.3760469e-05,-1.7562368e-05
2020-06-07,5.0321647e-05,4.88781e-05,4.5465033e-05,8.429166e-05,3.8623988e-05,4.4462464e-05
2020-06-08,0.0015608553,0.00088001374,0.00030943094,0.0018571955,0.00096757594,0.001430707
2020-06-09,-0.0010340055,-0.00063784845,-0.00017892622,-0.0013513513,-0.0007178561,-0.0008139378
2020-06-10,-0.0011165747,-0.00032596657,-0.00023411983,-0.00095055404,-0.0005620258,-0.00087767106
2020-06-11,-0.005379965,-0.0038699687,-0.00070013915,-0.007516294,-0.0036555564,-0.0048883595
2020-06-12,-0.0006132634,6.1352286e-05,-0.00028542193,-0.0001038345,-6.4666114e-05,-0.0003420422
2020-06-13,1.1609487e-05,1.4555278e-05,-3.3699175e-06,2.494736e-05,9.789925e-06,2.0917683e-05
2020-06-14,-2.7126549e-05,-4.0811512e-05,2.1991884e-05,-8.662516e-05,-2.3410355e-05,-8.324219e-05
2020-06-15,-0.00018141036,-0.00017401118,1.7174947e-06,-0.00033172467,-0.00016480732,1.8731664e-05
2020-06-16,0.0011967976,0.00074583484,0.00016397928,0.0015019529,0.00055594114,0.0013127429
2020-06-17,-0.00035214244,-4.7807385e-05,-6.621878e-05,-0.000147978,-0.00012007881,-0.0002544326
2020-06-18,-0.00010562148,-5.2916377e-05,6.973111e-05,-0.00019403055,-3.8172948e-05,-0.0002030084
2020-06-19,0.00020230676,0.00016767315,7.5770506e-05,0.00023430004,0.00012742175,0.0002484925
2020-06-20,-3.655002e-05,-1.5799907e-05,-3.8050614e-05,-1.962039e-05,-2.1066271e-05,-1.0731875e-05
2020-06-21,3.126155e-05,1.9270605e-05,3.307079e-05,1.2595002e-05,1.5322077e-05,1.7655879e-05
2020-06-22,-9.187938e-05,4.841142e-05,-0.00022207461,0.00014859559,8.703348e-06,7.252794e-05
2020-06-23,0.0005222887,0.0003817732,4.39749e-06,0.00079613953,0.00021034517,0.00071340404
2020-06-24,-0.0007892856,-0.0008404621,-3.0169404e-06,-0.001821002,-0.000651256,-0.0012468525
2020-06-25,-9.648628e-05,0.000106357824,9.9885496e-05,2.7660859e-05,1.0454232e-05,-0.00010347858
2020-06-26,0.00021075782,-7.405365e-05,0.00016310366,-0.000321656,-0.00010715701,-0.00015570558
2020-06-27,0.0001513004,3.7878413e-05,0.00019011617,-2.3525507e-05,4.163849e-05,7.312837e-05
2020-06-28,-3.724097e-05,2.9998318e-06,-7.630325e-05,3.346326e-05,-1.2629921e-05,-1.1877167e-05
2020-06-29,-0.0005811687,-0.0003154764,-0.00038088195,-0.00013657776,-0.00016062394,-0.00018566969
2020-06-30,-0.00024212617,8.0850645e-05,-0.00029436106,0.00026955165,3.2848086e-05,0.00024368394
2020-07-01,-0.00030177014,2.2685435e-05,-0.00036745387,0.00019025509,-3.202986e-05,2.7815542e-05
2020-07-02,5.298256e-05,0.00034283617,-0.00014741627,0.00047860085,0.00013086271,0.00049424486
2020-07-03,0.00018507878,7.8347184e-05,1.0123025e-05,0.00018302118,6.932235e-05,0.00021469701
2020-07-04,-3.949476e-05,2.0191972e-06,-5.7599387e-05,3.786538e-05,6.488093e-06,-2.5064022e-05
2020-07-05,-4.2658144e-06,-2.7595772e-05,3.1269115e-05,-6.1093546e-05,-2.8643739e-05,-1.1591732e-05
2020-07-06,0.0006038115,0.00092713785,-0.000240606,0.0019863758,0.00084675493,0.0014422884
2020-07-07,0.000116267,2.2266568e-05,-3.6930232e-05,9.88203e-05,3.3891916e-05,-0.00018130138
2020-07-08,0.0010009699,0.0010825904,0.000301403,0.0016190832,0.0009142886,0.0009050086
2020-07-09,-0.0001183015,-0.00023041642,-2.822246e-05,-0.00012690209,-9.409472e-05,-0.00020775183
2020-07-10,-0.00046648667,-0.00025832144,-0.00040881656,-0.00058781053,-0.00027849822,-0.00026811726
2020-07-11,0.00018100638,0.00016899058,0.00010182139,0.00026651626,0.00013620184,0.00014372062
2020-07-12,0.00019993598,0.00018632291,4.19221e-05,0.00029868184,0.00014800036,0.00019471737
2020-07-13,-0.00023272987,-0.0001829059,-0.00020475774,-0.0003140559,-0.00022228691,-0.00012442633
2020-07-14,9.3646966e-05,0.00023204277,-0.00016519167,0.0002458641,0.000120838195,0.00033833014
2020-07-15,0.0004284582,0.00048229232,-3.817652e-06,0.0005626908,0.00034542725,0.00084458024
2020-07-16,-0.0010924815,-0.0008191058,-0.0002605578,-0.0014418713,-0.00071334006,-0.0010121771
2020-07-17,0.0006801152,0.0005576031,0.00019382342,0.0008251226,0.00042557606,0.0006448693
2020-07-18,-8.9424575e-06,5.725552e-06,1.4762462e-05,4.0147715e-06,-2.661899e-06,-6.12688e-06
2020-07-19,2.3067822e-05,3.1583073e-05,2.7491664e-05,5.039664e-05,1.264869e-05,2.9136865e-05
2020-07-20,0.0005227403,0.00021525097,-1.6103962e-05,0.00037609803,0.00012348467,0.00076584023
2020-07-21,0.0014287209,0.0011859246,0.0005391218,0.0017596021,0.0008077283,0.0013989903
2020-07-22,0.0013194741,0.0007753376,0.00038577555,0.0015246568,0.00068506954,0.0012698282
2020-07-23,-0.0001925773,-0.000115397575,-4.0636296e-06,-0.0001427575,-7.1136885e-05,-0.00019647788
2020-07-24,-0.00073440984,-0.0005713133,-0.00012075681,-0.001004771,-0.0004048945,-0.00079074176
2020-07-25,0.0005275646,0.00054026645,0.00039562897,0.0009830692,0.00047340555,0.0005176572
2020-07-26,0.0001370743,0.00011471735,9.0100846e-05,0.0001942507,9.4869065e-05,0.00012866991
2020-07-27,0.00169978,0.0012979532,0.0007869648,0.002317345,0.0010574014,0.0016974446
2020-07-28,0.0006619237,0.00035468614,0.0004676097,0.00086121453,0.0004529182,0.00065378647
2020-07-29,0.00054056663,0.0005824438,0.0002137359,0.00092943053,0.00041790484,0.0005403106
2020-07-30,0.00040990405,-6.0452057e-05,0.00036929676,0.00021620658,0.0002345717,0.00022901609
2020-07-31,0.0009880929,0.0004177314,0.0006750747,0.0012375934,0.00066334987,0.0008392035
2020-08-01,0.0007522347,0.0007500386,0.0005966114,0.0014274118,0.0006385,0.00082333566
2020-08-02,-0.0006301657,-0.0006044148,-0.0004945564,-0.0011563267,-0.00052147283,-0.0006428248
2020-08-03,-0.00018710706,0.0005839001,-6.1447034e-05,0.0006872708,0.0002552208,0.0001027723
2020-08-04,0.0006986111,0.00082458707,-0.000107292566,0.0013356738,0.0004956654,0.0007724287
2020-08-05,0.001037962,0.0008292769,0.00016739126,0.0015283108,0.0005541317,0.0011336148
2020-08-06,0.0014725048,0.0008091383,0.00051124825,0.0017326879,0.00079152884,0.0013775474
2020-08-07,-0.0010804107,-0.00087097613,-5.917282e-05,-0.0016757397,-0.00066164223,-0.0011617697
2020-08-08,0.00036309197,0.00033826006,5.6394e-05,0.00060248736,0.00026135767,0.00036984956
2020-08-09,-1.6707249e-05,-1.9318444e-05,-2.0607918e-05,-3.8170623e-05,-1.3719529e-05,-2.0231551e-05
2020-08-10,0.00016540212,0.00043763866,0.00010010942,0.00056230585,0.00027726588,0.00018220447
2020-08-11,-0.0022790025,-0.0016902009,-0.00051864533,-0.0030723647,-0.0012613228,-0.002242055
2020-08-12,0.00087503344,0.0009086533,6.314472e-05,0.0016902009,0.0006918767,0.00095815543
2020-08-13,0.0004190763,0.00024219122,-0.0001720705,0.0007844025,0.00030925256,0.00054528186
2020-08-14,3.3969667e-05,-0.00011726873,2.4469715e-05,-5.1746916e-05,2.545389e-05,-2.7821465e-05
2020-08-15,7.2687195e-05,8.50813e-05,1.2076556e-05,0.00013669941,5.7902147e-05,0.00014530378
2020-08-16,0.00023627511,0.00024859406,3.9016722e-05,0.00037702904,0.0001914615,0.00029008876
2020-08-17,0.00089882594,0.0008501187,0.00013370995,0.0015567456,0.0005976843,0.001297263
2020-08-18,-0.00020913042,-5.250465e-05,-0.00016554515,-0.00021845386,-0.00025613798,1.4209887e-05
2020-08-19,-0.0011121004,-0.0010979819,-0.00022247608,-0.0016914167,-0.0007478767,-0.0012269226
2020-08-20,-0.0010247304,-0.0003826221,-0.00038831608,-0.0010551714,-0.00052202726,-0.0010008789
2020-08-21,-6.525917e-05,-0.00044702372,5.0107243e-05,-0.00028825304,-9.5108895e-05,-0.00015208374
2020-08-22,7.41454e-05,0.000102979706,-1.7180118e-05,0.00016613049,6.319763e-05,0.0001532183
2020-08-23,-3.1348234e-05,-4.5721754e-05,9.8772225e-06,-6.0790822e-05,-1.5284504e-05,-6.8665366e-05
2020-08-24,7.187561e-06,0.0005545589,-0.000267102,0.0005552337,0.00019242652,0.00020065796
2020-08-25,0.00043752335,0.0002847322,0.00022661198,0.00045922204,0.00019890779,0.00023005843
2020-08-26,0.0007154988,0.00050690095,0.00010218151,0.0010193782,0.00036339767,0.0008731656
2020-08-27,2.0353258e-05,7.002782e-05,0.000249746,-0.00022293716,-7.5191194e-05,-0.00019667533
2020-08-28,0.00072594,0.000919752,-2.3540324e-05,0.0015657666,0.0005042646,0.0012213109
2020-08-29,-3.7402817e-05,5.1213556e-06,-2.9989398e-05,1.6617174e-05,-1.647564e-05,1.6257586e-06
2020-08-30,5.108565e-06,8.671756e-05,-6.202511e-05,0.00011048567,1.1338456e-05,0.00020459402
2020-08-31,-0.00014270695,-0.00038811675,0.00014048288,-0.000421364,-0.00022299215,-3.0845298e-05
2020-09-01,0.00071405555,0.0008221918,0.00024392181,0.0014365307,0.00053294096,0.0010703928
2020-09-02,0.0002603759,9.292539e-05,-0.00014217602,0.00039952341,0.00030331063,-4.274583e-05
2020-09-03,-0.0027055691,-0.0021983373,-0.00035222128,-0.0039567593,-0.0016101521,-0.0033506125
2020-09-04,-0.0013894638,-0.00077313266,-0.0006348465,-0.0017118936,-0.0009012867,-0.0012186992
2020-09-05,0.00021764346,5.1137155e-05,0.00025660417,8.859091e-05,0.00014886352,-5.968567e-05
2020-09-06,-0.00023313992,-0.00011737613,-0.0001903639,-0.00024893237,-0.0001964451,-4.5402965e-05
2020-09-07,0.00015889158,2.7055523e-05,-6.0628652e-05,0.00025588088,0.00015231672,5.2775937e-05
2020-09-08,-0.000953813,-0.0011430631,0.00015107986,-0.0016456452,-0.0006652972,-0.0016174952
2020-09-09,-0.0013077093,-2.0508343e-05,-0.0007853759,-0.00048618158,-0.0005382521,-0.00048035258
2020-09-10,0.0009401772,7.704612e-05,0.0006053172,0.0004985734,0.00030320737,0.00036592525
2020-09-11,0.0003508222,0.00039065655,0.00013321596,0.00074036326,0.00037915932,0.00023116401
2020-09-12,-2.8145962e-05,9.593224e-06,-4.9012182e-05,2.477731e-05,-2.2351608e-06,3.139348e-05
2020-09-13,0.0001471828,7.293784e-05,0.000115195566,8.882101e-05,6.437848e-05,3.140172e-05
2020-09-14,-0.00056586385,6.645651e-05,-0.00042734898,0.00019917883,-5.2957006e-05,0.00027745665
2020-09-15,-0.00047120923,-8.6783744e-05,-0.00014282402,-0.0002169197,-0.00019933791,-0.00015253897
2020-09-16,-0.00014873172,1.9382791e-05,-0.00017802522,2.2821743e-05,5.902012e-05,-0.00024527128
2020-09-17,5.1808067e-05,-0.00011179019,3.400198e-06,-0.00021695119,-9.985312e-05,-0.00019923307
2020-09-18,0.00039934786,3.7122012e-05,0.00014386025,0.00020332259,1.9831608e-05,0.00017950516
2020-09-19,1.2765718e-05,1.3848262e-05,2.4818044e-06,2.0617766e-05,1.6977818e-05,4.1416847e-06
2020-09-20,2.2565993e-05,-3.0358477e-05,3.5136978e-05,-4.1976687e-05,-2.3969933e-05,-2.904339e-05
2020-09-21,-0.0008290538,-0.0018099087,-2.6582466e-05,-0.002830313,-0.0011676122,-0.0019499239
2020-09-22,-0.00033511588,-0.00011702419,-8.34149e-05,-0.00026972886,-6.4281376e-05,-0.00048086964
2020-09-23,0.0009787319,-5.601909e-05,0.0008638199,-0.00020122428,0.00019751134,-0.00010369169
2020-09-24,-0.0009301727,-0.00047123007,-0.00033631953,-0.00093709497,-0.00036469393,-0.001055145
2020-09-25,-0.00096097647,-0.00021654635,-0.0007135505,-0.00031607013,-0.00020755555,-0.00065226306
2020-09-26,-6.0652823e-05,-2.8966208e-05,-8.412325e-06,-6.420137e-05,-4.3796e-05,-5.821714e-05
2020-09-27,4.979693e-06,1.960323e-05,-8.607814e-06,1.9049585e-05,8.120803e-06,-1.6286966e-05
2020-09-28,-0.0017020893,-0.00037699917,-0.0013858477,-0.00052043755,-0.00057633134,-0.0009425056
2020-09-29,-0.00016617036,4.5563735e-05,-7.536716e-05,-3.0398198e-05,-0.00014128919,-0.00022602554
2020-09-30,-0.0006576835,0.00021272183,-0.00069616054,-1.4514633e-06,-0.00026594495,-0.00015732208
2020-10-01,-0.00093602017,-0.00038226388,-0.00079512264,-0.0006046329,-0.00039460987,-0.00052866124
2020-10-02,0.00014530138,-8.8121786e-05,0.0002234146,-0.00036131247,-0.00016753608,3.999386e-05
2020-10-03,1.8106886e-05,2.6130183e-05,-6.4382807e-06,5.0469524e-05,2.426264e-05,2.9114824e-05
2020-10-04,-3.715267e-05,3.288712e-06,-5.9437258e-05,1.9065117e-05,6.5978234e-06,-6.362914e-05
2020-10-05,-0.00078650354,0.00028723764,-0.00079702964,0.00060161616,0.00032571654,-0.00020498439
2020-10-06,-0.00048770243,-0.00040807234,-0.00058716454,-0.00062277826,-0.00034477536,-0.00071743276
2020-10-07,0.000805358,0.0009247856,0.0005849305,0.001387909,0.0007184367,0.0010180867
2020-10-08,0.0001075238,0.00069498154,5.768433e-05,0.0011247868,0.00061879016,0.00038112144
2020-10-09,0.00031489987,0.0008759798,3.9004655e-05,0.0013000435,0.0005721755,0.0006326447
2020-10-10,5.1022853e-05,6.2402745e-05,3.552993e-05,6.747943e-05,4.9432845e-05,1.7865676e-05
2020-10-11,0.00012690706,0.00012587565,4.7180754e-05,0.00018653092,0.000105247644,8.052915e-05
2020-10-12,0.00024039019,0.0005230022,0.00018334716,0.0007760763,0.00028789588,0.0003346779
2020-10-13,-0.00086893735,-0.00090877054,-0.00079774,-0.0015475608,-0.00076752587,-0.0009387986
2020-10-14,-0.0006839267,-0.00036966903,-0.0005714551,-0.0009114632,-0.00051792356,-0.00040563176
2020-10-15,-0.00053095014,-0.0007789441,-0.0006459463,-0.0013814574,-0.0005968857,-0.0006142728
2020-10-16,-0.0002694624,-0.00017721218,-8.674523e-05,-0.00038805365,-0.0002828454,-0.00014458394
2020-10-17,2.3748591e-05,2.5359499e-05,2.333539e-05,2.5672527e-05,1.2756185e-05,2.354345e-06
2020-10-18,4.2493655e-05,5.251968e-05,1.3322642e-05,8.079591e-05,3.1297735e-05,4.1040817e-05
2020-10-19,-0.00019728566,-0.0003681914,-9.328562e-05,-0.00054667104,-0.000119406635,-0.0002908006
2020-10-20,0.00069768133,0.0005285634,0.00044257648,0.00092627254,0.00047667592,0.00056789746
2020-10-21,0.00048738113,0.00020713996,0.00030461926,0.00052323093,0.0003027109,0.00044757858
2020-10-22,-0.00016215813,0.00016228725,-0.00019265678,9.2983224e-05,-8.60026e-05,-0.00017029798
2020-10-23,-0.00013748022,0.00023744217,-0.00024710997,0.00015589179,-6.67341e-05,5.6115732e-05
2020-10-24,0.0001469855,0.00014383184,9.712491e-05,0.00022272859,0.00011621868,0.00012073394
2020-10-25,-7.562288e-05,-7.9758e-05,-7.0875896e-05,-0.00013256643,-5.7997608e-05,-6.735589e-05
2020-10-26,-0.0013291979,-0.0016403968,-0.0011870917,-0.0023805767,-0.0009533888,-0.0012589946
2020-10-27,-0.00025716325,-0.00024070125,-0.0001399284,-0.000435115,-0.00016273679,-0.00033737675
2020-10-28,-0.0006607543,-0.0019513422,2.8013592e-05,-0.0025904272,-0.0004969745,-0.00088806916
2020-10-29,-0.0003626372,-0.0004018429,-0.00034159585,-0.00063171936,-0.0003713381,-0.00019873229
2020-10-30,0.00026975284,-0.00016890085,0.00032178237,-0.00033742297,8.1749116e-05,5.7528083e-05
2020-10-31,2.669423e-05,4.1153125e-05,8.6128495e-07,7.822675e-05,2.7683544e-05,5.267355e-05
2020-11-01,-1.0565079e-05,-1.2673203e-06,-7.6865996e-07,1.40790125e-05,-7.511843e-06,1.4097654e-05
2020-11-02,-0.0016849699,-0.0005188198,-0.0014777061,-0.0014552262,-0.001128947,-0.0011171808
2020-11-03,-0.0028803907,-0.0006844779,-0.0027302473,-0.0022025604,-0.0019096186,-0.0017835671
2020-11-04,-0.0023912846,-0.00026697406,-0.0022382769,-0.0008945575,-0.001049906,-0.0015016887
2020-11-05,-0.00075506006,0.00069392106,-0.0011118705,0.00090693455,0.00014943899,0.00040563167
2020-11-06,4.826244e-05,-0.00016879411,4.0118153e-05,0.00011075772,7.48564e-05,0.00015610132
2020-11-07,-0.00018304604,-0.00024187301,-7.651695e-05,-0.0003803671,-0.00018196022,-0.0002920082
2020-11-08,0.0001129574,0.00015914494,6.9219655e-05,0.00026798184,0.00012220902,0.00020261586
2020-11-09,0.00015515483,0.00090212346,0.00029320313,0.0016608309,0.00096577685,0.0004771584
2020-11-10,0.00089290336,0.0012883379,0.0007702803,0.0019315103,0.001144488,0.0009072255
2020-11-11,0.00063087966,0.0006283043,0.0004162257,0.001131046,0.0006169631,0.00064902514
2020-11-12,-0.0014849171,-0.0015526054,-0.0009520438,-0.002403515,-0.0012098938,-0.0015946664
2020-11-13,0.0007276941,0.0011955438,4.657968e-05,0.00151626,0.0005896147,0.0009258497
2020-11-14,-0.00012209771,-0.00011438135,-4.0635558e-05,-0.00019714149,-9.836853e-05,-0.00010531504
2020-11-15,-8.043832e-05,-8.78811e-05,-4.0257455e-05,-0.00015094907,-7.6817996e-05,-0.00012297684
2020-11-16,0.0032689786,0.002910404,0.0019036401,0.0052048364,0.0027826815,0.0031296418
2020-11-17,0.0009390597,0.0007706509,0.0005632132,0.0015788937,0.00083799404,0.0008739461
2020-11-18,-0.0006027685,-0.00045395285,-0.00020580053,-0.00088865403,-0.0004498083,-0.0004861244
2020-11-19,0.00019324254,5.8867663e-05,0.00011712195,0.00012395407,0.00012430928,0.00012279404
2020-11-20,0.0002448127,0.0005026149,1.9055973e-05,0.00073305634,0.0003654592,0.00039803723
2020-11-21,0.0014776755,0.0014241945,0.0010700347,0.0023795927,0.001239724,0.0013602898
2020-11-22,-0.00035436687,-0.00032596465,-0.00026473467,-0.0005559952,-0.00030911234,-0.00032181863
2020-11-23,0.0024331482,0.002119756,0.0015651347,0.0039187255,0.00196604,0.002320718
2020-11-24,0.0033064256,0.0032968025,0.0018837801,0.005884125,0.0027987608,0.0032636996
2020-11-25,-0.0005306117,-0.00076428853,5.5253684e-05,-0.001041371,-0.0004119127,-0.0006237524
2020-11-26,-0.0006633529,-0.0007429698,-0.00048619165,-0.0012761055,-0.0006081896,-0.0006534883
2020-11-27,0.0009144892,0.0009529139,0.00039821593,0.0014966598,0.0006251143,0.0009901106
2020-11-28,0.0002363113,0.00023670158,0.0001256166,0.00040701777,0.00016987075,0.00029707132
2020-11-29,9.886151e-05,0.00010099826,1.9192814e-05,0.00016444625,7.0268674e-05,0.0001556025
2020-11-30,-0.001955235,-0.0020092572,-0.00033358744,-0.003426935,-0.0016351294,-0.0019258966
2020-12-01,0.0010986668,0.0013456993,1.2981105e-05,0.0019273175,0.000867738,0.0010573735
2020-12-02,0.0012865548,0.00071690424,0.00076113146,0.0016667602,0.00090587075,0.0012197712
2020-12-03,0.0012008691,0.0010432564,0.00057618984,0.0017604629,0.00087768835,0.0010565283
2020-12-04,0.0009861403,0.00080319674,0.00021605023,0.0013389215,0.00065620197,0.0010312545
2020-12-05,0.00016339181,0.0001604907,2.4057945e-05,0.00028743813,0.00012900966,0.0002348201
2020-12-06,4.3650492e-05,3.992657e-05,1.5184483e-05,6.6204644e-05,2.9822559e-05,4.259337e-05
2020-12-07,-0.0007260756,-0.0005243632,-0.00028971356,-0.0009193015,-0.00046001954,-0.00078621425
2020-12-08,-0.00023368794,-0.00023699428,-2.4975996e-05,-0.0005641256,-0.00026957772,-0.00044321036
2020-12-09,-0.00034968785,-0.00032279413,-0.00033245547,-0.000427099,-0.0002074987,-0.0002373891
2020-12-10,0.0004451681,0.000674796,8.7091445e-05,0.0010951852,0.0004907538,0.00039146346
2020-12-11,0.00029333806,-0.00012149554,0.00046155072,0.0001580573,0.00018939898,0.000112549846
2020-12-12,-1.900054e-05,8.409458e-06,-2.777683e-05,5.35693e-05,-9.051988e-06,8.972107e-05
2020-12-13,-1.5723072e-05,2.8708255e-05,-2.9456596e-05,7.092022e-05,-5.1409556e-06,0.00011933554
2020-12-14,-0.00014436261,4.9789105e-05,-6.032236e-05,-0.00012484648,-0.00010197232,-5.689292e-05
2020-12-15,0.0011297546,0.0013409322,7.563282e-05,0.002020979,0.00078724854,0.0015375722
2020-12-16,0.0007423903,0.00085164787,0.00012728867,0.0012574993,0.00050503714,0.001203443
2020-12-17,0.0016880524,0.0017104301,0.00051515904,0.0024574108,0.0011074377,0.0021565116
2020-12-18,-9.457725e-05,-0.0003239319,0.00010763473,-0.00029632205,-0.00010926051,-8.647875e-05
2020-12-19,0.0001432071,0.00014111449,4.9300965e-05,0.00020994815,0.000107827946,0.00015538017
2020-12-20,8.713173e-05,7.019472e-05,-9.517443e-06,9.158779e-05,7.6314915e-05,8.896578e-05
2020-12-21,-0.0026234135,-0.0023137461,-0.00035499563,-0.003548582,-0.0016204802,-0.0031505309
2020-12-22,-0.0010972063,-0.0008236118,-0.00053796323,-0.0013182483,-0.0006674831,-0.0009609619
2020-12-23,0.0005397735,0.0009745494,7.036082e-05,0.0011724288,0.00047321475,0.0007636082
2020-12-24,0.00041768202,0.000585781,-0.00014178913,0.0008105443,0.00016962155,0.001002
2020-12-25,0.00022870942,0.00021464784,-9.387987e-06,0.0002772817,0.000104028564,0.00038560844
2020-12-26,0.0002046669,0.00016942072,6.644468e-05,0.0002953707,0.00014657105,0.00018706649
2020-12-27,-5.3293275e-05,-5.1752468e-05,-4.795054e-05,-7.749684e-05,-5.489166e-05,-4.3202836e-05
2020-12-28,0.0005546787,0.0006910316,-7.373775e-05,0.0010462528,0.0003888367,0.0009853389
2020-12-29,0.00037211995,0.0006093679,-4.71275e-05,0.00078668946,0.00016097659,0.0005935005
2020-12-30,0.0013814049,0.0013434914,0.00039787535,0.0021076307,0.0008282305,0.0017104546
2020-12-31,0.0006941114,0.0004365185,0.00041705192,0.0009968603,0.00043369352,0.0007586841
2021-01-01,0.00015776676,1.5939355e-05,-0.0002680169,-1.9996287e-05,9.635497e-05,-0.00010150566
2021-01-02,0.00071011466,0.0006217215,0.0001648399,0.00078842323,0.0004617908,0.00073065225
2021-01-03,0.00057508243,0.0006540953,0.00030994526,0.0008795409,0.0005405698,0.0005317803
2021-01-04,-0.00027085026,-0.00014039331,0.00015461302,-0.0002843422,-0.00020741172,-0.00036501788
2021-01-05,0.0021467682,0.0025608821,0.0006459265,0.0033739274,0.0016227791,0.0026570647
2021-01-06,0.0018571926,0.0017311585,0.00047228494,0.002201613,0.001375744,0.0021757209
2021-01-07,0.0013121618,0.0015707567,-8.174558e-05,0.0019133347,0.0010058789,0.0018265891
2021-01-08,0.0005732215,0.0011153143,-0.0006006542,0.00090822845,0.00054833404,0.0007858447
2021-01-09,0.00052518444,0.0005320454,0.0002804757,0.00074720575,0.0004139802,0.00050144125
2021-01-10,-0.00017664945,-9.400727e-05,-0.00010584535,-0.00014304952,-6.2424144e-05,-7.384505e-05
2021-01-11,-0.0029084557,-0.0028167749,-0.0011432779,-0.004022891,-0.0022255646,-0.0032574695
2021-01-12,0.0014242915,0.001732332,0.00045753308,0.0022256656,0.00112144,0.0016697458
2021-01-13,0.0003488421,0.00057887513,0.00012148762,0.0006378672,0.00031877626,0.00063661963
2021-01-14,0.0011803709,0.0012476702,0.0003493672,0.001436694,0.00081395014,0.0012329776
2021-01-15,-0.0022285203,-0.0023688595,-0.00044554466,-0.002903967,-0.0015820821,-0.0024673888
2021-01-16,0.00021817225,0.00023727036,0.00015979703,0.00030321392,0.00017738622,0.00024725258
2021-01-17,0.00013963925,0.00014303668,0.00010553979,0.00020822913,0.00010651602,0.00013843893
2021-01-18,-0.000596719,-0.0002817096,-0.00014219084,-0.00053981575,-0.0003014288,-0.0008642049
2021-01-19,0.0006355189,0.00079392846,-0.000120178345,0.0009858268,0.00047968052,0.00088415906
2021-01-20,0.001171401,0.0015325836,0.00011724944,0.0019056362,0.0010222378,0.0016100678
2021-01-21,-0.00025386777,-0.0005805689,-0.00024227009,-0.0006319898,-0.00036662878,-0.00011068655
2021-01-22,-0.00154785,-0.0014518605,-0.0004567781,-0.0019450415,-0.0011473274,-0.0015343095
2021-01-23,6.3931286e-05,6.9610105e-05,4.6406316e-05,8.722097e-05,5.131351e-05,6.0258295e-05
2021-01-24,3.8164395e-05,7.867369e-05,3.3422613e-05,7.7604454e-05,2.3231089e-05,8.7136454e-05
2021-01-25,-3.0957457e-05,0.00033577878,-0.00015614658,0.0002781263,0.00018404385,-0.00022610821
2021-01-26,-0.0005553843,-0.00029721973,-0.00020672422,-0.00053300825,-0.00029038923,-0.0002466369
2021-01-27,-0.0023899416,-0.0032597554,-0.0006104524,-0.0041406206,-0.0022348363,-0.0031104547
2021-01-28,-0.0010770205,1.6884498e-05,-0.0006265286,-0.00029117553,-0.00032354912,-0.00054770726
2021-01-29,-0.000113554954,-0.0015915553,0.000225528,-0.0016787475,-0.00073022826,-0.0013333572
2021-01-30,4.7959506e-06,8.834524e-05,4.7623357e-06,6.929008e-05,4.6221165e-05,-2.9518831e-05
2021-01-31,5.585648e-07,-4.3881468e-05,1.2857458e-06,-4.266552e-05,-1.2833816e-05,-6.374966e-05
2021-02-01,0.0003725857,0.0018717784,9.551343e-05,0.0020313915,0.0009387137,0.0016139946
2021-02-02,-0.00022111324,0.00085381966,-0.00035801003,0.00088471535,0.00024197946,0.0009370381
2021-02-03,0.00017023459,0.00045926424,-2.3257086e-05,0.0005039666,0.00021312032,0.0006117905
2021-02-04,0.00064305007,0.0007605867,0.00039757616,0.00081614614,0.00048491367,0.0008528925
2021-02-05,0.00089470576,0.0014135834,0.0005705509,0.0018736676,0.001122264,0.0014539212
2021-02-06,8.3164334e-05,8.469274e-05,6.5662134e-05,0.00012195837,5.8991238e-05,9.788031e-05
2021-02-07,-1.0665041e-05,-1.8835477e-05,-1.4130292e-05,-1.0513933e-06,-3.92357e-06,-1.36567005e-05
2021-02-08,0.0014378389,0.0021072451,0.0005395216,0.0024967915,0.0013187544,0.0021948137
2021-02-09,0.00048568888,0.0008547452,8.571977e-05,0.0010391163,0.0005434768,0.0008446762
2021-02-10,-0.0002734372,-6.916356e-05,-0.00014088069,-0.00018892194,-0.00015434303,-0.0002548304
2021-02-11,0.00035129665,0.0003853804,0.00011892334,0.00038746704,0.00016006667,0.0004913946
2021-02-12,0.0015420216,0.0013310807,0.0007202177,0.001886202,0.0010373928,0.0015812011
2021-02-13,0.00056481553,0.00052584975,0.0004571043,0.0008385013,0.00041734197,0.0005433296
2021-02-14,-0.00012553402,-0.00011537463,-8.3865045e-05,-0.00018903601,-8.928755e-05,-0.00012299177
2021-02-15,0.00047976605,0.00046662442,0.0002502587,0.00064818485,0.00045133,0.00055506366
2021-02-16,0.0017502304,0.0012268967,0.0010334523,0.0019213525,0.0011499737,0.0017885361
2021-02-17,-0.00020576474,0.00010245824,-0.0001535166,-2.07409e-05,-0.00016679126,-0.00016161351
2021-02-18,-0.0010689471,-0.001126303,-0.00054666365,-0.0016150891,-0.0009505017,-0.001050365
2021-02-19,0.0020030998,0.0016155335,0.0013692544,0.0025019336,0.0013660482,0.001866396
2021-02-20,-0.00017353271,-0.00016335695,-0.000101656595,-0.0002695862,-0.00011664597,-0.0001770401
2021-02-21,0.00013049338,0.00013227598,9.495839e-05,0.00018945833,9.184738e-05,0.00014606553
2021-02-22,0.0007741085,0.00010615794,0.00054454606,0.0007129547,0.00043459772,0.0005145184
2021-02-23,-0.000424619,-0.00038084647,-0.00056375883,-0.0005425509,-0.0002405858,-0.00057225436
2021-02-24,0.0021353487,0.0020727306,0.0013419472,0.00311842,0.0016998035,0.0023761026
2021-02-25,0.0001760038,-0.0018897492,0.0007799837,-0.0019862957,-0.00075790373,-0.0006066062
2021-02-26,-0.0042825933,-0.0035135685,-0.0026132725,-0.0057193027,-0.0031659831,-0.0045197457
2021-02-27,6.807701e-06,6.0516923e-05,5.829645e-06,5.8047914e-05,8.303363e-06,6.510408e-05
2021-02-28,1.4526364e-05,-5.8844937e-05,1.3912688e-05,-5.672607e-05,-1.0917892e-05,-6.308463e-05
2021-03-01,-0.000658585,0.0014420559,-0.00088854466,0.0010322845,0.00028999618,0.0007755103
2021-03-02,0.000113503505,-0.00014321842,1.0889645e-05,2.4022389e-05,-8.879469e-06,-0.00010476297
2021-03-03,0.0008655418,0.00023230448,0.00066031615,0.00046184802,0.00031975398,0.00059451256
2021-03-04,0.0007481656,-0.000692423,0.0004470337,-0.00084923895,-0.00027684763,-0.0001369068
2021-03-05,0.0007673769,0.001282398,0.00019975289,0.0018624082,0.0009786165,0.0012601186
2021-03-06,-2.0130967e-05,8.165904e-06,-1.9645415e-05,1.1717517e-05,6.1618e-06,3.1950647e-06
2021-03-07,1.4730902e-05,8.051329e-05,1.3389508e-05,9.2138886e-05,3.0889114e-05,6.317299e-05
2021-03-08,0.0016400086,0.0007028584,0.0014211809,0.00094091165,0.000577362,0.0013127441
2021-03-09,-0.00017886091,0.0010441587,0.0001447465,0.0017882759,0.001048375,0.00039657624
2021-03-10,-0.0006839834,0.00015398975,-0.0005010534,-0.00016157526,-0.00019588844,-0.00029257903
2021-03-11,0.00031683626,0.0012703722,-1.0193764e-05,0.0016478186,0.0009051004,0.00097352284
2021-03-12,0.000683291,8.3182036e-05,0.00027115166,0.00012559566,2.8018703e-05,0.0004900139
2021-03-13,0.00018255516,0.00024336547,0.00017209162,0.00030260818,0.00016088953,0.00023081068
2021-03-14,-0.00015618249,-0.00018614842,-0.00014503313,-0.00022809437,-0.00012604683,-0.00017376183
2021-03-15,0.00039283765,0.0003662113,0.00037787767,0.00065874244,0.00049437996,0.0003717416
2021-03-16,-0.00042712837,-0.00015796044,-0.00018340386,-0.00025967552,-0.00021725349,-0.0003129931
2021-03-17,1.0873453e-05,0.00013961553,0.00014031603,0.00025941117,8.6787106e-05,0.00018069411
2021-03-18,-0.0009890524,-0.002017863,-0.0010439941,-0.0024379452,-0.0012264593,-0.0015705199
2021-03-19,-0.00086223,-0.00040336626,-0.00069506676,-0.0009773708,-0.00051484146,-0.00061136624
2021-03-20,-2.5732227e-06,8.688745e-06,-1.5458642e-06,1.2162688e-05,1.1551882e-05,-2.105557e-06
2021-03-21,-3.179789e-05,-4.3889926e-05,-3.2854285e-05,-5.0418534e-05,-2.3695336e-05,-3.915053e-05
2021-03-22,-0.0006947587,-0.00020886103,-0.0003866816,-0.0005010051,-0.00031894742,-0.00070817117
2021-03-23,-0.00093865034,-0.0016221893,-0.0008653894,-0.0022476758,-0.0010462569,-0.0016597714
2021-03-24,-5.4412056e-05,-0.00034235543,-4.0499628e-05,-0.0005250359,-6.49582e-05,-0.00024106
2021-03-25,0.00042106493,0.0001173917,0.0002668796,0.00022322928,2.616e-06,0.00019414925
2021-03-26,0.00018733864,0.0016645557,5.972475e-05,0.002502656,0.0008809046,0.0013615845
2021-03-27,-6.139055e-06,7.984814e-06,-7.730605e-06,1.0039912e-06,-1.0626297e-05,8.356491e-06
2021-03-28,1.8186223e-05,3.4757988e-05,1.828634e-05,3.7613627e-05,1.5736105e-05,3.8042697e-05
2021-03-29,0.00027189875,0.00018331152,9.661912e-05,0.00030691654,9.714168e-05,0.00047151372
2021-03-30,0.0005811893,0.00021791138,0.0004945979,0.0004321187,0.00022129326,0.00039470775
2021-03-31,-0.0002859456,0.00012392631,-0.0005348425,0.00019001063,-1.082061e-05,-0.000104216546
2021-04-01,0.0004986505,0.0012113217,0.00047322796,0.0018045518,0.00095282734,0.00090529694
2021-04-02,-3.4014567e-05,0.00019903762,6.817041e-06,0.00020377088,0.000104255785,7.885006e-05
2021-04-03,-0.00019994435,-0.00020856709,-0.00022656604,-0.0003103186,-0.00017960144,-0.0001765551
2021-04-04,0.00041037874,0.00040552043,0.00035259363,0.00061655144,0.00032291355,0.00039788286
2021-04-05,0.0016070447,0.0016349969,0.0015194752,0.0025695858,0.0013661648,0.0015296933
2021-04-06,-0.00025900576,0.00030130657,7.30679e-06,0.00041244825,0.00024525283,-0.00014190451
2021-04-07,-0.0014990261,-0.0011583193,-0.0010652974,-0.0019497433,-0.0010301732,-0.0015867583
2021-04-08,0.00072486536,0.0012520372,0.0008670954,0.0018190295,0.0010094077,0.0008721498
2021-04-09,-0.00016854447,-0.0003677833,-0.00019177665,-0.00033302978,-0.0002377214,-0.0002109651
2021-04-10,0.0004931341,0.0004898516,0.0004424488,0.0008046836,0.00040372895,0.00051083096
2021-04-11,0.00027519246,0.00027163056,0.0002586184,0.00043585504,0.00020898848,0.00025890407
2021-04-12,-0.00030737804,-0.00057784363,-0.0003813583,-0.0008863095,-0.0004768257,-0.00039393245
2021-04-13,0.00093104556,0.0013188397,0.0009134211,0.002067285,0.0010917551,0.0009845229
2021-04-14,0.0002909487,0.0007176267,0.00028195753,0.0010540336,0.00054753426,0.0006543306
2021-04-15,0.0017450276,0.0022591911,0.0016513866,0.0036945806,0.0018544067,0.00174263
2021-04-16,0.0010243156,0.0009856161,0.0009203218,0.0017950049,0.0008622763,0.0009966311
2021-04-17,-0.00013528726,-0.00012070231,-0.00012701683,-0.00022316254,-0.000100205354,-0.00013033111
2021-04-18,-0.0004097377,-0.00039333326,-0.00034043452,-0.00061621185,-0.00032547416,-0.00039770623
2021-04-19,-0.00065211166,-0.0005227492,-0.00062442286,-0.0010315457,-0.00056815695,-0.0006819365
2021-04-20,-0.0013191943,-0.0014100916,-0.0013175171,-0.0024140868,-0.0011581974,-0.0015149942
2021-04-21,0.000981834,0.0011597375,0.00089981256,0.0017780701,0.0008432412,0.00091557164
2021-04-22,-0.00025189473,-0.00029123187,-0.0001908237,-0.0004743629,-0.0002425944,-0.00019949644
2021-04-23,0.0010790054,0.0012964703,0.0010868261,0.0020015584,0.00084890093,0.0011537465
2021-04-24,1.468241e-05,-9.748765e-05,-2.2030397e-05,-8.8537e-05,-3.608291e-05,-6.162732e-05
2021-04-25,5.1858395e-05,3.46731e-05,4.848228e-05,5.3728025e-05,2.8160712e-05,3.8947608e-05
2021-04-26,0.0013301683,0.0015743941,0.0012393036,0.0025129786,0.001170264,0.0015850817
2021-04-27,-0.00019604842,3.317417e-05,-0.00021024942,-9.369789e-06,-0.00010490945,0.00016669524
2021-04-28,0.00015925725,0.00046535442,0.00019489246,0.0005932391,0.00030315775,0.0003825142
2021-04-29,0.0005942919,0.00022436232,0.0005674317,0.00059095595,0.00039771092,0.0005809485
2021-04-30,-0.0015872815,-0.0016368917,-0.0016370631,-0.002549902,-0.0013202982,-0.0015814423
2021-05-01,0.00023032226,0.0002446665,0.00019128266,0.00029993063,0.00017178405,0.0002632042
2021-05-02,-0.00010762734,-0.000115216,-7.862129e-05,-0.0001500811,-8.128341e-05,-0.00012818213
2021-05-03,0.00035706625,0.00092154887,0.00043858818,0.0010296674,0.00048468373,0.0006431513
2021-05-04,-0.0004944764,-0.0010101885,-0.00046822152,-0.0013338032,-0.0006392687,-0.0009127036
2021-05-05,0.0012543829,0.0018703174,0.0010648317,0.0025734473,0.0012295418,0.0017023605
2021-05-06,0.0011170651,0.0014547844,0.0010011012,0.002104011,0.00094367814,0.0013900379
2021-05-07,0.0016134122,0.0018941024,0.0015266859,0.0028458838,0.0013016636,0.002159932
2021-05-08,0.00011047883,0.00011875583,8.485931e-05,0.00017669694,8.627657e-05,0.0001230481
2021-05-09,0.00015041785,0.00015196163,0.00015532554,0.00025101454,0.00011632288,0.00014447338
2021-05-10,-0.0009290192,-0.001091985,-0.0007662598,-0.0015578164,-0.0007425828,-0.0009932348
2021-05-11,-0.0011464221,-0.0013953388,-0.0011018842,-0.0018303496,-0.0011367992,-0.0015495052
2021-05-12,-0.0028562713,-0.0035001915,-0.0025174003,-0.0049693277,-0.0025952884,-0.0034456907
2021-05-13,-0.0012228694,-0.00045191264,-0.0010552303,-0.0013805114,-0.00076538173,-0.0006901719
2021-05-14,0.00029616425,0.0014821374,0.00025984674,0.0018285217,0.00071544753,0.0011834404
2021-05-15,-0.00013266159,-0.00018983721,-0.0001070895,-0.00020932769,-0.00010376131,-0.0002001493
2021-05-16,3.998583e-05,4.8346064e-05,3.8294642e-05,6.749225e-05,2.2518387e-05,4.9648082e-05
2021-05-17,0.001024769,0.00064809603,0.00094722334,0.0010707828,0.0006200631,0.0008457072
2021-05-18,-0.000113258284,0.00017852994,-7.390461e-05,0.00026591323,0.00012571922,-7.5197095e-05
2021-05-19,-0.0017109672,-0.0029290172,-0.0015036454,-0.0038980593,-0.0019181955,-0.00265973
2021-05-20,-0.00047228075,0.00085280865,-0.00050191995,0.0008744468,0.00032807182,0.00023817617
2021-05-21,0.0004695588,-1.4785247e-05,0.0004400311,0.00013640735,9.217807e-05,0.0003401837
2021-05-22,0.00014980126,-1.9598157e-05,0.00015795456,-1.9700154e-05,2.1338854e-05,7.2726296e-05
2021-05-23,0.0002942971,1.0696112e-06,0.00030457394,-3.442033e-05,2.1718011e-05,0.00017998632
2021-05-24,-0.0005302881,0.0004930225,-0.0006297971,0.0007943342,0.00027209078,4.378864e-05
2021-05-25,-5.7769677e-05,0.000118317796,-6.154614e-05,0.00011102105,4.2296444e-05,3.847396e-05
2021-05-26,-0.0002223134,0.00016059731,-0.00025909796,0.00019003374,6.831054e-05,8.822957e-05
2021-05-27,-0.0001780695,0.00028304016,-9.64167e-05,0.00035545416,0.00011982746,0.00016969397
2021-05-28,0.0013694717,0.0012068065,0.0010638866,0.0017786083,0.0009881174,0.0013213181
2021-05-29,0.00012607855,-1.9839197e-05,0.00012304138,-4.813226e-05,-1.437102e-05,9.983305e-05
2021-05-30,-0.00010880237,1.0883738e-05,-0.00010190666,3.7637372e-05,1.01456435e-05,-9.0849666e-05
2021-05-31,-0.00035875972,-5.5245862e-05,-0.00029549559,2.5570407e-05,-3.8875252e-05,-0.00034216707
2021-06-01,0.0008103243,0.0012000294,0.00062293565,0.0017313063,0.0009579173,0.0013242061
2021-06-02,0.00017918431,0.00054037257,4.6909747e-05,0.0005638421,0.0003087689,0.00039611338
2021-06-03,-0.0009568154,-0.0012010772,-0.0007576781,-0.001597587,-0.0009701224,-0.0011629666
2021-06-04,0.001078029,0.0015206366,0.00081171375,0.002069983,0.0011530675,0.0012382508
2021-06-05,2.8789796e-05,-2.8267606e-05,3.3283348e-05,-2.8307988e-05,-1.5327616e-05,1.780986e-05
2021-06-06,-1.0653194e-05,2.4535138e-05,-1.4893105e-05,2.0974947e-05,1.3764186e-05,-1.19947e-05
2021-06-07,0.0004178691,0.00015686236,0.00039003402,0.00044088616,0.00015850946,0.00047896223
2021-06-08,-0.000104094004,5.235059e-05,-0.000106071646,-5.4918637e-05,-2.1612159e-05,-7.5523356e-05
2021-06-09,-0.00041804655,-0.00029681606,-0.00041320734,-0.0004612667,-0.00021186082,-0.0004907612
2021-06-10,0.0008438651,0.0008911441,0.000731066,0.0013088321,0.000718792,0.0009312907
2021-06-11,0.00013902047,-0.00010879077,0.0002957812,-6.319971e-05,-6.935865e-05,6.9911664e-05
2021-06-12,-2.0123864e-06,-1.2109232e-05,-3.90479e-06,-1.09690145e-05,-7.399373e-06,1.0471214e-06
2021-06-13,-0.00013248668,3.603333e-05,-0.00013211714,2.0220265e-05,8.530776e-06,-0.00016163738
2021-06-14,-0.00023564577,-0.00015021185,-0.0001651995,-0.00031983198,-0.00012619923,-0.0004414734
2021-06-15,-0.00015067655,-0.0001549624,-0.0001710081,-0.0003125405,-0.00011032114,-0.0002563948
2021-06-16,-0.0008984646,-0.001582556,-0.00060461194,-0.0020911826,-0.0010142084,-0.0013433022
2021-06-17,-3.1667296e-05,-0.0011543663,4.083671e-05,-0.0013329522,-0.00035189194,-0.0017013705
2021-06-18,-0.001496215,-0.0020690123,-0.0013020863,-0.0029254912,-0.0012190357,-0.0021857186
2021-06-19,4.0418283e-05,-1.1083757e-05,4.0521292e-05,-1.3310204e-05,-1.8692351e-06,5.3806052e-05
2021-06-20,-4.2898082e-05,-3.5550656e-06,-4.2813714e-05,-8.112151e-07,-5.213743e-06,-4.2079257e-05
2021-06-21,2.6685753e-05,0.00040760235,0.00013656849,0.0002936783,4.2666634e-06,0.0004921839
2021-06-22,0.0003378166,0.00057226274,0.00031364936,0.0005706074,0.00010428303,0.0006416085
2021-06-23,-0.0007691087,-0.00025105377,-0.0007418873,-0.0005227707,-0.00042297767,-0.0007452111
2021-06-24,6.550562e-05,0.0009255627,-2.0946833e-05,0.0012126691,0.0004209909,0.00048228278
2021-06-25,6.578414e-05,0.00017857167,7.7582525e-05,1.7301658e-05,-2.9746323e-05,7.415462e-05
2021-06-26,-5.4182867e-05,-3.90857e-06,-5.4741104e-05,5.5721694e-07,-3.4490404e-06,-3.600306e-05
2021-06-27,-0.00022369667,-1.4788753e-05,-0.00022253711,1.7706818e-05,-4.7139597e-06,-0.00014956332
2021-06-28,-0.00057344756,-0.000500099,-0.0005327156,-0.0006262764,-0.0004061549,-0.0006687225
2021-06-29,0.00026881456,0.00016508743,0.00024821653,0.00031269735,0.00017002002,0.00019293968
2021-06-30,-4.709081e-05,9.725621e-06,-6.325136e-05,0.0001451504,3.9673698e-05,0.00013232153
2021-07-01,0.0005753004,0.00042953872,0.00051938155,0.0007660916,0.00032537416,0.00052547426
2021-07-02,6.225303e-05,0.00054589054,5.41222e-05,0.0010287636,0.0005120131,0.00038416072
2021-07-03,-1.8767372e-05,2.9439969e-05,-2.1483822e-05,3.878455e-05,1.868711e-05,1.0464344e-05
2021-07-04,-3.2024578e-05,3.5057168e-05,-3.401324e-05,4.019602e-05,2.4450012e-05,1.8031727e-05
2021-07-05,-0.00015603601,-5.86556e-05,-0.00016366137,-0.00013959313,-0.00014601232,-0.00021955092
2021-07-06,-0.00088671135,-0.0011983421,-0.0007615378,-0.0016927568,-0.0008546174,-0.0014543594
2021-07-07,0.00043709786,0.0004921131,0.0003765213,0.00088442926,0.00054156745,0.0005833335
2021-07-08,-0.0002653514,-0.0013568228,-0.0002082938,-0.0018906165,-0.00084328983,-0.0011247495
2021-07-09,-0.0008372481,0.00061779225,-0.0009368034,0.000797237,6.418986e-05,0.00031523258
2021-07-10,1.4131105e-05,-2.1359365e-05,1.3841868e-05,-9.976808e-06,-1.3271402e-05,1.4857787e-05
2021-07-11,-1.540861e-05,1.3036374e-05,-1.5426547e-05,7.062295e-07,7.798161e-06,-1.4857067e-05
2021-07-12,-0.000118252974,0.0006384497,-0.00016338062,0.000933443,0.00038300554,0.000179941
2021-07-13,-6.0577437e-05,-0.0005240796,-7.0730304e-05,-0.00079694245,-0.000492071,-0.0002614747
2021-07-14,0.000445704,0.00038780607,0.00034004683,0.00081145245,0.00046398886,0.0003993824
2021-07-15,-0.00044413382,-0.0006964301,-0.0002950197,-0.0010280367,-0.0005530341,-0.0007852828
2021-07-16,0.00027221357,-0.0006504001,0.00020362905,-0.0008744991,-0.00033140997,-0.000118087715
2021-07-17,-3.407073e-05,-9.1607235e-06,-3.415272e-05,-1.3811363e-05,-8.935573e-06,-3.2858898e-05
2021-07-18,-2.3416846e-05,-1.1514096e-06,-2.3465198e-05,-1.0173112e-05,-4.68356e-06,-2.0845764e-05
2021-07-19,-4.7366382e-05,-0.002224182,-8.827763e-05,-0.003049212,-0.0012553383,-0.0012340804
2021-07-20,0.00042373157,0.0009864696,0.00023229148,0.0015009425,0.00045902922,0.00079999707
2021-07-21,-0.0026296715,-0.000110146306,-0.0023920627,-0.00038528594,-0.0007853388,-0.0017426953
2021-07-22,-0.0005392172,0.00043811993,-0.00052569323,0.00042931014,1.620295e-05,-0.00019889891
2021-07-23,-2.507167e-05,0.00056140975,-7.900561e-05,0.00056331645,0.00024535527,0.00035533763
2021-07-24,-4.165016e-05,2.8199438e-05,-4.1305113e-05,2.204872e-05,2.7672018e-05,1.1087459e-06
2021-07-25,-2.1843075e-06,5.2893915e-06,-1.8612114e-06,-1.589086e-06,2.5515094e-06,-2.8641648e-06
2021-07-26,0.0003754328,0.0005144111,0.00030145978,0.0007605296,0.00043160692,0.00038627977
2021-07-27,7.8222765e-05,-0.00034150778,0.00014266341,-0.0007144295,-0.00028557226,-0.00016524679
2021-07-28,-0.00010635926,0.0004229716,-0.0002479859,0.0004962221,0.00032122637,0.00015703602
2021-07-29,-3.1004933e-05,0.000861111,0.00012951318,0.0011429789,0.00051618565,0.00013789865
2021-07-30,-0.00066985935,-0.0012232689,-0.00045548708,-0.0018308304,-0.0009854183,-0.0010924161
2021-07-31,7.132564e-05,9.133328e-05,7.188895e-05,0.000113082584,7.006869e-05,9.256882e-05
2021-08-01,-0.00010568158,-0.00011101218,-0.00010650353,-0.00016792992,-9.285164e-05,-9.725386e-05
2021-08-02,0.0002533196,0.0003925099,2.8410554e-05,0.0006289413,0.0003041862,0.0003987496
2021-08-03,0.00050635857,0.0007644193,0.00045575632,0.0009651975,0.0005286993,0.000621693
2021-08-04,-0.00048466152,-0.0003537073,-0.0005088142,-0.0007357926,-0.00039474515,-0.0004984586
2021-08-05,0.00034764476,0.0006719415,0.0003980841,0.00085322274,0.00034178616,0.00047782602
2021-08-06,-0.00030191927,-0.00030962558,3.1811454e-05,-0.0004200983,-0.00039327424,-0.00024699944
2021-08-07,0.00038264904,0.0004193393,0.00038211813,0.000638855,0.00033398267,0.00032550193
2021-08-08,-0.0003503039,-0.00035210545,-0.0003493894,-0.00057920243,-0.00028682017,-0.00033117516
2021-08-09,-3.6430247e-05,-2.0293572e-05,-3.0654224e-05,4.902423e-05,-4.9924943e-06,0.00027462695
2021-08-10,0.0004536287,0.00078720547,0.00044629426,0.0012296564,0.0006110605,0.0005319825
2021-08-11,0.0005998978,0.0010128069,0.00063554035,0.0015683403,0.00068834686,0.000507813
2021-08-12,3.4362904e-05,-0.00013700791,0.00024647082,-0.000107112355,-2.7945285e-05,-0.00013940758
2021-08-13,0.00059023406,0.0012548553,0.00061018893,0.0017716003,0.0006460148,0.0008565241
2021-08-14,0.00020087627,0.00018154044,0.00019316513,0.00031151663,0.00015023399,0.00017081753
2021-08-15,0.00029621183,0.00028705137,0.00029287173,0.0005233024,0.00023688185,0.00027430616
2021-08-16,-0.001189951,-0.0012670871,-0.0011404552,-0.0021488771,-0.0011389955,-0.000960219
2021-08-17,-0.0012588277,-0.0019644406,-0.0012484166,-0.003144972,-0.0014594382,-0.0010794682
2021-08-18,-0.0004241348,-0.0005886298,-0.0004331591,-0.0010701742,-0.00068538997,-9.336097e-05
2021-08-19,-1.7121745e-05,-0.0007217146,6.2313426e-05,-0.0013418267,-0.00049332425,0.00013236115
2021-08-20,0.0010716621,0.00093631254,0.00084743917,0.0011005922,0.00057291286,0.0014953042
2021-08-21,-0.00016288314,-0.00016821868,-0.0001576053,-0.00025359946,-0.00012455818,-0.00016791243
2021-08-22,0.00011929439,0.00012629206,0.00010614827,0.00019428329,9.4099705e-05,0.000121601835
2021-08-23,-0.0010995666,0.0008986576,-0.0011206703,0.0009924382,8.567694e-05,-0.00051502313
2021-08-24,-0.0024357357,-0.000888598,-0.0021669667,-0.001587793,-0.0011146517,-0.0022615495
2021-08-25,-0.00083466363,-7.547646e-05,-0.0005794588,-0.0002624028,-0.00038233856,-0.00071108056
2021-08-26,-0.0012032941,-0.0013489331,-0.0011380841,-0.0020975864,-0.0012012797,-0.0012610195
2021-08-27,0.00107721,0.002160875,0.00095498253,0.0028754978,0.0014138513,0.0015266327
2021-08-28,-4.945861e-05,-5.5627468e-05,-2.5548963e-05,-6.362202e-05,-3.4497687e-05,-4.790671e-05
2021-08-29,-4.2233067e-05,-4.4692933e-05,-2.614845e-05,-6.443256e-05,-3.0435152e-05,-3.7839978e-05
2021-08-30,1.8384904e-06,7.026248e-05,7.870558e-05,0.00038869857,0.00020399879,-0.00015906099
2021-08-31,0.0001338305,0.00017812682,0.00017725317,0.0002840837,0.00018001269,-4.529083e-06
2021-09-01,0.0006063609,0.0008507897,0.0004802455,0.0010778207,0.0005470402,0.0007635555
2021-09-02,0.0006907314,0.00096693455,0.00068309164,0.0014094195,0.000786627,0.0006638482
2021-09-03,0.00025108797,0.00040719152,0.00022250823,0.00062685466,0.00042354735,0.00010673754
2021-09-04,-9.410694e-05,-9.224417e-05,-8.0654325e-05,-0.00014795011,-7.172559e-05,-0.00010274114
2021-09-05,0.0003668805,0.00038676057,0.00034390102,0.00052923686,0.00029623474,0.00039526116
2021-09-06,0.00048147075,0.00054479466,0.00045354172,0.00089741114,0.00054287893,0.00043731535
2021-09-07,-0.0024092235,-0.0027788235,-0.0022853492,-0.0040516066,-0.0021803791,-0.0025818683
2021-09-08,-0.00081689464,-0.0008584728,-0.00088215916,-0.0014127571,-0.000892822,-0.00069497305
2021-09-09,-0.0009446867,-0.00075757253,-0.000951712,-0.0012355488,-0.00076904334,-0.00075408665
2021-09-10,-0.00058192527,-0.0009709095,-0.0005049393,-0.0013375039,-0.0005504251,-0.0009469008
2021-09-11,-2.1046666e-05,4.591108e-05,-1.20423165e-05,2.6433356e-05,-2.0818501e-05,5.2382227e-05
2021-09-12,-2.7648322e-05,7.5021555e-05,-2.9754541e-05,3.9347622e-05,-2.7784747e-05,8.901808e-05
2021-09-13,0.000677513,0.00077828,0.000624888,0.0011824633,0.00050972565,0.0007612053
2021-09-14,-0.00012326542,-0.00025055287,-0.00017569152,-0.00035773995,-0.00012265191,-0.000120563745
2021-09-15,2.7804306e-05,0.00051618094,-0.000111220106,0.00063014653,3.204824e-05,0.00043727318
2021-09-16,-0.00027563222,-0.00083772006,-0.00017017536,-0.00076068426,-0.00034886948,-0.00026933165
2021-09-17,-0.00033787373,-0.001289534,-0.00032332705,-0.0017518239,-0.00073108193,-0.0008234461
2021-09-18,3.0044872e-05,8.637175e-05,3.269349e-05,9.016887e-05,3.7215363e-05,4.542425e-05
2021-09-19,-1.3093331e-05,-9.068893e-05,-1.2736666e-05,-8.700174e-05,-3.6638718e-05,-6.23918e-05
2021-09-20,0.0002364577,-0.0022178697,0.00028111585,-0.003042,-0.0010891161,-0.001105983
2021-09-21,-0.00064610783,-9.124845e-06,-0.0006485926,-0.00014347302,-0.00020361056,-0.0003934741
2021-09-22,-0.0019966029,-1.5512622e-05,-0.0018965269,-0.00024982594,-0.0005395461,-0.001434337
2021-09-23,-0.0013705409,0.00041631036,-0.0013035511,0.00027636578,-0.0001719043,-0.00094412494
2021-09-24,0.00042588628,-6.368545e-05,0.0004955465,-0.00045523807,-0.00036131172,0.00024562818
2021-09-25,-2.8380682e-06,-8.51185e-06,-1.9795752e-06,-9.837271e-06,2.056972e-07,-1.086599e-05
2021-09-26,2.0808551e-05,-6.203336e-06,2.0936277e-05,-4.8668e-06,2.2225697e-06,7.9912525e-06
2021-09-27,0.00058463204,0.00065821304,0.00060429843,0.00086814526,0.00056400563,0.00041891664
2021-09-28,0.0008983159,-0.0015051047,0.0009002416,-0.0018211326,-0.0008504856,-0.00017591864
2021-09-29,0.00081414235,0.00037917902,0.00084294094,0.0010501045,0.000785134,0.0005895981
2021-09-30,0.00040484912,0.00025088558,0.0003532289,0.00032781356,0.0003089298,0.00019055884
2021-10-01,-0.0011944433,-4.3016382e-05,-0.0011076557,8.366638e-05,-7.294134e-05,-0.0009724894
2021-10-02,-2.560468e-05,1.1376841e-05,-2.5089132e-05,1.5174241e-05,1.29408645e-05,-9.2709515e-06
2021-10-03,1.5821969e-06,3.119659e-05,9.230267e-07,3.3334352e-05,2.6125923e-05,1.3940469e-05
2021-10-04,0.00050740794,-1.7430377e-05,0.0005077188,-0.00054026354,-0.00034376234,0.00037423495
2021-10-05,0.00038480802,0.0008603229,0.00022522177,0.0015245602,0.0007854902,0.0004127591
2021-10-06,4.2395146e-05,-0.00026167784,0.00016683772,-0.00035312123,-8.078447e-05,-2.7988668e-05
2021-10-07,-0.00036573908,0.0005856645,-0.00043627463,0.0012216897,0.0006804518,-0.00014074646
2021-10-08,0.0004551953,0.0002741713,0.0005149402,0.0004892198,0.00033911015,0.00034181803
2021-10-09,0.0001380752,0.00016239891,0.0001380752,0.00022159868,0.00011864157,0.00011747204
2021-10-10,-0.00021556784,-0.00025554228,-0.00021556784,-0.0003600788,-0.0001837013,-0.00020474821
2021-10-11,0.001151246,0.00032354906,0.0010843282,0.0007684205,0.00045119008,0.0008649722
2021-10-12,0.00056113926,0.0004217936,0.00056492107,0.00067721616,0.0004864613,0.0005527842
2021-10-13,-0.00042560344,0.00063836045,-0.00042475687,0.0008285536,0.00055916427,-4.2491756e-06
2021-10-14,-0.00035463285,0.0013073375,-0.00017440796,0.0018041518,0.0009781008,0.00050341117
2021-10-15,0.000828107,0.0010195291,0.0007893761,0.0018260878,0.00097327,0.001316206
2021-10-16,-2.1434591e-05,-2.1333366e-05,-2.0688545e-05,-4.3287273e-05,-1.8152456e-05,-2.404605e-05
2021-10-17,-4.8019614e-05,-5.5992678e-05,-4.8807957e-05,-6.460476e-05,-4.545872e-05,-4.6979276e-05
2021-10-18,0.00010133086,-0.000109820474,0.00020502128,-8.066355e-05,-1.6695145e-05,5.1927072e-05
2021-10-19,0.00083663437,0.001145701,0.000750187,0.0017229932,0.00086868776,0.0010114645
2021-10-20,0.0019242001,0.0019099871,0.0019643884,0.0033368713,0.0018354687,0.0018403389
2021-10-21,-0.00087878393,-0.0013731744,-0.00084790617,-0.002013847,-0.0009813992,-0.001029971
2021-10-22,-0.0003231915,0.00027261575,-0.00037618523,1.2318965e-05,-0.00014422645,-0.00014571023
2021-10-23,0.00015752294,0.00017606876,0.00015587117,0.00023543875,0.00014007182,0.00015913085
2021-10-24,-5.047272e-05,-5.2050447e-05,-4.8365728e-05,-8.4427666e-05,-4.1320945e-05,-4.8508715e-05
2021-10-25,0.00079964276,0.0011566428,0.0007062087,0.0017526636,0.0007414997,0.00094140484
2021-10-26,0.00040176304,0.00023550476,0.0003052441,0.00035746748,0.00014119287,0.00037015448
2021-10-27,-0.0021604472,-0.002115807,-0.0020763965,-0.0035234147,-0.0015159129,-0.0022245513
2021-10-28,0.00063636806,0.0009061273,0.0007117559,0.0014578683,0.0003321599,0.0005666756
2021-10-29,-0.00045549372,-0.00065801677,-0.00038624406,-0.00095878664,-0.00048169584,-0.0002720281
2021-10-30,-7.820805e-05,-0.0001062073,-7.7500845e-05,-0.00014537027,-7.634162e-05,-0.00011183426
2021-10-31,-2.6504904e-05,1.5724383e-05,-2.2850283e-05,4.0137093e-06,-1.8088078e-05,3.111019e-05
2021-11-01,0.0019007423,0.0018341603,0.0015578031,0.0031225958,0.0013548186,0.0019514185
2021-11-02,0.0005214109,0.00036312707,0.00051252294,0.000715346,0.00028947004,0.0006132985
2021-11-03,-0.00018152408,0.0002754537,-9.662227e-05,0.00043855922,-5.5645156e-05,-0.00018606063
2021-11-04,0.0002909552,0.0002284839,0.00040602274,0.0004555004,0.00021755561,3.4971137e-05
2021-11-05,0.00090575544,0.0009458236,0.0008813493,0.0016753733,0.0007835663,0.0008784011
2021-11-06,6.110572e-05,6.626451e-05,5.9513608e-05,0.00012299753,4.951218e-05,5.29219e-05
2021-11-07,7.396679e-05,0.00010514919,5.654026e-05,0.0001309839,7.476447e-05,9.8817996e-05
2021-11-08,0.00014940086,0.0004293427,0.0001652128,0.0005970441,0.00018980334,0.0002894619
2021-11-09,-0.0003072579,0.000103834696,-0.00024442302,-0.00027406338,3.8263996e-05,-0.00020042178
2021-11-10,-0.002108794,-0.0025297233,-0.0019514794,-0.004015817,-0.0018685878,-0.0021011054
2021-11-11,0.0007743235,0.0009374547,0.0006281538,0.0014134302,0.0006993724,0.0010562019
2021-11-12,0.00045451478,0.0006744671,0.0005099615,0.001016178,0.0003690759,0.00025575177
2021-11-13,0.000101163445,0.00012208904,9.395001e-05,0.00016524985,8.416997e-05,0.00012171168
2021-11-14,8.769605e-05,8.3691935e-05,7.249137e-05,0.000119833836,7.9003396e-05,9.061448e-05
2021-11-15,-0.00021539729,-5.187376e-05,-0.00024383147,-3.806596e-05,-0.00011773685,-2.1981774e-05
2021-11-16,-0.00034963686,-0.00072723697,-0.00032211505,-0.0008255945,-0.00057069655,-0.00032610362
2021-11-17,0.0001636644,8.177013e-06,2.531427e-05,4.599644e-06,0.00011714263,-0.00027991028
2021-11-18,-0.00052008097,-0.00070553046,-0.0005401875,-0.0009525825,-0.0005034776,-0.00084562
2021-11-19,-0.00034724767,-0.000528745,-0.0004798299,-0.0009796744,-0.0004545485,-0.00070449885
2021-11-20,-6.5835266e-05,1.6341763e-05,-6.6264874e-05,-4.829052e-06,-1.7693721e-05,-1.780904e-05
2021-11-21,4.7731683e-05,-9.983696e-06,4.351716e-05,2.514745e-05,2.1600794e-05,-6.8468626e-09
2021-11-22,0.0010609602,-0.00024589995,0.0008132872,-3.35458e-05,0.0003397368,0.0005451022
2021-11-23,-0.0007134367,-0.00018233375,-0.000851724,-0.0003631649,-0.00013511722,-0.00037855434
2021-11-24,0.000371681,0.00023633658,0.00029668072,0.00033360993,0.00018812004,0.0004247254
2021-11-25,0.00041027478,0.00029870807,0.00020226643,0.00060317974,0.00029897885,0.0004153054
2021-11-26,0.00015069134,-0.0036830183,0.0006166874,-0.0050375033,-0.0017824975,-0.0029899757
2021-11-27,-7.9480225e-05,-4.33474e-06,-7.959747e-05,-6.114069e-06,-1.5801592e-05,-4.4940803e-05
2021-11-28,-0.00016478777,-1.6372374e-05,-0.0001649082,-9.389222e-06,-2.864248e-05,-0.00010267682
2021-11-29,0.00024117179,0.00054648484,0.00022965853,0.00081178854,0.00021865685,0.00042118834
2021-11-30,0.0008576048,-0.0009961168,0.0010395425,-0.0011984846,-0.00015247447,-0.00036169525
2021-12-01,0.00072023185,0.00017154147,0.00078977103,0.0002985513,0.00020907931,0.00041223154
2021-12-02,-0.0016318586,0.0001148409,-0.0017379093,0.00012335303,-0.00011141548,-0.001012535
2021-12-03,0.0010207047,4.29308e-05,0.0010218259,0.0001382442,8.053593e-06,0.0003877765
2021-12-04,0.00055483065,3.8688722e-05,0.00055483065,0.0001239002,8.599955e-05,0.00040660522
2021-12-05,0.00021101537,3.8677525e-05,0.00021101537,9.422658e-05,5.7935387e-05,0.0001784366
2021-12-06,-0.0011497688,6.0581428e-05,-0.001174273,0.0005093387,0.00012405349,-0.00036684683
2021-12-07,-0.0031126654,0.00015422946,-0.0026697358,3.419942e-05,-5.4836364e-05,-0.0016368639
2021-12-08,-0.0016877196,-0.0005277149,-0.001330206,-0.001342612,-0.00072515797,-0.001332975
2021-12-09,0.00031610802,-0.0006008169,0.0006141744,-0.00083372253,-0.0004555305,-0.00042398594
2021-12-10,0.0006048767,0.0004996217,0.00034226498,0.0007016228,0.00032473064,0.0007455994
2021-12-11,-0.00042150242,-6.475071e-05,-0.00040689044,-0.0001629316,-7.323226e-05,-0.0003488864
2021-12-12,-6.6063876e-05,-2.8327345e-06,-6.4189204e-05,-8.414588e-06,-8.194343e-06,-3.5922047e-05
2021-12-13,0.00076150894,-0.0003527413,0.00082968024,-0.00042903467,-0.00020754531,4.4226035e-05
2021-12-14,0.00031606716,-0.00031533014,0.00030120896,-0.0004962402,-0.00032492165,4.8219026e-05
2021-12-15,-0.00037606593,0.00044806296,-0.00053285714,0.00055411406,0.00023412681,-2.3296174e-05
2021-12-16,-0.0009983538,7.875068e-05,-0.000739882,-4.3993274e-05,-4.7552836e-05,-0.0008728793
2021-12-17,9.8248085e-05,-0.0007626335,0.00023799406,-0.0009885923,-0.00058489694,-0.0004352239
2021-12-18,-0.00014750265,-7.81067e-06,-0.00013058682,-3.8952334e-05,5.1029883e-06,-9.410034e-05
2021-12-19,2.6082545e-05,-3.1785917e-06,1.8234361e-05,2.5546547e-06,-1.0109503e-06,1.4366668e-05
2021-12-20,0.00040147654,-0.0010358193,0.00030841376,-0.0011944034,-0.0006894165,-0.00033454256
2021-12-21,-0.001627334,0.00044164606,-0.0011614113,0.0005445189,0.00014653118,-0.000755312
2021-12-22,-0.00091587735,0.0007106574,-0.0006847429,0.0006096561,0.00038582584,-0.0003166278
2021-12-23,-0.0005965061,0.00050910626,-0.00049542385,0.00034441976,0.00035300112,-0.000116176554
2021-12-24,-0.00012054242,-0.0001502746,-5.2164793e-05,-0.00017229318,-9.6940654e-05,-0.00029054814
2021-12-25,-4.911849e-06,4.3348427e-05,-3.8977005e-06,3.8286413e-05,4.6461024e-05,1.950173e-05
2021-12-26,1.850369e-05,4.4948956e-05,1.566593e-05,4.5356664e-05,2.7737875e-05,2.6789425e-05
2021-12-27,0.0008399333,0.001279953,0.00053102034,0.0016152767,0.00095214933,0.0012348385
2021-12-28,-6.0706625e-05,-0.00017323068,-8.978799e-05,-0.00015477001,-0.000113411064,-0.00010278957
2021-12-29,0.00033936437,9.802312e-05,0.00029360273,0.0002976835,0.00015913472,0.0002092119
2021-12-30,-5.9864757e-05,9.491388e-05,3.5693338e-05,0.0001338154,0.00013378142,-0.00018728814
2021-12-31,-0.00018101302,-0.00020997501,-0.00011045642,-0.00028231935,-0.00011118295,-0.00017876434
2022-01-01,-6.5790795e-05,6.7277375e-05,-6.5790795e-05,6.843044e-05,3.613711e-05,-0.00012453213
2022-01-02,-6.5058586e-05,-1.4630312e-05,-6.2608444e-05,-3.618464e-05,-1.1682249e-05,-6.516633e-05
2022-01-03,0.0005203025,0.00015406714,0.0004133559,0.0003380111,-3.3355198e-06,0.00048962096
2022-01-04,0.00079889083,0.0009400086,0.00077675405,0.00143042,0.0006426107,0.00088326144
2022-01-05,-0.00019818654,-0.0012374688,5.6423538e-05,-0.0014922402,-0.0006923959,-0.00059691846
2022-01-06,-0.0011636404,-0.0011522266,-0.0010871503,-0.001984607,-0.0010469143,-0.0009345009
2022-01-07,0.00019807245,0.00020493753,0.00016265128,0.00020217604,0.00014387343,0.00010618845
2022-01-08,0.0001696559,3.8708597e-05,0.0001458337,6.93149e-05,5.3013817e-05,0.00011456797
2022-01-09,-5.8417023e-05,5.151158e-06,-4.7858364e-05,5.82969e-06,-1.2987977e-07,-3.183937e-05
2022-01-10,-0.00066688855,-0.0010960246,-0.0004339043,-0.0015702579,-0.00074448285,-0.0009222048
2022-01-11,0.00014179583,0.0013736188,7.591611e-05,0.0017668107,0.00071576505,0.00020000515
2022-01-12,0.0004965393,0.0010907411,0.0003412064,0.0016564938,0.00076068967,0.00035231095
2022-01-13,-0.0006926694,-0.0011023332,-0.0005615254,-0.0015980931,-0.0010535528,-0.00090336706
2022-01-14,-0.00024249927,-0.0002937009,-0.00015272587,-0.00044796063,-0.00043420852,-0.00031512178
2022-01-15,-5.493355e-05,-1.8432644e-05,-3.451185e-05,-2.6287651e-05,-1.3828561e-05,-6.0561655e-05
2022-01-16,-2.0628462e-05,5.5258324e-06,-2.0291423e-05,6.702365e-08,-4.0942223e-07,1.9954506e-07
2022-01-17,8.71902e-05,0.00017782323,9.926167e-05,0.00025508864,7.621092e-05,0.00013027777
2022-01-18,-0.0005020037,-0.0016471359,-0.0003348149,-0.0021487703,-0.0013344642,-0.0008692917
2022-01-19,0.0007634295,0.0005250247,0.000645963,0.00072171673,0.0005253421,0.00046290504
2022-01-20,0.00070728187,9.471173e-06,0.0005109103,-2.9803583e-05,6.3218315e-05,0.00023648712
2022-01-21,0.0009343097,-0.0010799268,0.00064420694,-0.0011788472,-0.000417362,0.0001680718
2022-01-22,0.0006466081,0.0002011827,0.00044754168,0.00027407747,0.00022810315,0.0005425976
2022-01-23,-0.00042808786,-0.00014312145,-0.00027171368,-0.00019064611,-0.0001612991,-0.00036633265
2022-01-24,-0.0007140266,-0.0015918179,-0.0002808186,-0.0020106733,-0.00088172493,-0.0013407966
2022-01-25,0.0010599411,0.0004898898,0.0008185017,0.000555491,0.000121067314,0.00075570063
2022-01-26,0.0007474647,0.0003233114,0.0001794027,0.00056152587,0.00012297151,0.0007130945
2022-01-27,0.0010313006,9.45011e-05,0.00037024735,1.4959959e-06,-2.2913786e-05,0.0007192171
2022-01-28,-0.001123141,3.7423626e-05,-0.0001255763,0.0003078076,0.00041765638,-0.0010747415
2022-01-29,-0.00017081511,-5.0157953e-05,-9.918601e-05,-5.309076e-05,-2.4424811e-05,-0.00012838516
2022-01-30,0.00014200494,4.4464323e-05,0.00012022314,4.4862845e-05,1.7255386e-05,0.000106691215
2022-01-31,-0.0018631443,0.00026976177,-0.0009594889,0.00027112348,0.0003193459,-0.0011857764
2022-02-01,-0.0016816341,4.754702e-06,-0.0010848972,-0.00032443998,-0.00029428813,-0.00088976684
2022-02-02,-0.0010765367,-3.4988978e-05,-0.0007056606,-0.00055353,-0.00043054536,-0.0005597753
2022-02-03,0.00088133616,-0.0005715903,0.00024369352,-0.00040767668,-0.00043076603,0.00048327414
2022-02-04,-0.0008845307,-9.808136e-05,-0.0005948768,-0.00018677213,-0.00017029603,-0.000524701
2022-02-05,-8.072939e-05,-5.0601006e-06,-4.3775497e-05,-3.9695074e-06,2.162079e-05,-5.4500557e-05
2022-02-06,-3.5751033e-05,4.4026518e-05,-1.541223e-05,5.271268e-05,6.6878456e-05,-3.977662e-05
2022-02-07,1.3382551e-05,0.00052080915,-0.0001209453,0.0006584744,0.0005947856,-8.099847e-05
2022-02-08,-0.0006185986,-2.4825815e-05,-0.00023688206,-0.00034736955,-0.00014271632,-0.0002119793
2022-02-09,-0.00035134444,0.0014002353,-7.3081756e-05,0.0018112406,0.0012032171,0.00027201357
2022-02-10,0.00030394876,-0.0010570412,0.000311684,-0.0013889896,-0.0009842652,0.00012809859
2022-02-11,-6.690493e-05,-0.00034077695,-0.00036246463,-0.00046877883,-0.00035206613,-6.0402745e-06
2022-02-12,1.8083461e-05,1.9651141e-05,2.6646108e-05,3.0665346e-05,2.2815146e-05,8.998313e-06
2022-02-13,1.8253515e-05,7.936841e-06,1.0438101e-05,1.8180752e-05,1.4752545e-05,2.0222642e-05
2022-02-14,-0.00013120797,-0.0009370067,-0.00017374757,-0.0013569864,-0.001001941,-0.00030752283
2022-02-15,-0.00064476713,0.00036515022,-7.985145e-05,0.00013099072,9.611991e-05,-0.00075885217
2022-02-16,0.00018802614,0.0006912545,6.725991e-05,0.00097171695,0.0006062846,0.00035335572
2022-02-17,-0.00071470824,-0.0013261687,-0.00043628318,-0.0016255117,-0.0011076239,-0.0006656536
2022-02-18,-0.00019565962,-0.00051981956,-0.00014843582,-0.0005926506,-0.00037329856,-0.0001422162
2022-02-19,-1.4405595e-05,7.6038714e-06,-1.5248081e-05,6.9248804e-06,7.2037e-06,-9.7428665e-06
2022-02-20,0.00014698252,-9.999604e-06,0.00014793358,1.1092425e-05,9.198476e-06,7.779698e-05
2022-02-21,0.00045527786,-0.000107464024,0.00037051743,-0.00017806533,-7.946628e-05,9.290425e-05
2022-02-22,0.0005379137,3.097548e-05,0.00010619162,0.00028761438,7.820158e-05,0.00060707587
2022-02-23,0.0016969653,0.0004953439,0.0012071328,0.00077847537,0.0005113723,0.001417361
2022-02-24,-0.00018722417,-0.0011618446,8.903241e-05,-0.0011782498,-0.00069112564,-0.0007349773
2022-02-25,-0.0049644904,-0.001158627,-0.003628698,-0.0024984735,-0.0013949777,-0.0041351975
2022-02-26,-7.098282e-05,-3.0523905e-05,-7.098282e-05,-3.079179e-05,-1.578147e-05,-4.5028242e-05
2022-02-27,0.00031228006,7.024956e-05,0.00031228006,8.9637644e-05,1.3814414e-05,0.00022183712
2022-02-28,0.00094525085,0.0013686118,0.00030513672,0.001948524,0.001291724,0.00098706
2022-03-01,0.0031750416,0.0016772696,0.0017013344,0.00241967,0.0013582308,0.0025513563
2022-03-02,0.00058808626,0.00097431836,-0.00012167312,0.0015086201,0.0009156986,0.0008169274
2022-03-03,0.0017010617,0.000663493,0.0010084166,0.0010289118,0.0005782136,0.0016048787
2022-03-04,0.004540496,0.0015793046,0.0021748312,0.0026925758,0.0014160407,0.0036733097
2022-03-05,-0.00011013875,-1.0358828e-05,-0.00011056103,-1.21423445e-05,-9.190915e-07,-9.473962e-05
2022-03-06,0.00016234667,1.8827348e-05,0.00016491638,1.2688291e-05,-6.5501545e-06,0.00011092261
2022-03-07,0.0043582455,0.0002775285,0.0014905905,0.0014262134,0.00077334914,0.0038534652
2022-03-08,0.0005578372,0.000616871,-7.8911675e-05,0.0010015506,0.0005331111,0.0008243793
2022-03-09,-0.0065828776,-0.002579461,-0.0021267142,-0.0046116933,-0.0023714022,-0.0059063924
2022-03-10,-6.572091e-05,-0.00014913824,0.00032531488,-0.0006766813,-0.0005359039,-0.00013437009
2022-03-11,0.001735245,0.00037129762,0.00040623732,0.00089689303,0.00054304197,0.0015265408
2022-03-12,1.6866015e-06,1.6282207e-05,1.6866015e-06,2.6333666e-05,2.4600786e-05,7.09681e-06
2022-03-13,0.0001281455,-5.1702244e-07,0.0001281455,9.013422e-06,-2.4798455e-05,7.9297075e-05
2022-03-14,-0.00029830233,-0.0008652741,-0.00029081746,-0.0010565317,-0.00057146966,-0.0003052223
2022-03-15,-0.0015720886,-0.00078965334,-0.00041966012,-0.0012053797,-0.0007070006,-0.0016500428
2022-03-16,-0.0035659038,-0.0002740808,-0.0008398451,-0.00040960585,-5.2716594e-05,-0.0026483268
2022-03-17,-0.00028088802,0.0011113306,0.0001261463,0.0010809131,0.000709461,0.00033313522
2022-03-18,-0.00017241095,0.00042727226,-6.730932e-05,0.0003172273,0.00022494413,0.0001187041
2022-03-19,-2.1490896e-05,9.34173e-05,-2.1490896e-05,7.984825e-05,0.00010888614,3.9052466e-06
2022-03-20,-4.0375162e-05,-6.84318e-05,-4.0375162e-05,-8.0608916e-05,-8.17226e-05,-1.5916796e-05
2022-03-21,0.0014109922,0.0007792542,0.0007169982,0.0010927886,0.0007040424,0.0015461548
2022-03-22,0.00110986,0.0011478008,0.0006479499,0.00168376,0.0009565461,0.0009761846
2022-03-23,0.00060377707,0.00041639173,0.00068331073,0.0010698362,0.0009416252,0.0007726873
2022-03-24,0.0015423296,0.0010701793,0.00060994725,0.0017184793,0.0009339362,0.0014396089
2022-03-25,0.0014101496,0.00076695986,0.00074307714,0.0014177834,0.00063423155,0.0012863632
2022-03-26,0.00014094035,0.0001439899,0.00014150403,0.00021924142,0.00014676563,0.00012220272
2022-03-27,0.00043487767,0.00044156643,0.0004343056,0.0007311001,0.0004415661,0.0003878217
2022-03-28,-6.102276e-05,-0.00049942796,-2.3123964e-06,-0.00039808487,-0.00037214925,-0.00029789412
2022-03-29,0.00062596344,0.0013565765,0.0005084263,0.0023034636,0.00088653713,0.00036516713
2022-03-30,-0.0005778283,-6.953216e-05,-4.3911998e-05,-0.00027216104,-5.2980027e-05,-0.0005217744
2022-03-31,-0.0021059185,-0.002068155,-0.0011305251,-0.0035702325,-0.0016988185,-0.0021160604
2022-04-01,0.00087140815,0.00075268606,0.00055767235,0.0011928972,0.00040091432,0.00070198486
2022-04-02,-9.651619e-05,-9.706991e-05,-9.353106e-05,-0.00017566982,-9.434635e-05,-9.589815e-05
2022-04-03,0.00020541817,0.0002284385,0.00019864443,0.00035136595,0.00020852561,0.00024717685
2022-04-04,0.00073937554,0.00084576936,0.00025582826,0.0012636293,0.00057054363,0.00088768796
2022-04-05,-6.262176e-05,-0.0010322254,-0.00036192877,-0.0012811149,-0.0006582255,0.0001606751
2022-04-06,-0.001046145,-0.0016344565,-0.0010566877,-0.002229213,-0.0011053347,-0.0010896665
2022-04-07,-0.0006176319,-0.00013866318,-0.00016967123,-0.00044311932,-0.0002456384,-0.00039967292
2022-04-08,0.00028111073,0.00032080628,2.0822986e-06,0.0004891926,0.00025310885,0.00031147426
2022-04-09,5.080323e-06,8.337727e-05,4.0498667e-06,7.9989666e-05,3.469942e-05,9.70678e-05
2022-04-10,3.4167704e-05,-2.6418567e-05,3.698714e-05,-1.6151835e-05,-2.7759197e-07,-3.8218524e-05
2022-04-11,0.00028493343,-0.00088423566,0.00018482775,-0.00074091105,-0.00031506436,-0.00045846507
2022-04-12,-0.00031457693,0.00017577161,-0.00028317136,0.00024545612,0.00027109397,5.7211804e-05
2022-04-13,-0.00042986474,0.000510064,-0.00061567716,0.0004583502,0.00015707643,0.00029556282
2022-04-14,0.0007574645,7.436629e-05,0.00040534744,0.00033864935,0.0001461911,0.00027679862
2022-04-15,-7.257631e-05,7.0467526e-05,-0.00015837413,9.041606e-05,0.0001100293,3.8992886e-05
2022-04-16,-4.8105798e-05,-1.8077772e-05,-4.1283627e-05,-2.2209455e-05,-1.1129011e-05,-2.6246897e-05
2022-04-17,0.00018188314,2.034355e-05,0.00016965147,4.752209e-05,6.9207176e-06,5.0263443e-05
2022-04-18,0.0007330986,0.000554517,6.813913e-05,0.0010164399,0.0006654309,0.0008837205
2022-04-19,-0.00036428924,-0.00048986817,-0.0004579111,-0.00073224,-0.0004677122,-1.7928513e-05
2022-04-20,0.00030353182,0.0010532096,-0.00020135626,0.0014471048,0.0009466064,0.0006692602
2022-04-21,8.200676e-05,-0.00087543816,0.0001901976,-0.001003535,-0.00089006673,-0.0003429224
2022-04-22,-0.0001418119,-0.0015503882,0.0005991322,-0.0014722545,-0.0009411438,-0.0012709199
2022-04-23,8.726059e-05,2.4715362e-05,8.7737135e-05,3.2710155e-05,1.3331093e-05,4.2759933e-05
2022-04-24,3.4114844e-05,-3.058192e-05,5.1963227e-05,-3.4160905e-05,-3.6068745e-05,-1.2029537e-05
2022-04-25,-0.001267328,-0.0013229632,-0.00056867395,-0.0016505888,-0.0010352443,-0.0016523299
2022-04-26,0.0023480435,0.00023788723,0.0020952409,0.00030000374,0.00023190421,0.0010147385
2022-04-27,0.00039863744,0.00022227455,0.00025353968,0.000404002,0.00034451013,0.000400761
2022-04-28,-0.0008310902,0.00027800738,-0.0006844504,0.00065936137,0.0003380225,0.00012011055
2022-04-29,0.0021358598,0.00042975246,0.0012146265,0.00057756656,0.00027581418,0.0013234338
2022-04-30,0.000520152,0.00013838091,0.00051681336,0.00015282663,1.1400126e-05,0.00040501668
2022-05-01,-0.00040275187,-0.0001236369,-0.00038128067,-0.00012050549,-1.4288418e-05,-0.00036879836
2022-05-02,0.00056674186,-0.00029201744,0.0003648728,-0.00043950244,-0.0002607934,-0.00021278056
2022-05-03,-0.0003322758,0.00012372693,-0.0001544697,0.000388962,0.00025970032,-0.000101892554
2022-05-04,-0.0033017201,-0.00047153427,-0.0021215626,-0.00052210194,3.977816e-06,-0.0022505329
2022-05-05,0.0024112775,-0.0003759984,0.001995724,-0.0011054532,-0.0011585082,0.0013857263
2022-05-06,0.003304034,0.00095837604,0.0015218401,0.0019910533,0.0010732437,0.0022945015
2022-05-07,0.00024053005,5.33304e-05,0.00020330887,4.9469967e-05,-1.5551019e-05,0.00017384262
2022-05-08,0.0002792529,0.00012019791,0.00024060268,0.00011119286,3.030593e-05,0.00025893116
2022-05-09,0.0041433987,0.00015638025,0.003162269,-0.00016971937,-0.00052248914,0.0022759212
2022-05-10,-0.0001890064,5.228446e-05,-0.00010793427,9.023084e-05,9.284928e-05,-0.00026691798
2022-05-11,0.0015974041,0.00084739504,0.0012204692,0.0007441178,0.0002618678,0.0015144197
2022-05-12,0.0020565577,0.00052271003,0.0012414291,0.00056933635,0.00021007082,0.001574979
2022-05-13,-0.0031429706,-0.00071610184,-0.0021401504,-0.00022010833,6.388956e-05,-0.002463104
2022-05-14,-0.0002655811,-8.887514e-05,-0.00015566156,-6.971702e-05,-6.814185e-06,-0.00024719146
2022-05-15,-0.0004156424,-0.00012366519,-0.00020584223,-9.842859e-05,-6.8488775e-06,-0.00032784426
2022-05-16,-0.0002770008,0.00027711695,3.594238e-05,2.6399983e-05,8.968173e-05,1.3391049e-05
2022-05-17,-0.0027850159,-0.00064212125,-0.0013913489,-0.0005010441,-0.00014912826,-0.0017325712
2022-05-18,0.000734254,-0.0007559251,0.0009898472,-0.001487402,-0.0010071164,-0.00050250953
2022-05-19,-8.759888e-05,-0.00012958293,-0.00010417363,-7.373659e-05,-0.00010246059,-0.0003766345
2022-05-20,-0.0012035128,-0.0003459812,-0.00035043558,-0.0008604446,-0.00048088274,-0.0010394467
2022-05-21,-9.205978e-05,-1.1163078e-05,-1.8508908e-05,-7.0648234e-06,7.285882e-06,-7.285248e-05
2022-05-22,-0.00018264883,-2.2461001e-05,-4.546061e-05,-6.9700636e-06,1.6764612e-05,-0.00013766982
2022-05-23,-0.000954304,0.00015210004,-0.0006057511,0.00022461302,0.00017527118,-0.0005553808
2022-05-24,-1.0689734e-05,-0.00015757435,0.00024044432,-0.00023520469,-8.265562e-05,-0.00031564676
2022-05-25,-0.0001870921,6.831206e-05,2.286012e-05,0.00015316468,8.619597e-05,-0.00023680483
2022-05-26,-0.00035094703,0.00054595363,-0.00017134813,0.00071374106,0.00038780825,1.7869914e-05
2022-05-27,-0.0004263048,0.0007377335,-0.00032464575,0.0009612529,0.00053078384,0.00015927835
2022-05-28,-0.00012382901,-2.3832345e-05,-5.8652207e-05,-2.5144358e-05,5.0053213e-06,-0.00013658911
2022-05-29,-0.00014144492,-2.744465e-05,-6.430782e-05,-2.8930883e-05,5.8944665e-06,-0.00015330753
2022-05-30,-0.0006763258,-1.3345993e-05,-0.00045071423,-5.99673e-05,4.8924398e-05,-0.000613038
2022-05-31,-0.00088712666,-0.0010223018,-0.0007093566,-0.0013861126,-0.0007602928,-0.00088202045
2022-06-01,-0.0003518667,-0.00062010664,-0.00028790176,-0.00090828224,-0.00047192685,-2.1617963e-05
2022-06-02,0.00056333374,0.0013026493,0.00056513626,0.0017309872,0.00088886276,0.00078605925
2022-06-03,6.2283914e-05,-0.0006264115,-5.2751508e-05,-0.0006508476,-0.00021219623,-0.00021337587
2022-06-04,-6.5049615e-05,-1.6843063e-05,-5.8069538e-05,-2.4166124e-05,-7.382691e-06,-8.1788414e-05
2022-06-05,2.79539e-05,1.01194e-05,2.2140375e-05,1.2874212e-05,4.057034e-06,2.8984276e-05
2022-06-06,0.00020191974,0.00030777088,7.861802e-06,0.00054423104,0.0004288137,0.0005158483
2022-06-07,0.00031548398,0.0006035317,0.0002491477,0.00078447314,0.00035883705,0.0003620031
2022-06-08,0.00016564512,-0.0002002865,0.00019258402,3.167415e-05,0.00021176219,0.000320838
2022-06-09,-0.0005125065,-0.0010859662,-0.000518531,-0.0013546044,-0.00043127986,-0.00021012065
2022-06-10,-0.0009149417,-0.0020257037,-0.00078020804,-0.0025246649,-0.000985329,-0.0004397244
2022-06-11,0.00028018092,1.9153958e-05,0.00028909888,3.9065566e-05,-8.472797e-07,0.0003217109
2022-06-12,0.0003633329,8.696838e-05,0.0003511766,0.00011761864,5.7042587e-05,0.0003997195
2022-06-13,0.0017628359,-0.0014538976,0.00091868965,-0.0010767503,0.00030901103,0.0020236436
2022-06-14,0.0006529291,-0.00031637022,0.00025416588,-0.00025776628,0.00014232792,0.00044553826
2022-06-15,-0.0023728244,-0.00042271876,-0.0013944426,-0.0009272055,-0.00085109804,-0.0020941466
2022-06-16,0.0022362133,0.00048283063,0.0012553035,0.00030641834,0.00010673334,0.0017194239
2022-06-17,-0.0007467294,-0.00068570813,-0.00011107154,-0.0010611775,-0.0006242919,-0.0010310983
2022-06-18,0.000368404,0.00013242553,0.00017313073,0.00014636989,6.4983025e-05,0.00032701416
2022-06-19,-0.00067078375,-0.00022402064,-0.00030415918,-0.00024202977,-8.4041734e-05,-0.00058042654
2022-06-20,0.000469824,0.000428068,0.00015587725,0.0007548661,0.00046730877,0.00039986492
2022-06-21,-0.001892961,-0.0005223264,-0.0008197235,-0.00071685534,-0.0003435478,-0.0015861528
2022-06-22,0.0009715412,0.00015254009,0.00052160583,0.00010656604,5.509327e-05,0.00073735433
2022-06-23,0.00038247602,2.3196148e-05,0.00027519278,0.00020464629,0.00023345527,0.00016617283
2022-06-24,-0.003076556,-0.0007469456,-0.0011995279,-0.0007343466,-0.00019901236,-0.0025717467
2022-06-25,-1.6053918e-05,-9.4591644e-07,-6.9030552e-06,8.050113e-06,1.2282433e-05,-1.1497657e-05
2022-06-26,3.8945014e-05,-2.0654246e-05,1.5951453e-05,-4.0334642e-05,-4.8035876e-05,-5.3586023e-06
2022-06-27,-0.00083906844,-0.00033846716,-0.0003973725,-0.00055199576,-0.00034859826,-0.00061707676
2022-06-28,0.00045284352,-1.24963935e-05,0.00012304388,4.5070832e-05,-4.9784256e-05,0.0004936349
2022-06-29,0.00082697783,0.00019252537,0.00030787083,0.00020349205,8.3287356e-05,0.00068608206
2022-06-30,0.0014180201,0.00013314503,0.00074895326,7.6371245e-05,-5.967307e-05,0.00096989487
2022-07-01,-1.774231e-05,-3.4215539e-06,0.00023376553,-4.994679e-05,-3.6041558e-05,-0.00013199198
2022-07-02,-6.1002967e-05,-1.2329299e-05,-3.8198417e-05,-2.0718047e-05,-3.6762906e-06,-5.5273988e-05
2022-07-03,-1.8532233e-05,2.1981145e-06,-1.7882376e-05,-1.6239227e-06,1.2018855e-06,-2.4782328e-05
2022-07-04,0.000107458865,0.00011345677,-0.000112404174,0.00024713835,0.00018750553,6.121328e-05
2022-07-05,0.001988037,0.00020939931,0.0012379978,0.00017129161,0.000107771404,0.0015339277
2022-07-06,0.0008626446,0.00024774484,0.00034532815,0.0005056309,0.00037096502,0.00082332804
2022-07-07,-0.002003613,3.193383e-05,-0.00079399586,0.00023596066,0.000413913,-0.0015878076
2022-07-08,-0.0010472347,-0.00026717308,-0.00034459354,-0.00038283912,-0.00024100362,-0.00087514776
2022-07-09,-2.6601587e-05,1.1679036e-05,-2.3205163e-05,6.656508e-06,1.8400742e-05,-2.8556087e-05
2022-07-10,-1.3113816e-05,-8.8151966e-05,-1.0656007e-05,-0.0001066095,-0.00013465039,1.3653801e-05
2022-07-11,0.0008885345,-0.00011975829,0.00044349558,-0.0002198239,-0.0003978093,0.00066877966
2022-07-12,0.0017986381,0.0002375898,0.0007673678,0.0005708786,0.00028480668,0.0013710884
2022-07-13,-0.00016989942,-0.00015714738,-0.0001489924,-0.00020371645,-0.00011491673,-0.0001397805
2022-07-14,0.0015634765,0.00018368066,0.00081772375,0.00021697079,-2.2829397e-05,0.0015809886
2022-07-15,-0.0017952087,-0.00010456133,-0.00096845924,-0.0004328934,-5.8536178e-05,-0.0018188813
2022-07-16,-0.00010224607,5.396368e-05,-8.080889e-05,2.5222878e-05,7.6271754e-05,-6.444735e-05
2022-07-17,2.2550998e-05,-6.3245207e-06,1.9847304e-05,-7.1823524e-06,-1.4445088e-05,2.4295941e-05
2022-07-18,-0.0017743525,-0.00025956615,-0.00081919105,-0.00045975612,-0.00010882344,-0.0014558894
2022-07-19,-0.0014226141,0.00026400317,-0.0007538938,0.00014193992,0.0003140493,-0.001097419
2022-07-20,-8.253423e-05,-4.7565376e-05,0.0002092621,-0.00021916791,-4.0364703e-05,-0.00024105306
2022-07-21,0.00070825557,0.0008263265,0.00041522345,0.0011438702,0.00080603675,0.0003567021
2022-07-22,-0.00039581134,-0.00028670055,-0.0002543989,-0.0005530772,-0.00031692642,-0.0004764534
2022-07-23,1.0426187e-05,1.04950095e-05,1.33375515e-05,1.8484712e-05,1.746411e-05,5.754692e-06
2022-07-24,9.972891e-05,0.00010667963,7.992503e-05,0.00015680767,0.00011290505,8.1782644e-05
2022-07-25,-0.00085354265,-0.00049779314,-0.0006899689,-0.00073455286,-0.00066159014,-0.0006810503
2022-07-26,-0.00056137674,-0.000510193,-0.00037077448,-0.00069329503,-0.00041282587,-0.0004609709
2022-07-27,0.0010527781,0.0018085083,0.0008127096,0.002641454,0.0017017686,0.00091603224
2022-07-28,0.00061568187,0.0013200972,0.0005991611,0.0019681512,0.0014233831,9.747101e-05
2022-07-29,0.00077073503,0.0007609126,0.00067312876,0.0013587417,0.0007172227,0.00026249603
2022-07-30,-3.146339e-05,-2.8851613e-05,-2.0824831e-05,-6.6732144e-05,-2.7834232e-05,-4.708585e-05
2022-07-31,-8.545252e-05,-8.7715925e-05,-6.6673194e-05,-0.00013509861,-9.384979e-05,-7.727034e-05
2022-08-01,-0.00028924798,-0.00045538912,-9.929866e-05,-0.00057943567,-0.0003076211,-0.0004454788
2022-08-02,-0.0012488554,-0.0017458457,-0.0009360953,-0.0026246049,-0.001485687,-0.0013103131
2022-08-03,0.0004946732,0.0009924842,0.0003077904,0.0013574734,0.0006213938,0.0009066384
2022-08-04,0.0005068735,0.00076586887,0.0005161972,0.0010980056,0.0006547758,0.00020416193
2022-08-05,-0.0005454849,-0.0006236906,-0.00030120363,-0.0009813671,-0.00065930944,-0.00052515697
2022-08-06,-4.789581e-05,-5.6393994e-05,-3.35867e-05,-6.911977e-05,-5.141805e-05,-5.7704914e-05
2022-08-07,7.921093e-05,9.017197e-05,5.739481e-05,0.00012505575,8.6706976e-05,7.7083154e-05
2022-08-08,0.00041383295,0.0010566012,0.0002606284,0.0014525356,0.00083188456,0.0005372083
2022-08-09,-0.00049531006,-0.000712127,-0.00036195852,-0.0010160637,-0.00063994795,-0.00054821017
2022-08-10,0.0017305523,0.0022476527,0.0010771849,0.0033721554,0.001891667,0.0015002547
2022-08-11,0.00046238938,0.00021577015,0.00033208547,0.00055924116,0.00029202644,-2.512589e-06
2022-08-12,0.0013799019,0.0015111853,0.00069054327,0.002425602,0.00140787,0.0014001543
2022-08-13,7.61355e-06,7.883014e-06,3.7171762e-06,8.2717395e-07,7.354573e-06,4.907593e-06
2022-08-14,-5.192166e-05,-5.8437614e-05,-3.519498e-05,-8.4543484e-05,-4.918424e-05,-7.60223e-05
2022-08-15,-0.0009086643,-0.0011343193,-0.0004225037,-0.0017334458,-0.0009228863,-0.0007008244
2022-08-16,-0.000116844065,6.1331484e-05,-9.174215e-05,0.00015133058,-7.517865e-05,0.00012196555
2022-08-17,-0.001424135,-0.0012376158,-0.00083256315,-0.0020892923,-0.001081591,-0.0014113565
2022-08-18,-0.0005032799,-0.00019663591,-0.00045272574,-0.00026972132,-0.0002300552,-0.00030591968
2022-08-19,-0.001081806,-0.0017736558,-0.00039052236,-0.0024311552,-0.0012614852,-0.0015984197
2022-08-20,-5.727512e-05,-1.1770058e-05,-3.092454e-05,-3.5255158e-05,-3.958661e-05,-1.7362096e-05
2022-08-21,-0.00018564712,-3.6929792e-05,-9.696035e-05,-9.1771995e-05,-0.0001138896,-3.1052383e-05
2022-08-22,-0.0009124124,-0.0014589556,-0.0001683376,-0.0022037597,-0.00095706957,-0.0012799829
2022-08-23,-0.00020485558,4.6843234e-05,-0.00022315908,-4.8996375e-05,-8.140988e-05,-2.3844492e-05
2022-08-24,0.00013975266,9.458397e-05,0.00010816142,8.4545216e-05,-2.62892e-05,0.00015023121
2022-08-25,-0.0008760816,0.0002616646,-0.0006535435,-0.00010043951,-0.00017904605,9.101993e-06
2022-08-26,0.0008447437,-0.0009902474,0.0010438742,-0.0005413981,-0.00028801576,-0.000957191
2022-08-27,-5.932661e-05,-1.796078e-05,-4.9103102e-05,-2.5845146e-05,-2.0222958e-05,-5.0972954e-05
2022-08-28,0.00021959406,5.856382e-05,0.00015903376,8.903515e-05,5.4510783e-05,0.00014680653
2022-08-29,0.00015829054,-0.00016560157,0.00022583402,0.00020778057,0.0002069383,-0.00056419056
2022-08-30,0.0006114261,-0.00016785345,0.0005139149,-0.00020571574,-5.3757514e-05,0.00012667393
2022-08-31,0.0007779015,-6.994734e-06,0.0005494443,1.7894871e-06,0.00012167381,2.4451716e-05
2022-09-01,0.0012458315,-0.000106675645,0.0010438543,0.00024346478,0.00027101478,0.00042520947
2022-09-02,-3.696174e-05,0.0002823067,-0.0003168243,0.00029114797,6.847019e-05,-2.5165524e-05
2022-09-03,-3.5311947e-05,-1.0043555e-05,-4.1509855e-05,-1.4637815e-05,-1.2786654e-06,-3.626778e-05
2022-09-04,-8.7547895e-05,-9.261586e-06,-6.48542e-05,-2.5957133e-05,6.721935e-06,-9.804048e-05
2022-09-05,0.00060818077,0.00024431763,0.00035785916,0.0004448031,0.00027105887,0.0005898365
2022-09-06,0.00077831064,-0.00022618413,0.0006851963,-0.00018812553,-0.0002962539,0.00048791588
2022-09-07,-0.0012491583,-2.4768124e-05,-0.0006143929,0.000117663614,0.00040982306,-0.0009248951
2022-09-08,-0.000543909,4.947557e-05,-0.0003032642,0.00011245204,0.00022623826,-2.5463467e-05
2022-09-09,-0.0027665773,-0.000308965,-0.0022341616,-0.0006028074,7.297054e-05,-0.0014623599
2022-09-10,-2.7950969e-06,3.6568046e-05,-3.2625721e-06,4.0216364e-05,4.6394187e-05,-3.9811002e-05
2022-09-11,-2.0986838e-05,-3.640329e-05,-2.0986838e-05,-4.4238248e-05,-3.7199385e-05,2.3040898e-06
2022-09-12,-0.0022446315,-0.00043982468,-0.0017692697,-0.0010222709,-0.0002700144,-0.0012562117
2022-09-13,0.0011733843,-0.0013851163,0.0010626371,-0.0010037072,-0.00159559,5.0221104e-05
2022-09-14,0.0008082346,0.00040059836,0.00052501087,0.0007550948,0.00044247173,0.00057322124
2022-09-15,0.0003827136,-0.00058874954,0.0001448021,-0.0009078476,-0.00072845374,9.438312e-05
2022-09-16,0.00089289097,-1.3080351e-05,0.00047964742,0.00030286465,0.00016949313,0.0005035975
2022-09-17,-6.432922e-05,1.3098791e-05,-6.432922e-05,8.875523e-06,1.0684052e-05,-0.00010896405
2022-09-18,0.000108392494,-7.175661e-05,0.000108392494,-5.7728503e-05,-5.2303196e-05,0.00017919826
2022-09-19,-0.0008197489,-0.00023879494,-0.00057498907,-0.00040235824,-0.00028556897,-0.0005205738
2022-09-20,0.0018093926,0.00075728266,0.0012526129,0.00096580375,0.00047190906,0.0015734038
2022-09-21,0.001888125,0.0005735389,0.0012379067,0.00075163273,0.0003870797,0.0015127237
2022-09-22,0.0023114795,0.000656084,0.0014196691,0.0010385064,0.0003678593,0.001977987
2022-09-23,0.0030505757,0.00018098182,0.0027435687,-0.00010080451,-0.00048543632,0.0024314555
2022-09-24,4.1958196e-05,-4.517821e-07,4.1958196e-05,-2.351581e-05,-1.01756195e-05,5.0597817e-05
2022-09-25,6.966448e-05,2.8586368e-05,6.966448e-05,2.880503e-05,1.3583659e-05,7.789929e-05
2022-09-26,0.00440589,0.0008837514,0.0025771984,0.0018943733,0.000679172,0.004151424
2022-09-27,0.0012141177,0.0006577531,0.00081034924,0.0010199787,0.0005758409,0.0010661226
2022-09-28,-0.0029074554,-0.00075494294,-0.002061832,-0.00080256176,-7.627751e-05,-0.0028297685
2022-09-29,0.0018500999,0.00037784377,0.0013283896,-1.8282331e-05,-0.00036541218,0.0015824719
2022-09-30,-0.00010267028,0.00014996427,0.00018294856,-0.00045808344,-0.00036771645,-0.00022995229
2022-10-01,3.022682e-05,-7.735439e-06,2.7099117e-05,-9.363939e-06,-1.4805696e-05,6.155583e-05
2022-10-02,4.11771e-05,-1.6416048e-05,3.4702367e-05,-2.3436047e-05,-3.3240616e-05,4.236849e-05
2022-10-03,-0.0027525732,-0.00036545322,-0.0021843878,5.6504912e-05,0.00036050304,-0.00225757
2022-10-04,-0.0066857873,-0.0017871857,-0.004194517,-0.0025804304,-0.0007504588,-0.0057256334
2022-10-05,0.00048665935,-6.937301e-05,0.00011272687,-0.00035070954,-0.00032556063,0.00034442512
2022-10-06,0.00049938395,-0.00010253767,0.00030254218,-0.0002638972,-0.0003562564,0.00039350372
2022-10-07,0.0021110964,0.00029341597,0.0009600455,0.00050885614,-4.328314e-05,0.0017861275
2022-10-08,5.775109e-06,-1.3477557e-05,4.5944453e-06,-1.5534231e-05,-1.4692356e-05,2.3674469e-05
2022-10-09,3.1422514e-06,3.2523178e-05,3.9971933e-06,3.568169e-05,2.4870093e-05,-5.5904165e-06
2022-10-10,0.0010318456,-0.00016906242,0.00028493867,-0.0001776196,-0.00026480653,0.0012067622
2022-10-11,0.00056890014,-0.00024018723,0.00010046012,-0.0001429501,-0.0001640511,0.00051587116
2022-10-12,0.00019858488,-0.00012155282,5.6991244e-05,-0.00020753492,-0.00018139485,0.00033606435
2022-10-13,-0.0013471467,1.1865322e-05,-0.00042258756,-0.000105036925,6.817027e-05,-0.0013602682
2022-10-14,0.0008413418,-0.000107262065,0.00046835287,-0.00010539899,-0.00019575437,0.00042709263
2022-10-15,2.5527133e-05,-2.2806636e-05,2.9793844e-05,-9.233925e-06,-5.769506e-06,3.6523896e-05
2022-10-16,-0.00019716757,-5.9279206e-05,-0.00018662272,-0.00011530312,-0.00010816745,-0.0001679664
2022-10-17,-0.001459478,0.000102756356,-0.0007764578,0.00012603006,0.00037918,-0.0010662886
2022-10-18,-0.0012582331,-0.00030149127,-0.0003041671,-0.0005046362,-0.00012631784,-0.0012208103
2022-10-19,0.0012046011,8.808939e-05,0.0007947536,0.00019412386,-0.00014705055,0.0010520282
2022-10-20,0.00048548894,0.00019075048,0.00017882539,0.00021557014,5.4686712e-05,0.0006412121
2022-10-21,-0.00075382553,0.00035540696,-0.00042895734,0.00033412513,0.00035786003,-0.00086248695
2022-10-22,-9.638378e-05,-2.1811948e-05,-9.183807e-05,-4.5880417e-05,-3.0992876e-05,-8.204702e-05
2022-10-23,-0.00021042326,-5.007862e-05,-0.00019525365,-9.423649e-05,-7.388802e-05,-0.00018410917
2022-10-24,0.00053233746,0.00017171257,0.00077951554,0.000116326395,-5.280673e-05,1.8981305e-05
2022-10-25,-0.0005827178,0.0009627905,-0.0005148881,0.0011006293,0.0010776193,-0.00051926286
2022-10-26,-0.000269584,0.00043400636,-2.9356255e-05,0.0005594959,0.0005960596,-0.000591476
2022-10-27,-0.00038073334,-0.00031718303,-5.4305627e-05,-0.0005225548,-0.00029444142,-0.0005910681
2022-10-28,0.00083198457,0.0007296536,0.000664465,0.00096777006,0.00040338642,0.00067187514
2022-10-29,0.00041984982,0.00045783975,0.00040894406,0.00072221685,0.00046742221,0.00036845947
2022-10-30,-5.9431968e-05,-7.012378e-05,-4.9187376e-05,-9.4596464e-05,-8.238417e-05,-4.3926604e-05
2022-10-31,-7.630956e-05,5.5234097e-05,-0.00017011349,5.1583687e-05,3.456297e-05,0.00033697652
2022-11-01,-0.0001485684,0.00043666185,6.51239e-05,0.000759593,0.00049871136,-0.00025357262
2022-11-02,-0.0014129318,-0.001577077,-0.0010234902,-0.0023944941,-0.0013989863,-0.0011052759
2022-11-03,-0.00055136165,-0.00088547735,-0.0004597825,-0.0013629365,-0.0008944659,7.5669974e-05
2022-11-04,0.0010294837,0.0025280213,0.0013982193,0.003388083,0.002150678,0.0004764162
2022-11-05,5.8215082e-06,1.01941605e-05,5.4254915e-06,1.5394684e-05,1.5781301e-05,2.0843993e-06
2022-11-06,-0.0003710634,-0.00039785213,-0.00036516943,-0.00060693134,-0.00041728208,-0.0003565436
2022-11-07,0.00022197678,0.00026316234,0.00031172947,0.00051683007,0.00024222769,-0.00031183878
2022-11-08,-0.0006671687,-0.00035793448,-0.0006522447,-0.0008107473,-0.0005700467,-0.00072072336
2022-11-09,-0.0006826761,-0.0016233838,-0.00025327658,-0.0022082243,-0.0011244835,-0.0006694835
2022-11-10,0.00042187364,0.0027053363,0.00015678846,0.003581992,0.0018312836,-0.00035397118
2022-11-11,0.001921469,0.001496327,0.0014660544,0.0026009232,0.0016236863,0.00090251997
2022-11-12,0.00018766448,8.950069e-05,0.00018445172,8.381504e-05,6.336993e-05,0.0001703749
2022-11-13,0.00025283048,9.736004e-05,0.0002465485,9.832429e-05,5.6503915e-05,0.00022016384
2022-11-14,-0.00055374956,-0.0009988161,-0.0005612217,-0.001097964,-0.00070524646,-0.0007887178
2022-11-15,0.0008583504,0.0011364304,0.00066363637,0.0017100632,0.001064337,0.0006046521
2022-11-16,-0.00035582998,-0.000615115,-0.00022735984,-0.0010632649,-0.0005517454,-0.00057277957
2022-11-17,-0.0007531101,-0.00073191937,-0.00037910018,-0.0012874347,-0.0007145534,-0.00041786328
2022-11-18,-0.00011085972,0.0003225748,-5.859731e-05,0.0002533966,7.882224e-05,8.058177e-05
2022-11-19,-3.2774096e-05,-1.7677888e-06,3.189302e-06,-5.835569e-06,2.3983714e-06,-2.349404e-05
2022-11-20,0.00033450677,0.00013171312,0.00021054402,8.945967e-05,3.8373973e-06,0.0002420646
2022-11-21,-0.00053522945,-0.000678194,-0.0002430446,-0.0011541899,-0.0006332088,-0.00050409604
2022-11-22,0.00024193521,0.0010495622,0.00021613632,0.0015296896,0.00090300274,0.000553789
2022-11-23,0.0009966878,0.00087927206,0.0005967519,0.0015126425,0.00091999414,0.0008357905
2022-11-24,0.0007543824,0.0005003699,0.00033349864,0.00093314995,0.0005535478,0.0006579586
2022-11-25,0.00017580905,-4.1332596e-06,0.000120875644,7.2622286e-05,-9.431822e-06,0.00014533469
2022-11-26,2.9850269e-06,8.852977e-06,8.802426e-06,2.0677588e-05,1.563888e-05,5.692495e-06
2022-11-27,-1.4874417e-05,-7.5713997e-06,-1.9350653e-05,-2.5882753e-05,-1.48779945e-05,-1.3040744e-05
2022-11-28,-0.0013622203,-0.0015090128,-0.0006581381,-0.002520848,-0.0013706873,-0.0013763986
2022-11-29,-0.00016438452,0.00017795837,-5.5631233e-05,0.0001924684,6.083074e-05,-1.1708508e-05
2022-11-30,0.0016536961,0.0023878047,0.00071212923,0.0034829373,0.0020477718,0.0019690457
2022-12-01,0.0010829368,0.0007485795,0.00050482666,0.0012709596,0.00072052045,0.000821428
2022-12-02,0.0008044337,0.00011911504,0.00042922804,0.0005520746,0.00034912335,0.00063150196
2022-12-03,-2.6153586e-05,-7.482959e-05,-2.9537367e-05,-9.954907e-05,-7.0992304e-05,2.2515605e-05
2022-12-04,-9.8567725e-06,2.2396978e-05,7.953239e-06,2.7225436e-05,2.16653e-05,-3.002054e-05
2022-12-05,-0.0012480366,-0.0019005147,-0.00068545796,-0.0028977825,-0.0017378301,-0.0014660403
2022-12-06,-0.000880105,-0.00062019285,-0.000295962,-0.0011050756,-0.0006301916,-0.0009560336
2022-12-07,0.00033963114,0.00011916258,0.0003411211,0.00028365158,0.00015414934,0.00027907282
2022-12-08,0.0005655732,0.00057672476,0.00015237069,0.0007984839,0.00045230857,0.00063241913
2022-12-09,-0.00010278728,-0.00022869161,-6.8578556e-05,-0.00032304876,-0.0002081579,-0.00017176483
2022-12-10,2.4371377e-06,2.804153e-06,3.6558404e-07,4.9642636e-06,2.4595035e-06,-2.5894217e-06
2022-12-11,3.270416e-05,-2.3704317e-05,1.0648817e-05,-2.1181547e-06,-4.2330553e-06,4.7442703e-05
2022-12-12,-0.00077341386,-0.0003626643,-0.00075143995,-0.0006344628,-0.00043065788,-0.00047003024
2022-12-13,0.00039700884,0.0014624518,-7.404886e-06,0.001713472,0.0011406685,0.0010731145
2022-12-14,0.00013650642,-0.00026449384,-8.59559e-05,-0.0001013137,-0.00010565164,4.6289766e-05
2022-12-15,-0.0012977617,-0.0023303446,-0.00033707463,-0.002516449,-0.0016491067,-0.0025621818
2022-12-16,-0.00021784332,-0.00063042645,0.00037270598,-0.00070324744,-0.0004479514,-0.00083111
2022-12-17,-0.00013566726,-2.0828997e-05,-9.600478e-05,-6.8989495e-05,-6.544056e-05,-0.00013450756
2022-12-18,9.415665e-06,-7.236078e-06,1.6505767e-06,-2.2246127e-06,2.2197803e-06,1.6240089e-06
2022-12-19,0.00013578456,-0.0004543505,7.533735e-05,-0.0004909156,-0.00030578332,-8.657196e-05
2022-12-20,-0.00033128163,9.2509974e-05,-0.00023406312,6.178499e-05,8.209067e-05,-0.0002519288
2022-12-21,-0.001042051,-0.00022490606,-0.0007865736,-0.00060181005,-0.0005078034,0.00011194304
2022-12-22,0.00027873344,-0.0003489061,0.0004876399,-0.00024612105,-0.00017037483,-0.00069862936
2022-12-23,-0.00017446239,0.0002448694,-0.00017511248,0.00023685998,0.00022434353,0.00013327469
2022-12-24,3.219363e-05,1.5549449e-05,1.4016261e-05,1.5303922e-05,8.350858e-06,2.4269959e-05
2022-12-25,8.805718e-06,1.0173878e-05,8.7312856e-07,3.5937967e-06,9.670997e-07,1.8956755e-05
2022-12-26,-0.00044286952,-0.000119997785,-0.00023036201,-0.00024297497,-0.00018487561,-0.0002242082
2022-12-27,9.285353e-07,0.00014172788,-3.049265e-05,0.00018636187,0.00012248951,7.263553e-05
2022-12-28,0.0011137774,1.3663429e-05,0.0010155839,0.0003679347,0.00010197181,2.5461424e-05
2022-12-29,-0.0009936751,0.00016687106,-0.0010624409,-0.0002568214,-0.00014956616,0.0001860889
2022-12-30,0.000713778,-8.635747e-05,0.0005471095,6.452503e-05,2.3091794e-05,8.6379885e-05
2022-12-31,-2.179601e-05,6.043813e-06,-2.2475107e-05,-2.2516745e-06,4.9410332e-06,-1.293787e-05
2023-01-01,-5.2204683e-05,-7.1763525e-06,-2.9290872e-05,-1.3162112e-05,2.1760382e-06,-4.251049e-05
2023-01-02,-0.00018790009,-0.000120540295,-0.00018191738,-0.00010272631,-7.425753e-05,0.0001078929
2023-01-03,-0.0003744493,-0.00037528973,-0.0002920276,-0.00062206574,-0.00040885588,-8.920596e-05
2023-01-04,-0.0014401159,-0.0003520818,-0.0010001112,-0.00072990154,-0.00050579075,-0.0003318679
2023-01-05,0.00019231536,-4.8326405e-05,0.00048015395,1.2946779e-05,8.79079e-05,-0.00025419725
2023-01-06,-0.0004639711,0.0002789808,-0.0007678319,0.00053808227,0.00017555276,0.00057633326
2023-01-07,-1.1135361e-05,-1.3701731e-05,3.6431477e-06,-1.2193547e-05,-5.680354e-06,-1.3852889e-05
2023-01-08,3.352023e-05,6.6652334e-05,2.396907e-05,0.00018514348,0.000120246244,3.6786753e-06
2023-01-09,3.081546e-05,0.00017893624,-0.00016746472,0.0006231016,0.00033195355,0.000507797
2023-01-10,3.19055e-05,-1.538344e-05,0.00013225952,-0.00014445989,-0.00015612687,-9.076103e-05
2023-01-11,0.0008334617,0.0009122175,0.00050260214,0.0016878486,0.0010758381,0.00074369344
2023-01-12,0.0014896608,0.0013846749,0.00085963693,0.0026078145,0.0016151392,0.0013569808
2023-01-13,0.0015426463,0.0011365128,0.00080738525,0.0020931857,0.0012715941,0.0013009105
2023-01-14,0.0005959878,0.0005801125,0.00022031304,0.0011239717,0.0006107123,0.000492182
2023-01-15,-0.00010342969,-0.000100510566,-3.652113e-05,-0.00019112966,-0.000103973056,-7.617562e-05
2023-01-16,0.0002023289,0.000104317274,0.0001370229,0.00022186882,7.23306e-05,0.00023182608
2023-01-17,-0.0006772437,-0.00035301025,-0.0003275395,-0.00063806714,-0.00037291518,-0.0006304856
2023-01-18,-0.0013709842,-0.0013473234,-0.0007072748,-0.0025286644,-0.0013651206,-0.0012251757
2023-01-19,-0.0007403046,-0.0004722765,-0.0005974197,-0.0011676722,-0.00068620313,-0.00059846527
2023-01-20,0.0014928791,0.0016039783,0.00084042636,0.0027987235,0.001492178,0.0013366624
2023-01-21,-0.00012069758,-0.000115178955,-3.381332e-05,-0.00020059012,-0.000119061304,-0.000107250045
2023-01-22,7.8874364e-05,7.867131e-05,3.2388565e-05,0.000110768655,7.4849e-05,6.48025e-05
2023-01-23,0.00077057426,0.0007757516,0.00050440594,0.0016384977,0.000991739,0.00076915085
2023-01-24,-0.0005785629,-0.00033040257,-0.00017610325,-0.0007097145,-0.0004283794,-0.00047146284
2023-01-25,0.00080000603,0.00070204365,0.00041353336,0.0012005671,0.00067894324,0.00083540735
2023-01-26,0.0009938938,0.0008494078,0.0006401301,0.001674309,0.00094518857,0.00085187674
2023-01-27,-4.7245976e-05,-9.871649e-06,-5.979688e-05,5.8604728e-05,5.545278e-05,-0.00011345079
2023-01-28,-7.202527e-05,-7.36597e-05,-3.5959052e-05,-0.00013757285,-7.491105e-05,-6.741975e-05
2023-01-29,0.0003297023,0.000330208,0.00010214511,0.0005435179,0.00032269844,0.0003597699
2023-01-30,-0.0021237074,-0.0018689344,-0.0011010896,-0.003635635,-0.0021337466,-0.0019696327
2023-01-31,0.0008808384,0.001145511,0.0005989631,0.0018449957,0.0010507513,0.00090713456
2023-02-01,0.0012082533,0.0011902866,0.0006847282,0.0018364635,0.0009697065,0.0014167513
2023-02-02,0.0011234797,0.00080598297,0.0007255849,0.0017425271,0.001004502,0.0011847282
2023-02-03,-0.0016321761,-0.0014464426,-0.0008105561,-0.0027036811,-0.0015999157,-0.0018829084
2023-02-04,-1.6133896e-05,-1.5476247e-05,7.238663e-06,-3.3032076e-05,-1.5384812e-05,-2.0242376e-05
2023-02-05,-0.00023058965,-0.00023017816,-8.1732986e-05,-0.00035227908,-0.00021205463,-0.00028526297
2023-02-06,-0.0025821608,-0.0016129636,-0.0013419028,-0.0033101737,-0.0020254313,-0.002867281
2023-02-07,1.7589547e-05,0.0004700128,-9.796201e-05,0.0009157038,0.00043342428,0.00022476137
2023-02-08,-0.00047489195,-0.0005574164,-0.00035131106,-0.00086995005,-0.0006211958,-0.00048055826
2023-02-09,-0.00038932497,-0.000575635,-9.243057e-05,-0.0010117788,-0.00056172785,-0.0007884335
2023-02-10,-0.0006295883,-0.00046030604,-0.00027496743,-0.0008123925,-0.0004998985,-0.00083216105
2023-02-11,-7.1724004e-05,-2.5596799e-05,-5.3216416e-05,-1.7033432e-05,-3.669927e-05,3.7040216e-05
2023-02-12,4.2402142e-05,8.614192e-06,3.0510626e-05,2.2048202e-06,1.4345858e-05,-3.1345135e-05
2023-02-13,0.00044422684,0.00046839574,0.0001927176,0.0006588462,0.00044344843,0.00065934716
2023-02-14,-2.2777465e-05,9.2059294e-05,-3.468082e-05,0.00022043328,8.7542256e-05,0.00013730403
2023-02-15,-0.00011205025,5.452329e-05,-0.00014917232,0.00015347841,0.00014838832,-1.6245107e-05
2023-02-16,-2.8895656e-05,-0.00022992142,6.195891e-05,-0.00028117516,-0.00014014945,-0.00055072136
2023-02-17,-0.00011586012,-5.082408e-05,-8.0112426e-05,-0.0001535749,-0.00013638104,-0.000100487894
2023-02-18,3.813678e-06,1.5672998e-05,1.5169251e-05,2.6667345e-05,1.6119297e-05,3.2418568e-05
2023-02-19,-3.499679e-05,-3.976221e-05,-2.205917e-05,-5.0633887e-05,-3.911565e-05,-4.4100616e-05
2023-02-20,-2.3105014e-05,8.41421e-06,5.937441e-06,1.848699e-05,1.821561e-05,7.070123e-05
2023-02-21,-4.52067e-06,-0.0005711559,0.00051417394,-0.0008280619,-0.0003460812,-0.0008882506
2023-02-22,0.00014666091,-8.0539634e-05,0.00024280052,-9.337628e-05,6.2327075e-05,-0.0003291087
2023-02-23,-0.0004521787,-0.00025418826,-0.00039594318,-0.00043387868,-0.00042720416,-0.00026823932
2023-02-24,0.00052104425,-0.0002603999,0.0006386053,-0.0006563589,-0.000100350524,-0.0005214392
2023-02-25,-8.764461e-06,-1.4234758e-05,-2.3878279e-06,-2.0757725e-05,-1.3028903e-05,-1.7459904e-05
2023-02-26,-6.601139e-06,2.084584e-05,-2.2297221e-05,4.894147e-05,2.3177447e-05,7.4506424e-05
2023-02-27,0.00047208028,0.0005467079,0.00013980594,0.0010686623,0.00066663366,0.0007219265
2023-02-28,0.00048417656,0.0002043711,0.00014584835,0.0004545115,0.00029290668,0.00019206443
2023-03-01,-0.00072076055,-0.0003266707,-0.00032137404,-0.00043561458,-0.00026420417,-0.0004104597
2023-03-02,-0.00063273165,-0.00033520587,-0.00033534958,-0.0007601765,-0.00052198034,-0.00047307418
2023-03-03,-0.0011289185,-0.00020528678,-0.00092840445,-8.9926425e-06,-0.00018974145,-0.00023307781
2023-03-04,7.131161e-05,4.639752e-05,7.900227e-05,3.0060684e-05,3.8738675e-05,3.7216214e-05
2023-03-05,-3.945167e-06,-7.058873e-07,3.96803e-06,1.094568e-05,7.208101e-06,7.760539e-06
2023-03-06,-5.944753e-05,-1.08287495e-05,-0.000115691444,-0.000108353604,-5.2333482e-05,-3.382521e-05
2023-03-07,0.0007700857,-0.00020432945,0.0006455138,-0.00037220755,-0.00021946327,-7.9345686e-05
2023-03-08,0.00091148855,0.0005338027,0.0007050375,0.0008028119,0.00061470503,0.00075809454
2023-03-09,0.0011707782,0.00032994073,0.0009681612,6.454393e-05,0.00022541638,0.00037963284
2023-03-10,-0.0003323177,-0.00071234035,-0.00025350155,-0.0010102275,-0.00070921105,-0.001079709
2023-03-11,-0.00010981668,-5.6787554e-05,-7.944537e-05,-2.5665275e-05,-2.925022e-05,-8.753921e-05
2023-03-12,-0.00081042695,-0.0004919649,-0.00063162553,-0.00023984812,-0.00026508034,-0.00070136884
2023-03-13,-0.001192894,-0.0010389172,-0.00083819363,-0.001247041,-0.0007612881,-0.0017443657
2023-03-14,-0.0017640709,-0.00093923986,-0.0009881736,-0.0013343986,-0.0009405653,-0.0011109994
2023-03-15,0.0024133387,0.00096073624,0.0015511455,0.00041633815,0.0005236299,0.001116561
2023-03-16,-0.0019413022,-0.00096242304,-0.0015121866,-0.00089142815,-0.0006662971,-0.0013056145
2023-03-17,0.0013537668,0.0009578696,0.0011155164,0.0011012112,0.0006688403,0.0006947094
2023-03-18,-0.00011746607,-0.00013420502,-0.000111131834,-0.00022598017,-0.00015232762,-8.344402e-05
2023-03-19,9.577375e-05,0.00012709283,8.750673e-05,0.00020991736,0.00012486863,7.254418e-05
2023-03-20,-0.0009889364,-0.00051157136,-0.00082401466,-0.00056784734,-0.00042148502,-0.0009243257
2023-03-21,-0.0017843059,-0.000715229,-0.0012657911,-0.0003857914,-0.00026901072,-0.0014174989
2023-03-22,0.000368835,0.00011144171,0.0001381614,0.00013347874,8.7387225e-06,0.00038308775
2023-03-23,0.0015118902,0.0010801269,0.0009897684,0.0016425783,0.00116269,0.0011727554
2023-03-24,-0.00075673003,-0.000738673,-0.00075626274,-0.0010104649,-0.00063970586,-0.0008078533
2023-03-25,-1.744684e-05,-1.5352918e-05,-1.7370246e-05,-3.0827516e-05,-1.3397145e-05,1.4466591e-06
2023-03-26,0.00010156426,0.00010813713,0.00010006106,0.0001601668,9.994551e-05,7.625348e-05
2023-03-27,-0.0018634985,-0.0011367844,-0.0013602012,-0.0015134733,-0.0010178868,-0.0013375545
2023-03-28,-0.0003422731,6.907727e-05,-4.9255796e-05,0.00023891607,0.00011293693,-0.00026518185
2023-03-29,-0.0007369553,0.00011288812,-0.00031226967,0.00011383427,6.96307e-05,-0.0005741528
2023-03-30,3.197911e-06,0.0004941876,0.00018267623,0.0009235294,0.00057841424,0.0002897441
2023-03-31,0.00048009804,0.00083194673,0.00040041475,0.0013911154,0.0009888601,0.00026784846
2023-04-01,-4.7686128e-05,-3.7201444e-05,-3.4084715e-05,-8.010687e-05,-3.815099e-05,-6.601611e-05
2023-04-02,-9.8559765e-05,-0.000104925464,-8.97777e-05,-0.00015308417,-0.00011074057,-6.290579e-05
2023-04-03,0.00021666143,0.00039687555,0.0003871218,0.00057926646,0.00040777167,3.3067594e-05
2023-04-04,0.0005469452,0.00041024596,0.00038294905,0.00066572335,0.00035616502,0.00040160835
2023-04-05,-3.51483e-05,-0.00021501172,-0.0002911258,-0.00022955466,4.566419e-06,0.00018019395
2023-04-06,-0.00011407983,2.2803853e-05,-3.948805e-05,-5.2931355e-06,-0.00010513567,-1.5196784e-05
2023-04-07,0.00026683576,0.00016708042,8.243218e-05,0.00035413718,0.00022282016,0.00034218482
2023-04-08,-4.0560128e-05,-4.4124186e-05,-2.1542886e-05,-6.0949045e-05,-4.1268424e-05,-4.3561606e-05
2023-04-09,3.9919105e-05,5.3883872e-05,2.7832504e-05,6.689226e-05,4.0513238e-05,4.5289893e-05
2023-04-10,-0.0006296378,-0.0003764029,-0.00033459338,-0.0008229016,-0.00050233735,-0.00051151053
2023-04-11,0.0007428324,0.00095733016,0.0005862012,0.0016944379,0.00085193204,0.0005650143
2023-04-12,0.0007895247,0.00047173732,0.00043366654,0.0010383892,0.000609954,0.0006713587
2023-04-13,0.0019268957,0.0016709068,0.0014070368,0.0029322552,0.0015795499,0.001739966
2023-04-14,-0.0008944459,-0.0006504544,-0.00030522665,-0.0013591703,-0.00081590354,-0.000999377
2023-04-15,4.815449e-05,4.5711546e-05,6.03701e-05,6.359803e-05,4.0471423e-05,3.911853e-05
2023-04-16,0.00019574248,0.00019364755,0.00013909001,0.00030087068,0.00018308793,0.00018100011
2023-04-17,-0.00013051702,-9.119961e-05,-9.656405e-06,-0.00014020762,-1.9867777e-05,-0.00034593276
2023-04-18,0.0003299708,0.00057919795,8.738126e-05,0.0011135426,0.00051017106,0.00029868062
2023-04-19,-0.0017689762,-0.001693908,-0.0011481103,-0.0030129764,-0.0016821778,-0.0016883088
2023-04-20,-0.00065173145,-0.0006161895,-0.0006010711,-0.0010763626,-0.00060031784,-0.00038653912
2023-04-21,4.5177578e-05,-0.00013842488,3.650273e-05,-0.00012925631,-2.7673937e-05,-0.00014610657
2023-04-22,-0.00013573792,-6.446045e-05,-9.378331e-05,-6.282746e-05,-9.1844755e-05,2.5704923e-05
2023-04-23,5.197907e-05,2.8944938e-05,3.8292448e-05,2.0048701e-05,3.33057e-05,-9.149157e-06
2023-04-24,0.00047921896,0.0004050299,0.00018837626,0.00065407524,0.00044725754,0.00074406294
2023-04-25,-0.00094732194,-0.001263111,-0.00054791954,-0.0018719509,-0.00085689564,-0.0007400816
2023-04-26,-0.00022962794,-0.00040009862,-8.098431e-05,-0.00083270733,-0.00032581761,-0.00038927182
2023-04-27,0.0001332727,0.00047651833,-0.00014813074,0.0007287085,0.00021163166,0.0005438113
2023-04-28,-0.00029379936,0.00028890124,-0.00025984974,0.00037187387,3.732693e-07,-1.918704e-06
2023-04-29,-5.8247766e-05,-4.2751835e-05,-5.7220823e-05,-1.7729999e-05,-2.5287065e-05,-2.1027947e-05
2023-04-30,5.1375086e-05,4.4628203e-05,6.3261105e-05,1.9423246e-06,1.2059253e-05,2.5920705e-05
2023-05-01,-0.0004308912,-0.00040156522,-0.00017298502,-0.00076046557,-0.0004580757,-0.0007453033
2023-05-02,-0.0005596699,-0.0007584714,6.519153e-05,-0.0012778856,-0.00066946243,-0.00065395783
2023-05-03,-0.00046113468,-0.00040134945,-0.0002408873,-0.0006089672,-0.00039307403,-0.0004155992
2023-05-04,0.00011537893,-0.00016961676,-0.00015831662,-5.7843616e-05,3.138868e-05,0.00021751973
2023-05-05,-0.0024104193,-0.0009254633,-0.0018677246,-0.0014439722,-0.0014063772,-0.0013942253
2023-05-06,6.0676488e-05,1.0291292e-05,5.970803e-05,-5.1900995e-05,-1.2112744e-05,-9.3156494e-05
2023-05-07,8.031288e-06,-6.3379275e-06,2.038597e-05,-3.7661925e-05,-1.44730275e-05,-2.4574088e-05
2023-05-08,-0.0006259181,-0.00014807188,-0.0002928976,-0.00053791836,-0.00046220055,-0.0006500247
2023-05-09,-0.00014632629,-0.00022033848,-6.896973e-05,-0.00022760413,-0.000117208605,-0.00036591737
2023-05-10,0.00025334157,0.00018578561,3.9269216e-05,0.00030891263,0.0001938108,0.00040063463
2023-05-11,2.958116e-05,-0.0003374189,0.00039449485,-0.0007880808,-0.0003324148,-0.00038380382
2023-05-12,-0.0004816149,-0.00032862974,-0.00015409195,-0.0006433964,-0.00047153808,-0.0005881687
2023-05-13,7.260107e-05,5.2778258e-05,6.619966e-05,2.7359183e-05,2.5804946e-05,6.349177e-05
2023-05-14,-8.533947e-05,-6.089554e-05,-8.420612e-05,-2.106092e-05,-2.4371619e-05,-6.637575e-05
2023-05-15,-0.0007406472,3.7528003e-05,-0.00073112396,9.635702e-05,-0.000113647955,-0.00033892793
2023-05-16,0.00082266453,-6.37264e-06,0.0008455897,-6.7485315e-05,0.00015186208,3.715849e-05
2023-05-17,-0.00023596495,5.419693e-07,-0.00034261332,0.00036810918,0.00022816856,-2.1996988e-05
2023-05-18,0.00095351564,0.00060918386,0.00060266536,0.001060881,0.0007411251,0.0006554838
2023-05-19,-4.7292e-05,0.00021945387,1.1273033e-05,0.00038738,0.00022782027,0.00012746618
2023-05-20,3.4646346e-05,3.7868696e-05,-1.2041872e-05,7.838303e-05,4.723536e-05,3.6206704e-05
2023-05-21,0.0001543275,0.000104770545,7.25713e-05,0.000117711126,8.367103e-05,0.00015677423
2023-05-22,-0.00045382066,-0.00029872177,-0.00040709207,-0.00034985697,-0.00034967085,-0.00051677047
2023-05-23,-0.00012687984,-0.0004969033,0.0001789735,-0.00083072286,-0.00043911082,-0.0005705623
2023-05-24,0.00035369745,-0.00040241823,0.0008344334,-0.0010719354,-0.00045318625,-0.00019625119
2023-05-25,0.0011406606,0.0006284074,0.00085810374,0.00077624497,0.00043639756,0.00100958
2023-05-26,2.0692773e-05,0.0007032124,-0.00012247787,0.0017613134,0.0009294619,0.0004298366
2023-05-27,-8.375671e-05,-4.815887e-05,-0.00010150935,1.188136e-05,-2.9812707e-05,-8.8981506e-05
2023-05-28,-0.0001537139,-4.651182e-05,-0.00011051674,-9.442811e-06,-2.038433e-05,-0.00014724596
2023-05-29,0.00014728014,0.00011567731,-4.156116e-05,0.00025979217,9.948344e-05,0.00023442067
2023-05-30,0.0009974297,0.00036106887,0.0005480079,0.00027398107,0.00025697533,0.00074736367
2023-05-31,0.0005623597,-4.0562896e-05,0.00071516325,-0.00021433004,-0.00010711444,0.00030087432
2023-06-01,-0.0014928472,-0.0003002238,-0.0011906137,9.3126386e-05,-0.00013406957,-0.0009650116
2023-06-02,-0.0015718215,-0.00024457683,-0.0012852815,0.0005617853,0.00012101611,-0.0011033234
2023-06-03,-7.0624024e-05,-6.0365106e-05,-8.823132e-06,-7.441876e-05,-4.976129e-05,-6.203564e-05
2023-06-04,1.012667e-05,1.5336125e-05,-1.45089925e-05,2.8576818e-05,8.211721e-06,-8.26601e-06
2023-06-05,-0.0005770236,-0.00053797226,-0.0004917557,-0.0007708305,-0.00068591867,-0.00018462884
2023-06-06,0.00010350508,0.00041060708,7.5741875e-05,0.0008738214,0.00043488972,0.00014236636
2023-06-07,0.00053288724,0.00012303625,0.000803566,0.00019181779,0.00028276048,0.0005065858
2023-06-08,0.0003368317,0.00068566354,8.854192e-05,0.0015225771,0.00082411646,0.00034597522
2023-06-09,0.0003064565,0.0001917456,0.00010460928,0.0002112557,0.00010008002,0.00019723583
2023-06-10,0.0008134732,0.00052205345,0.00070329563,0.00018994087,0.00022168529,0.0007615563
2023-06-11,3.2540014e-05,3.090842e-05,1.7289596e-05,2.056741e-05,3.3178217e-06,4.1438187e-05
2023-06-12,0.00062208186,0.00044411674,0.0002966102,0.0010401612,0.000612044,0.0006867536
2023-06-13,0.0008189231,0.0009545307,0.0002937021,0.0018214274,0.00093523937,0.00075225835
2023-06-14,0.00066677004,0.0005703956,0.00025730208,0.00061442156,0.0004845035,0.0006553848
2023-06-15,0.0012183049,0.0015105081,0.0008385433,0.0029256723,0.0015586624,0.0009163095
2023-06-16,0.00047283465,0.00028660442,-1.725493e-06,0.0009167821,0.0006960695,0.0002895456
2023-06-17,-0.00017498716,-0.00012201786,-0.00012958613,-4.472783e-05,-5.300245e-05,-0.00013328133
2023-06-18,5.805841e-05,4.102862e-05,3.494385e-05,5.1688157e-06,5.8238043e-06,4.4909946e-05
2023-06-19,8.267928e-05,-9.027239e-05,-0.0001653632,6.4744716e-05,0.00011828329,0.00015723065
2023-06-20,-0.0021471013,-0.001846152,-0.0014340264,-0.0031543789,-0.0016472447,-0.0017036572
2023-06-21,-0.00090039463,-0.0003884341,-0.0002855195,-0.0006172541,-0.00028813668,-0.00095562916
2023-06-22,-0.00061347894,-0.0009616567,-0.00051806436,-0.0016737109,-0.0009042654,-0.00030519074
2023-06-23,-0.0012004345,-0.0011799621,-0.00071770366,-0.0018758697,-0.0008215554,-0.0007264823
2023-06-24,0.000110474786,9.793341e-05,5.527716e-05,0.00010384759,7.7123295e-05,5.573201e-05
2023-06-25,-1.278095e-06,5.0847057e-06,-2.1390495e-05,2.6971475e-05,1.5027856e-05,7.179951e-06
2023-06-26,-0.0003211912,-3.561045e-05,-0.00021362993,-0.00022092424,-0.00019659856,-0.0002338605
2023-06-27,0.00041234607,0.00054971525,0.00019375555,0.00073294254,0.00022338048,0.0006542966
2023-06-28,-0.00054781797,-0.00042859948,-0.00046030938,-0.0008985175,-0.0005025192,-0.00042992548
2023-06-29,0.00030917645,0.0002649326,0.00012557798,0.00043147325,0.00026082,0.00069877476
2023-06-30,0.001075377,0.0016437167,0.0004660339,0.0026995176,0.0014346862,0.001242201
2023-07-01,-5.2120984e-05,-2.4838566e-05,-1.3609881e-05,-3.633852e-05,-6.296957e-06,-5.0672832e-05
2023-07-02,4.9715174e-05,5.8125912e-05,3.8422113e-05,0.000118305055,6.0814982e-05,6.364346e-05
2023-07-03,-0.00022415913,0.00013119016,-0.00024455754,0.00018512672,-2.9834206e-05,-1.7429898e-05
2023-07-04,-0.00023909568,-0.00016760004,-0.00021446153,-0.0003511472,-0.00021795034,-0.0002467392
2023-07-05,-0.0012855948,-0.0012132397,-0.0010267004,-0.0020441914,-0.0012435032,-0.0011747906
2023-07-06,-0.0019247934,-0.0022249802,-0.0011784846,-0.003710161,-0.0021695911,-0.0018830511
2023-07-07,-0.0006658496,1.2287672e-05,6.4686137e-06,-0.00026887972,-0.00032510224,-0.00039012276
2023-07-08,3.4528493e-05,4.3230786e-05,3.1306907e-05,7.535605e-05,3.9741048e-05,3.668353e-05
2023-07-09,-0.00010758465,-0.000115933675,-8.831909e-05,-0.00019239279,-0.000108919296,-0.00011942668
2023-07-10,-0.00029317904,-2.1299558e-05,-0.00021516262,-2.1391554e-06,-0.000114504866,-1.390381e-05
2023-07-11,7.658889e-05,0.00055170193,-9.307755e-05,0.001062691,0.0005287309,0.00037801065
2023-07-12,-0.00067540444,6.375931e-05,-0.0008098829,0.000520792,0.00017148834,-0.00013672649
2023-07-13,0.00043143847,0.0010770399,0.00032667018,0.0024521227,0.0013282275,0.00094977167
2023-07-14,-0.0009931445,-0.0010579659,-0.00065546593,-0.0014296669,-0.0009281923,-0.0007580979
2023-07-15,1.2356674e-05,2.9525108e-05,2.8309227e-05,4.4106197e-05,2.8145592e-05,2.420942e-05
2023-07-16,-0.0001144498,-0.00012737265,-8.660386e-05,-0.00019958692,-0.000124525,-8.7553024e-05
2023-07-17,0.00047688492,0.000454524,8.986229e-05,0.00069270324,0.00029686763,0.0004131048
2023-07-18,0.00077449455,0.000840655,0.00023107197,0.0014933317,0.00077429286,0.0008659878
2023-07-19,0.0005553559,0.0005857788,0.00044541375,0.0008384162,0.0006465865,0.00043981336
2023-07-20,-0.0009741023,-0.00081293285,-0.00023657239,-0.0017779467,-0.0007336371,-0.00085814414
2023-07-21,-0.00072171394,-0.00018127625,-0.000306694,-0.00049640256,-0.00044300407,-0.0006060901
2023-07-22,-5.8309215e-05,-8.355365e-05,-4.6966125e-05,-0.00012603166,-7.666889e-05,-7.7365745e-05
2023-07-23,1.6663116e-05,4.439968e-05,1.7831739e-05,6.137714e-05,3.5641377e-05,5.8396905e-05
2023-07-24,0.0007145887,0.0006215296,0.00021054935,0.0013702167,0.0008271918,0.0008998089
2023-07-25,0.00016581756,0.0003137723,5.4003336e-05,0.00063612586,0.00021337312,0.00022144914
2023-07-26,0.00067441765,0.00063645415,0.00015215084,0.0010210782,0.00054890424,0.0006990141
2023-07-27,-0.0014223767,-0.0014387814,-0.0004975818,-0.0026506041,-0.0012924967,-0.001505988
2023-07-28,0.00072008546,0.0010646478,0.0002854948,0.001797831,0.0006952295,0.0005748558
2023-07-29,-2.447344e-05,-4.0396562e-06,-2.0614103e-05,4.4428234e-06,-7.301114e-06,-1.7165646e-06
2023-07-30,-0.00013083412,-0.00013441966,-5.8002966e-05,-0.00017897612,-0.000114826435,-0.00013513568
2023-07-31,0.00073259656,0.00073770137,0.00031057556,0.0012872528,0.00071352784,0.0009358227
2023-08-01,-0.0017402006,-0.001462092,-0.00079192076,-0.0027846727,-0.0015679112,-0.0015801426
2023-08-02,-0.0032998542,-0.0033608102,-0.0015462444,-0.0059497347,-0.0030606114,-0.0036249459
2023-08-03,-0.00047798007,-0.0005711422,-3.6312875e-05,-0.0009803482,-0.00038481198,-0.00079033803
2023-08-04,-0.0007175855,-0.00028843785,-0.00067446317,-0.00047427483,-0.0004693698,-0.0006102484
2023-08-05,-1.1268308e-05,7.5249454e-06,-7.3103674e-06,8.877069e-06,3.430406e-07,3.2253784e-06
2023-08-06,7.1200557e-06,-6.337427e-06,7.998311e-06,-1.0798583e-05,-4.9929295e-06,-4.042937e-06
2023-08-07,-0.00015822082,0.00019101502,-0.00014625033,0.0001791485,-7.324086e-05,0.00037949719
2023-08-08,-0.00012314842,-0.00043160847,3.983175e-05,-0.00047361627,-0.00019580487,-0.0006468018
2023-08-09,0.00063739263,0.00035478995,0.00032131714,0.0007729904,0.000535417,0.0003480997
2023-08-10,-0.00011652337,-5.9395366e-05,-5.003768e-06,-0.0002305208,-0.00013633267,-7.693236e-05
2023-08-11,0.00078133587,0.00021292295,0.000569478,0.00026070158,0.00028920048,0.0003461728
2023-08-12,-1.6328167e-05,-7.083386e-07,-1.8916762e-05,-4.1776175e-06,-5.6013437e-06,-1.2790458e-05
2023-08-13,8.058608e-06,-1.0531531e-05,1.28698575e-05,-2.7378268e-05,-1.8405113e-05,-1.2506682e-05
2023-08-14,0.0001654624,-0.00010895937,0.0002475338,-0.000106493906,-7.882451e-05,-1.15821085e-05
2023-08-15,0.0009336808,-0.00023545764,0.0010128847,-0.00047589265,-4.8386548e-05,-0.00047013597
2023-08-16,0.0015507621,0.0004300437,0.0012928129,0.0006287211,0.0006086915,0.0006587574
2023-08-17,0.002428379,0.0008536567,0.0018293441,0.0010428566,0.000986429,0.0013582755
2023-08-18,-0.00016546258,-7.119524e-05,-0.00012194941,-0.00011095624,-8.564461e-05,-0.00023214555
2023-08-19,-0.0001145318,-5.883717e-05,-0.00010897627,-2.3959345e-05,-3.471019e-05,-7.8864396e-05
2023-08-20,-0.00013435626,-6.0886203e-05,-0.00012626537,-1.2039524e-05,-2.7994145e-05,-0.0001000926
2023-08-21,9.523632e-05,0.00021281492,0.00021201455,-5.37831e-06,5.5960536e-05,9.310293e-05
2023-08-22,0.0002634922,7.9048674e-05,-4.7589354e-05,0.00034225555,0.00021291003,0.00014734696
2023-08-23,-0.0030285378,-0.0011235721,-0.0020803795,-0.00093897444,-0.00080235524,-0.0022226484
2023-08-24,0.00023328346,-0.00041665303,0.0003762979,-0.001382724,-0.00081217097,-0.00036839396
2023-08-25,0.00022478591,0.00037674812,0.0002097882,0.00065697596,0.0004320938,0.0004978284
2023-08-26,-8.4522355e-07,5.0017825e-06,9.09124e-06,-3.041129e-06,2.4475116e-06,2.9437044e-06
2023-08-27,-0.00010079799,-4.4431363e-05,-5.7088622e-05,-9.096221e-06,-1.0719535e-05,-8.794704e-05
2023-08-28,-0.0011717429,-0.00022181899,-0.0007981774,0.00020420119,-1.6150538e-05,-0.00064516877
2023-08-29,-0.0017108253,-1.9258507e-05,-0.0008942795,0.00047164143,0.000103883445,-0.0009223171
2023-08-30,-0.0007879225,-0.00038547354,-0.00051901204,-0.000871699,-0.0006565026,-0.00064190954
2023-08-31,-4.6747544e-05,-0.00025977945,-0.00019267004,-0.0005425105,-0.00033748077,7.860374e-05
2023-09-01,-4.831762e-05,0.00014418979,9.760523e-06,-0.0001321191,-3.813474e-05,5.444863e-05
2023-09-02,-4.034516e-05,-1.6138385e-05,-2.4023542e-05,-8.587836e-06,-1.048188e-05,-3.444237e-05
2023-09-03,-3.2098724e-05,-1.9706598e-05,-3.105208e-05,-2.0487266e-06,-1.1132508e-06,-2.7811657e-05
2023-09-04,3.4876906e-05,3.413322e-05,-4.6023128e-05,0.00012886035,7.4029515e-05,5.7448036e-05
2023-09-05,-7.881628e-05,-0.00052325265,-0.0002176194,-0.0008851953,-0.0004247834,8.1070844e-05
2023-09-06,-0.0001015,-0.00033760662,-0.00047042748,-0.00036446063,-4.903647e-05,0.00017217964
2023-09-07,-0.00022605078,-0.00030308808,-0.00021516689,-0.0005316125,-0.00022721806,-0.00024421277
2023-09-08,9.637466e-05,2.401006e-05,1.1602084e-05,2.506055e-05,-4.9832415e-06,9.362012e-05
2023-09-09,1.1517186e-05,5.2317423e-06,1.2288192e-05,4.542757e-06,1.486514e-06,1.1620114e-05
2023-09-10,0.00011678464,3.5977082e-05,0.00011720832,-8.261161e-06,-2.7327966e-05,0.00013754959
2023-09-11,-0.00043979802,-2.917931e-05,-0.00017915909,-7.22622e-05,-0.00032199558,-0.00043378217
2023-09-12,-0.00026454136,-0.00010528514,-0.0002824084,-0.00014859939,-0.0001798038,-0.00038553984
2023-09-13,0.00018359118,0.0001250463,0.00017212828,0.00027803943,0.0002234782,0.00011634495
2023-09-14,0.00040046696,0.00082201837,0.00018719975,0.0014446618,0.00072866795,0.000339045
2023-09-15,-0.00010520348,-0.00037907794,-0.00022652329,-0.0002714595,-0.000107408916,-0.00030072607
2023-09-16,-4.199898e-05,-4.060399e-05,-3.920522e-05,-6.969634e-05,-4.6454355e-05,-2.6842676e-05
2023-09-17,2.510081e-05,-7.0668793e-06,3.2713993e-05,-4.977943e-05,-4.3882756e-05,4.0607392e-05
2023-09-18,-0.0006957922,-0.000564479,-0.00061773317,-0.00088174467,-0.00060345995,-0.0006984494
2023-09-19,-5.8640286e-05,-0.00012504174,-0.00015112202,-7.164561e-05,-2.5227508e-05,-0.00017240805
2023-09-20,-5.422608e-05,-0.00030606755,5.0373852e-05,-0.00057212275,-0.0001463047,-0.00023368762
2023-09-21,2.7209533e-05,-0.0012655823,-3.171978e-06,-0.0020862855,-0.0011229604,0.00071056996
2023-09-22,-0.00019143139,-7.7156146e-05,-0.00015308992,-5.5985787e-05,-3.0036521e-05,-0.00035099225
2023-09-23,1.9560364e-05,1.5345202e-05,2.4086552e-05,3.6935566e-05,1.8359324e-05,2.5827234e-05
2023-09-24,9.47697e-06,-2.8946479e-05,1.4239265e-06,-6.843247e-05,-4.683711e-05,4.604532e-05
2023-09-25,0.0006055439,6.386164e-05,0.00037514564,0.00023123677,0.00010330627,0.00053217413
2023-09-26,0.0020197798,0.0006256819,0.001819461,0.00049713213,0.00056335336,0.0018365562
2023-09-27,0.0011057543,0.00070334255,0.00069457525,0.0010667718,0.00071972696,0.0012465664
2023-09-28,-0.001200278,-0.0004989871,-0.0011632069,-9.620395e-05,-0.0001338698,-0.0010689559
2023-09-29,-0.00015469514,-7.627061e-05,5.3891913e-06,-0.00059006485,-0.00047941617,-0.0005360582
2023-09-30,2.9440796e-05,4.9987968e-05,3.085786e-05,7.776635e-05,6.919184e-05,-1.9700368e-05
2023-10-01,0.00024755477,0.00030580864,0.000188217,0.00045532137,0.00035145806,7.618276e-06
2023-10-02,0.0016180285,0.0004838227,0.0017754438,-0.00028315664,-7.258366e-05,0.0014324768
2023-10-03,0.0029670098,0.0012097108,0.0026437035,0.00048824938,0.00044210016,0.0025203559
2023-10-04,-0.0004966868,-0.00034603564,-0.00016101339,-0.00023602995,2.2997394e-05,-0.00080118375
2023-10-05,-0.0008213501,-0.00039035754,-0.00053605327,-0.00062528433,-0.00043413803,-0.00089261413
2023-10-06,-0.0019522709,-0.000786008,-0.0018450104,-0.0002108783,-0.0002866098,-0.0015516621
2023-10-07,-6.6502776e-06,-1.1154531e-05,-1.4808875e-05,-1.14737295e-05,-1.3117119e-05,7.541287e-06
2023-10-08,4.30497e-06,-1.0522315e-05,-5.9751505e-06,-9.4153975e-06,-8.850292e-06,2.2521412e-05
2023-10-09,-0.0015744518,-0.0006538905,-0.00059613475,-0.0007551736,-0.00053240027,-0.0010366818
2023-10-10,-0.0021392854,-0.0010509398,-0.0018627626,-0.0005881849,-0.00043377638,-0.0015504591
2023-10-11,-0.0006372862,-0.00022297534,-0.00037310613,-0.00014150617,-6.756657e-05,-0.00050235033
2023-10-12,0.00014217617,-0.00016268797,7.747451e-05,-0.0006382152,-0.0004171559,-5.504582e-06
2023-10-13,-0.0011176462,-0.0006700976,-0.0007021607,-0.0008693142,-0.0006016725,-0.0006330286
2023-10-14,-9.4911054e-05,-6.599662e-05,-8.7343615e-05,-6.184534e-05,-4.7585134e-05,-9.233042e-05
2023-10-15,-5.811542e-05,-1.4942581e-05,-5.710713e-05,-8.746656e-06,-6.8294084e-06,-1.9796626e-05
2023-10-16,-0.0005541046,-0.00026698163,-0.0003216694,-0.00024456883,-0.00013096542,-0.00020406373
2023-10-17,0.00021808337,0.00028343915,0.00011444001,0.00024842715,0.00014994903,0.0002622829
2023-10-18,0.00012002613,-0.00058248464,-0.00013801106,-0.0009989042,-0.0006512562,-7.20026e-05
2023-10-19,0.0012636002,0.0003165868,0.0006330454,0.00034201436,0.00031337747,0.001083171
2023-10-20,0.0014559656,0.00042754092,0.0012421575,0.0008192855,0.000701028,0.0011611562
2023-10-21,4.3077896e-05,0.00010321557,1.9383804e-05,0.00024057656,0.00015761613,0.00015943442
2023-10-22,6.693039e-05,7.919793e-05,4.538648e-05,0.00010785099,9.981368e-05,8.708476e-05
2023-10-23,0.0004098346,0.00039417806,0.00041886047,0.000560808,0.0005345769,0.00019636421
2023-10-24,-0.0015758096,-0.00072872837,-0.0013962955,-0.0008761938,-0.000715923,-0.0015009781
2023-10-25,0.0014404003,0.00062253524,0.0011542669,0.0003981305,0.00016501699,0.0016473263
2023-10-26,0.0010601082,0.0005020822,0.0009617011,0.00065253023,0.00048953865,0.0009807065
2023-10-27,0.00021410466,0.00017850904,0.000308108,-0.0002116949,-0.000238736,0.00036062853
2023-10-28,0.00011372497,0.00011092162,8.366621e-05,0.00018368456,0.000112526344,8.999844e-05
2023-10-29,0.0004186563,0.0003917907,0.00020479527,0.00069320016,0.00041458974,0.00035063492
2023-10-30,-0.0013714948,-0.00060827803,-0.0013157162,-6.4829735e-05,-1.3822692e-05,-0.0014883833
2023-10-31,-0.00047204323,-0.00011722751,-0.0005627947,-6.4103915e-05,-0.00014061523,-0.00036350926
2023-11-01,-0.001199589,-0.00015586943,-0.0008872306,0.0005946883,0.00039509358,-0.00084758684
2023-11-02,-0.0040850453,-0.0018080964,-0.0032203204,-0.0010437643,-0.00036155904,-0.003379721
2023-11-03,-0.0012928077,-0.00015223,-0.00071547943,6.7249464e-05,0.00024416542,-0.001280952
2023-11-04,0.00021287307,0.00020847701,0.00015300214,0.00034611387,0.0001968275,0.00019821328
2023-11-05,0.00040744385,0.00039047076,0.0002672,0.00069226744,0.00039116418,0.00039070108
2023-11-06,-0.00035148126,-0.00015713484,-9.7447315e-05,0.00014705562,0.00011854634,-0.0004450729
2023-11-07,3.1973046e-05,-0.00034748638,6.8171207e-06,-0.00086099876,-0.00056186307,-0.00010614757
2023-11-08,5.1674815e-05,0.000120680466,-0.00018022246,-4.9472023e-05,-0.00012389987,0.0002149541
2023-11-09,-0.00012746929,-0.0002505918,-0.0002353525,-0.00046394757,-0.0002356176,0.00015318219
2023-11-10,0.0005862525,0.0008157489,0.00037636628,0.0014517171,0.0006340445,0.00066961866
2023-11-11,0.00012183268,0.00011479819,2.1512205e-05,0.00020851125,0.000114391274,0.000104609855
2023-11-12,-2.411656e-05,-2.4458059e-05,-3.6828267e-05,-3.9351988e-05,-1.9862553e-05,-2.0504658e-05
2023-11-13,-0.00056562136,-0.0002899148,-0.00032744338,-0.0002775012,-0.00023930344,-0.00062982127
2023-11-14,0.0018706108,0.0024494838,0.0017122471,0.0044024508,0.0022663767,0.0007226605
2023-11-15,0.0016458547,0.0014025465,0.0008179781,0.0025213843,0.001504529,0.001246723
2023-11-16,-0.0003513853,-0.0005677281,-0.00014002906,-0.0012287665,-0.0007658373,-0.00032793378
2023-11-17,0.0003338437,0.00058440905,0.000326324,0.0011505013,0.00056574744,0.00037634312
2023-11-18,-4.8038997e-05,-5.7131405e-05,4.7663534e-06,-7.921952e-05,-5.1453728e-05,-5.9862246e-05
2023-11-19,0.00012769653,0.00015151271,-1.0548564e-05,0.00022893748,0.00013337863,0.0002312302
2023-11-20,0.0009663853,0.00092363905,0.00071910495,0.0020305838,0.0010897254,0.0006706901
2023-11-21,-0.00073574245,-0.00075260067,-0.00036581254,-0.0013402964,-0.0006637516,-0.000941083
2023-11-22,-0.00014295739,0.00010839532,-0.0001395755,0.00015524971,-0.00015401591,9.911059e-05
2023-11-23,-2.2997103e-05,0.00017748431,-2.1538171e-05,0.00020428133,7.899851e-06,6.27696e-05
2023-11-24,0.0010729608,0.00067394774,0.0007930301,0.0013443718,0.0007650609,0.0009892099
2023-11-25,3.972597e-05,6.757007e-05,-3.3051478e-05,8.519065e-05,4.3817527e-05,0.00012949243
2023-11-26,-6.455127e-05,-6.945329e-05,7.050934e-06,-9.7315766e-05,-6.29253e-05,-0.00011044381
2023-11-27,0.0001945788,-0.00015989562,0.00014431907,-0.00036889833,-7.632742e-05,5.6030144e-06
2023-11-28,0.00081804406,0.0009757675,0.0004464212,0.0019192079,0.0010320768,0.0007996267
2023-11-29,0.0007372623,0.00056579226,0.0003548372,0.0012904658,0.00068834005,0.0006628453
2023-11-30,0.0001881361,0.00034884142,0.0002228735,0.00050676265,0.00021487419,0.00017026767
2023-12-01,0.002181954,0.0021111076,0.001543477,0.0041346946,0.0019936047,0.001928648
2023-12-02,0.00015294869,0.00015887208,3.5295216e-05,0.00023494766,0.00014314773,0.00026007555
2023-12-03,-2.0462294e-06,9.573857e-07,-1.5874914e-05,-1.1402418e-06,-1.916535e-06,5.8941173e-06
2023-12-04,-0.0001232458,-0.0007309094,2.7155218e-06,-0.0015711357,-0.00052179466,-0.00033684887
2023-12-05,-0.00019717266,-3.387552e-05,-0.0003153934,-0.00017534198,-0.00013634529,-9.298875e-05
2023-12-06,0.00046995326,0.00019924171,0.0004124693,0.00014135623,5.9095637e-05,0.0001777944
2023-12-07,0.000940124,0.0009281774,0.00034109302,0.0016304621,0.00090758415,0.00091764267
2023-12-08,0.0007912212,0.00066456,-6.783143e-05,0.0014440911,0.0008104193,0.0005558814
2023-12-09,-6.467928e-05,-6.889806e-05,-6.0314396e-05,-9.799445e-05,-5.622903e-05,-5.715559e-05
2023-12-10,0.0001386862,0.00013028373,1.7955288e-05,0.00021714433,0.00012874155,0.00014032634
2023-12-11,-0.0011636926,-0.00072714913,-0.0006790494,-0.0012577537,-0.0008670831,-0.0009582531
2023-12-12,0.0007946571,0.0008117801,0.00047403993,0.0010236967,0.00057991024,0.0007875795
2023-12-13,0.003234781,0.0030240805,0.0002588201,0.0057151965,0.0030073386,0.0036130364
2023-12-14,0.0016708309,0.0017868427,-0.00048753992,0.003943785,0.0019396201,0.002169719
2023-12-15,-0.0018164259,-0.001268791,-0.0008512401,-0.0021616493,-0.001410657,-0.0016895649
2023-12-16,6.300045e-05,6.9148264e-05,4.2021634e-06,0.00010460407,4.5834684e-05,0.0001324212
2023-12-17,-0.00016723624,-0.0001639762,-6.2389605e-05,-0.00025237995,-0.00014117415,-0.00024333723
2023-12-18,0.00036799966,0.00026453286,-2.2835116e-05,0.0005228008,0.00029418265,0.00028562528
2023-12-19,0.0017602334,0.0016904525,0.00016637791,0.0032319534,0.0017462743,0.0017614187
2023-12-20,-0.0016964831,-0.0015556043,0.00013902847,-0.003077019,-0.0014803144,-0.0013724045
2023-12-21,0.0018220937,0.0016913894,7.651788e-05,0.003162451,0.001602979,0.0018253985
2023-12-22,0.0010555735,0.00054323196,0.00032164765,0.0010423675,0.0006822388,0.0010927744
2023-12-23,7.942249e-05,7.2871415e-05,5.737642e-05,0.00011621602,6.920366e-05,4.9132646e-05
2023-12-24,-0.00014695158,-0.00013269122,-0.00012413831,-0.00020378306,-0.0001367993,-0.0001805538
2023-12-25,0.0002238356,0.00015122008,3.6453243e-05,0.000217178,0.00011628119,0.0003121683
2023-12-26,0.00095072883,0.00097397197,-0.00013772336,0.0018720579,0.00092369784,0.0010043887
2023-12-27,0.0018230575,0.0015311795,0.00023221996,0.0029870768,0.001616746,0.0020204936
2023-12-28,-0.00019016881,-0.00033630963,-0.00012801801,-0.0005103363,-0.00013832876,-0.00017360155
2023-12-29,-0.0008230962,-0.00075867027,-0.00023633218,-0.0013464813,-0.00076683064,-0.0009140484
2023-12-30,5.009681e-05,4.5094137e-05,4.0948453e-05,6.822216e-05,4.7911664e-05,3.824211e-05
2023-12-31,-0.000112565496,-0.00010050371,-9.1396694e-05,-0.00016357358,-9.941351e-05,-0.00011604464
2024-01-01,0.0001458073,0.00012859888,0.000118429365,0.00018766386,0.00013356027,0.00025368336
2024-01-02,-0.0018727378,-0.0017045438,-0.00022147264,-0.003185458,-0.0016926125,-0.0017917424
2024-01-03,-0.0036960107,-0.0030031644,-0.0005473874,-0.005308758,-0.003104517,-0.0041599115
2024-01-04,-0.00054756796,-0.0002760641,-0.00022152708,-0.00046491378,-0.0003111261,-0.00038258923
2024-01-05,-4.0159033e-05,0.00015666589,0.000107220025,1.5987682e-06,4.246636e-05,-0.00011554813
2024-01-06,7.660457e-06,-3.0355579e-05,3.7041882e-05,-0.00011923974,-3.5797137e-05,-6.133779e-05
2024-01-07,0.00015021696,6.382209e-05,0.00013954382,-4.0259147e-05,4.5645014e-05,3.33548e-05
2024-01-08,0.00046658306,0.00079990854,2.904988e-05,0.0014446344,0.0006863953,0.0014348291
2024-01-09,-0.00038939572,-0.0006664954,9.164573e-05,-0.00091851206,-0.0004682901,-0.00100864
2024-01-10,-0.00020103696,9.305637e-05,-0.00030248956,0.00030751975,8.6968794e-05,0.00024667443
2024-01-11,4.946988e-05,0.00017396588,-5.1162e-05,0.00044303396,0.00028143072,-3.589994e-05
2024-01-12,0.00026680433,0.000287926,-7.451185e-05,0.00042349755,0.00019523183,0.00049592106
2024-01-13,1.0551652e-05,4.700153e-05,5.6888957e-06,0.00010908839,5.513994e-05,4.720978e-05
2024-01-14,-0.00014098923,-0.00015665039,-5.2968768e-05,-0.0002790561,-0.00016574441,-0.00017113575
2024-01-15,-1.6583072e-06,2.5126878e-05,-3.881671e-06,7.323337e-05,2.8074994e-05,-3.3985023e-05
2024-01-16,-0.0007435571,-0.001392629,0.00019881713,-0.0019624312,-0.0010213268,-0.002079075
2024-01-17,9.384666e-05,-0.0008129944,0.000603005,-0.0012327096,-0.0005728424,-0.0013510082
2024-01-18,-8.438881e-05,0.0004597768,-0.00022980556,0.0006927936,0.0003630729,0.00023403238
2024-01-19,-0.0002008058,0.00067360414,-0.00024449197,0.0008878595,0.0002812852,0.0005233758
2024-01-20,-0.00013590074,-7.5988864e-05,-0.00012541539,-5.2278556e-05,-3.8239024e-05,-8.3973115e-05
2024-01-21,-1.2969849e-05,-2.801301e-05,-9.111977e-06,-5.77888e-05,-3.4133118e-05,-3.117648e-05
2024-01-22,0.0002979535,0.00035178618,0.0003044908,0.00020288918,9.534908e-05,0.0006309316
2024-01-23,-8.233642e-05,3.1597992e-05,-0.00021951094,0.00033605678,0.00022674746,-0.00033629854
2024-01-24,-0.00079039973,4.346919e-05,-0.0005545254,-5.2269434e-06,-0.0002393158,-0.00042467154
2024-01-25,-1.4741551e-05,0.0004476542,8.379462e-06,0.00043901452,0.00032959046,0.00037780934
2024-01-26,-0.00014523114,0.00015960133,-0.00013311378,0.00040577166,0.00022625632,0.00020502233
2024-01-27,-5.7417677e-05,-3.6735677e-05,-5.7119654e-05,-4.6421566e-05,-3.5185636e-05,-3.7518283e-05
2024-01-28,3.7610153e-07,-1.3766455e-05,-8.7712226e-07,-1.2678618e-05,-6.891158e-06,-1.8994786e-05
2024-01-29,0.00035364015,0.0006767753,-0.00020108961,0.0011963813,0.000664847,0.0009837744
2024-01-30,-0.00015944475,7.782459e-05,2.8569697e-05,-9.243926e-05,-0.00014222083,-6.1439794e-05
2024-01-31,-0.0016396655,-0.0015920264,-0.0003809547,-0.0028451951,-0.0016752548,-0.0016219511
2024-02-01,0.0007292255,0.001100692,-0.00024152313,0.0015758274,0.0009720582,0.0012263997
2024-02-02,0.00038963347,5.8874393e-05,1.311758e-05,0.00030251627,2.2173986e-06,0.00022363885
2024-02-03,-6.779226e-05,-5.6461104e-05,-5.2123523e-05,-7.302751e-05,-5.363421e-05,-4.926025e-05
2024-02-04,6.6899105e-05,2.4581088e-05,4.8809212e-05,4.8859456e-05,1.65449e-05,6.2124054e-05
2024-02-05,-0.00030300498,-0.0007368655,0.00015297506,-0.0008481418,-0.00045785116,-0.00072442304
2024-02-06,-0.00073649,0.00027141164,-0.00070008583,0.0002331714,-0.00011740407,-0.00031480336
2024-02-07,7.6012344e-05,0.0002897631,-0.00016693314,0.00046707696,9.6083204e-05,0.000108132605
2024-02-08,0.00036058025,0.0003944579,8.483087e-05,0.00076552597,0.00038157674,0.0003947252
2024-02-09,0.001003702,0.0008759105,0.00032258555,0.001576127,0.0009505972,0.0011885153
2024-02-10,7.682668e-05,6.992259e-05,6.505964e-05,0.00012406829,6.547359e-05,6.540315e-05
2024-02-11,0.00012584071,0.000120443074,0.000112887734,0.00020129663,0.00011578849,9.968817e-05
2024-02-12,0.00023516905,0.0005086815,0.0001371046,0.0006894468,0.00029455678,9.538194e-05
2024-02-13,-0.0011744294,-0.00195205,0.0005134631,-0.0032908653,-0.0017600551,-0.0015681564
2024-02-14,0.001273023,0.0014379121,2.1390475e-05,0.0026293697,0.0015163295,0.0016394729
2024-02-15,0.00060227845,0.0013754738,-0.00024043764,0.0020066036,0.000916516,0.00081470504
2024-02-16,-0.00036007384,-0.00011651396,-7.2805225e-05,-0.00047244088,-0.00035536697,-0.00029937478
2024-02-17,-9.540285e-05,-9.468366e-05,-0.000101043246,-0.00015612609,-0.0001031906,-6.304098e-05
2024-02-18,0.00014515591,0.00014419263,9.499864e-05,0.0002559987,0.00014094167,0.000117863754
2024-02-19,0.00033288816,0.0003319537,0.00020607752,0.0005641366,0.00032595682,0.00023596127
2024-02-20,-0.0005978753,-0.00038748505,-0.00053081167,-0.0005164592,-0.00035057997,-0.00048199078
2024-02-21,-6.2507893e-06,3.8005644e-05,-0.00010260446,3.8306054e-05,4.518129e-05,-0.00015628907
2024-02-22,0.0020694467,0.0020271193,0.000336323,0.0034721976,0.0019540356,0.0021910316
2024-02-23,0.0004743938,0.00032371675,-0.00012656514,0.0006816593,0.0003804957,0.00051603885
2024-02-24,0.00010831384,0.00013523572,4.5885696e-05,0.00021407704,0.000103755054,0.00017402243
2024-02-25,8.765277e-05,9.477569e-05,3.6872603e-07,0.00017885336,9.198259e-05,0.00011423975
2024-02-26,-0.00018046887,-6.6785404e-05,-0.00013065289,-0.00014904574,-0.00015117555,-2.8747083e-05
2024-02-27,0.00085259404,0.00093058345,0.00028944635,0.0014494823,0.0008674158,0.0008139332
2024-02-28,-0.00064348965,-0.00058891776,-0.00027135067,-0.00095875456,-0.00053220906,-0.00064130564
2024-02-29,-8.3767096e-05,0.0003255976,-0.00022141449,0.00029884573,9.847421e-05,0.0001784785
2024-03-01,0.0018571747,0.002195714,0.0005717771,0.0036613876,0.0020730107,0.0019972324
2024-03-02,0.0012835094,0.0012134298,0.0008480595,0.0021827791,0.0012161357,0.0012634725
2024-03-03,-3.056957e-05,-3.6795784e-05,-0.00011467464,-3.8346465e-05,-3.3249587e-05,-4.306192e-05
2024-03-04,0.000876563,0.0008001169,0.00032164785,0.0015955394,0.0008316678,0.0007232072
2024-03-05,-0.0017129922,-0.0018890506,-0.0002791881,-0.0032815272,-0.0017163178,-0.0018008944
2024-03-06,0.002042143,0.0021340821,0.000457706,0.003830152,0.0021241093,0.00191302
2024-03-07,0.0016378156,0.0016887832,0.00034994123,0.0030028848,0.0016760451,0.0013043788
2024-03-08,-0.00046299046,-0.0004182899,-7.1395616e-06,-0.00071810896,-0.0004664745,-0.0007780038
2024-03-09,5.7961057e-05,4.8827944e-05,-7.93667e-07,7.952133e-05,5.0750405e-05,5.718356e-05
2024-03-10,-6.7650966e-05,-6.79153e-05,-2.8903229e-05,-0.00011630679,-7.1392715e-05,-5.8855945e-05
2024-03-11,0.0004438196,0.0003100107,0.00019244841,0.00047523557,0.00046167278,0.00026887486
2024-03-12,0.00064340065,0.00079271145,-0.00032941738,0.0012860469,0.0006818298,0.000751566
2024-03-13,0.0006896003,0.001011037,0.00014616572,0.0017974728,0.00082093594,0.0009926687
2024-03-14,-0.0016279969,-0.0015268013,-0.0007197355,-0.0028479658,-0.0016023593,-0.0014126191
2024-03-15,-0.0010622389,-0.0007403997,-0.00023265983,-0.0014708654,-0.00094744115,-0.00093875226
2024-03-16,-0.00050189503,-0.00049453345,-3.50978e-05,-0.00085089816,-0.00048071274,-0.0005852427
2024-03-17,0.0001785725,0.00020211063,1.0786114e-05,0.0003626571,0.00017990144,0.00028514976
2024-03-18,0.0001924957,0.00054221705,-0.0002537198,0.0006510284,0.00031546364,0.00043924665
2024-03-19,-0.00017380141,-0.00012314355,-0.00025237125,-0.00034408775,-0.00023646583,-0.00032030686
2024-03-20,0.00074659544,0.0013317813,-7.005176e-05,0.002401842,0.001131213,0.0016198579
2024-03-21,0.0010016526,0.0010851572,0.00029972804,0.0018638641,0.0009575787,0.0013577052
2024-03-22,-0.0006714848,-0.0008247428,-0.00029950475,-0.0013632346,-0.0006877989,-0.0009875899
2024-03-23,-3.5051733e-05,8.221651e-06,-4.097398e-06,2.3054447e-05,-1.5003226e-06,2.8949786e-05
2024-03-24,-1.24747185e-05,6.7765526e-05,-8.458573e-06,0.00016548182,7.46522e-05,0.00012946196
2024-03-25,-0.0001694915,1.3933831e-05,-0.00023588006,-7.285846e-05,-7.499376e-05,-0.00018741951
2024-03-26,0.00028351523,7.809588e-05,0.0002399157,0.0003304496,0.0002062522,0.00038419172
2024-03-27,0.0016903502,0.0016644775,0.00012909375,0.002850922,0.0016401454,0.0015867563
2024-03-28,0.0005665569,0.00061646424,9.675405e-07,0.0010611172,0.00066962774,0.0007635801
2024-03-29,0.000100324265,0.00014503297,9.610759e-05,0.00019117697,0.00012128828,8.594684e-05
2024-03-30,-0.00010970235,-0.00010461267,-9.337322e-06,-0.00017155163,-0.00011087108,-0.00014999606
2024-03-31,0.0001731065,0.00019041907,4.8403574e-05,0.00031720128,0.000184665,0.00023001614
2024-04-01,-0.00062976225,-0.00081930694,-0.00025959476,-0.0012393591,-0.0007749701,-0.00062794343
2024-04-02,-0.0010279351,-0.0011163359,-0.00024318392,-0.001822458,-0.00101101,-0.0011147311
2024-04-03,0.00015735964,0.0003873307,-0.0003247283,0.00056522584,0.00028032358,0.00037077127
2024-04-04,-0.001035746,-0.0005577651,-0.00040004714,-0.0011100821,-0.00093429314,-0.0008623415
2024-04-05,0.0004039391,0.0003563452,0.00022354342,0.0005724104,0.000317156,0.00044369383
2024-04-06,-9.054656e-06,4.0004146e-05,-3.358714e-05,0.00010433176,4.329718e-05,4.534895e-05
2024-04-07,-3.3065335e-05,-2.4383667e-06,-3.783635e-05,3.2717402e-05,9.493639e-06,1.2294499e-05
2024-04-08,0.0003176309,0.00060531887,-3.5074354e-05,0.0011336849,0.0005982994,0.0007799519
2024-04-09,-8.758012e-05,-4.1650783e-05,-0.00016431394,-2.7594408e-05,-2.634998e-05,4.008896e-05
2024-04-10,-0.00030287608,-0.0011515083,0.0004677943,-0.0019961547,-0.00089107605,-0.0011053078
2024-04-11,8.203197e-05,3.6717258e-05,-1.0152234e-05,0.00024122528,2.9316492e-05,0.00018525597
2024-04-12,0.00014731727,-0.0009921202,0.00060776144,-0.0016467621,-0.00070477196,-0.0009745912
2024-04-13,0.00036572045,0.00013315993,0.00034749013,-6.703399e-05,9.962823e-05,0.00018527388
2024-04-14,-0.00031575025,-0.00014288301,-0.00027687562,-3.8016522e-05,-0.00012529327,-0.00020878512
2024-04-15,0.0011849256,9.879499e-05,0.0008369967,4.6828824e-05,0.0004813056,0.00056264794
2024-04-16,0.00019302648,-0.0009071769,0.0006407772,-0.001455627,-0.0005045956,-0.0007750638
2024-04-17,-0.000183218,-0.00014458642,-6.9480724e-05,-0.00038333284,-0.00022955771,-0.00016342742
2024-04-18,-9.422256e-05,0.00019819853,5.1452975e-05,0.0001279503,-5.0418097e-05,0.00018615426
2024-04-19,0.00041728423,0.00023531326,-4.001129e-06,0.00053581095,0.00039951463,0.00026443056
2024-04-20,-0.0003556038,-0.00016247023,-0.00031066508,3.566732e-05,-5.8920355e-06,-0.00023707174
2024-04-21,6.684899e-05,3.3784614e-05,5.7187473e-05,1.1167307e-06,3.0934996e-06,3.582826e-05
2024-04-22,-0.0022838854,-0.0005658683,-0.0013120049,-0.00077235285,-0.0006578025,-0.0013094447
2024-04-23,-0.0016280302,1.3627792e-05,-0.0010784984,0.00015121265,-8.7515866e-05,-0.00053412945
2024-04-24,-0.0002421407,-8.053119e-05,9.577261e-05,-0.00037161252,-0.00047350407,-0.0002559908
2024-04-25,0.00058317836,0.00024528813,0.00018214654,0.000350523,0.00015866992,0.00043186516
2024-04-26,-0.00020042059,0.00048225455,-0.0002362508,0.00075681624,0.00043040514,0.0003833051
2024-04-27,-3.6400186e-05,-2.2011225e-05,-2.70123e-05,-2.5727693e-05,-1.3254413e-05,-2.2799191e-05
2024-04-28,4.7927613e-05,2.7520186e-05,4.715713e-05,2.9946594e-05,1.552432e-05,1.6532413e-05
2024-04-29,-8.4690055e-06,0.0005759298,-0.0004117445,0.0014808979,0.0007835346,0.0005837061
2024-04-30,-0.0009099351,-0.002130105,-0.00016719152,-0.003568526,-0.0023712628,-0.0019523156
2024-05-01,-0.00015346755,-0.00027550766,-0.00023907698,-0.00010734083,1.2407539e-05,-0.00011919334
2024-05-02,-0.00085734366,0.0003083741,-0.00023109755,0.00032799115,5.8962636e-05,-0.000746731
2024-05-03,-0.0016840949,2.3724278e-06,-0.0007681888,-0.0006243327,-0.0005719884,-0.0013015952
2024-05-04,-6.097877e-05,-3.3174667e-05,-5.266918e-05,-1.4578959e-05,-1.0168422e-05,-3.1071242e-05
2024-05-05,-3.368378e-06,2.0995485e-05,-4.466027e-06,2.1522166e-05,2.5687918e-05,-3.3369408e-05
2024-05-06,0.000262128,0.0010133319,0.00032013896,0.0014162399,0.00082421285,0.0006957851
2024-05-07,0.0002180378,0.00043612256,-2.7020727e-05,0.0007164898,0.0004497596,0.00066826644
2024-05-08,-0.00041279936,-0.00037082465,-0.00035416044,-0.00069584843,-0.0004719004,-0.00029303323
2024-05-09,0.0009421733,0.0012118872,0.000515668,0.0019607295,0.0011284084,0.0009330374
2024-05-10,0.0008586091,0.00060989975,0.00038728947,0.0012106055,0.00069579424,0.00091586425
2024-05-11,-1.099189e-06,-1.1810203e-05,1.3633449e-05,-2.2277685e-05,-1.4914644e-05,9.3611317e-07
2024-05-12,1.5627862e-05,1.9111225e-05,6.5214505e-07,3.543378e-05,1.9005427e-05,1.3472536e-05
2024-05-13,0.00017602395,0.00020425695,1.2058867e-05,0.00031154987,0.00016942185,0.00014322124
2024-05-14,0.0013616778,0.0011288832,0.0008205246,0.0021971834,0.0011758155,0.0012604868
2024-05-15,0.0019682322,0.0022368853,0.0010580367,0.004389882,0.0023479704,0.0016322637
2024-05-16,-0.00032618127,-0.00034981404,-0.00029806598,-0.00062076066,-0.00016619764,-0.0006362444
2024-05-17,0.0009481438,0.001055225,8.793539e-05,0.0019802905,0.0011718395,0.0011638514
2024-05-18,-2.7337683e-06,-6.870509e-07,1.06246225e-05,-4.222097e-06,1.2243137e-06,-1.0878063e-05
2024-05-19,-6.483272e-05,-8.96186e-05,-5.229633e-05,-0.00013503476,-9.926872e-05,-5.1542167e-05
2024-05-20,0.00085242704,0.0008118801,0.0004943122,0.001414029,0.000980422,0.00075856363
2024-05-21,-0.0005919557,-0.0004153467,-0.00035506368,-0.00085634756,-0.0005273492,-0.00049391546
2024-05-22,-0.0018256989,-0.0016255673,-0.0008636491,-0.0031019405,-0.0016587978,-0.0015477634
2024-05-23,-0.0019207969,-0.0017841265,-0.0007600645,-0.0032702803,-0.0016454059,-0.0016409942
2024-05-24,0.00042626285,0.0006529058,0.0003162079,0.0010970719,0.00045127035,0.0004732313
2024-05-25,9.355169e-05,8.573131e-05,8.678098e-05,0.00013098745,8.860924e-05,6.144393e-05
2024-05-26,-6.7231136e-05,-8.021988e-05,-5.83556e-05,-0.00012521689,-7.562008e-05,-4.828933e-05
2024-05-27,0.0006841148,0.00048710147,0.00034711676,0.001007946,0.00059327664,0.00061165035
2024-05-28,-1.7524924e-05,-0.00014578039,-0.00021643008,-8.873496e-05,-2.1232012e-05,-5.3512522e-05
2024-05-29,-0.0021890572,-0.0024282164,-0.001004889,-0.004307024,-0.0021823342,-0.0023333617
2024-05-30,-0.0013931997,-0.000752359,-0.00070575683,-0.0016925585,-0.0011210823,-0.0011553277
2024-05-31,-0.00089608383,-0.00016620844,-0.00047342203,-0.0006224751,-0.0006114267,-0.000594967
2024-06-01,1.7289929e-05,2.4525732e-05,8.5569545e-06,4.6248304e-05,2.1439502e-05,2.2964416e-05
2024-06-02,-1.5764152e-05,-8.501103e-06,-2.8576836e-05,3.7815091e-06,8.318339e-06,-1.9361829e-05
2024-06-03,0.0012061889,0.0008149084,0.00066445733,0.0013520786,0.00069132325,0.0012410638
2024-06-04,-0.00031685852,-0.00062564324,-0.00016725404,-0.0008730504,-0.00037259163,-0.00070695044
2024-06-05,-7.1370334e-05,0.00065981527,-0.00015614755,0.0009074452,0.00035518507,0.00028224918
2024-06-06,7.4798604e-06,0.00027670534,-0.0003649616,0.0008834538,0.00036794116,0.0004211592
2024-06-07,-0.000985137,-0.0015911415,-0.0005512783,-0.00301003,-0.001717987,-0.0017000345
2024-06-08,0.00012630013,9.786542e-05,3.5700814e-05,0.00016142978,0.000120056684,8.171316e-05
2024-06-09,-6.456475e-05,-1.8355428e-06,-7.531571e-05,-3.4380703e-06,-2.4825713e-05,4.355098e-06
2024-06-10,-0.0012380845,-0.0005003804,-0.0007418062,-0.0010542913,-0.0007570541,-0.0010365873
2024-06-11,0.000674769,-2.8675577e-05,0.00034378972,0.00012104424,0.00020479028,0.00010983641
2024-06-12,0.00053388503,0.0010729791,-9.36784e-05,0.0020079082,0.00089532405,0.001177311
2024-06-13,0.00088470336,0.0001670503,0.0006782209,0.0001750009,0.0002236272,0.00030671238
2024-06-14,0.00076956226,-2.7798093e-05,0.0007042365,-0.0001753251,0.00013058762,-0.00017312045
2024-06-15,-0.00012444843,-4.410898e-05,-0.00013133604,1.2266212e-05,-1.6700775e-05,-7.575662e-05
2024-06-16,-5.3028332e-05,-9.070506e-06,-5.1231644e-05,1.6478338e-05,-6.981621e-06,-2.8411023e-05
2024-06-17,-4.6166657e-05,0.00016066169,-0.00015833016,-7.87369e-06,-0.00011887429,-0.00024763413
2024-06-18,0.0005550589,0.0008973469,0.0003030511,0.0014669525,0.00074142084,0.00086138264
2024-06-19,0.00019198844,3.402952e-05,9.589796e-05,0.0001920375,0.00013575994,0.00023840011
2024-06-20,-0.0005018125,-0.00014121181,-0.00022898469,-0.00013066456,6.65924e-07,-0.00024381581
2024-06-21,0.00013663704,-0.0002443925,0.00030315257,-0.0004733803,-0.00018953021,-0.00042330302
2024-06-22,4.9756544e-08,1.1615976e-05,-9.144124e-06,3.4956454e-05,1.1659009e-05,1.2479707e-05
2024-06-23,0.00017798918,6.511069e-05,0.00016942825,-1.2601921e-05,2.4580763e-06,0.00013333217
2024-06-24,-0.00066035386,0.00012382661,-0.00015014512,0.00014280835,0.00013730025,1.9512587e-05
2024-06-25,-0.0002269828,-0.00028072362,-0.00041583166,-0.0002371771,-0.00024263826,-0.0004219802
2024-06-26,3.8952745e-05,-0.00019979765,5.745136e-05,-0.00033775778,-0.00023406692,-0.00017884502
2024-06-27,0.00055383233,0.000469097,7.497219e-05,0.0011626307,0.00073547347,0.00048241572
2024-06-28,-0.00044322354,-0.00034648378,-0.00023006435,-0.00071440183,-0.00044980863,-0.00052387454
2024-06-29,3.8194896e-05,3.375137e-05,2.3914787e-05,7.350527e-05,2.431338e-05,4.2593343e-05
2024-06-30,-0.00018475474,-5.366087e-05,-0.00017236474,-2.5375257e-05,-8.7479026e-07,-0.00014549606
2024-07-01,-0.0002372729,-4.8293758e-05,-0.00011557449,7.16873e-06,-2.3215473e-05,-0.00021771931
2024-07-02,0.0005389766,0.0007651463,6.6171255e-05,0.0012365348,0.000691644,0.0006837202
2024-07-03,0.0003490319,0.0009332724,-0.000103047096,0.0016581973,0.0007791878,0.0010759088
2024-07-04,0.0005451093,0.00024862093,0.00033269337,0.00050558796,0.00016619614,0.0007426164
2024-07-05,0.00045966893,0.0005578349,0.0001742125,0.0007771289,0.00044995733,0.00059028465
2024-07-06,-0.00054452877,-0.00019840989,-0.00048145925,-5.6535227e-05,-0.00013218621,-0.00048494822
2024-07-07,0.0005005659,0.00011938503,0.00046253917,-0.00012459264,6.092084e-06,0.00039683623
2024-07-08,-0.0009791516,-0.0006525906,-0.0009303859,-0.0011818851,-0.0007712382,-0.0006385991
2024-07-09,-0.00015148676,-0.00023563538,-0.0002732084,-8.9417146e-05,-0.00011452044,-0.00036815007
2024-07-10,0.0014715131,0.0016440541,0.00045959928,0.0029494513,0.0016945786,0.0016630676
2024-07-11,0.00080391124,0.0011366908,0.0005271558,0.0021185966,0.0013437511,0.0006807633
2024-07-12,6.9108704e-05,0.0006815052,0.0003417228,0.0005981374,0.0005493184,2.7247974e-05
2024-07-13,-6.759347e-05,0.00012287355,-7.408233e-05,0.0001727337,0.00016954851,-6.361135e-05
2024-07-14,-8.929446e-05,-1.369483e-05,-4.8989896e-05,-1.80078e-05,9.302582e-06,-5.6744513e-05
2024-07-15,-0.00018254654,-0.0002533896,1.0123824e-05,-0.00044642785,-0.00017878387,-0.0001986093
2024-07-16,0.0019055766,0.0017349991,0.0010035229,0.003589776,0.0018869392,0.0017175571
2024-07-17,-0.0014801704,-0.0013057614,-0.0005630904,-0.0025107076,-0.0014199688,-0.0014234326
2024-07-18,-0.002482176,-0.0024086765,-0.0010139944,-0.004872589,-0.0023884645,-0.0026043593
2024-07-19,-0.0014006397,-0.0013087657,-0.00044239432,-0.0024787497,-0.0012359268,-0.0015467132
2024-07-20,8.711048e-05,0.00010271525,7.07724e-05,0.00016443011,9.707238e-05,7.518152e-05
2024-07-21,0.00014539718,0.00016229808,0.00015178011,0.000271373,0.00015248707,0.00013101357
2024-07-22,0.00027456039,0.00050585915,-3.841239e-05,0.0011262132,0.0004410407,0.00032274626
2024-07-23,0.0006037857,-4.2545133e-05,0.0003474612,0.0003507015,0.000346933,0.00031120883
2024-07-24,-0.00094037486,-0.0016694721,-0.00047313696,-0.0030286317,-0.0014313776,-0.001801657
2024-07-25,0.00051921274,-0.00047867725,5.4839245e-05,-0.00065052096,-5.237366e-05,0.00016202871
2024-07-26,0.0014459358,0.0014204279,0.00070279,0.0024875684,0.0013280513,0.0018649594
2024-07-27,-1.9765119e-05,-1.8860135e-05,-6.5100903e-06,-3.2894623e-05,-1.9651476e-05,-1.9609228e-05
2024-07-28,5.8088415e-05,5.069796e-05,2.784552e-05,6.892193e-05,5.2455274e-05,4.757351e-05
2024-07-29,-0.00028451756,-0.00021370045,-1.7226163e-05,-0.0005048932,-0.00030758136,-0.00020955902
2024-07-30,0.0007077901,0.00039032433,0.00021203225,0.00060807716,0.00040841653,0.00051183737
2024-07-31,-0.00090374204,0.00032247888,-0.0007869269,0.00084571494,0.00018332271,-0.00012256797
2024-08-01,0.00035275662,-0.0011630508,0.00019080029,-0.002277536,-0.0011383297,-0.0007843181
2024-08-02,0.0014630599,-0.0007564974,0.000945847,-0.0010689116,-0.000241913,-0.00015444073
2024-08-03,0.00010090688,1.584063e-05,0.00011643686,1.4951669e-05,6.05579e-05,3.397702e-05
2024-08-04,0.00042059756,0.00016645435,0.0004174833,0.00016309693,0.000228145,0.00020769055
2024-08-05,0.0018922373,-0.0016157503,0.001560825,-0.0029807521,-0.0008836485,-0.00017655858
2024-08-06,-0.0019465022,-0.00073069904,-0.0015360279,-0.0011164101,-0.00093789684,-0.0013637639
2024-08-07,-0.0014919091,-0.0006950546,-0.0011444624,-0.0013324214,-0.0009992071,-0.0014034166
2024-08-08,-0.0036209528,-0.00097616285,-0.0022732064,-0.00061634975,-0.0008466537,-0.0025559755
2024-08-09,-0.00156071,-0.00014535981,-0.00024704702,-0.00026107437,-0.00022789951,-0.001224287
2024-08-10,-2.26756e-05,-3.983196e-06,-2.4919877e-05,2.7273745e-06,-5.8300843e-06,-1.0470967e-05
2024-08-11,0.00022611796,3.803421e-05,0.00021876462,5.5051432e-06,1.6579546e-05,0.00017208392
2024-08-12,-0.00015709952,2.4163799e-05,-0.0003987169,9.5162555e-05,2.1699438e-05,-9.553551e-05
2024-08-13,-0.0001355432,0.00052211777,-0.00014223011,0.0012553992,0.0008106028,0.0005064792
2024-08-14,-8.6240834e-05,0.00022734396,-1.5478972e-05,0.00044636257,0.0003516907,0.00015299405
2024-08-15,-0.00022319495,0.0004612535,6.784199e-05,0.000634573,0.0005800911,0.00067203783
2024-08-16,4.4032495e-05,0.00070881937,0.0003952724,0.001186674,0.000741074,0.0004513725
2024-08-17,-8.1194e-05,-7.143756e-06,-6.205898e-05,-1.2847327e-05,-1.7381913e-05,-7.395697e-05
2024-08-18,3.6202196e-05,-3.4507277e-06,3.4343513e-05,6.4745195e-06,6.3586385e-06,3.493467e-05
2024-08-19,0.0012802744,0.0011388559,0.00070561643,0.0022761116,0.0014431996,0.0012338707
2024-08-20,0.00090384495,0.00035334402,0.00035124127,0.0007742056,0.0005301643,0.000585821
2024-08-21,0.0012960747,0.00095957384,0.00062577904,0.0018819085,0.0011691237,0.0012280685
2024-08-22,-0.0014620348,-0.0011445403,-0.00063931296,-0.002436998,-0.0013423719,-0.001340103
2024-08-23,0.0021088088,0.002627197,0.0012243997,0.0048871804,0.0024691843,0.002164786
2024-08-24,-2.1680393e-05,-1.1167674e-06,-1.5391479e-05,-3.5030887e-05,-7.445418e-06,-1.7277327e-05
2024-08-25,-6.174923e-05,-9.15017e-05,-0.00010451753,-0.00010574421,-9.285962e-05,-1.1296687e-05
2024-08-26,0.0004707218,-0.00015786248,-0.0002225738,0.00019057943,0.00016895645,0.00036095755
2024-08-27,-0.00031879728,-0.00029473417,-0.00015010721,-0.00043397813,-0.00039207432,-0.00010514345
2024-08-28,-0.00047791042,-0.0007408116,-0.00030974243,-0.0012929584,-0.0006073475,-0.00041312812
2024-08-29,-0.00017150637,0.00017614444,9.6914075e-05,0.000472624,0.00013796995,-0.00040405558
2024-08-30,0.00033203213,0.00041254112,0.00012841246,0.0008290325,0.000382973,0.0001671679
2024-08-31,1.1221461e-05,-2.418355e-06,2.4180914e-05,-1.3167453e-05,4.8814154e-06,4.2191045e-06
2024-09-01,0.00013975149,4.2447708e-05,0.0001497762,2.4460385e-05,7.6122255e-05,0.00012973006
2024-09-02,-0.00052359066,-0.00017808328,-0.00024451202,-0.000353083,-0.00032926965,-0.0005054989
2024-09-03,-0.0022098504,-0.0022585373,-0.0004874792,-0.0045825327,-0.002103915,-0.0018075812
2024-09-04,-0.00063130027,-0.00033066847,-0.00021558888,-0.001021728,-0.0006184249,-9.254735e-05
2024-09-05,0.00028204513,0.00011983354,0.00026213727,2.2480857e-05,1.723511e-05,0.00048029536
2024-09-06,-0.00013792493,-0.0010327242,0.00035488862,-0.001894893,-0.00064997247,-0.00031133855
2024-09-07,-0.00018342637,-9.175559e-05,-0.000180048,-4.3222015e-05,-6.1317456e-05,-0.00012154959
2024-09-08,-0.00015728144,-7.610148e-05,-0.00016345912,-2.8773811e-05,-5.206666e-05,-0.000103032835
2024-09-09,-7.892814e-05,0.00045635714,-0.0005122261,0.0010928536,0.000287103,0.00026641198
2024-09-10,0.00018282152,9.372133e-05,0.00018247044,-9.8164724e-05,3.1942625e-05,-2.0170113e-05
2024-09-11,-9.08597e-05,0.00010905126,-0.00025681267,0.0003495874,0.00018572794,0.00012834545
2024-09-12,-0.00067309145,0.0004997114,-0.0005806201,0.0007890874,0.00024882753,-0.00033747093
2024-09-13,0.00074509875,0.0010325577,-0.00012401337,0.001714288,0.0009164479,0.0013364713
2024-09-14,-2.5590243e-05,-3.8489394e-05,-2.6015434e-05,-4.7811656e-05,-3.1462605e-05,-2.7098436e-05
2024-09-15,-7.7693374e-05,-0.000152653,-7.973816e-05,-0.00016290936,-0.00013746784,3.0817355e-06
2024-09-16,0.0004313705,0.0004240924,-0.00023868876,0.00082640856,0.0005846386,0.00071667833
2024-09-17,-0.00057242904,-0.0001829884,-0.00018462469,-0.0003493794,-0.0002439231,-0.00028490167
2024-09-18,-0.0011260116,-0.00073356135,-0.00029921118,-0.0014349398,-0.0008848202,-0.0011916558
2024-09-19,0.0014675915,0.0020705934,0.0005125,0.0033413847,0.0020225383,0.0016279692
2024-09-20,-0.00032172038,-0.0005028425,-0.00017680344,-0.0006001467,-0.00027159599,-0.0004936113
2024-09-21,0.00014651849,0.0001906395,0.0001391333,0.0002687388,0.00017907006,7.1417846e-05
2024-09-22,-0.00011762243,-0.00014117024,-0.0001123235,-0.00020144935,-0.00013499084,-4.7927195e-05
2024-09-23,0.0007748506,0.0009307498,0.00017249458,0.001609776,0.00097486156,0.00077524193
2024-09-24,0.001563943,0.0018302544,0.001073911,0.0032322544,0.0018193036,0.0017016096
2024-09-25,-0.00095748913,-0.0013341184,-0.0005598711,-0.0022774546,-0.0011061268,-0.0009535058
2024-09-26,0.0016590512,0.0022625886,0.0012616141,0.003808151,0.0019370565,0.001339787
2024-09-27,0.001696738,0.0011973046,0.00060667645,0.0025579738,0.0016305886,0.0017142639
2024-09-28,1.0868507e-05,3.3158367e-06,3.0190125e-05,-1.2809979e-05,6.6175053e-06,-2.8213286e-05
2024-09-29,2.2402608e-05,6.768157e-06,1.1537729e-05,-3.5245645e-05,9.161481e-06,-1.7377435e-05
2024-09-30,-0.0013426236,-0.0013766439,-0.0008292668,-0.0026812889,-0.0014902793,-0.0012783214
2024-10-01,-0.0011507531,-0.0008170389,-0.0005664443,-0.0017019195,-0.0009313366,-0.0010047596
2024-10-02,-0.0006580034,-0.00026316353,-2.4015575e-05,-0.0008135589,-0.0006250943,-0.00095645053
2024-10-03,-0.0013371868,-0.0011305513,-0.00029227734,-0.0021682035,-0.0009703398,-0.001779565
2024-10-04,-0.00034417392,-3.7183345e-05,-0.00014819154,-0.00028486556,-0.00027807502,-0.000655963
2024-10-05,-5.9059374e-05,-3.5274737e-05,-3.540294e-05,-5.45536e-05,-3.3270124e-05,-4.219694e-05
2024-10-06,-1.8758778e-05,-2.8376735e-06,-1.8159002e-05,-1.2055235e-05,-3.433383e-05,4.1607927e-05
2024-10-07,-0.00028487848,-0.00039038906,7.9010424e-05,-0.00076337013,-0.00016842087,-0.0009772531
2024-10-08,-0.0013418584,-0.0010335974,-0.00017769272,-0.0020955806,-0.0012122175,-0.001163963
2024-10-09,0.00013679462,0.0001671558,0.00013050187,3.8742462e-05,4.0106046e-05,0.00012800896
2024-10-10,0.00041364104,0.00033341927,-6.9486196e-05,0.0006836631,0.00045954064,0.000118277276
2024-10-11,7.081254e-05,0.0005119077,-0.00024755485,0.0008996381,0.00022667732,0.00097465306
2024-10-12,-1.9516348e-05,7.2751786e-06,-3.152944e-05,2.3413135e-05,-1.3053482e-05,2.6041713e-05
2024-10-13,7.454777e-05,2.378812e-05,7.572272e-05,3.1857962e-05,4.735141e-05,1.52343955e-05
2024-10-14,1.5971123e-06,0.00020779426,-0.0003962447,0.00041568442,9.909285e-05,0.00037084773
2024-10-15,-0.0015275172,-0.0013555838,-0.0004892292,-0.0022408094,-0.001259763,-0.0015162324
2024-10-16,0.00036624086,0.00045713276,3.5685098e-05,0.00064909883,0.00036041756,0.00044228783
2024-10-17,0.00044430344,0.00022082102,0.00030426023,0.00020489447,7.5197415e-05,0.0002396011
2024-10-18,0.0007248366,0.0008703746,0.0001286523,0.0015978485,0.0009465744,0.0011423191
2024-10-19,8.157947e-05,9.127475e-05,8.9676556e-05,0.00014318326,8.9414716e-05,6.4903536e-05
2024-10-20,0.00010572966,0.00013155966,9.200088e-05,0.0001928072,0.00011687079,8.580644e-05
2024-10-21,-0.00069611904,-0.0011069885,-4.5898516e-05,-0.0022120213,-0.0013189656,-0.0012894244
2024-10-22,5.195968e-05,-0.0002050235,3.3895118e-05,-0.00027118844,-0.00016450872,-0.00013169329
2024-10-23,-0.00067019474,-0.0010873136,-1.5466796e-05,-0.0019930473,-0.0010795739,-0.00082623464
2024-10-24,0.00045800605,0.0005486385,0.00015197524,0.0012257348,0.0007384744,0.0005325461
2024-10-25,-0.00016053907,-0.00042262243,5.2091917e-05,-0.00092685263,-0.00054761965,-0.00047860714
2024-10-26,4.703896e-05,6.71391e-05,-2.395537e-06,0.00012563837,4.853431e-05,7.271855e-05
2024-10-27,3.6593497e-05,5.605689e-05,2.4653222e-05,9.788361e-05,4.102107e-05,8.661672e-05
2024-10-28,0.0008529889,0.0006541555,0.00012018959,0.001457983,0.0008072022,0.0011437341
2024-10-29,0.0002941875,7.389024e-05,0.00017280906,0.00033417175,0.00026528677,0.00013227492
2024-10-30,-0.0005237496,-0.0006618775,-0.00024128855,-0.0010486117,-0.00063273695,-0.0007507735
2024-10-31,-0.0009600474,-0.0014712749,1.2131103e-06,-0.0026646606,-0.0013799103,-0.0016339662
2024-11-01,-0.00020438716,-0.0002747446,0.00030948914,-0.000719614,-0.00057271105,-0.00021628372
2024-11-02,-1.0457136e-05,-2.9686462e-05,7.764764e-06,-4.5376106e-05,-1.4795936e-05,-2.7878277e-06
2024-11-03,2.7390308e-05,-2.1140975e-05,7.863006e-05,-4.0631083e-05,1.4804555e-05,-3.686635e-05
2024-11-04,-0.0010685849,-0.00014544828,-0.0006480968,-0.00030298802,-0.0002748762,-0.000704627
2024-11-05,-0.0009637414,0.00020498193,-0.00088970154,0.00061262527,7.9472156e-05,0.00021164265
2024-11-06,-0.0004254805,-0.00010814413,-0.00026977176,-0.00044353632,-0.0007959991,0.0005606903
2024-11-07,-0.0005551579,0.000901739,-0.00081252295,0.0015233456,0.0007564336,0.0007440572
2024-11-08,-4.3465647e-05,-0.00024841228,0.00017383407,-0.00054319284,-0.0002563192,-0.00047910927
2024-11-09,0.00032566895,0.00037121892,0.0003027455,0.0005367639,0.0003463999,0.00024132188
2024-11-10,0.00081439305,0.0008304733,0.00057748926,0.0013980342,0.00081543357,0.00072241004
2024-11-11,0.0017370274,0.0010092471,0.00069286756,0.0022020463,0.0012693217,0.0014769543
2024-11-12,0.00082477106,-0.00050679443,0.0007718258,-0.0009897813,-0.000335792,6.927459e-05
2024-11-13,0.0006850933,-2.97839e-05,0.00038129254,-8.1378595e-05,8.02101e-05,0.0006341959
2024-11-14,-0.00023883418,-0.00039439352,4.3548065e-05,-0.00064684066,-0.00023857574,-0.00013141282
2024-11-15,0.000485523,0.00013958737,0.0005885518,8.092437e-05,0.00019910776,0.0004898295
2024-11-16,0.0009775215,0.0010331377,0.0003813042,0.0018324616,0.0010032434,0.0010127409
2024-11-17,-0.0002861164,-0.00027557425,-0.00011049284,-0.0004546117,-0.00028443715,-0.00029910196
2024-11-18,-0.00106767,0.0001500263,-0.0006335021,0.0003692068,-6.8168745e-05,-0.00093566906
2024-11-19,-0.00047713643,-2.0563124e-05,-0.00017527796,-9.1406866e-05,-0.00019432158,-0.00018671261
2024-11-20,0.00021597148,7.891077e-05,0.00025852592,0.000113089685,2.7186266e-05,9.0235924e-05
2024-11-21,0.0015404833,0.0014090519,0.00029395267,0.00241361,0.0014657378,0.0018270024
2024-11-22,0.0010447906,0.0012699655,-6.171319e-05,0.002333812,0.0014048507,0.0011376309
2024-11-23,0.0006106266,0.0005959846,0.00016604668,0.0010248122,0.00059620815,0.00062660006
2024-11-24,-2.8225015e-05,-2.5894502e-05,2.7500186e-05,-4.8197817e-05,-2.084433e-05,-2.3219176e-05
2024-11-25,-0.0010193089,-0.00014562998,-0.0003214845,-0.00033915453,-0.00015383476,-0.00094200316
2024-11-26,0.000429895,-3.5234287e-05,0.00025707658,8.50522e-05,-9.132847e-05,0.00035596368
2024-11-27,3.9517952e-05,0.00037535332,0.00018725995,0.0006455696,0.00043839216,0.00014408362
2024-11-28,-0.0006245588,-0.0002858288,-0.00019094761,-0.00050417933,-0.00040056978,-0.0007156393
2024-11-29,0.0007012936,0.0010652272,9.3515824e-05,0.0017435562,0.001077397,0.0009091018
2024-11-30,8.4849904e-05,8.329109e-05,4.689109e-06,0.00013526737,7.916853e-05,7.170419e-05
2024-12-01,0.00039113007,0.00036159443,2.4463627e-05,0.0005957702,0.00034870004,0.00039232927
2024-12-02,0.0005778407,0.00031951754,-5.8980062e-05,0.00035964613,0.00041358927,0.00053034496
2024-12-03,0.0012135109,0.0013877864,-0.00023170006,0.002008209,0.001412801,0.0015109199
2024-12-04,0.000378742,0.0005247588,-0.00011283201,0.00085180346,0.0005632964,0.00041831852
2024-12-05,-0.00049244694,-0.000121226345,-0.00013201687,-0.00021205023,-0.00018241935,-0.00039252444
2024-12-06,0.0004974669,0.00038647527,0.00019870655,0.00055733515,0.0003680259,0.00042323535
2024-12-07,8.585565e-06,1.1982242e-05,1.9305631e-05,1.30049e-05,1.3116691e-05,1.1609171e-05
2024-12-08,0.00014697699,0.00013756407,1.0878149e-05,0.00023940534,0.00013781838,0.00014493718
2024-12-09,-0.0012616889,-0.0012562744,-0.00042221017,-0.0021052142,-0.0010613708,-0.0011915428
2024-12-10,-0.0011399757,-0.0007365394,-0.00055133674,-0.0014381858,-0.00082483294,-0.0010496689
2024-12-11,0.00079826236,0.0007364163,1.7179496e-05,0.0014909392,0.00084171194,0.0011795902
2024-12-12,-0.0008644728,-0.0009714231,-0.000438575,-0.0017881441,-0.0009389241,-0.0007619151
2024-12-13,-0.00016912856,-0.0001688494,-9.7916534e-05,-0.00031892504,-0.00023980773,4.8906317e-05
2024-12-14,-6.1018916e-05,-6.877873e-05,-4.108811e-06,-0.0001275239,-7.4146774e-05,-0.00012636076
2024-12-15,9.8595614e-05,0.00010968044,3.048713e-07,0.00018116782,0.000107801425,0.00016940002
2024-12-16,5.8316487e-05,0.00010953125,-4.3199825e-06,1.990636e-05,-1.799427e-06,-1.5218337e-05
2024-12-17,-0.000532421,-0.0005577221,-0.00040938266,-0.00093970384,-0.00047933095,-0.0007153812
2024-12-18,0.0012721854,-0.0013090385,0.0014779787,-0.0021651124,-0.00043228842,0.00028230585
2024-12-19,0.0015859974,3.2664924e-05,0.0004902454,0.000650197,0.00079224166,0.0015981954
2024-12-20,-0.0018985984,-0.00037363678,-0.0009594798,-0.00093389646,-0.00088786293,-0.0017183862
2024-12-21,5.7794136e-05,1.0374207e-05,2.7629882e-05,-6.307278e-05,-5.9443983e-06,-7.113324e-05
2024-12-22,5.0018134e-05,2.115094e-05,6.6649473e-06,-1.9832109e-05,7.7526765e-06,-1.3947992e-05
2024-12-23,-0.00068796973,-0.00018690404,-7.84024e-05,-7.4548996e-05,-0.00030638606,-0.00026324837
2024-12-24,-0.00025615116,0.00042929882,-0.00040017886,0.0009415841,0.00039809552,0.00016674084
2024-12-25,0.00011190089,4.8984016e-06,-5.409124e-05,6.121049e-05,8.972304e-05,5.489629e-05
2024-12-26,-0.00023630605,-0.000105654006,-4.7037516e-05,-0.00037549247,-0.00027877325,-0.00039280867
2024-12-27,0.00077349844,0.000112569556,0.00034919337,0.00017400229,0.00013743478,0.00045169352
2024-12-28,-8.442315e-05,-3.3186265e-05,-5.824374e-05,4.4293254e-05,1.2597972e-05,3.1569589e-06
2024-12-29,7.3295014e-05,1.1477571e-05,4.772606e-05,-6.70728e-05,-3.7555015e-05,-4.027758e-05
2024-12-30,0.00034839273,6.971132e-05,0.00038455316,5.1075778e-05,6.28895e-06,0.00018612355
2024-12-31,9.474991e-06,-4.4356875e-05,2.6208056e-05,-0.00018376063,-0.00014001082,9.147553e-06
2025-01-01,-0.00018766853,-3.589283e-05,-0.00015710211,7.043985e-05,4.3742068e-05,-1.9292169e-05
2025-01-02,0.0005217834,0.0004585302,-0.00020877042,0.0010056862,0.00060832326,0.0006924122
2025-01-03,-0.00167303,-0.0006587473,-0.00079149974,-0.0011039501,-0.0008720853,-0.0011194434
2025-01-04,-2.0551812e-05,-1.0360047e-05,-1.0540715e-05,-1.8653456e-05,-1.1543539e-05,-1.999686e-05
2025-01-05,-2.349528e-05,-3.1027077e-05,-2.3228835e-05,-3.6950398e-05,-1.7627204e-05,-9.690965e-06
2025-01-06,-0.0007640356,0.00044991897,-0.0003478936,0.00030487546,0.00020908166,-0.0005015101
2025-01-07,-0.0006240852,-0.0008133824,-0.00041420295,-0.0011326727,-0.0005861157,-0.000830517
2025-01-08,8.445212e-05,-0.0001091776,9.6778285e-06,-0.00021773174,-0.00010209972,8.210702e-05
2025-01-09,0.0004321318,0.0002321931,1.0354085e-05,0.00048370822,0.00024570763,0.0004039026
2025-01-10,0.0017193243,1.3820218e-05,0.0013714592,0.000201017,1.7855125e-06,0.0010357199
2025-01-11,5.206899e-05,6.604247e-05,4.077037e-05,8.4970816e-05,3.8307484e-05,6.178227e-05
2025-01-12,-1.7719702e-05,-3.8451697e-05,-9.9202325e-06,-5.0884497e-05,-1.7854481e-05,-2.3211103e-05
2025-01-13,0.00020122512,-8.59544e-05,-0.00012923266,0.00012087135,-7.4964496e-06,0.00013104
2025-01-14,-0.0010693704,8.18752e-05,-0.00069102674,0.00012861638,4.3525437e-05,-0.0009838878
2025-01-15,-0.0013757249,0.00101779,-0.0013714121,0.0018671155,0.0009845806,-0.0008273352
2025-01-16,-0.000477833,-0.0001221136,-0.00026966014,-0.00037209378,-0.00014065785,-0.0005604955
2025-01-17,0.00036381616,0.0008641017,0.00010513069,0.0012905542,0.0005992301,0.00075687026
2025-01-18,-0.00012833695,-0.00014637734,-7.4820346e-05,-0.0002179893,-9.810275e-05,-8.586498e-05
2025-01-19,-0.000430532,-0.0004650717,-0.00031534003,-0.0007310385,-0.00034732584,-0.00033806593
2025-01-20,0.00011406297,0.00029216576,-4.2250926e-07,0.000419946,0.00019991139,0.00023302175
2025-01-21,-0.0009580745,0.0007303763,-0.00029505565,0.00039510097,0.0004260744,-0.0010029519
2025-01-22,-0.00030969043,-0.00015831864,-0.00024920405,-0.00023721381,-0.00012579876,7.825531e-05
2025-01-23,0.00055681186,0.00068075676,0.0003016855,0.0011518737,0.00052970665,0.0004000643
2025-01-24,4.3433774e-05,0.00018022301,-6.4665066e-05,0.00013347912,0.00010871444,-9.4855626e-05
2025-01-25,5.580544e-06,1.3129145e-05,2.679591e-06,1.8945611e-05,1.4480391e-06,1.4295843e-05
2025-01-26,-0.00012547172,-0.00016313829,-9.913089e-05,-0.00022545419,-0.0001175187,-0.00012190905
2025-01-27,-0.0012686589,-0.0012484934,-0.0009000707,-0.0019478259,-0.00085491565,-0.0013520364
2025-01-28,0.0003329487,0.00034115952,0.0001598886,0.00058036495,0.00013031288,0.00048412257
2025-01-29,-4.2924657e-05,0.00022989041,-0.00015760156,0.0002443806,0.00016139711,0.0001903812
2025-01-30,0.0017945817,0.0019523286,0.0013136093,0.0031923507,0.0015726286,0.0013493993
2025-01-31,-0.001101604,-0.0013124893,-0.000872809,-0.001986792,-0.0008866325,-0.00063673017
2025-02-01,-7.0257843e-06,-0.0001520641,-1.1152502e-05,-0.00018274154,-9.344471e-05,-9.148758e-05
2025-02-02,0.00019972525,-9.147082e-05,0.00019633719,-0.00014604698,-2.317772e-06,9.759314e-05
2025-02-03,-0.001715081,-0.0014727155,-0.00086928334,-0.0026127982,-0.0013150559,-0.0013143272
2025-02-04,0.0007445627,0.001285992,0.00063884776,0.0015509081,0.0007268319,0.00012633733
2025-02-05,0.0011554454,0.0011057506,0.00087931333,0.0016895122,0.0007915371,0.0005392337
2025-02-06,0.0009887243,0.0008323318,0.00062955846,0.0011567356,0.0006647526,0.0006949959
2025-02-07,-0.00093596894,-0.0013047764,-0.0006130145,-0.0019152241,-0.0009858309,-0.0006991644
2025-02-08,-0.00014903191,-2.2215982e-05,-3.5381523e-05,5.547029e-06,-1.4899515e-05,-9.684636e-05
2025-02-09,1.9881572e-05,5.2809355e-06,-1.0109108e-06,-2.6410307e-06,2.3323053e-06,3.745029e-05
2025-02-10,0.0010107415,0.001319974,0.0005513915,0.0020390216,0.00086913555,0.0011709507
2025-02-11,0.00013503007,3.7151938e-05,-2.478909e-06,8.620297e-06,1.0727801e-05,0.0002024082
2025-02-12,-0.0006565481,-0.00020897374,-0.0004348664,-6.0451013e-05,-4.569322e-05,-0.00039462338
2025-02-13,0.0015050392,0.002299599,0.00082209555,0.0030736134,0.0015240839,0.0015111075
2025-02-14,-0.0002447473,-9.499156e-05,-0.000110431145,-0.0004101316,-0.00020103787,-0.0004014238
2025-02-15,8.105293e-05,3.7466943e-05,5.6475958e-05,5.2986947e-05,2.2052465e-05,6.641807e-05
2025-02-16,2.740811e-05,-3.0390895e-05,3.6103454e-06,-4.5731802e-05,-2.5392585e-05,-2.5210605e-07
2025-02-17,8.447112e-05,0.0001120974,-1.2819541e-05,0.00023136777,0.00011298642,-7.771814e-06
2025-02-18,0.0012613963,0.0011921384,0.00056234444,0.0021628777,0.0009996709,0.0014118239
2025-02-19,-0.0010411004,-0.0009276587,-0.0002682411,-0.0016801701,-0.00091023074,-0.0009882232
2025-02-20,-0.00026219792,-0.0002795082,-0.00010012162,-0.0004622134,-0.00021862033,-0.0003429564
2025-02-21,-0.00034270048,-0.0012868481,-0.00013149968,-0.0016467297,-0.00061178004,-0.00080146204
2025-02-22,-5.9276044e-05,1.7604229e-05,-3.9709423e-05,-3.1022375e-06,1.5718598e-06,-6.999936e-05
2025-02-23,2.3313412e-05,2.0920295e-05,2.37648e-05,3.0051171e-05,2.483664e-05,3.070181e-05
2025-02-24,-0.00027753058,-0.00083934824,-0.00015439429,-0.0012008857,-0.00061807944,-0.0003546388
2025-02-25,0.0002634533,0.00017727925,0.000255295,0.00023681838,0.00017927529,4.9122864e-05
2025-02-26,0.0011364887,0.000920005,0.00060492515,0.0014816647,0.0008435446,0.0010301853
2025-02-27,-0.00081328367,-0.0015962934,-0.00045376993,-0.002134513,-0.0010627501,-0.0012297452
2025-02-28,-0.0004213735,-0.00011383068,-0.00015573573,-5.751575e-06,-4.723182e-05,-0.00021117434
2025-03-01,-8.997905e-05,-1.6376638e-05,-8.050051e-05,-1.7977505e-05,-3.358271e-05,-7.311852e-05
2025-03-02,-0.0012595693,-0.0003396957,-0.0011219087,-9.265197e-05,-8.8070025e-05,-0.0009322129
2025-03-03,0.0015426379,0.00051587727,0.0007926676,0.00087393494,0.0003078458,0.0010306514
2025-03-04,0.0006647057,-0.00080275745,0.0010055979,-0.0009268661,-0.00039694403,-0.00015006178
2025-03-05,-0.0007227639,0.0013610357,-0.0011314149,0.0014731828,0.0006766274,0.00030624153
2025-03-06,-0.00017318371,-0.00049538387,0.00040816484,-0.0011676499,-0.0004971572,-0.00035245897
2025-03-07,-0.0002823825,-0.00013857539,-0.00037401522,-1.9226905e-05,-0.00014842734,-0.00023427942
2025-03-08,6.9863163e-06,-1.250292e-05,1.1327235e-05,-2.5072371e-05,-1.7258702e-05,8.4529975e-06
2025-03-09,0.00018800584,-4.565996e-05,0.00017998202,-0.00015958052,-0.00011328159,0.00010804452
2025-03-10,0.0021032935,-0.00044305957,0.001903052,-0.0002448033,-1.4234608e-06,0.0010631685
2025-03-11,8.457009e-05,-0.00053845264,0.00022791862,-0.0005421733,-0.00030746925,-0.00032185836
2025-03-12,-0.00023049039,0.00025468762,-0.0002593973,0.0005278996,0.00030190105,4.4534405e-05
2025-03-13,0.00047193302,-0.00017398981,0.0004977013,-0.0007066297,-0.00026538753,0.00026719223
2025-03-14,-0.0013591634,0.0004393901,-0.001002147,0.0008904916,0.00032480177,-0.00049229484
2025-03-15,-9.817993e-05,-1.8588964e-05,-8.84449e-05,6.0104644e-06,1.0594074e-05,-8.52003e-05
2025-03-16,0.00014594679,9.581345e-06,0.0001280984,-2.8044256e-05,-2.2329265e-05,9.533724e-05
2025-03-17,-0.0012562939,0.0005593458,-0.00083522324,0.0004280399,0.00037650776,-0.00046256176
2025-03-18,0.0003779771,0.00027509572,0.00016892777,5.8623125e-05,0.0001655087,0.00031931826
2025-03-19,-0.00030958504,0.0005063719,-0.00039702674,0.00078581995,0.000410316,0.00020592031
2025-03-20,-0.0003522123,-0.0004334698,7.527791e-05,-0.00049935945,-0.00031796092,-0.0003751702
2025-03-21,-0.0009826525,-0.0010301012,-0.00034537795,-0.0017207983,-0.0010427405,-0.0010772725
2025-03-22,-1.5555557e-05,-8.007831e-06,-1.8949693e-05,-1.0831375e-05,-4.907335e-06,-7.099394e-06
2025-03-23,-4.6242214e-05,-3.919071e-06,-4.1969204e-05,1.0995139e-05,4.1919643e-06,-2.9824465e-05
2025-03-24,-0.0010226958,3.6005367e-05,-0.00083269906,-6.671296e-05,-3.663463e-05,-0.00061186525
2025-03-25,0.00010857675,0.00033701153,-5.1504412e-05,0.00047386857,0.00023890432,0.00018182474
2025-03-26,-0.0007275749,-0.0010047621,-0.00031038607,-0.0012310044,-0.0006682586,-0.0011707064
2025-03-27,2.338095e-05,0.00012358514,9.600679e-05,0.00020069908,9.809785e-05,-0.0001729695
2025-03-28,-8.520282e-05,-0.00086771965,-0.00013573498,-0.0012410628,-0.0006311306,-0.00021217931
2025-03-29,2.080338e-05,-6.144953e-05,1.6838405e-05,-7.4433796e-05,-4.229845e-05,5.507213e-05
2025-03-30,2.4632192e-05,1.8123205e-06,2.4508457e-05,7.579559e-06,5.5590353e-06,2.777997e-05
2025-03-31,-0.00022127222,-0.00034775626,-0.00010546755,-0.00046903832,-0.0003240065,-0.00062137144
2025-04-01,-0.00042527894,0.00043841527,-0.00049845123,0.00040253752,0.00018979076,-1.614823e-05
2025-04-02,-0.00024577434,7.095373e-05,-2.727116e-05,3.8274893e-06,9.608289e-06,-0.00040324757
2025-04-03,0.0012335285,-0.0017805329,0.00060382794,-0.002574995,-0.0014494815,0.00088531553
2025-04-04,0.0007963571,-0.0039772764,0.00088473543,-0.0056028976,-0.0029730264,-0.0007728811
2025-04-05,5.727121e-05,6.2378e-06,5.8793546e-05,6.981358e-07,-4.2883616e-07,5.256924e-05
2025-04-06,0.0006483838,0.00012783759,0.0006426312,9.263568e-05,4.5695095e-05,0.0005953987
2025-04-07,0.0029101323,-0.0018463796,0.001647481,-0.001506661,-0.0004905665,0.001444845
2025-04-08,0.0005118756,0.00054073107,0.0006670453,-0.00014601204,3.138553e-05,0.00017252176
2025-04-09,-0.006822424,-0.0021839628,-0.004407894,-0.00042873377,-0.00068097335,-0.005766318
2025-04-10,-0.0007044018,0.000100793615,0.00019697571,-0.0007259794,-0.0001817897,-0.0009002127
2025-04-11,-0.00036206807,0.00018313658,-0.0005408993,0.0010550724,0.0005772009,6.590652e-05
2025-04-12,-0.00021487425,-7.707547e-06,-0.00018182804,1.1279979e-05,4.263229e-05,-0.00019291649
2025-04-13,0.0001162074,1.7583061e-05,0.0001003452,3.362077e-05,-1.4390965e-06,8.869955e-05
2025-04-14,-0.0021644959,-0.0004536196,-0.0009860486,-0.00054335804,-0.00032658243,-0.0013735992
2025-04-15,-0.0008208741,-0.00022316248,-0.0003418073,-0.0004318781,-0.0002609066,-0.00045891336
2025-04-16,8.454057e-05,0.00025820857,7.6574055e-05,0.00037880422,0.0001765764,-1.2437964e-05
2025-04-17,0.00015292682,0.000110745896,-8.5159285e-05,0.00032055657,0.00027081138,0.0001783537
2025-04-18,-0.000107412976,-4.819748e-05,-8.3402934e-05,-6.3847336e-05,-2.686848e-05,-9.1694e-05
2025-04-19,-2.6766766e-05,3.650678e-05,-8.801191e-06,4.9998325e-05,4.769381e-05,-2.1364713e-05
2025-04-20,-8.439999e-06,-1.0885237e-05,-8.7701765e-06,-1.271009e-05,-3.0971346e-06,-7.100843e-06
2025-04-21,0.0011526013,0.00024228744,0.00073405716,0.00042125085,0.0001848599,0.00084929215
2025-04-22,-0.00044395044,0.0004882916,-0.000410179,0.0007167263,0.0005788636,-0.000120875855
2025-04-23,-0.0019858298,-0.0004433318,-0.00067821634,-0.0010323528,-0.00051557954,-0.0016495174
2025-04-24,-2.7865321e-06,0.0007787891,-0.00012273551,0.001010366,0.0006405187,0.00040389193
2025-04-25,0.000102909595,0.00021750406,-7.166823e-05,0.00033368438,0.00020861105,0.00025052516
2025-04-26,3.2998687e-05,4.4448374e-05,3.9436574e-05,3.9439317e-05,2.1525308e-05,3.893839e-05
2025-04-27,-0.00010448681,-0.00011569424,-8.696895e-05,-0.00017143668,-0.000102993676,-9.471379e-05
2025-04-28,0.0006150325,0.0008428515,0.00048516103,0.0013309298,0.0006876057,0.0007961526
2025-04-29,0.00020826813,-2.4829147e-05,-5.3408443e-05,1.047546e-05,5.8933942e-06,0.00019783138
2025-04-30,-0.00019908653,-0.00026353126,-8.378837e-06,-0.00048341928,-0.00033613897,-9.5039184e-05
2025-05-01,-0.00083276344,-0.0006268238,-0.00038936522,-0.0010501662,-0.0005448938,-0.001055633
2025-05-02,0.00063599,0.0013014345,0.00019274063,0.0018304014,0.0008550978,0.00068260485
2025-05-03,-0.00014825222,-0.00016463938,-0.00012424779,-0.00022579808,-0.00013357711,-0.00013483512
2025-05-04,-0.00010674136,-0.00013367628,-9.110229e-05,-0.0001690127,-0.000105418156,-9.082041e-05
2025-05-05,0.0005450133,6.682577e-05,0.00023823495,0.00021115813,0.00012232097,0.000428618
2025-05-06,-5.726983e-05,0.00014509917,-1.42281315e-05,0.00013923604,0.00010642411,-4.0954077e-05
2025-05-07,8.153138e-05,-2.9712533e-05,1.07924925e-05,-0.00013312967,-6.8072615e-05,-5.058999e-05
2025-05-08,-0.0004555551,9.058268e-05,-6.0037553e-05,-6.9401955e-05,-0.0001066687,-0.0003149543
2025-05-09,0.00031575176,0.00076092326,0.00029201916,0.0010833171,0.0006064753,0.00034312633
2025-05-10,0.0006065591,0.0006278346,0.0005149934,0.0009808332,0.00056247605,0.0006028167
2025-05-11,-0.00031629813,-0.00032096324,-0.00026976588,-0.0005550971,-0.0002972366,-0.0002964574
2025-05-12,0.0014003351,0.0012526179,0.00053070305,0.0023765126,0.0010549851,0.0010492688
2025-05-13,0.00052667555,0.0008649932,0.00038789673,0.001413192,0.00077694695,0.00057744834
2025-05-14,2.269162e-05,-0.00029717633,-7.461603e-05,-0.00027874878,-0.0001242095,-5.8935125e-06
2025-05-15,-0.0009897678,-0.000121593046,-0.0008467096,-0.0006058369,-0.0005028554,-0.00035977596
2025-05-16,0.00022327158,0.00019790059,-6.5487235e-05,0.00033316793,3.530239e-05,0.00027329725
2025-05-17,-0.00015582949,-0.00016416592,-0.0001459523,-0.00022787966,-0.00014053802,-0.00015909613
2025-05-18,0.0001843308,0.00022726446,0.00016732576,0.00023395344,0.00015212588,0.00025585367
2025-05-19,-3.0340872e-05,7.933885e-05,-5.768207e-05,0.0001889903,8.815073e-05,0.00013689154
2025-05-20,0.00028637933,0.0004467094,9.2488546e-05,0.00064834306,0.00032311925,0.0003343446
2025-05-21,-0.00046419195,-0.0006306906,0.00019884815,-0.0011995725,-0.0004934908,-0.00023168865
2025-05-22,-0.000521123,-0.0004709989,-0.00014036238,-0.0009449986,-0.00043651363,-0.00039970345
2025-05-23,-0.00070143474,-0.0004470923,-0.00055857364,-0.00075645547,-0.0003601632,-0.0005954955
2025-05-24,7.233211e-05,7.716788e-05,1.3220054e-05,0.0001002223,5.710071e-05,7.663739e-05
2025-05-25,6.854044e-05,7.073604e-05,1.5363772e-05,9.888333e-05,5.164166e-05,7.750961e-05
2025-05-26,0.00047143787,0.0002782367,0.00017194719,0.00047799482,0.00015139052,0.0006575667
2025-05-27,0.00022646875,0.00049960567,-0.00013610131,0.00058302085,0.00017009796,0.0006065965
2025-05-28,-0.00091988075,-0.0009100492,-0.00019055315,-0.0013681386,-0.00069420814,-0.0011425449
2025-05-29,-4.6343284e-05,0.00032260467,-2.5239546e-05,0.000331352,0.0001740571,5.3248892e-05
2025-05-30,9.439451e-05,-0.00048688502,7.712571e-05,-0.0002953017,-0.0001597516,-0.00011777684
2025-05-31,-1.4220236e-05,1.1916174e-05,-1.76969e-05,-4.182172e-06,-1.2328147e-05,6.8766685e-06
2025-06-01,-2.9358094e-05,3.3290882e-05,-1.9363875e-05,1.6162487e-05,-1.9410586e-06,4.0719326e-05
2025-06-02,0.0003182562,0.0006444226,-7.009333e-05,0.00092806667,0.0004875751,0.00031079093
2025-06-03,0.0003077264,0.0001419712,8.4346466e-05,0.00016352335,4.5071265e-05,0.00037607035
2025-06-04,0.00043491574,0.00066983077,0.00018389746,0.0008882246,0.00054878794,0.00039266443
2025-06-05,0.0005909342,0.00031854477,0.00029900557,0.00063643116,0.00033005426,0.0004712594
2025-06-06,0.00021973431,0.0005366939,-0.00015428038,0.0007456885,0.0003186239,0.00060982717
2025-06-07,-8.21998e-05,3.4429057e-05,-7.603641e-05,2.1596908e-05,-6.830113e-06,-2.9285256e-06
2025-06-08,-4.7516052e-05,-2.3386096e-05,-4.4394437e-05,-4.756712e-05,-2.6283116e-05,-4.4264016e-05
2025-06-09,0.00012887627,0.00050729176,-0.00016457454,0.0006257479,0.00028347565,0.00032096708
2025-06-10,0.00020399474,0.0002664014,-9.1244765e-05,0.00037897515,0.00017185157,0.00027941144
2025-06-11,0.00024674958,0.00027940565,9.6535565e-05,0.00040322987,0.00022143022,0.00014048122
2025-06-12,0.00019869771,0.00017868678,0.00011248237,0.000216958,-3.0800886e-05,0.00033163032
2025-06-13,-0.0009911234,-0.0011564876,0.00013269932,-0.0018894989,-0.0009561691,-0.0010288166
2025-06-14,2.336389e-05,-2.676412e-05,2.4304738e-05,-1.7819673e-05,5.544734e-06,2.1858254e-05
2025-06-15,-1.3388838e-05,3.0317637e-05,-1.175257e-05,3.179197e-05,-1.3770186e-06,6.774855e-07
2025-06-16,0.00077883026,0.0010896381,7.664439e-05,0.001638959,0.0007475598,0.0010918397
2025-06-17,2.079718e-06,-0.00041541652,0.00039429168,-0.00037622507,-9.755216e-06,-0.00049207854
2025-06-18,1.540407e-05,0.00023920208,0.00013167044,0.00024465617,0.00022556107,-0.00013042876
2025-06-19,-0.00011363531,-0.00018803941,-6.940142e-05,-0.00029919663,-0.0001220911,-0.00035142852
2025-06-20,9.798908e-05,-0.00014435692,0.00031418825,-8.241085e-05,1.7618442e-05,-3.351439e-05
2025-06-21,0.00025851192,7.461762e-05,0.0002593086,0.00012439446,0.0001069551,0.00020443025
2025-06-22,0.00023107926,5.071017e-05,0.00023226798,7.883285e-05,8.67931e-05,0.00017449443
2025-06-23,-0.0012307722,-0.00034307042,-0.0008981499,-0.0008137831,-0.00054897054,-0.0007840834
2025-06-24,-4.0985367e-05,0.0006405099,-6.623548e-05,0.0006663422,0.00013881113,0.0009573665
2025-06-25,0.00010838132,-0.00022483469,0.000117039905,-0.00033931015,-0.00030766852,-3.0469628e-05
2025-06-26,0.001435499,0.0015394143,0.0007799643,0.0023409699,0.001239197,0.0019108608
2025-06-27,-0.00056122034,-0.00012922255,-0.0002102669,-0.0003051415,-0.00018029305,-0.00021082193
2025-06-28,-0.00012133656,-2.637724e-05,-0.000120021796,-7.2438896e-05,-2.4112187e-05,-0.0001318723
2025-06-29,-7.58589e-05,2.9747094e-05,-7.763638e-05,2.2127264e-05,3.547896e-05,-0.00010366377
2025-06-30,0.0011427612,0.0009090289,0.0004623461,0.0016029978,0.0007391085,0.0011868121
2025-07-01,0.00038998362,9.9613335e-06,3.6988295e-05,8.7054956e-05,-3.1766194e-05,0.0006015749
2025-07-02,0.00033412853,0.00082717504,-0.00026798897,0.0011736748,0.0005845076,0.0005061842
2025-07-03,-0.000131189,6.517188e-05,-0.0002972787,3.9278755e-05,-2.8407589e-05,5.6564772e-06
2025-07-04,-0.00026592743,-0.0003299781,-1.2723701e-05,-0.0005437431,-0.0003391647,-0.00023116224
2025-07-05,1.9111143e-05,2.6267156e-05,1.8857423e-05,3.4286833e-05,2.341052e-05,5.8229984e-06
2025-07-06,5.1593146e-05,0.000116204894,5.163599e-05,0.00015657795,0.00011281727,-2.3322997e-05
2025-07-07,-0.0014985917,-0.0015895172,-0.00032828227,-0.0025552737,-0.0012714801,-0.0014905314
2025-07-08,0.0002043388,0.0006849781,2.7971091e-05,0.00095121894,0.0005470652,0.00032678925
2025-07-09,0.0010803433,0.0011252417,0.00044776557,0.0017264009,0.0009480925,0.0009602852
2025-07-10,0.00073538313,0.0010002739,0.00038887572,0.0014369591,0.0008190833,0.00058834424
2025-07-11,-0.00052809156,-0.00033189624,0.0002511542,-0.000660602,-0.00030813314,-0.0004519362
2025-07-12,-4.7131936e-05,-4.3147975e-05,-4.7881433e-05,-6.399934e-05,-3.4860743e-05,-3.6889694e-05
2025-07-13,0.00034448857,0.00035087694,0.0003327726,0.00061954494,0.00032746347,0.00031550875
2025-07-14,8.2325205e-05,3.525836e-05,-0.00022948108,0.00030090098,0.0002447247,2.6470382e-06
2025-07-15,-0.0007523641,-0.0009591654,-0.00014484744,-0.001472689,-0.00067851477,-0.0008946049
2025-07-16,0.00036573326,0.00079463783,0.00023263664,0.0012840301,0.0006309555,0.0006439115
2025-07-17,0.0015428729,0.001621258,0.0008476683,0.0024752538,0.0012066227,0.0017121056
2025-07-18,6.5734814e-05,0.00031523767,1.8796871e-06,0.0005427836,0.00020992849,0.000104844425
2025-07-19,0.00021864775,0.00022832799,0.00020458945,0.0003668101,0.0002124283,0.00024600702
2025-07-20,0.00038838605,0.00039377794,0.0003291697,0.00062215276,0.00033503163,0.0004169742
2025-07-21,0.00055384764,0.000733261,4.7917096e-05,0.0011898886,0.00046392388,0.00092824624
2025-07-22,0.0002829654,0.00057037186,0.00017484816,0.0007298693,0.00031078284,0.00071494776
2025-07-23,4.628935e-05,0.00044729165,-0.0005737375,0.0005100445,7.915888e-05,0.00044167318
2025-07-24,-0.0005771652,-0.0004597546,-0.000105294064,-0.0008245887,-0.00046700024,-0.0006210542
2025-07-25,7.002692e-05,7.5902244e-05,0.00013144757,3.8722876e-05,3.3846343e-05,4.5109584e-05
2025-07-26,5.1583425e-05,5.5454522e-05,3.709712e-05,7.227846e-05,4.1167037e-05,5.6921595e-05
2025-07-27,0.00031346673,0.0003370825,0.00023227591,0.00045721926,0.00025687853,0.00036575293
2025-07-28,-0.0009955486,-0.0011845427,-0.00022705022,-0.0017004588,-0.0009091636,-0.0010519704
2025-07-29,-0.00044753737,0.00027125108,-0.00013611083,-8.195156e-05,-1.5793414e-05,-0.00040024123
2025-07-30,-0.0007276016,-0.0010121199,-4.579811e-05,-0.0015061463,-0.0006499386,-0.0011570385
2025-07-31,-0.0015414965,-0.0020520256,-0.00044028854,-0.0027749136,-0.0012256101,-0.0022468742
2025-08-01,-0.001534732,-0.0015668063,-0.0006387384,-0.0021666493,-0.0010249186,-0.001745809
2025-08-02,-3.9656043e-06,-9.4286646e-05,1.7929591e-05,-7.977728e-05,-1.4414652e-05,-0.00015786686
2025-08-03,-0.00010203119,7.292542e-05,-0.00010614794,2.3477349e-05,-4.8894766e-05,0.00012851616
2025-08-04,-0.0009948523,0.00063064386,-0.00051912107,0.00029827928,-0.00033855138,0.0005059273
2025-08-05,8.0943755e-05,0.00019643083,3.59724e-05,0.00023234636,8.309153e-05,-6.6190754e-05
2025-08-06,9.128758e-06,0.0004747604,-0.000105247316,0.0005717878,0.0001497498,0.00061674154
2025-08-07,-0.0002146748,0.0005715723,-0.00021386475,0.00054048846,0.0002409288,0.00041990788
2025-08-08,-0.0005386584,-0.00012404495,-0.00013925569,-0.00044732532,-0.00026524818,-0.00029977257
2025-08-09,3.6233152e-05,6.9853806e-05,2.6135227e-05,5.9497197e-05,4.3306783e-05,7.689024e-05
2025-08-10,5.60697e-05,5.448702e-05,4.567574e-05,6.272643e-05,3.533521e-05,6.1031766e-05
2025-08-11,-0.00012643661,-7.620362e-05,-4.8418246e-05,-0.00011142478,-4.1788742e-05,-0.0003025009
2025-08-12,0.0013371379,0.0017641535,0.0004499802,0.002335957,0.0011361954,0.001929239
2025-08-13,0.0009388007,0.0014965239,0.00034286242,0.0021316463,0.0011366827,0.001678482
2025-08-14,-0.0013067899,-0.001433138,-0.000913569,-0.0021042598,-0.0011584202,-0.0015667873
2025-08-15,-0.00039097533,-0.00027098611,-0.00036405772,-0.0005116464,-0.0002302559,-0.0003716752
2025-08-16,-4.87263e-05,1.7717934e-05,-1.2836216e-05,3.4701592e-05,3.1216197e-05,-2.7820672e-05
2025-08-17,0.00014116106,0.00018148347,0.00014749664,0.00030126446,0.0001723712,0.0001623552
2025-08-18,-2.6561558e-05,-0.000102895276,-0.00012855462,-8.175452e-06,-2.7719056e-05,-0.000112866925
2025-08-19,-0.0006118357,-0.00068627845,-0.00013466568,-0.0011675563,-0.00048741602,-0.0005660575
2025-08-20,0.00022833343,0.00046537185,0.00020234242,0.0006494191,0.0002780959,0.0003587447
2025-08-21,-0.000116261355,-0.00032326957,-8.237264e-05,-0.00013862793,-7.3079376e-05,-0.00013061146
2025-08-22,0.0019225681,0.0031494116,0.00060752407,0.004216316,0.0018067074,0.0027139334
2025-08-23,-6.702581e-05,-9.841008e-05,-2.7454756e-05,-0.00013001889,-6.477659e-05,-0.000104866274
2025-08-24,-5.380489e-05,-6.8219764e-05,-4.6987017e-05,-9.067252e-05,-4.4713273e-05,-7.6585406e-05
2025-08-25,-0.00159864,-0.0017438543,-0.001059752,-0.0027110877,-0.0014429346,-0.001817154
2025-08-26,-0.000441179,-0.00021740005,-0.00021293045,-0.0005681707,-0.0003009302,-0.0001520521
2025-08-27,9.434123e-05,9.934466e-05,0.00024629058,9.840661e-05,9.081183e-05,9.071618e-05
2025-08-28,0.00034780506,0.0005736079,9.0742884e-05,0.0008031991,0.0003985304,0.0004707268
2025-08-29,-0.0003892679,-0.00052509306,-5.425447e-05,-0.0006761618,-0.00027648438,-0.00067926967
2025-08-30,-4.2378124e-05,-1.9494992e-05,-4.113949e-05,-1.7667551e-05,-1.8641133e-05,-1.1264806e-05
2025-08-31,2.8578028e-05,-6.6717694e-06,3.2299697e-05,-1.03777875e-05,7.529453e-06,-7.782811e-06
2025-09-01,-0.00010735476,-1.542531e-05,-8.0481346e-05,-6.8451205e-05,-5.9055707e-05,-3.838635e-05
2025-09-02,-0.0010538093,-0.0011733242,-0.00035928527,-0.0016925455,-0.0008240473,-0.00118385
2025-09-03,-0.00029146322,0.00012682063,-0.00031988966,-5.2159077e-05,-0.00017951854,0.00019249257
2025-09-04,0.0003822529,0.000536727,0.00023224714,0.0006947766,0.00036787902,0.00050747674
2025-09-05,0.0008006361,0.0010379145,0.00042789913,0.0015056895,0.0006629187,0.0011213294
2025-09-06,4.4839242e-05,-2.33484e-05,4.7178248e-05,-5.0973285e-05,-1.7015798e-05,-1.1364853e-05
2025-09-07,-8.670813e-05,5.3085794e-05,-8.199125e-05,7.315992e-05,1.1017336e-05,-8.054361e-06
2025-09-08,0.00085043564,0.0010202279,0.00047961585,0.0015825761,0.00067793805,0.0011183127
2025-09-09,-0.00058260147,-0.00054304564,-0.0003208162,-0.0009056577,-0.0004389906,-0.0006184643
2025-09-10,0.0002438666,0.0006822415,-9.320947e-05,0.00091691705,0.00034616512,0.00042023166
2025-09-11,0.0021682037,0.0022402625,0.00090850453,0.0035871118,0.0017974615,0.0022551196
2025-09-12,0.00034881264,0.00012794921,0.00040823384,0.0003066604,0.000187273,0.00026864256
2025-09-13,8.050783e-05,8.077918e-05,7.32747e-05,0.0001400697,7.993282e-05,6.5749904e-05
2025-09-14,-0.00014370502,-0.00015975478,-0.0001332891,-0.0002566535,-0.00012126331,-0.00014165389
2025-09-15,0.00059771835,0.001023915,-0.00010391014,0.0015413213,0.00069940585,0.0006920268
2025-09-16,0.00050118857,0.00038419597,0.0005350594,0.00065705593,0.00037028547,8.8687346e-05
2025-09-17,-0.00034206314,-0.00064954814,-1.7534921e-05,-0.0010061626,-0.0005282725,-0.00036097216
2025-09-18,-0.00046467557,-6.1381243e-06,-0.00036532007,-0.0004492747,-0.00035595463,-0.00016357456
2025-09-19,-0.0008349018,-0.00045560347,-0.00072284933,-0.0008637373,-0.0005683117,-0.000624531
2025-09-20,0.000116657226,0.00010875166,1.7268296e-05,0.00019164527,8.630652e-05,0.00012219112
2025-09-21,-7.793482e-05,-8.939787e-05,-7.592362e-05,-0.00011488309,-6.336018e-05,-7.4643925e-05
2025-09-22,-3.56903e-05,0.00013871527,-0.00048331276,0.00036464134,8.954063e-05,3.807614e-06
2025-09-23,0.00062466186,0.0005141047,0.00029963168,0.0007792101,0.00042788484,0.0005443412
2025-09-24,-0.0007941571,-0.0009179293,-0.00030820983,-0.0013567338,-0.00061000464,-0.0008727439
2025-09-25,-0.00039979952,-0.0009447812,3.6058354e-05,-0.0012508127,-0.00035725243,-0.00086307584
2025-09-26,-6.0559782e-06,0.0007267774,-0.00029401586,0.0009337695,0.00034854858,0.00030698793
2025-09-27,3.845034e-05,1.2965395e-05,2.7595515e-05,1.5522108e-05,1.7262271e-05,2.0187977e-05
2025-09-28,-0.00019003401,-2.0558002e-05,-0.00019985183,-5.829083e-06,-2.9788254e-05,-9.706896e-05
2025-09-29,0.00021722738,0.00075815705,-0.00023619202,0.0010652178,0.00017815694,0.00079285924
2025-09-30,9.9558265e-06,0.00036579723,-0.00011293326,0.00024261989,3.6306267e-06,0.00043146452
2025-10-01,5.48521e-05,0.0008622691,-0.00038331316,0.0010382041,0.00042051292,0.0008095987
2025-10-02,-0.00012859982,0.00033584642,-5.4290143e-05,0.00014222354,2.7395543e-05,0.00014942729
2025-10-03,0.0010489889,0.0011431113,0.00024295166,0.0017674678,0.00078051386,0.0011737975
2025-10-04,-7.6029035e-05,-0.00011560688,-4.302921e-05,-0.00014172251,-8.6639804e-05,-9.340859e-05
2025-10-05,-6.213164e-07,2.5912434e-06,-7.1872064e-06,8.4977055e-06,-4.179601e-06,1.7474098e-06
2025-10-06,0.00011020992,0.0006010172,-0.00013809356,0.00079838384,0.00022194578,0.00040900416
2025-10-07,-0.00096549105,-0.00096806703,-0.0003932762,-0.0015163666,-0.0007535367,-0.0008441973
2025-10-08,0.001534502,0.001614736,0.0007049094,0.002675556,0.0012948799,0.0015257057
2025-10-09,-0.0007176416,-0.0011516025,-0.00019496783,-0.0017653113,-0.0007598669,-0.0009239204
2025-10-10,-0.0036639448,-0.004706341,-0.0021304118,-0.006970117,-0.0029333541,-0.004098459
2025-10-11,5.111952e-05,1.6670869e-05,4.5269855e-05,1.4084973e-05,3.440376e-05,2.1036629e-05
2025-10-12,-0.0004563045,-0.000101714286,-0.00041568145,-6.389358e-05,-0.00017624532,-0.0003554503
2025-10-13,0.0006905454,0.0018536901,0.00011643313,0.002471824,0.0008871332,0.0013994545
2025-10-14,0.00013212403,1.27218755e-05,-3.1787326e-07,6.0688675e-05,0.00014001608,0.00018013119
2025-10-15,0.00062528334,0.0009278888,0.00029096604,0.0012635937,0.00056282815,0.0011029219
2025-10-16,0.0010493245,0.0008134499,0.0005541179,0.0012335737,0.0005491639,0.0009765497
2025-10-17,-0.0014920824,-0.0014878223,-0.00066721777,-0.0025139658,-0.0010896941,-0.0014891687
2025-10-18,-0.00013003017,-3.3426928e-05,-6.609665e-05,-2.126141e-05,-1.9669771e-05,-9.479982e-05
2025-10-19,-0.00014614077,-4.2081203e-05,-6.943764e-05,-7.4145905e-06,-1.0172748e-05,-0.00011166603
2025-10-20,0.00057896937,0.0016946902,0.00015288184,0.0024146861,0.0010143165,0.0014222418
2025-10-21,-0.0007370324,-0.00089137716,0.00012810112,-0.0015305065,-0.0008242311,-0.000771033
2025-10-22,-0.00064136967,-0.00045429656,-0.00035234177,-0.00080250594,-0.00030775162,-0.0007389148
2025-10-23,-0.0007703815,0.00023318798,-0.0006650172,0.000249451,0.00014751426,-0.00013624332
2025-10-24,0.00022235602,0.0005407013,6.68916e-05,0.0008343111,0.00030588548,0.0006132224
2025-10-25,2.737259e-06,9.120616e-06,-6.620755e-06,1.6519305e-05,1.6757947e-05,2.4448336e-05
2025-10-26,-0.00010754738,5.8408372e-05,-0.00010534175,9.892414e-05,8.0521e-05,-1.2925917e-05
2025-10-27,0.0010066099,0.0014267024,0.00061318144,0.002093039,0.0009908221,0.0012882568
2025-10-28,-0.0003566288,-0.00031355556,-0.000115660834,-0.00046263807,-0.0003441267,-0.00032241992
2025-10-29,-0.0005636668,-0.0008261618,-0.00041357338,-0.001059018,-0.00052746775,-0.0005595955
2025-10-30,-0.0011415308,-0.0011615301,-0.00060114794,-0.0020909223,-0.00095156435,-0.0010852029
2025-10-31,0.00046462307,0.00044703102,0.00019385909,0.0007446837,0.00033499434,0.0004690782
2025-11-01,-8.689529e-06,4.229803e-05,-5.3382546e-06,4.9347353e-05,3.341031e-05,7.834632e-06
2025-11-02,-3.9319722e-05,-2.0825184e-05,-3.9578958e-05,-3.599189e-05,-2.212433e-05,-4.4132237e-05
2025-11-03,0.00069889956,0.00043781288,0.00044785455,0.0006697064,0.00027660234,0.00061836984
2025-11-04,-0.001333603,-0.0018172335,-0.0006262074,-0.0029201822,-0.0012543572,-0.0014264534
2025-11-05,0.00012194818,0.0002943314,7.3883702e-06,0.00050949526,6.8809226e-05,0.00036071456
2025-11-06,-0.00072562456,-0.00082082447,-0.00042298003,-0.0013582339,-0.00068031787,-0.0007256582
2025-11-07,-0.0017760992,-0.0006915042,-0.0015283665,-0.0007955294,-0.00048579223,-0.0014049237
2025-11-08,5.9497448e-05,-8.203227e-06,5.706382e-05,-2.3833187e-05,-2.1632428e-05,5.1459818e-05
2025-11-09,-1.5316384e-05,8.813967e-05,-1.2295558e-05,0.00021197602,0.00013616371,1.4712606e-05
2025-11-10,0.00037003728,0.0017825835,0.00029912606,0.002460646,0.0009095048,0.0013279567
2025-11-11,0.000691964,0.0011675485,0.00058341573,0.0016576422,0.00078036543,0.0011482534
2025-11-12,0.00028579638,0.00029415032,4.6535784e-05,0.0003661001,3.487698e-05,0.0007634919
2025-11-13,-0.001021512,-0.0017972549,-0.00047667153,-0.0026523492,-0.0012562167,-0.0014882107
2025-11-14,-0.0007888415,-0.0012557474,-0.00030793625,-0.0019516182,-0.0010706299,-0.0010478664
2025-11-15,-5.4434473e-05,2.8636521e-05,-5.5585522e-05,6.2735e-05,4.6161673e-05,-4.1032992e-05
2025-11-16,0.00010228774,-5.272253e-06,8.521214e-05,-5.899033e-05,-4.630991e-05,8.340604e-05
2025-11-17,-0.0006709909,-0.0010624732,-0.00022518188,-0.0019349187,-0.0007719193,-0.0008115113
2025-11-18,-0.0011725542,-0.0012596854,-0.0005656925,-0.0019587465,-0.0008207638,-0.0013540682
2025-11-19,3.133036e-05,-0.00043000825,0.00017331251,-0.0006459755,-0.00048259,-4.2889074e-05
2025-11-20,0.0012218917,-0.00018694552,0.0008217555,-0.00022999156,-6.170034e-05,0.00081021053
2025-11-21,-0.00051522744,5.0657352e-05,-0.0005081574,5.7747577e-05,6.701705e-06,-0.00034107844
2025-11-22,4.1320443e-05,3.2513173e-05,3.8190065e-05,2.444907e-05,7.978755e-06,6.3286505e-05
2025-11-23,-0.00023821574,-7.822287e-05,-0.00015422303,-2.0584443e-05,-1.2674479e-05,-0.00017433405
2025-11-24,-0.0017289644,4.193946e-05,-0.001123807,-0.0002642951,-0.00036391368,-0.0011971188
2025-11-25,-0.000784281,0.00052154105,-0.0007519508,0.0007785009,0.00035121528,-8.7861205e-05
2025-11-26,-0.00081471744,0.0009248213,-0.00054147525,0.0010818534,0.00048381364,0.00015926211
2025-11-27,-0.0005520054,-0.00018869032,-0.00029632123,-0.0004176923,-0.0002148651,-0.00051311345
2025-11-28,-0.00028811378,0.00051090086,-0.0002669996,0.0005025329,0.0003330553,0.0001261044
2025-11-29,-4.2374243e-08,-3.1015858e-05,-1.2656562e-05,-5.0387083e-05,-3.004847e-05,8.8392535e-06
2025-11-30,8.257369e-05,4.0086117e-05,4.9654005e-05,5.971608e-05,2.8117398e-05,8.9037814e-05
2025-12-01,-0.0005280909,-0.0010625058,-0.00040217987,-0.0015394232,-0.00087734667,-0.00065978215
2025-12-02,-0.0005935141,0.00010919787,-0.00045860992,0.0001138442,7.0256414e-05,-0.00037980085
2025-12-03,0.00060208014,0.0009791484,0.00028481474,0.0014665326,0.0008016858,0.00066379097
2025-12-04,0.0004241643,0.000348761,0.000107670465,0.0006165262,0.00035504458,0.0003620596
2025-12-05,-0.00020657145,-9.058467e-05,7.2932504e-05,-0.00030354297,-0.0001293393,3.0470405e-06
2025-12-06,1.3901883e-05,2.9570685e-05,7.084996e-06,4.426673e-05,3.1577165e-05,1.2186605e-05
2025-12-07,1.4050936e-05,2.4591998e-07,6.715364e-06,5.314406e-06,4.8273514e-06,-6.074693e-06
2025-12-08,-0.0005463551,-0.00094627304,-0.00052034575,-0.0012232997,-0.00051726063,-0.00063688215
2025-12-09,-0.00013379521,-9.231628e-05,-0.00010577088,-1.9451407e-05,-4.350189e-06,-0.0003411491
2025-12-10,0.0011962127,0.0013753817,0.0008850834,0.0022533573,0.0009691361,0.001067366
2025-12-11,0.0013728149,0.0012924063,0.0010867721,0.0023123042,0.0010714617,0.0011288876
2025-12-12,-0.0012260922,-0.0013778799,-0.0007587853,-0.0025147,-0.0011625956,-0.0010831106
2025-12-13,-5.9637287e-06,1.011044e-05,-5.0851077e-06,1.7215947e-05,1.2452106e-05,-1.8031515e-05
2025-12-14,1.2530519e-05,-5.5774406e-05,7.908648e-06,-8.4232524e-05,-7.0227274e-05,6.023015e-05
2025-12-15,0.00068364356,0.0005719377,0.00032068117,0.0009821107,0.00052862853,0.0007625257
2025-12-16,-0.0006915558,-0.0010056726,-0.00040431618,-0.0015643324,-0.0006159614,-0.0009584941
2025-12-17,-0.00020383642,-0.00053561595,-0.0004839582,-0.00075692864,-0.0003259636,-8.589896e-05
2025-12-18,0.00068841333,0.0010535354,0.00063315174,0.0013681649,0.00050795026,0.0008200626
2025-12-19,0.00030680536,0.0007387465,3.0870855e-05,0.00132377,0.0005180605,0.00049224467
2025-12-20,2.6231488e-05,2.454619e-05,2.6154183e-05,4.41487e-05,2.6907954e-05,2.5684787e-05
2025-12-21,4.2974443e-05,3.496389e-05,3.196057e-05,9.377443e-06,1.3153085e-05,2.9029428e-05
2025-12-22,0.00071697147,0.0015072899,0.0002454386,0.0022835794,0.00091506314,0.00115127
2025-12-23,0.0012338044,0.0011740483,0.00051728333,0.002182141,0.001121573,0.0011907344
2025-12-24,0.0001644836,0.00028997817,0.0001763769,0.00028403947,0.00015643862,0.00022299205
2025-12-25,8.793368e-05,-1.884387e-05,0.0001984046,-0.00010414043,-7.381589e-05,7.1812836e-05
2025-12-26,0.00071149983,0.00058581895,0.00010706735,0.0011917963,0.00045579122,0.0006623426
2025-12-27,-0.00023993281,-3.0376363e-05,-0.00022607662,1.0335952e-05,4.7661026e-05,-0.00019057698
2025-12-28,3.8065489e-06,-3.8117728e-06,9.29271e-06,-1.1420572e-05,-1.3919056e-05,4.2745537e-06
2025-12-29,-0.0015872363,-0.0013872838,-0.0006015386,-0.0026840505,-0.0012379271,-0.0014533004
2025-12-30,-0.00015408958,0.00025948236,-0.00015631043,0.00029888298,9.1728056e-05,-0.00013594283
2025-12-31,-0.0011548814,-0.0015636651,-0.0005956753,-0.0024684174,-0.0013376832,-0.0010104417
2026-01-01,-0.00022497337,-1.8045286e-05,-0.00025511527,6.031111e-05,7.591007e-05,-0.00023249247
2026-01-02,0.0012815073,0.0016807627,0.0008559069,0.0027203448,0.001372136,0.0015403026
2026-01-03,7.997382e-05,0.00010921123,6.522385e-05,0.00013039864,8.6735155e-05,9.509407e-05
2026-01-04,-3.0504825e-06,3.170105e-05,-7.5331786e-06,3.417576e-05,2.8686385e-05,-2.0643074e-05
2026-01-05,0.0022664,0.0029140608,0.0013995561,0.00416498,0.0019204706,0.0023047847
2026-01-06,0.0019354576,0.001780727,0.0011011875,0.002819614,0.0012089335,0.0020127408
2026-01-07,-0.0017532825,-0.0016693769,-0.0012042039,-0.0025497507,-0.0011295277,-0.0015790757
2026-01-08,-0.00066364586,-0.00022436399,-0.0005210284,-0.00066815485,-0.00029753963,-0.0006564825
2026-01-09,0.0012763488,0.0014038557,0.0007753936,0.002234215,0.0010121542,0.0011044756
2026-01-10,6.623115e-05,6.8836736e-05,6.42305e-05,9.5426956e-05,5.66631e-05,7.78911e-05
2026-01-11,0.00012398478,0.000121940844,0.00012832068,0.00013487574,9.9116354e-05,0.00013288012
2026-01-12,0.0013951401,0.0014004655,0.0006462072,0.0024872534,0.001122456,0.001405831
2026-01-13,0.000358144,0.00040336163,0.00040029082,0.0003974039,0.00021475277,0.00017507686
2026-01-14,0.0012128225,0.0011996264,0.00061495265,0.0019456389,0.00097411213,0.0011355252
2026-01-15,0.0003888045,0.00027523824,3.937005e-06,0.00063414685,0.00016654431,0.0003727222
2026-01-16,-0.00019789992,-0.00036713632,-1.0886402e-05,-0.00026765125,-0.00012257301,-0.00020157378
2026-01-17,6.5011256e-05,6.2172614e-05,2.2972148e-05,0.000107615066,4.82584e-05,4.4673732e-05
2026-01-18,-0.00016249139,-0.00020686234,-9.6583055e-05,-0.0003041911,-0.00016757227,-0.0001136424
2026-01-19,-0.0012313185,-0.0010067504,-0.0006453497,-0.0019737754,-0.0009759124,-0.001153867
2026-01-20,-0.0024297575,-0.0025771623,-0.0018130589,-0.003967902,-0.0018811527,-0.002158222
2026-01-21,0.0011449965,0.0018491262,0.00035244148,0.0027930061,0.0009473324,0.0016485286
2026-01-22,0.0013714471,0.0015020662,0.00029601986,0.0022096543,0.0009384439,0.001781317
2026-01-23,0.002219197,0.0017201627,0.0011206954,0.002739358,0.0016003973,0.0023616622
2026-01-24,1.7464763e-05,-9.2166357e-07,1.7848932e-05,2.0194145e-06,3.603007e-06,-8.753445e-06
2026-01-25,0.00036387987,0.0001460157,0.0003320671,0.00013489489,8.578879e-05,0.00012194237
2026-01-26,0.00033766803,0.00063841074,-0.00014376812,0.0009986038,0.00043974168,0.0007040677
2026-01-27,0.0019635968,0.002253052,0.0008518141,0.0037619418,0.0017797922,0.0019889292
2026-01-28,0.001797176,0.00042239195,0.00082686124,0.001262779,0.00078367157,0.001299257
2026-01-29,0.0009313565,0.00039376828,0.0006690737,0.00059108186,0.0003599319,0.00068844814
2026-01-30,-0.0038544822,-0.0038409012,-0.0009962377,-0.006463022,-0.002996462,-0.0038717515
2026-01-31,0.0009863585,0.00041425883,0.0007712816,0.00026995718,6.549941e-05,0.00082021597
2026-02-01,0.0003781718,0.00017619462,0.00026972318,7.532611e-05,2.5892141e-05,0.00030642794
2026-02-02,-0.003406141,-0.001869983,-0.0014748438,-0.0035411227,-0.0016428643,-0.0027853053
2026-02-03,0.0014291881,0.0016518024,9.497995e-05,0.0021132727,0.0009265724,0.0016643798
2026-02-04,0.0016039378,0.00082933647,0.0003930218,0.0011933004,0.0006288684,0.0016729078
2026-02-05,-0.00027981476,-0.0012794443,-0.00013606648,-0.0028471404,-0.0013031994,-0.0010551709
2026-02-06,-0.0014098102,0.0011688406,-0.0005427063,0.0014685405,0.00046960934,-0.00036742672
2026-02-07,1.0566324e-05,6.702243e-06,-4.0581963e-06,9.234091e-07,4.5080398e-07,9.832461e-06
2026-02-08,7.068039e-05,3.0125855e-05,1.7434631e-05,4.238479e-06,1.4360637e-06,6.0542403e-05
2026-02-09,0.0028944907,0.002545106,0.00077832286,0.0037641411,0.0018925732,0.0035556823
2026-02-10,0.0008808482,0.0005671202,0.00053857546,0.00066301454,0.0002407082,0.00080428406
2026-02-11,0.00052179117,0.0006512962,-0.00019919447,0.00047968733,0.00024004932,0.000605289
2026-02-12,-0.0007099725,-0.001274507,0.0001513193,-0.0015582531,-0.00074733415,-0.0013554114
2026-02-13,-0.00048266293,-4.8969807e-05,-8.362976e-06,0.00017173705,8.588409e-05,-0.0004252509
2026-02-14,-0.0003366692,-0.00012784751,-0.00010117844,-3.4867335e-05,4.7180342e-06,-0.00031153508
2026-02-15,0.00017250766,2.910649e-05,5.1655315e-05,-1.6566968e-05,-1.961001e-05,0.00015648667
2026-02-16,-0.00010432942,2.169242e-05,-4.5433e-05,-2.8006401e-05,-5.2437477e-05,-9.742609e-05
2026-02-17,3.6344638e-05,6.484368e-05,-2.8101802e-05,1.5401394e-05,-4.7857473e-05,9.76135e-05
2026-02-18,0.00056785863,0.0007932338,1.6469743e-05,0.00065243914,0.0003246354,0.00090238464
2026-02-19,-2.6837797e-05,0.00018502117,-2.2074933e-05,0.00022712252,0.00011136802,-4.487033e-05
2026-02-20,0.0006043266,0.001225963,5.531289e-05,0.0016665197,0.00088961836,0.000996785
2026-02-21,1.6065145e-06,7.4439417e-06,5.420415e-06,1.0344118e-05,7.749315e-06,-2.6004156e-07
2026-02-22,0.000101656435,1.5631584e-05,6.965875e-05,-1.6427492e-05,-1.6445832e-05,7.637884e-05
2026-02-23,9.873933e-05,-0.0005604741,0.00037999378,-0.0007391873,-0.0004899384,5.29702e-05
2026-02-24,0.00020240225,0.00067171326,-0.00025824734,0.0007831232,0.0004244954,0.0003428402
2026-02-25,-0.00011128628,0.0008399086,-0.00078522466,0.0014466875,0.0007767484,0.00031381944
2026-02-26,0.000506379,0.00013808855,0.00028776532,0.00049482216,0.0002076953,0.00058381597
2026-02-27,0.0010212726,0.0005981838,0.00067201664,0.0010611863,0.0005286225,0.00074532785
2026-02-28,-1.5094085e-05,1.4016877e-05,-1.1535105e-05,2.826083e-05,1.8376826e-05,-2.7040844e-05
2026-03-01,2.9392526e-05,-3.5839326e-05,2.6876703e-05,-7.0651375e-05,-5.2423293e-05,8.0852755e-05
2026-03-02,-0.0021221263,-0.0020025452,-0.0009482394,-0.0033711279,-0.0015889441,-0.0024818208
2026-03-03,-0.003646786,-0.0040967497,-0.00074360095,-0.005755145,-0.00254322,-0.0040431046
2026-03-04,-0.0009125944,0.00012544659,-0.0004332653,-0.00018577639,-0.0001054004,-0.0007744168
2026-03-05,0.0009104444,-0.00040645877,0.00019003118,-2.4163533e-05,0.00014406281,1.4834694e-05
2026-03-06,0.0012766073,0.00034549684,0.00031980238,0.0009451108,0.0007042008,0.00056727475
2026-03-07,6.9768066e-06,-2.283882e-05,1.3527437e-05,-3.2337957e-05,-1.7941378e-05,4.2879125e-05
2026-03-08,4.646409e-05,-3.451762e-06,4.366653e-05,-1.3108113e-05,7.4986787e-07,9.074344e-05
2026-03-09,-0.00016676864,-0.00028504585,-0.00026977548,-0.00025645917,-0.000121151,-0.0007192698
2026-03-10,-0.0020061105,-0.00046681517,-0.00050937955,-0.00075992476,-0.0007044767,-0.0011507221
2026-03-11,0.0014559617,0.0006024704,0.0002774231,0.0010189166,0.0005547756,0.0010622827
2026-03-12,0.0026745822,0.00024208591,0.0005862283,0.0006366537,0.0005661155,0.0013073183
2026-03-13,0.0011995956,9.539985e-05,0.00020172085,7.556583e-05,0.00023392364,0.0005452872
2026-03-14,2.7279573e-05,2.8376706e-05,2.7422402e-05,4.6801302e-05,1.9224271e-05,4.1967058e-05
2026-03-15,3.853909e-05,0.00010194343,2.0324283e-05,0.00012796104,8.0116035e-05,-2.3443263e-05
2026-03-16,-0.0022029202,-0.00016659462,-0.0004774717,-0.00026590572,-0.00023388241,-0.001628281
2026-03-17,-0.00097113266,0.0002108993,-0.0003553533,0.00032012537,-2.8241175e-05,-0.00036989947
2026-03-18,0.0016934774,-0.0002263977,0.0002383038,-0.0002846775,-7.7563025e-05,0.00067091256
2026-03-19,0.0010959754,-0.00026146809,1.8758237e-05,5.8396013e-06,0.00025254654,-9.616666e-05
2026-03-20,0.0017558751,-0.0007520933,0.00044656568,-0.0013485966,-0.00041960986,0.0005300592
2026-03-21,-5.7383822e-05,-0.00011870909,-5.617246e-05,-0.0001229079,-6.949636e-05,-4.114554e-05
2026-03-22,-2.6490676e-05,-4.569604e-05,-2.105527e-05,-6.412239e-05,-2.9632767e-05,-2.9881248e-05
2026-03-23,-0.0019649032,-0.00037182853,-0.00033940547,-0.0003534547,-0.00033682556,-0.0014789755
2026-03-24,0.00011691714,0.00013259935,8.524638e-05,1.7032971e-05,4.7508743e-06,0.00011097459
2026-03-25,-0.0017029926,0.00039065006,-0.00037418524,0.00095638196,0.00023645117,-0.0010228956
2026-03-26,0.0027652974,-5.0412724e-05,0.00086588215,-6.292858e-05,0.00023552548,0.0016477141
2026-03-27,0.00161673,0.00011339292,0.0004120405,0.00029336096,0.00028170797,0.00089583505
2026-03-28,5.055491e-05,5.5278597e-05,2.8615981e-05,5.9525853e-05,4.3962533e-05,4.918075e-05
2026-03-29,7.26062e-05,1.8271987e-05,5.46178e-05,3.0128882e-05,1.9371391e-05,4.1845316e-05
2026-03-30,-3.4062945e-05,9.313307e-05,-5.9734386e-05,0.00017519774,0.00014215369,4.2294025e-05
2026-03-31,-0.0031477625,0.000100090154,-0.0011243947,0.00016560167,-0.00012831134,-0.0022273099
2026-04-01,-0.002677593,-0.00043741646,-0.0008160326,-0.00066770974,-0.0006179412,-0.001858984
2026-04-02,0.001317572,0.0007121087,0.000562772,0.0006706197,0.00034673506,0.000996384
2026-04-03,0.00012608587,9.232308e-05,-2.4286568e-05,0.00022055492,8.893216e-05,0.00023693811
2026-04-04,-0.00010803068,-3.4661018e-05,-0.00011515968,-5.2135263e-05,-2.3945371e-05,-5.554861e-05
2026-04-05,-6.638554e-05,-1.5478132e-05,-6.867817e-05,-3.747969e-05,-1.4687172e-05,-2.5674462e-05
2026-04-06,0.0003320581,0.00035861452,8.9664e-05,0.00049761083,0.00024379116,0.00037772921
2026-04-07,-0.0008622819,-0.00034717136,-0.0005150154,-0.0006042994,-0.0002727398,-0.0006352419
2026-04-08,-0.002004573,0.001262868,-0.00037663034,0.0007936161,-0.00022317242,-0.00091296434
2026-04-09,0.00032044077,0.00041901192,0.00024521898,0.00031808228,0.00016448919,7.7409764e-05
2026-04-10,0.0003208217,0.00040064403,0.00033680303,0.00061900483,0.0003064882,0.00035219683
2026-04-11,2.3657727e-05,-8.715892e-07,2.250567e-05,8.611704e-06,-2.0587854e-06,2.0624293e-05
2026-04-12,3.323491e-05,-9.981787e-05,3.9456616e-05,-0.0001024368,-0.000115047456,2.7980697e-05
2026-04-13,0.0007512379,0.0010887665,0.000554105,0.0015165351,0.00055707985,0.000631435
2026-04-14,0.0016332823,0.0016157413,0.0014605413,0.002653134,0.0008709146,0.0009385252
2026-04-15,6.691459e-05,0.00013042697,4.2579177e-05,0.00021496761,0.000113809016,7.7047145e-05
2026-04-16,-0.00011691771,0.000138553,-7.8454264e-05,0.00014652345,0.00013883648,0.00010451518
2026-04-17,0.0016754895,0.0017826741,0.0016348466,0.0032423644,0.0009083045,0.0009621222
2026-04-18,-0.00016420652,-0.00020437062,-0.00016729881,-0.00031232287,-0.00021304793,-8.268252e-05
2026-04-19,-0.00016569563,-0.00020462002,-0.00015432539,-0.00030999078,-0.00020426288,-9.685215e-05
2026-04-20,-0.00048200265,-0.0002541695,-0.00035839182,-0.00064116874,-0.00016131156,-0.000227171
2026-04-21,-0.0011304731,-0.0013077663,-0.0010124992,-0.0023588508,-0.0006029618,-0.0006432396
2026-04-22,1.8037344e-05,0.00034818758,0.00027552893,0.00073465816,0.00012675543,0.00026712663
2026-04-23,-0.00066176156,-0.0005721136,-0.0005256764,-0.001207792,-0.0003057589,-0.00019780523
2026-04-24,6.7614e-05,0.00029386466,0.00020788822,0.0004059053,7.7730016e-05,0.00022767842
2026-04-25,-3.9436287e-05,-4.3772074e-05,-4.3284308e-05,-6.581746e-05,-4.617943e-05,-1.6725104e-05
2026-04-26,0.00010048414,0.00011994328,7.0646485e-05,0.0001510732,0.00010527317,7.594179e-05
2026-04-27,0.0001757402,-3.3893262e-05,5.7850564e-05,0.00016571209,4.407886e-05,0.00039109914
2026-04-28,-1.3507369e-05,-0.0003065143,-9.343037e-05,-0.00033062263,-1.4932104e-05,5.701681e-05
2026-04-29,-2.7819578e-05,-0.00034392983,-2.5978778e-05,-0.00015343388,7.588894e-05,0.00030835526
2026-04-30,0.00011599433,0.0015205382,-0.00022469867,0.0013480658,0.0003855426,0.00025125738
2026-05-01,-0.000450084,-0.0004546181,-0.00053583324,-0.0008169116,-0.0004941889,-0.0006402679
2026-05-02,-2.3186249e-05,1.6007187e-05,-2.43016e-05,-8.247836e-06,-1.0244232e-05,1.6123784e-05
2026-05-03,6.571423e-05,6.6689136e-05,6.3120075e-05,6.73206e-05,4.9721024e-05,8.281723e-05
2026-05-04,7.135941e-05,-0.0004475984,-4.9172213e-05,-8.069576e-05,-0.00014464273,-7.643855e-05
2026-05-05,0.0003703506,0.0010860446,3.5217272e-05,0.0011195996,0.0004289732,0.0005247124
2026-05-06,0.00043617486,0.0016287342,9.286785e-06,0.0015749475,0.0005934319,0.0007710452
2026-05-07,-0.0014858756,-0.0015910635,-0.00093252736,-0.0022188989,-0.0012512503,-0.0016425115
2026-05-08,0.00078959897,0.0009855299,0.00018711088,0.0013294299,0.00067983876,0.0007848977
2026-05-09,-2.803785e-06,5.3616895e-06,-1.5304115e-05,-2.0008585e-05,-8.398153e-06,7.173812e-07
2026-05-10,0.0002782783,0.00030850514,0.00024877363,0.00043610847,0.0002891959,0.0002483233
2026-05-11,0.000828894,0.0007870676,0.00029009796,0.0012857876,0.0004745961,0.0009387839
2026-05-12,-0.0007372772,-0.00081315695,-0.0002801705,-0.0012237027,-0.0006790845,-0.0005902733
2026-05-13,0.00041957872,0.000422626,0.0001392189,0.00057464134,0.00020351201,0.00032004362
2026-05-14,-0.0005101444,-0.00026553968,-0.000386459,-0.0005343715,-0.00026102597,-0.00042745605
2026-05-15,-0.0022713845,-0.0029388247,-0.001134904,-0.0040347204,-0.001905298,-0.002639678
2026-05-16,-6.9664e-05,-0.00013380137,-4.1824438e-05,-0.00012281806,-0.000104100465,-0.00011086229
2026-05-17,4.4056585e-05,-4.2767195e-05,6.1121784e-05,4.82234e-06,-4.0868457e-07,-9.042651e-06
2026-05-18,-0.00044590406,0.00013682025,-0.00025632448,-0.00034136587,-0.00021059484,-0.0002444435
2026-05-19,0.00024726914,-0.00025684567,0.00045749938,-0.0002501562,-8.236007e-05,9.7466684e-05
2026-05-20,-0.0011189923,0.00024254117,-0.0008188248,-0.00017790367,-0.00015512551,-0.00034489555
2026-05-21,-0.00017114745,-4.3626293e-05,-0.0002556084,-0.00010969614,-0.00013993341,0.000117327836
2026-05-22,0.00044925653,0.00040069775,0.00034973727,0.00054713764,0.00024083928,0.0004333774
2026-05-23,-0.00017545294,-4.0417184e-05,-0.0001901415,-0.000105556435,-8.6267704e-05,-8.614868e-05
2026-05-24,0.00012384061,6.2712425e-05,7.394443e-05,7.958477e-05,4.6113015e-05,8.949717e-05
2026-05-25,0.00012404993,0.00045841673,6.5240565e-05,0.00051510864,0.00023137993,0.0003902007
2026-05-26,-0.00023549472,0.0002040309,-0.00039309455,0.00012510143,8.358665e-05,0.00017333664
2026-05-27,8.032583e-06,-8.243513e-05,8.164672e-05,-0.0001275596,2.0170148e-07,-0.00022555233
2026-05-28,-0.00016335859,8.463687e-05,-0.0002662808,-0.00021441284,-4.8503185e-05,-0.00027264515
2026-05-29,0.00018626431,0.00019217699,-6.8712966e-06,0.00020278632,7.3378156e-05,0.00010974432
2026-05-30,-0.00022306431,-5.4027412e-05,-0.00020723787,-0.00020026024,-0.00016989427,-3.7573158e-05
2026-05-31,7.586479e-05,5.7274745e-05,7.4427764e-05,9.981882e-05,4.8180686e-05,6.718703e-05
2026-06-01,0.00058558217,-7.728314e-05,0.00027034944,0.00020701808,0.000109825,0.00038311185
2026-06-02,0.0010858783,0.0009503292,0.00071031693,0.0012027127,0.0005013053,0.001045962
2026-06-03,-0.00013447476,-0.00093135756,-3.899513e-05,-0.001424683,-0.0007188549,-0.00045306308
2026-06-04,0.00069418695,0.00058735866,0.00060541945,0.0005903035,0.00034401214,0.00046465127
2026-06-05,-0.00071418163,-0.002861462,0.0005444282,-0.0039643995,-0.0018487528,-0.0011240537
2026-06-06,4.8109105e-05,3.1142394e-05,4.9723018e-05,2.8049248e-05,1.0587662e-05,4.9204526e-05
2026-06-07,-0.0007283943,-0.00023573272,-0.00046215026,-0.0002043785,-8.373454e-05,-0.0006735717
2026-06-08,0.00026786988,-9.60836e-05,-6.144702e-05,-0.00018345515,-2.3741119e-05,-3.249039e-05
2026-06-09,0.00029274815,0.00030883442,0.00024695913,0.00025709308,0.00010902087,0.00025438654
2026-06-10,0.00014734191,-0.0006935635,0.0001532451,-0.0007343645,-0.00015576945,-0.0004525321
2026-06-11,-0.0010251204,0.0008583179,-0.00070373144,0.0009499003,0.00027917893,-0.00014798233
2026-06-12,-0.00038134132,0.00063979026,-3.172972e-05,0.00052136637,0.00016142022,0.00038654637
2026-06-13,-0.00019405127,-5.6853787e-05,-0.0001520825,-5.1000537e-05,-1.2228422e-05,-0.0001679038
2026-06-14,-0.00019759736,-2.4566736e-05,-0.00014978577,-4.299212e-05,7.596443e-07,-0.00017119075
2026-06-15,-0.0009675972,0.00046835607,-0.00056643604,0.00028871,7.621892e-05,-9.454792e-05
2026-06-16,0.00019891183,0.0002475758,0.00022162174,0.0002583347,0.00016658497,8.8086956e-05
2026-06-17,-0.00034679985,-0.00079076714,-0.00012411781,-0.0010233017,-0.00063532806,-0.00039248756
2026-06-18,0.0014889956,0.00079547305,0.0008378975,0.0013465519,0.0006353165,0.0014830186
2026-06-19,-0.00019171715,-4.4924665e-05,-0.00023352553,-0.0002263803,-0.00014475863,-3.9403272e-05
2026-06-20,-8.3113286e-05,-1.1518538e-05,-7.782852e-05,-1.438964e-05,-1.2339648e-05,-6.201283e-05
2026-06-21,0.0001028369,-9.137499e-06,0.00010866757,-8.917692e-06,-2.0397236e-05,9.38139e-05
2026-06-22,0.00073926855,0.00046165043,0.00048968,0.00083410385,0.00046005158,0.0008668731
2026-06-23,-0.000702017,-0.0014540046,-8.754019e-05,-0.0021167614,-0.0010124901,-0.00088007835
2026-06-24,0.0015933546,0.0005304632,0.0009905506,0.0009024593,0.00057526195,0.0012492224
2026-06-25,0.0007278199,0.001019784,0.00049651164,0.0014367041,0.0007249695,0.0008285084
2026-06-26,-0.00067292043,-0.00072108145,-0.00042002887,-0.00096524146,-0.0003776975,-0.0007758368
2026-06-27,0.00013757612,5.2922675e-05,0.00013931528,3.3299122e-05,9.431581e-06,0.00013670328
2026-06-28,7.2988936e-05,2.7711456e-05,7.451174e-05,1.8755834e-05,1.095621e-05,6.382941e-05
2026-06-29,-0.00019217003,0.00015723179,-0.00015669348,0.0002635969,0.00015087669,2.9316781e-05
2026-06-30,-3.8053484e-05,0.00016866365,4.5444172e-05,4.2865086e-05,-5.308543e-06,0.00034599725
2026-07-01,-0.0011531977,-0.0007681377,-0.0009346093,-0.0011537296,-0.00049895456,-0.0012182606
2026-07-02,1.7816184e-05,0.00060888554,-0.00022024396,0.0010085189,0.0006509595,0.00015917896
2026-07-03,-0.00041122077,0.00012994767,-0.00020964001,6.79816e-05,5.1578118e-05,-0.00019535662
2026-07-04,-8.828899e-06,4.4612363e-05,-1.5621465e-05,3.599738e-05,3.042121e-05,3.684694e-06
2026-07-05,3.5112444e-06,2.7191583e-05,-6.7470446e-06,3.209538e-05,1.944418e-05,-1.3790613e-05
2026-07-06,-3.6941924e-06,0.0007300481,0.00021036043,0.00092328043,0.00043353476,0.00035643775
2026-07-07,-0.0005542237,-0.00078572106,-0.0003701758,-0.0009288645,-0.0004794727,-0.0007396096
2026-07-08,-0.0017321375,-0.0017543647,-0.0010060924,-0.0025833903,-0.0015104456,-0.0015758311
2026-07-09,0.00036613835,0.00081855257,0.00010315746,0.0010920186,0.0005855267,0.00045604937
2026-07-10,7.76602e-05,0.00048445462,9.354804e-05,0.00037919352,0.00017862664,-0.00017503
2026-07-11,9.584328e-06,-2.9758434e-05,1.1324165e-05,-3.0300735e-05,-2.5909212e-05,1.7265274e-05
2026-07-12,2.0730118e-05,-1.3314995e-05,2.7854025e-05,-1.2832824e-05,-1.1621669e-05,3.3845827e-05
2026-07-13,-0.00010328924,-0.00063611066,4.0394556e-05,-0.0009225861,-0.00050839025,-0.00037099555
2026-07-14,-2.6613985e-05,0.0007713239,-0.00012764487,0.0007933472,0.0004523372,-0.00014997384
2026-07-15,0.00018294837,0.0006171693,0.00018785185,0.0008140276,0.00032047095,-0.00017735333
2026-07-16,0.00033879964,-0.00018238006,0.00022865803,-0.0003745991,-0.00011149935,0.00027521446
2026-07-17,-0.000120636425,-0.0003564147,3.1520845e-05,-0.0003821231,-0.00024225324,-0.00040764862
2026-07-18,5.1165858e-05,7.3221214e-05,4.605449e-05,8.577694e-05,5.2677013e-05,2.5181045e-05
2026-07-19,1.7008166e-05,4.569851e-06,1.8280287e-05,4.118216e-06,-7.309378e-06,3.0046482e-05
2026-07-20,-3.9576087e-05,-0.00026829744,6.857922e-05,-0.00029307505,-0.00025699826,-0.00026464264
2026-07-21,0.00024542876,0.00095952454,0.00023701553,0.0012999632,0.00045394734,0.0006289804
2026-07-22,0.0006660364,0.00070621644,0.00057611434,0.0011092824,0.00043107657,0.0005796035
2026-07-23,0.00015675485,-0.0008437699,0.00038698828,-0.0006102474,-0.00043325065,-0.0002956981
2026-07-24,9.981518e-06,6.29053e-05,-0.00015241132,-0.00017209927,-1.6347401e-05,0.00029293398
2026-07-25,-6.255175e-05,1.06455245e-05,-6.318303e-05,4.759646e-06,1.3612045e-05,-4.9320955e-05
2026-07-26,-0.0001241128,6.213112e-05,-0.000108878376,1.7779264e-05,2.8409455e-05,1.2485313e-05
2026-07-27,-0.0008162631,-0.0006722144,-0.000586801,-0.0013796554,-0.0005427268,-0.0007047883
2026-07-28,0.00019567276,0.0002817403,3.8159968e-05,0.0002122457,0.00025335152,0.00045510687
2026-07-29,-0.00022659652,-0.0007304508,-0.0002077803,-0.00089378416,-0.00056276534,-0.00075971545
2026-07-30,-0.0018148634,0.00023178314,-0.00146056,-0.00040156886,-0.00029441988,-0.0013885683
2026-07-31,-0.0012643419,-0.0009976191,-0.00054032553,-0.0018459811,-0.0010214107,-0.001475247
2026-08-01,-1.0227635e-05,-7.517467e-06,-1.1913387e-05,-1.1012745e-05,-6.948749e-06,-9.672961e-06
2026-08-02,-0.00016471787,-4.041057e-06,-0.00016451332,-4.009167e-05,-1.918134e-05,-6.4055384e-05
2026-08-03,-0.00086236687,-9.234044e-06,-0.00057672744,-0.00050246913,-3.7740967e-05,-0.0002754151
2026-08-04,0.00016478547,0.0010581311,-0.00012165416,0.0012245891,0.0007226304,0.00050291733
2026-08-05,0.0002164867,0.00039292456,0.00015891982,0.00049950473,0.00031411252,0.00015754162
2026-08-06,-0.00028508838,-0.0006380772,-0.00028447778,-0.0007708106,-0.00049995043,-0.00031048307
2026-08-07,0.00087650627,0.0013162957,0.00061703724,0.001778431,0.0009125174,0.0009320064
2026-08-08,-8.112657e-05,-9.98289e-06,-7.611047e-05,-3.19004e-05,-1.4600675e-05,-4.9510847e-05
2026-08-09,7.543678e-05,2.0060086e-05,5.215822e-05,4.0738592e-05,1.6412152e-05,5.849323e-05
2026-08-10,-3.9105444e-06,-0.0002559912,-4.977012e-05,-0.00027873387,-0.00018891756,6.649884e-05
2026-08-11,-0.00034015853,-0.00015914996,-0.00017051614,-0.0002254572,-6.969158e-05,-0.00027895486
2026-08-12,-1.7636557e-05,0.00020646308,9.43032e-05,0.00024502125,5.524716e-05,0.00020350688
2026-08-13,-6.3765925e-05,0.00011142403,-4.711097e-05,0.00015228301,4.888814e-05,-7.0316266e-05
2026-08-14,0.00038437033,0.00023766592,0.00030238528,0.0004380808,0.00022957732,0.0004437153
2026-08-15,5.8700312e-05,5.3321495e-05,4.3653217e-05,0.00010933375,6.10558e-05,5.8686743e-05
2026-08-16,2.9463228e-05,-1.0624186e-05,3.0752104e-05,-3.6274043e-05,-2.4507954e-05,2.553402e-05
2026-08-17,0.00035910873,0.00016274833,0.0004005617,0.00021454688,0.00010932509,0.0003181551
2026-08-18,-0.0013330848,-0.0013669903,-0.00076358,-0.0023915719,-0.0009596069,-0.0013071056
2026-08-19,0.00020524484,0.0013243002,-0.0001613638,0.0017848179,0.0011025015,0.00041918628
2026-08-20,-0.00022650044,-0.0004001397,2.1333504e-05,-0.0006551955,-0.0002933288,-0.0004566884
2026-08-21,0.0023250827,0.0027272562,0.0017262948,0.0039597293,0.002170613,0.0025763162
2026-08-22,-8.809563e-05,-9.533666e-05,-0.00011692724,-0.00016025743,-7.449948e-05,-6.8713496e-05
2026-08-23,6.8176574e-05,7.3867646e-05,7.550271e-05,0.00013600283,5.539164e-05,5.378817e-05
2026-08-24,-0.00032747048,-0.00037847908,-0.00026385588,-0.0006722992,-0.0002901476,-0.00015268997
2026-08-25,-0.00020217389,0.0003147503,-0.000300534,-9.888767e-05,-7.7287295e-05,-4.460398e-05
2026-08-26,0.00010590838,9.4723364e-05,0.00033139138,0.00021996912,6.6340755e-05,6.48528e-05
2026-08-27,5.170116e-05,0.00022077393,0.00013262352,0.00032232385,6.407066e-05,-0.00014143527
2026-08-28,-0.0005987985,-0.00081720366,-0.00013575116,-0.0011473482,-0.00065935403,-0.00043143006
2026-08-29,1.4403001e-05,1.3977897e-05,3.7300947e-06,3.1009713e-05,1.2327368e-05,8.524173e-06
2026-08-30,-0.00019038525,-0.0002156018,-0.00014122733,-0.0002782467,-0.00017069386,-0.00022320698
2026-08-31,-0.00036362745,-0.00015440618,-4.2729072e-05,-0.00037444063,-0.00017781828,-0.00038643536
2026-09-01,-0.00021043085,-0.001015903,-9.381169e-06,-0.0008934903,-0.00047432067,-0.0007653728
2026-09-02,-0.00025157657,0.00022119329,-7.836792e-05,-1.17395675e-05,-5.707282e-05,8.035187e-05
2026-09-03,-0.00049420673,0.0005748607,-0.00035275175,0.00017345208,4.3452883e-06,0.0006579589
2026-09-04,-0.00064248906,-0.00082131074,-0.00034279542,-0.0012031187,-0.00075361284,-0.0005555436
2026-09-05,0.00029677965,0.0003411076,0.0002098628,0.00033147706,0.00022599388,0.00035139857
2026-09-06,0.00011040546,0.00014090669,0.000118110926,0.00012584194,8.8198656e-05,0.00016561314
2026-09-07,5.9042723e-05,9.254747e-05,6.627613e-05,0.00017846885,2.4471541e-05,1.43833595e-05
2026-09-08,0.00077589054,-1.7233247e-05,0.00041835383,0.00058160286,0.00036606513,0.00019488308
2026-09-09,0.00047672636,-0.0008759745,0.0003408483,-0.00074145646,-0.00038464708,-0.00041727445
2026-09-10,0.00061695126,-0.0006381365,0.00041329893,-0.0001978252,-0.0001535044,-0.00017293333
2026-09-11,-0.00092635734,-0.00012378326,-0.00050229166,-0.0005396883,-0.00035407307,-0.00054942933
2026-09-12,2.1498672e-05,3.497731e-05,6.077038e-06,1.3772946e-05,8.092337e-06,3.6231282e-05
2026-09-13,-6.9536894e-05,-0.000119934506,-3.190947e-05,-8.53818e-05,-4.389589e-05,-0.00014783107
2026-09-14,0.000188339,-0.00041108966,-9.686897e-05,-0.0006232827,-0.00018558459,-9.472267e-05
2026-09-15,0.0010617363,0.00017158284,0.0008228177,0.0005550908,0.00031010222,0.00037485146
2026-09-16,0.00017568504,-0.0001964872,0.00027037176,-0.0003358777,-0.00015368499,-0.00020275198
2026-09-17,-0.0011743414,0.00032910155,-0.0010960547,0.0004903916,0.00018501536,-0.00048151435
2026-09-18,0.00024947623,-0.00033775697,0.00028282052,-0.0007826454,-0.00046535544,0.00046995355
2026-09-19,-1.4579501e-05,8.643158e-06,-7.047767e-06,4.4837625e-06,-1.7382662e-06,1.3435976e-05
2026-09-20,6.297994e-05,7.417814e-05,3.9660998e-05,7.297324e-05,5.0373506e-05,7.328672e-05
2026-09-21,-0.0006935478,0.0010968611,-0.00052803394,0.0012339366,0.0006380594,0.0003012038
2026-09-22,-0.00018689949,7.295594e-05,-5.5860597e-05,3.4079945e-05,2.7834745e-05,-0.00014926883
2026-09-23,0.0006721397,-0.0012557557,0.0005213444,-0.0014977027,-0.0009027134,-0.0004958764
2026-09-24,0.0019283965,0.00070158654,0.0010950974,0.0013882968,0.00072341115,0.0011881306
2026-09-25,-0.00018237003,0.00040722184,-0.00032986156,0.0005334564,0.00024514872,1.552168e-05
2026-09-26,-6.443363e-05,-7.213348e-05,-5.293417e-05,-9.974895e-05,-6.306571e-05,-5.325131e-05
2026-09-27,-9.418107e-06,-1.1733512e-05,-1.094839e-05,-1.0269902e-05,-4.138075e-06,-1.0886897e-05
2026-09-28,0.000989339,-0.00056154304,0.00080407783,-0.00064852345,-0.00036628288,0.0004828843
2026-09-29,0.00032213805,-0.00016943025,0.0003597844,-0.00024336469,-0.00011838022,0.000109270346
2026-09-30,0.0011736825,-1.0371553e-05,0.0007824835,5.2565567e-05,4.358632e-05,0.00080450205
2026-10-01,0.00094366074,-1.9458126e-05,0.0008536662,0.0001819956,0.00012914687,0.00045474083
2026-10-02,-0.00014785271,0.00024654504,-0.00034569186,0.00041888468,4.695603e-05,-3.9050374e-05
2026-10-03,5.996118e-05,0.00010113073,3.193386e-05,8.468179e-05,3.9951286e-05,9.754607e-05
2026-10-04,0.00014597879,0.00017830773,0.00010352505,0.00016588169,0.000103872175,0.0001884487
2026-10-05,-0.0002162917,0.00053124595,-0.00015267625,0.0007026358,0.00036292276,0.00019795967
2026-10-06,-0.0013020685,4.8456568e-05,-0.00063161674,-0.0001517108,-0.00015597689,-0.0007154879
