exit_time,commodities_jma_atr_daily,indices_jma_atr_daily,crypto_jma_atr_daily,indian_equities_jma_atr_daily,forex_jma_atr_daily,COMBINED_eval_only
2012-05-08,-0.014100537453719935,0.0,0.0,0.0,0.0,
2012-05-22,-0.014044188998978902,0.0,0.0,0.0,0.0,
2012-06-01,-0.01560473204441895,0.0,0.0,0.0,0.0,
2012-06-14,-0.018538468157482235,0.0,0.0,0.0,0.0,
2012-06-29,-0.017539488561964245,0.0,0.0,0.0,0.0,
2012-07-10,-0.014912918224743199,0.0,0.0,0.0,0.0,
2012-08-23,0.04646188099930145,0.0,0.0,0.0,0.0,
2012-10-04,-0.010417943590337393,0.0,0.0,0.0,0.0,
2012-11-02,0.038225001849931925,0.0,0.0,0.0,0.0,
2012-12-04,-0.011293364174676733,0.0,0.0,0.0,0.0,
2013-01-04,-0.010300225366892929,0.0,0.0,0.0,0.0,
2013-01-10,-0.00978115536873371,0.0,0.0,0.0,0.0,
2013-01-30,-0.009588330158821951,0.0,0.0,0.0,0.0,
2013-02-11,-0.008799269653591006,0.0,0.0,0.0,0.0,
2013-03-01,-0.013853326958011829,0.0,0.0,0.0,0.0,
2013-04-03,-0.014083881954708267,0.0,0.0,0.0,0.0,
2013-05-17,-0.03233711812254426,0.0,0.0,0.0,0.0,
2013-06-19,-0.022129809513031628,0.0,0.0,0.0,0.0,
2013-08-23,0.1043882271674797,0.0,0.0,0.0,0.0,
2013-09-17,0.05847138170633643,0.0,0.0,0.0,0.0,
2013-10-01,-0.01943849955354585,0.0,0.0,0.0,0.0,
2013-10-10,-0.018463071971274583,0.0,0.0,0.0,0.0,
2013-11-08,-0.01810960705482185,0.0,0.0,0.0,0.0,
2013-12-02,-0.01208637136082513,0.0,0.0,0.0,0.0,
2013-12-18,-0.015810482208384866,0.0,0.0,0.0,0.0,
2014-01-26,0.05534665982165283,0.0,0.0,0.0,0.0,
2014-02-07,-0.01344862560112011,0.0,0.0,0.0,0.0,
2014-03-12,-0.011807258575544925,0.0,0.0,0.0,0.0,
2014-04-15,-0.03835243263629891,0.0,0.0,0.0,0.0,
2014-05-30,0.053620348223574914,0.0,0.0,0.0,0.0,
2014-06-19,-0.0033009521724605174,0.0,0.0,0.0,0.0,
2014-07-10,-0.008545500716160025,0.0,0.0,0.0,0.0,
2014-07-17,-0.010811406259080152,0.0,0.0,0.0,0.0,
2014-08-05,0.05094230112018231,0.0,0.0,0.0,0.0,
2014-08-18,-0.010113081065651515,0.0,0.0,0.0,0.0,
2014-09-02,-0.00830124273624966,0.0,0.0,0.0,0.0,
2014-09-10,-0.02728896909178762,0.0,0.0,0.0,0.0,
2014-10-03,-0.011620328768100128,0.0,0.0,0.0,0.0,
2014-10-30,-0.029924996109001244,0.0,0.0,0.0,0.0,
2014-11-30,-0.04107223400787348,0.0,0.0,0.0,0.0,
2014-12-22,-0.01848513938134541,0.0,0.0,0.0,0.0,
2015-01-16,0.05995379320268324,0.0,0.0,0.0,0.0,
2015-02-20,0.06085435925636918,0.0,0.0,0.0,0.0,
2015-03-06,-0.012288252551556718,0.0,0.0,0.0,0.0,
2015-06-21,0.022319556981467,0.0,0.0,0.0,0.0,
2015-07-07,-0.06999761105833341,0.0,0.0,0.0,0.0,
2015-07-20,-0.04872239012765327,0.0,0.0,0.0,0.0,
2015-08-20,0.04958368982513791,0.0,0.0,0.0,0.0,
2015-08-26,-0.03771655850769719,0.0,0.0,0.0,0.0,
2015-10-12,-0.03037493005283093,0.0,0.0,0.0,0.0,
2015-11-04,0.04597430418353172,0.0,0.0,0.0,0.0,
2015-11-27,-0.03683057604154237,0.0,0.0,0.0,0.0,
2015-11-30,-0.035555932517383135,0.0,0.0,0.0,0.0,
2015-12-03,0.0,-0.026693188799358974,0.0,0.0,0.0,
2015-12-17,-0.026386502370688254,0.0,0.0,0.0,0.0,
2016-01-04,0.0,-0.03111218548416273,0.0,0.0,0.0,
2016-01-06,-0.04417480527738033,0.0,0.0,0.0,0.0,
2016-01-13,0.0,-0.0376460067491563,0.0,0.0,0.0,
2016-01-25,-0.06438716077151843,0.0,0.0,0.0,0.0,
2016-01-26,-0.03943098169922544,0.0,0.0,0.0,0.0,
2016-02-03,0.04951130673357044,0.0,0.0,0.0,0.0,
2016-02-11,0.0,-0.04391510679246847,0.0,0.0,0.0,
2016-02-29,-0.07334266090459382,0.0,0.0,0.0,0.0,
2016-03-03,-0.037976174110534756,0.0,0.0,0.0,0.0,
2016-03-17,-0.04329168583597755,0.07903687062123152,0.0,0.0,0.0,
2016-04-11,-0.04158461085314341,0.0,0.0,0.0,0.0,
2016-04-18,0.0,-0.014273748922089474,0.0,0.0,0.0,
2016-04-19,0.0,0.10515617063534528,0.0,0.0,0.0,
2016-05-11,-0.0414714134047851,0.0,0.0,0.0,0.0,
2016-06-08,0.0,-0.01880937582459295,0.0,0.0,0.0,
2016-06-14,0.0,0.05228467806217348,0.0,0.0,0.0,
2016-06-17,-0.03630803332075052,0.0,0.0,0.0,0.0,
2016-06-24,-0.028311129561560917,0.06754848489084898,0.0,0.0,0.0,
2016-06-27,0.0,0.03509050352113201,0.0,0.0,0.0,
2016-06-29,-0.04637742784743478,0.0,0.0,0.0,0.0,
2016-06-30,0.0,0.05986369602651161,0.0,0.0,0.0,
2016-07-12,0.0,-0.05937663835720629,0.0,0.0,0.0,
2016-07-25,0.0977602361123822,0.0,0.0,0.0,0.0,
2016-07-28,0.0,0.11994517842079588,0.0,0.0,0.0,
2016-08-08,0.0,-0.02865257655923688,0.0,0.0,0.0,
2016-08-10,0.0,-0.02432128482723982,0.0,0.0,0.0,
2016-08-18,0.12909366301527633,0.0,0.0,0.0,0.0,
2016-09-12,0.0,0.0,0.0,-0.019866339382304518,0.0,
2016-09-22,0.0,-0.015509163390899354,0.0,0.0,0.0,
2016-10-03,-0.031533493598149144,0.0,0.0,0.0,0.0,
2016-10-04,-0.03644009321573044,-0.02050853340536266,0.0,0.0,0.0,
2016-10-06,0.13547707832092615,0.0,0.0,0.0,0.0,
2016-10-21,0.0,0.0,0.0,-0.021566618498580395,0.0,
2016-11-04,0.12089634743385225,0.0,0.0,0.0,0.0,
2016-11-11,-0.02162567316834665,0.0,0.0,0.0,0.0,
2016-11-13,-0.010055332539547492,0.0,0.0,0.0,0.0,
2016-11-15,0.0,0.05537040018476656,0.0,0.06882477249747207,0.0,
2016-12-01,0.13507897861328874,0.0,0.0,0.0,0.0,
2016-12-07,0.0,0.016637218949220982,0.0,0.0,0.0,
2016-12-13,0.0,-0.021613081863788422,0.0,0.0,0.0,
2016-12-15,-0.027390630326257694,0.0,0.0,0.0,0.0,
2016-12-22,0.0,0.0,0.0,-0.029591037846723157,0.0,
2016-12-27,-0.04048898069426146,0.0,0.0,0.0,0.0,
2017-01-03,0.0,-0.02686842923232686,0.0,0.0,0.0,
2017-01-05,0.037936727757366305,0.0,0.0,0.0,0.0,
2017-01-06,0.0,-0.018496521765913872,0.0,0.0,0.0,
2017-01-11,0.0,-0.01705209771687434,0.0,0.0,0.0,
2017-01-12,0.0,0.0,0.0,0.0632176597981131,0.0,
2017-01-24,0.0,0.0,0.0,-0.017925863716005554,0.0,
2017-01-25,0.0,-0.014159214437127608,0.0,0.0,0.0,
2017-01-26,-0.025186066697121905,0.0,0.0,0.0,0.0,
2017-02-06,0.03099775956633926,0.0,0.0,0.0,0.0,
2017-02-07,0.0,-0.00989320940435942,0.0,0.0,0.0,
2017-02-09,0.0,-0.013167020814798197,0.0,0.0,0.0,
2017-02-10,-0.022331980326239047,0.0,0.0,0.0,0.0,
2017-02-21,0.0,-0.02051456600553173,0.0,0.0,0.0,
2017-02-24,-0.02189671311740984,0.0,0.0,0.0,0.0,
2017-02-27,0.0,0.0,0.0,-0.03477703935567719,0.0,
2017-03-01,0.0,-0.017663586901548074,0.0,0.0,0.0,
2017-03-03,0.0,0.0,0.0,-0.02797993854757327,0.0,
2017-03-06,0.0,0.0,0.0,0.025067449020778954,0.0,
2017-03-08,0.0,0.0,0.0,-0.03193316211070802,0.0,
2017-03-09,0.049031621009104846,0.0,0.0,-0.03216236155434568,0.0,
2017-03-15,0.0,0.0,0.0,0.08838028486213409,0.0,
2017-03-16,0.0,-0.014089657682880636,0.0,0.022908453640155656,0.0,
2017-03-17,0.0,0.0,0.0,0.03721657822118446,0.0,
2017-03-21,0.08622333307717917,0.0,0.0,-0.00022198701334526458,0.0,
2017-03-22,0.0,0.0,0.0,-0.03624211932361124,0.0,
2017-03-24,0.0,0.0,0.0,-0.03290116618075794,0.0,
2017-03-27,0.0,0.0,0.0,-0.038470893332703905,0.0,
2017-03-28,0.0,-0.019394268384465563,0.0,-0.01044182428412821,0.0,
2017-03-29,0.0,-0.013483741505882808,0.0,0.0,0.0,
2017-03-30,0.0,0.0,0.0,0.059800822409964226,0.0,
2017-04-03,0.0,0.0,0.0,-0.033613966370023916,0.0,
2017-04-05,-0.018826215982697812,0.0,0.0,0.013552934476732026,0.0,
2017-04-06,0.0,0.0,0.0,0.020744727438607183,0.0,
2017-04-07,0.0,0.0,0.0,0.002263286556253283,0.0,
2017-04-10,0.09237818650852699,0.0,0.0,0.055387695788371515,0.0,
2017-04-11,-0.017375111746812104,0.0,0.0,0.0,0.0,
2017-04-12,0.0,0.0,0.0,0.07152412792459607,0.0,
2017-04-13,0.0,0.0,0.0,-0.025527723716808167,0.0,
2017-04-16,0.07088962330379349,0.0,0.0,0.0,0.0,
2017-04-17,0.0,0.0,0.0,0.014754700530576767,0.0,
2017-04-18,0.0,0.023994614462242575,0.0,-0.029456207486435272,0.0,
2017-04-19,0.0,0.02111137514010166,0.0,0.0,0.0,
2017-04-20,0.0,0.0,0.0,-0.033209062074128284,0.0,
2017-04-21,0.0502383740254827,0.0,0.0,0.039613577010824665,0.0,
2017-04-24,0.0,0.0,0.0,-0.023839025246831333,0.0,
2017-04-25,0.0,-0.017075162811859994,0.0,-0.041335565591836286,0.0,
2017-04-26,0.0,0.0,0.0,-0.025333543704558398,0.0,
2017-04-28,0.0,0.0,0.0,-0.036898325484039804,0.0,
2017-05-01,0.05866349145275665,0.0,0.0,0.0,0.0,
2017-05-02,0.0,-0.021250130861406855,0.0,0.022789754622991713,0.0,
2017-05-03,0.07269712669152349,0.0,0.0,0.0671575448991589,0.0,
2017-05-04,0.0369836833761784,0.0,0.0,0.017095162570465457,0.0,
2017-05-05,0.0,-0.012443529417017526,0.0,-0.03751054080853287,0.0,
2017-05-08,0.0,0.0,0.0,0.057288685423079126,0.0,
2017-05-10,0.0,0.0,0.0,-0.02433056619184716,0.0,
2017-05-11,0.0,0.0,0.0,-0.03857356373156664,0.0,
2017-05-12,0.0,0.0,0.0,0.057753400137109355,0.0,
2017-05-15,0.0,0.0,0.0,0.0040757112719503955,0.0,
2017-05-17,0.0,0.0,0.0,0.013907548225405268,0.0,
2017-05-19,0.0,0.0,0.0,-0.029239134719693,0.0,
2017-05-22,0.0,-0.013482653572854502,0.0,-0.03500945785516427,0.0,
2017-05-23,0.0,0.0,0.0,-0.007906782006664496,0.0,
2017-05-24,0.0,0.0,0.0,0.04150165814917738,0.0,
2017-05-25,0.0,0.0,0.0,0.009580685843882131,0.0,
2017-05-26,0.0,0.0,0.0,0.031152509614472638,0.0,
2017-05-29,0.0,0.0,0.0,-0.03167735067006625,0.0,
2017-05-30,0.0,0.0,0.0,-0.05593712698470318,0.0,
2017-05-31,0.0,0.0,0.0,0.07748362611866097,0.0,
2017-06-01,0.0,0.038697057838124424,0.0,0.0,0.0,
2017-06-02,0.049364713937507035,-0.018713097142510994,0.0,-0.044696282231323436,0.0,
2017-06-05,0.0,0.0,0.0,-0.050988991034451404,0.0,
2017-06-06,0.0,0.0,0.0,-0.02758461257042836,0.0,
2017-06-07,-0.027804337401262445,0.0,0.0,0.0,0.0,
2017-06-09,0.0,0.0,0.0,-0.03858203325657149,0.0,
2017-06-12,0.0,0.0,0.0,-0.023665961228950892,0.0,
2017-06-13,0.0,0.0,0.0,0.025031666110073583,0.0,
2017-06-14,0.0,0.0,0.0,-0.024298196675119805,0.0,
2017-06-16,0.0,0.0,0.0,0.02785348428109584,0.0,
2017-06-19,0.0,0.03262409498398882,0.0,-0.04764708168726903,0.0,
2017-06-21,0.0,0.0,0.0,0.019191863380839655,0.0,
2017-06-22,0.0,0.0,0.0,0.013083229265252664,0.0,
2017-06-23,0.0,0.0,0.0,0.02795874495897744,0.0,
2017-06-27,0.0,0.0,0.0,0.07231609179559632,0.0,
2017-06-28,0.0,0.0,0.0,-0.03189781387581598,0.0,
2017-06-30,0.0,0.0,0.0,-0.04499570986938875,0.0,
2017-07-03,0.06603521667466232,-0.016730062538037587,0.0,0.0,0.0,
2017-07-04,0.0,0.0,0.0,0.025124739539392465,0.0,
2017-07-05,0.0,0.0,0.0,-0.024087239786114517,0.0,
2017-07-07,0.033839351224075435,0.0,0.0,0.004342726465316934,0.0,
2017-07-10,0.0,0.0,0.0,0.020573158059781434,0.0,
2017-07-12,0.0,0.0,0.0,-0.019602757809436613,0.0,
2017-07-13,-0.02011140132735648,0.0,0.0,-0.008937071157635455,0.0,
2017-07-14,0.0,-0.008044793083131092,0.0,0.0,0.0,
2017-07-17,0.0,0.0,0.0,0.027015060163279887,0.0,
2017-07-18,0.0,0.0,0.0,0.04112855946207268,0.0,
2017-07-19,0.0,0.027203594048100365,0.0,0.02362543334008303,0.0,
2017-07-20,0.0,0.0,0.0,-0.027590345982142793,0.0,
2017-07-21,0.0,0.0,0.0,-0.006152574561813488,0.0,
2017-07-24,0.0,0.0,0.0,0.03767254326782055,0.0,
2017-07-25,-0.021240117416829796,0.0,0.0,0.0,0.0,
2017-07-26,0.0,-0.009177456735102778,0.0,-0.050343471846569975,0.0,
2017-07-27,0.10374203683640304,0.041566055592781315,0.0,0.010528160029191687,0.0,
2017-07-28,0.0,0.0,0.0,0.018415562513266807,0.0,
2017-07-31,0.0,0.0,0.0,-0.011538438733426323,0.0,
2017-08-01,0.0,0.0,0.0,0.006142469305453216,0.0,
2017-08-04,0.0,0.0,0.0,0.012916116893984836,0.0,
2017-08-08,0.0,0.0,0.0,0.06058170894526028,0.0,
2017-08-09,0.03603978054788484,0.0,0.0,-0.06768830764251327,0.0,
2017-08-10,0.0,-0.024444946968739126,0.0,0.06822303895275568,0.0,
2017-08-11,0.0,0.027747368409560217,0.0,0.013419958851572022,0.0,
2017-08-14,0.0,0.0,0.0,-0.031604358567730084,0.0,
2017-08-16,0.0,-0.008032191698222392,0.0,0.08881769002055355,0.0,
2017-08-17,0.0,0.0,0.0,0.04719011385525826,0.0,
2017-08-18,0.0,0.017666206439138712,0.0,-0.0266931421772443,0.0,
2017-08-21,0.0,0.0,0.0,0.04446610710396233,0.0,
2017-08-22,0.0,0.0,0.0,-0.06576493506493508,0.0,
2017-08-23,0.0,0.0,0.0,-0.06254126984126983,0.0,
2017-08-28,0.0,0.0,0.0,-0.010885201358164454,0.0,
2017-08-29,0.0,0.0,0.0,0.03360260617760618,0.0,
2017-08-30,0.0,0.0,0.0,0.04198371017471745,0.0,
2017-08-31,0.09618352336239668,0.0,0.0,-0.021754536010017173,0.0,
2017-09-01,0.0,0.0,0.0,-0.029431276957144842,0.0,
2017-09-03,0.03384286318317808,0.0,0.0,0.0,0.0,
2017-09-05,-0.02592629265806047,0.0,0.0,-0.050364902998236344,0.0,
2017-09-06,0.0,0.0,0.0,-0.02510299238835714,0.0,
2017-09-07,0.0,0.0,0.0,0.010234981297233603,0.0,
2017-09-08,0.0,0.0,0.0,-0.038296988908942266,0.0,
2017-09-12,0.0,0.0,0.0,-0.030822986316985327,0.0,
2017-09-13,0.0,0.0,0.0,0.04421962540025183,0.0,
2017-09-15,0.0,-0.018357605348884785,0.0,-0.00577902191871529,0.0,
2017-09-18,0.0,0.0,0.0,0.014152885771222633,0.0,
2017-09-19,-0.02101334335020641,0.0,0.0,0.020680361944863446,0.0,
2017-09-20,0.0,0.0,0.0,-0.0002610691849185172,0.0,
2017-09-22,0.0,0.0,0.0,0.029583780564880296,0.0,
2017-09-25,0.0,0.0,0.0,0.018954307701736398,0.0,
2017-09-27,0.0,0.0,0.0,0.007611584616838377,0.0,
2017-09-28,0.0,0.0,0.0,0.07007720042870834,0.0,
2017-09-29,0.06026737907761527,0.045575028139872874,0.0,0.0,0.0,
2017-10-02,0.0,0.028760369333222485,0.0,0.0,0.0,
2017-10-04,0.0,0.0,0.0,-0.036204973405447795,0.0,
2017-10-05,0.0,0.05727900813552985,0.0,0.0,0.0,
2017-10-06,0.0,0.0,0.0,-0.03493026355462317,0.0,
2017-10-10,0.0,0.0,0.0,-0.0017139343863052,0.0,
2017-10-11,0.0,0.0,0.0,-0.020667784936680794,0.0,
2017-10-12,0.0,0.0,0.0,-0.040056628725566534,0.0,
2017-10-13,0.0,0.0,0.0,-0.03180909090909086,0.0,
2017-10-16,0.0,0.0,0.0,0.04466770011755391,0.0,
2017-10-17,-0.022524871785178733,0.0,0.0,0.0,0.0,
2017-10-18,0.0,0.0,0.0,0.08794454872858243,0.0,
2017-10-19,0.0,0.0,0.0,-0.04289420252177309,0.0,
2017-10-23,0.0,0.0,0.0,-0.012174753694581326,0.0,
2017-10-24,-0.014953854358576543,0.0,0.0,0.016905741106921782,0.0,
2017-10-25,0.0,0.0,0.0,0.00410735838926312,0.0,
2017-10-26,0.0,-0.011983779499663174,0.0,0.004036936739116243,0.0,
2017-10-27,0.0,-0.011100616090257667,0.0,-0.03213274612773844,0.0,
2017-10-30,0.0,0.0,0.0,0.05244579595977563,0.0,
2017-10-31,0.0,0.0,0.0,0.052844151479821196,0.0,
2017-11-01,0.0,0.0,0.0,-0.07887290006131197,0.0,
2017-11-02,0.0,0.03417855036997915,0.0,0.002173767241304629,0.0,
2017-11-03,0.0,0.0,0.0,-0.029188695234702362,0.0,
2017-11-06,0.0,0.0,0.0,0.010037201350304559,0.0,
2017-11-07,0.0,0.0,0.0,0.014179529621621625,0.0,
2017-11-08,0.0,0.0,0.0,0.08069185190410604,0.0,
2017-11-09,0.0,0.0,0.0,-0.025114138643995844,0.0,
2017-11-10,0.0,0.0,0.0,-0.01029852316589933,0.0,
2017-11-13,0.0,0.0,0.0,-0.027641953535307184,0.0,
2017-11-15,0.0,0.0,0.0,0.054097894459495935,0.0,
2017-11-16,0.0,0.0,0.0,0.06986838483424869,0.0,
2017-11-17,0.0,0.0,0.0,-0.025638895912721664,0.0,
2017-11-22,-0.01916318149163182,-0.019892426202334147,0.0,0.08782115626309182,0.0,
2017-11-27,0.0,0.0,0.0,0.12757090815802974,0.0,
2017-11-28,0.0,-0.010467920856867716,0.0,0.0,0.0,
2017-11-29,0.0,0.0,0.0,0.03728701298701302,0.0,
2017-11-30,0.0,0.0,0.0,0.10593395793099848,0.0,
2017-12-01,0.0,0.0,0.0,0.0173355911156511,0.0,
2017-12-04,0.0,0.0,0.0,-0.005393077991825705,0.0,
2017-12-05,0.007459830900041516,0.0,0.0,-0.003975124563944383,0.0,
2017-12-06,0.0,0.0,0.0,0.06437864600943213,0.0,
2017-12-07,0.0,0.0,0.0,0.01552045876823139,0.0,
2017-12-08,0.0,0.0,0.0,-0.035941422791992854,0.0,
2017-12-11,-0.017597337368653796,0.0,0.0,0.0,0.0,
2017-12-12,0.0,0.0,0.0,-0.03122212732919248,0.0,
2017-12-14,0.0,0.0,0.0,0.03870525170370593,0.0,
2017-12-15,0.0,-0.017043394911529227,0.0,-0.023011847061331806,0.0,
2017-12-18,0.0,0.0,0.0,-0.04022345435657019,0.0,
2017-12-19,0.0,0.0,0.0,-0.030778547570366015,0.0,
2017-12-20,0.0,0.0,0.0,0.03720844286950438,0.0,
2017-12-21,0.0,0.0,0.0,0.0489027791224124,0.0,
2017-12-22,0.0,0.0,0.0,0.034098629604958006,0.0,
2017-12-25,-0.012706935413957565,0.0,0.0,0.0,0.0,
2017-12-27,0.0,-0.015548580169044807,0.0,-0.03625692955808352,0.0,
2017-12-28,0.0,0.0,0.0,-0.04795908405386661,0.0,
2017-12-29,0.049016456171268624,0.0,0.0,0.020903614203745292,0.0,
2018-01-02,0.0,0.0,0.0,-0.028143518371251952,0.0,
2018-01-03,0.0,-0.01399483056579532,0.0,0.03713717307534647,0.0,
2018-01-04,0.0,-0.008873532576345582,0.0,-0.034806752063811335,0.0,
2018-01-05,0.0,0.0,0.0,-0.003907945606517894,0.0,
2018-01-08,0.0,0.0,0.0,0.11201769659076605,0.0,
2018-01-09,0.0,0.0,0.0,0.06439408407524733,0.0,
2018-01-10,0.0,0.0,0.0,0.009936672644523291,0.0,
2018-01-11,0.0,0.0,0.0,-0.019318232260660623,0.0,
2018-01-12,0.0,0.0,0.0,-0.002491794436620738,0.0,
2018-01-15,-0.02097594179045607,0.0,0.0,0.0,0.0,
2018-01-16,0.0,0.0,0.0,0.07692849993273888,0.0,
2018-01-17,0.0,0.0,0.0,-0.006561420229675402,0.0,
2018-01-18,0.0,0.0,0.0,-0.023008237632694162,0.0,
2018-01-19,0.0,-0.019177988533698745,0.0,0.0,0.0,
2018-01-23,0.0,0.0,0.0,-0.03811344203416693,0.0,
2018-01-24,-0.01855175649001027,0.0,0.0,0.001907165344369001,0.0,
2018-01-25,0.0,0.0,0.0,-0.023365452761464813,0.0,
2018-01-29,0.0,0.0,0.0,-0.01750069378744871,0.0,
2018-01-30,0.0,0.0,0.0,0.0849499970777892,0.0,
2018-01-31,-0.015530294813038525,0.022690867558300777,0.0,-0.032907587098891425,0.0,
2018-02-01,0.0,0.0,0.0,-0.04268480520402511,0.0,
2018-02-02,0.0,0.043264120176539335,0.0,0.04878766564797229,0.0,
2018-02-05,0.0,0.038839240960848405,0.0,-0.021561301955829285,0.0,
2018-02-06,0.0,0.0,0.0,0.04857528354447731,0.0,
2018-02-07,0.0,0.0,0.0,0.04169045890588535,0.0,
2018-02-08,0.061413412675534296,0.0,0.0,0.08581147746839296,0.0,
2018-02-09,0.0,0.0,0.0,-0.006084149846730572,0.0,
2018-02-12,0.0,0.0,0.0,0.03906982702167034,0.0,
2018-02-14,0.0,0.0,0.0,0.06238867243642974,0.0,
2018-02-16,0.0,0.0,0.0,-0.028209241910163517,0.0,
2018-02-19,0.0,0.0,0.0,0.007857906368773659,0.0,
2018-02-20,0.0,0.0,0.0,0.028178541286268528,0.0,
2018-02-21,0.0,0.0,0.0,-0.03973496882624017,0.0,
2018-02-22,0.0,0.0,0.0,0.03603189487441372,0.0,
2018-02-23,0.0,0.0,0.0,0.06168767183173844,0.0,
2018-02-26,0.0,0.0,0.0,-0.006381468567969319,0.0,
2018-02-28,0.0,0.0,0.0,-0.03424506014080479,0.0,
2018-03-01,0.0,0.0,0.0,-0.03470864538305294,0.0,
2018-03-05,0.0,0.0,0.0,-0.028265194633952127,0.0,
2018-03-06,0.0,0.0,0.0,-0.015533195291564918,0.0,
2018-03-07,0.0,0.0,0.0,0.011806495841485931,0.0,
2018-03-08,0.0,0.0,0.0,0.02699998636557649,0.0,
2018-03-09,0.0,0.0,0.0,-0.031422052876821725,0.0,
2018-03-12,0.0,0.0,0.0,0.03672915081744218,0.0,
2018-03-14,0.0,0.0,0.0,-0.05598938172208987,0.0,
2018-03-16,0.0,0.0,0.0,-0.037133705334797464,0.0,
2018-03-19,0.0,0.0,0.0,0.005830097210553508,0.0,
2018-03-20,0.0,0.0,0.0,0.03605885653915811,0.0,
2018-03-21,0.0,0.0,0.0,-0.021257955117501795,0.0,
2018-03-22,0.06068375643912527,-0.0390538417961052,0.0,-0.05078262225758099,0.0,
2018-03-23,0.0,-0.04825833718947234,0.0,-0.0296483287566843,0.0,
2018-03-26,0.0,0.0,0.0,0.06933032186809678,0.0,
2018-03-27,0.0,0.0,0.0,-0.03074580369317991,0.0,
2018-03-28,0.0,0.0,0.0,-0.07648853842736558,0.0,
2018-03-29,0.0,-0.032766006736642574,0.0,0.0,0.0,
2018-04-02,0.0,0.0,0.0,-0.04232910312313494,0.0,
2018-04-05,0.0,0.0,0.0,-0.018864868998929953,0.0,
2018-04-06,0.0,0.0,0.0,0.08707739525283138,0.0,
2018-04-09,0.0,0.0,0.0,-0.01101286588827649,0.0,
2018-04-11,0.0,-0.008325161040726845,0.0,0.0,0.0,
2018-04-12,0.0,0.0,0.0,-0.0015492140587306004,0.0,
2018-04-13,0.0934143647629123,0.0,0.0,0.001222679048580668,0.0,
2018-04-16,0.0,0.0,0.0,-0.035556747394236615,0.0,
2018-04-17,0.0,0.0,0.0,0.054259163961241225,0.0,
2018-04-18,0.0,0.0,0.0,0.03191289077576221,0.0,
2018-04-19,0.0,0.0,0.0,0.1572185520361991,0.0,
2018-04-20,0.0,0.0,0.0,-0.02539516450331796,0.0,
2018-04-23,0.0,0.0,0.0,-0.02529923186106705,0.0,
2018-04-24,0.0,0.0,0.0,-0.031084385302733233,0.0,
2018-04-25,0.0,0.0,0.0,-0.02737872328676352,0.0,
2018-04-26,0.0,0.0,0.0,-0.018501867092494774,0.0,
2018-04-27,0.0,0.0,0.0,-0.025930359401872514,0.0,
2018-04-30,0.0,0.0,0.0,0.002680202893947803,0.0,
2018-05-03,0.0,0.0,0.0,0.05744895340410107,0.0,
2018-05-04,-0.016897109342270723,0.0,0.0,-0.01694304267161417,0.0,
2018-05-07,0.0,0.0,0.0,-0.02579133032743516,0.0,
2018-05-08,0.0,0.0,0.0,0.035639424307707536,0.0,
2018-05-09,0.0,0.07085382157370998,0.0,0.0,0.0,
2018-05-10,0.0,0.0,0.0,-0.019096607366441542,0.0,
2018-05-11,0.0,0.0,0.0,-0.0356123305725667,0.0,
2018-05-14,0.0,0.0,0.0,-0.03649622408335179,0.0,
2018-05-15,0.0,0.0,0.0,-0.061939408043919286,0.0,
2018-05-17,0.03502124984670898,0.0,0.0,-0.03353197825157437,0.0,
2018-05-18,0.0,0.0,0.0,-0.0426563313449503,0.0,
2018-05-21,0.0,0.0,0.0,0.15489453247852927,0.0,
2018-05-22,0.0,0.0,0.0,0.047551333728512175,0.0,
2018-05-23,0.0,0.0,0.0,0.0016075777187911436,0.0,
2018-05-24,0.0,0.0,0.0,-0.044879146440729364,0.0,
2018-05-25,0.0,0.0,0.0,-0.03227613986094596,0.0,
2018-05-28,0.048331005792735235,0.0,0.0,0.0,0.0,
2018-05-30,0.0,0.0,0.0,-0.0375232950550739,0.0,
2018-05-31,0.0,0.0,0.0,-0.027787306549286114,0.0,
2018-06-04,0.0,0.0,0.0,0.035153855219899555,0.0,
2018-06-05,0.0,0.0,0.0,0.07691057447890191,0.0,
2018-06-06,0.0,0.0,0.0,-0.06130334394190677,0.0,
2018-06-07,0.0,0.0,0.0,-0.03275625923799974,0.0,
2018-06-08,0.0,0.0,0.0,-0.03242795314025395,0.0,
2018-06-11,0.0,0.0,0.0,-0.0551193889462888,0.0,
2018-06-12,0.0,0.0,0.0,0.02684063414616603,0.0,
2018-06-13,0.0,0.0,0.0,-0.0037895253585067965,0.0,
2018-06-14,0.0,0.0,0.0,-0.03725514250309793,0.0,
2018-06-15,-0.018794062447292696,0.0,0.0,0.029571366188396724,0.0,
2018-06-18,-0.016969594564589744,0.0,0.0,-0.03526078083407271,0.0,
2018-06-19,0.0,0.0,0.0,-0.004611000641035905,0.0,
2018-06-20,0.0,0.0,0.0,-0.027106926406926374,0.0,
2018-06-21,0.0,0.005204723609709142,0.0,0.01696493012650809,0.0,
2018-06-22,0.0,0.0,0.0,0.01605182051570332,0.0,
2018-06-25,0.0,-0.019260293580402096,0.0,-0.034786676947088827,0.0,
2018-06-26,0.0678007687526577,0.0,0.0,-0.042052285157999664,0.0,
2018-06-27,0.0,0.0,0.0,-0.04995072921345796,0.0,
2018-06-28,0.0,0.0,0.0,0.06596192877154176,0.0,
2018-06-29,0.0,0.0,0.0,-0.036868669073114646,0.0,
2018-07-02,0.06845887850467294,0.0,0.0,-0.009248481907985998,0.0,
2018-07-04,0.0,0.0,0.0,-0.014735388902640709,0.0,
2018-07-05,0.0,0.0,0.0,-0.009460645916983347,0.0,
2018-07-06,0.0,0.0,0.0,0.08265381464413725,0.0,
2018-07-09,0.0,0.0,0.0,-0.018958500601958455,0.0,
2018-07-10,0.0,0.0,0.0,-0.033278944112825865,0.0,
2018-07-11,0.0,0.0,0.0,0.016968592564499698,0.0,
2018-07-12,0.0,0.0,0.0,-0.018309438878275172,0.0,
2018-07-13,0.0,0.0,0.0,-0.03153266727794279,0.0,
2018-07-16,-0.044461111476921146,0.0,0.0,-0.04536823825908801,0.0,
2018-07-17,-0.020195197336957967,0.0,0.0,0.03670997868052674,0.0,
2018-07-18,0.0,0.0,0.0,-0.04404783340714167,0.0,
2018-07-19,0.0,0.0,0.0,-0.05251237653660392,0.0,
2018-07-23,0.0,0.0,0.0,-0.021408117897168108,0.0,
2018-07-24,0.0,0.0,0.0,0.07698657155655145,0.0,
2018-07-26,0.0,0.0,0.0,0.042486180422264874,0.0,
2018-07-30,0.0,0.0,0.0,0.018308907797646795,0.0,
2018-07-31,0.0,0.0,0.0,-0.03136126959872533,0.0,
2018-08-01,0.0,0.0,0.0,-0.008519549074710494,0.0,
2018-08-02,0.0,0.0,0.0,-0.02563897941786749,0.0,
2018-08-03,0.0,0.0,0.0,0.020158032675326003,0.0,
2018-08-10,0.0,0.033396933234899104,0.0,-0.032806881394050434,0.0,
2018-08-13,-0.024388927186949443,0.0,0.0,-0.006859162661799391,0.0,
2018-08-14,0.0,0.0,0.0,-0.03196668681846423,0.0,
2018-08-15,0.09342984168271998,0.0,0.0,0.0,0.0,
2018-08-16,0.0,0.0,0.0,0.04809155712182449,0.0,
2018-08-17,0.0,0.0,0.0,-0.025851542350690284,0.0,
2018-08-20,0.0,0.0,0.0,0.10987829945605503,0.0,
2018-08-21,0.0,0.0,0.0,0.055303510109547,0.0,
2018-08-23,0.0,0.0,0.0,-0.05142260062807667,0.0,
2018-08-24,0.0,0.0,0.0,-0.052413767433810377,0.0,
2018-08-26,0.0,0.007599138933913484,0.0,0.0,0.0,
2018-08-27,0.0,0.05988997428293927,0.0,-0.025022263973489386,0.0,
2018-08-29,0.0,0.0,0.0,-0.03802726659925847,0.0,
2018-08-30,0.0,0.0,0.0,-0.029317715624970958,0.0,
2018-08-31,0.0,0.0,0.0,0.028493033514267716,0.0,
2018-09-03,0.0,0.0,0.0,-0.032268755010239354,0.0,
2018-09-04,-0.033428077093231263,0.0,0.0,0.014202530653841326,0.0,
2018-09-05,0.0,-0.030092013599358102,0.0,0.03724671698746979,0.0,
2018-09-07,0.0,0.0,0.0,-0.033115702883205665,0.0,
2018-09-10,0.0,0.0,0.0,0.04416359475879755,0.0,
2018-09-11,0.0,0.0,0.0,0.04242976186831178,0.0,
2018-09-14,0.0,0.0,0.0,-0.04623691069795002,0.0,
2018-09-18,0.0,0.0,0.0,0.04913725135623857,0.0,
2018-09-20,0.0,-0.013966998423995469,0.0,0.0,0.0,
2018-09-21,0.0,0.0,0.0,-0.02657851474301692,0.0,
2018-09-24,0.0,0.0,0.0,0.021154235678053662,0.0,
2018-09-26,0.0,0.0,0.0,0.0924040422599908,0.0,
2018-09-27,0.0,-0.022401985671056033,0.0,0.12718451218203286,0.0,
2018-09-28,0.09122311476179305,0.0,0.0,0.0004894660056356063,0.0,
2018-10-01,0.0,0.0,0.0,0.002776972393361008,0.0,
2018-10-03,0.0,0.0,0.0,0.17185127236115688,0.0,
2018-10-04,0.0,0.0,0.0,0.0150934183811268,0.0,
2018-10-05,0.0,0.0,0.0,0.04316357874818231,0.0,
2018-10-08,0.0,0.0,0.0,0.02598921780871148,0.0,
2018-10-09,0.0,0.0,0.0,-0.06317196939717715,0.0,
2018-10-10,0.0,0.011966540542159043,0.0,-0.04157003222341566,0.0,
2018-10-11,0.0,0.0,0.0,0.013135126258553767,0.0,
2018-10-12,0.0,0.0,0.0,0.061075510204081675,0.0,
2018-10-17,0.0,0.0,0.0,-0.040481607070034197,0.0,
2018-10-18,0.06486115578469469,-0.02475466522632231,0.0,0.0,0.0,
2018-10-19,0.0,0.0,0.0,-0.057827654260501474,0.0,
2018-10-22,0.021305182313244818,0.0,0.0,-0.06244414300696102,0.0,
2018-10-23,0.08322004245533345,0.0,0.0,-0.04816421882711742,0.0,
2018-10-25,0.0,0.0,0.0,-0.041016060389411996,0.0,
2018-10-26,0.0,0.0,0.0,-0.07171909323876868,0.0,
2018-10-29,0.0,-0.04876390373468671,0.0,-0.061073762965850265,0.0,
2018-10-30,0.0,0.0,0.0,0.024149637557003552,0.0,
2018-10-31,-0.0212553795797699,0.0,0.0,0.04825284895284907,0.0,
2018-11-02,0.0,0.0,0.0,-0.02055836613094386,0.0,
2018-11-09,0.0,0.0,0.0,-0.03721869669800999,0.0,
2018-11-14,0.0,0.0,0.0,-0.050085868752802895,0.0,
2018-11-15,0.0,0.0,0.0,-0.04870087274314087,0.0,
2018-11-16,0.0,0.0,0.0,-0.03640150322118835,0.0,
2018-11-19,0.0,0.0,0.0,-0.051419655802284754,0.0,
2018-11-20,-0.031739386709040446,-0.040954556049227174,0.0,0.09897904075576815,0.0,
2018-11-21,0.0,0.0,0.0,-0.0029647077680495584,0.0,
2018-11-22,0.0,0.0,0.0,0.03271272181715922,0.0,
2018-11-26,0.0,0.0,0.0,0.04616362263813777,0.0,
2018-11-28,0.0,0.0,0.0,-0.07040813210760305,0.0,
2018-11-29,0.0,0.0,0.0,0.0946255744947414,0.0,
2018-11-30,0.0,0.0,0.0,-0.04558650516876325,0.0,
2018-12-03,0.0,0.0,0.0,0.15571365594961872,0.0,
2018-12-05,0.0,-0.024411597763961793,0.0,-0.03685744097977595,0.0,
2018-12-06,0.0,-0.03397604012332337,0.0,-0.0321405568077429,0.0,
2018-12-07,0.0,-0.023636997400783868,0.0,0.0,0.0,
2018-12-10,0.0,0.0,0.0,-0.04156403262092233,0.0,
2018-12-12,0.0,0.0,0.0,-0.02491685080581081,0.0,
2018-12-13,0.0,0.0,0.0,-0.01399922379174659,0.0,
2018-12-14,0.0,-0.044475655175560534,0.0,-0.03777003246617354,0.0,
2018-12-17,0.0,-0.05129666523108009,0.0,0.0,0.0,
2018-12-18,-0.06427500218688369,0.0,0.0,0.10221043996237868,0.0,
2018-12-19,0.0,0.0,0.0,0.08719561272415408,0.0,
2018-12-20,0.0,-0.026597371474496277,0.0,0.019757701108489054,0.0,
2018-12-21,0.0,0.0,0.0,-0.03934159769701331,0.0,
2018-12-26,0.0546131895257575,0.0,0.0,0.0,0.0,
2018-12-27,0.0,0.0,0.0,-0.029614394023799305,0.0,
2018-12-28,0.0,0.0,0.0,-0.034548310029008183,0.0,
2019-01-01,0.0,0.0,0.0,0.05031838330530586,0.0,
2019-01-02,0.026986615122172593,0.0,0.0,0.016436922277998922,0.0,
2019-01-08,0.0,0.0,0.0,-0.05055900281994366,0.0,
2019-01-09,0.0,0.0,0.0,0.010530468776618004,0.0,
2019-01-14,0.0,0.0,0.0,0.042021069092976905,0.0,
2019-01-18,0.15913883913816712,0.0,0.0,0.0,0.0,
2019-01-29,-0.015483870547072873,0.0,0.0,0.0,0.0,
2019-01-30,-0.026093981253404466,0.0,0.0,0.0,0.0,
2019-02-05,0.0,0.049639890064266314,0.0,0.0,0.0,
2019-02-08,0.0,0.0,0.0,-0.03486980028705182,0.0,
2019-02-11,0.0,0.0,0.0,-0.03715415329052973,0.0,
2019-02-13,0.0,0.0,0.0,-0.05391789321789325,0.0,
2019-02-15,0.0909093754840717,0.10926526783247657,0.0,-0.07507779408820983,0.0,
2019-02-19,-0.01445952501783852,0.0,0.0,-0.06932309480754315,0.0,
2019-02-20,-0.025657795318702454,0.0,0.0,0.0,0.0,
2019-02-21,0.0,0.0,0.0,-0.03830669995168307,0.0,
2019-02-22,0.0,0.06926544594560098,0.0,0.0,0.0,
2019-02-25,0.0,0.11338916657503935,0.0,0.06262327113062566,0.0,
2019-02-27,-0.01936267979584474,0.0,0.0,-0.03373571428571429,0.0,
2019-02-28,0.0,0.0,0.0,-0.03839049257693431,0.0,
2019-03-05,0.0,0.0,0.0,0.11852574811288534,0.0,
2019-03-06,0.0,0.0,0.0,-0.03157989294078293,0.0,
2019-03-07,0.0,0.0,0.0,0.04586222802436894,0.0,
2019-03-11,0.0,0.1376393448613089,0.0,0.06353131574740714,0.0,
2019-03-12,0.0,0.0,0.0,0.03892301190736663,0.0,
2019-03-13,0.0,0.0,0.0,0.08213508336227021,0.0,
2019-03-14,0.0,0.0,0.0,0.09866353347515304,0.0,
2019-03-15,0.023685105598567492,0.0,0.0,0.04928205070904645,0.0,
2019-03-18,0.0,0.0,0.0,0.09801399038848764,0.0,
2019-03-19,0.0,-0.01540754257016998,0.0,0.029454343607968028,0.0,
2019-03-20,-0.048296244027849926,0.0,0.0,0.06627985057731495,0.0,
2019-03-21,0.0,-0.01987483564505823,0.0,0.0,0.0,
2019-03-26,0.0,0.0,0.0,-0.051357329359492415,0.0,
2019-03-29,0.0,0.0,0.0,-0.04256999113772105,0.0,
2019-04-01,0.0,-0.013034570569983176,0.0,0.025780919827813616,0.0,
2019-04-02,0.0,-0.019684176642701025,0.0,-0.02673886919731584,0.0,
2019-04-05,-0.03843809346794955,0.013265559844739474,0.0,-0.06695644858524882,0.0,
2019-04-08,0.0,0.0,0.0,-0.031585017421602773,0.0,
2019-04-09,0.0,0.0,0.0,0.044662259516987345,0.0,
2019-04-11,0.04695835472547006,0.0,0.0,0.0,0.0,
2019-04-12,0.0,0.0,0.0,0.065346277665996,0.0,
2019-04-15,0.0,0.0,0.0,-0.0049915551854988645,0.0,
2019-04-16,0.030155590020972914,0.0,0.0,-0.005784423729328175,0.0,
2019-04-17,0.0,-0.014821719734797269,0.0,0.0,0.0,
2019-04-18,0.0,-0.011808410633887585,0.0,0.0,0.0,
2019-04-22,0.0,0.0,0.0,-0.029713539651837522,0.0,
2019-04-23,0.0,0.0,0.0,0.06100987537867483,0.0,
2019-04-24,0.0,0.0,0.0,0.02416227162656704,0.0,
2019-04-25,0.0,0.0,0.0,0.07142633577052869,0.0,
2019-04-26,-0.01662411830272605,0.0,0.0,-0.024970757916396698,0.0,
2019-04-30,0.0,0.0,0.0,0.010008769782406715,0.0,
2019-05-02,0.0,0.0,0.0,-0.036013945425039814,0.0,
2019-05-03,0.0,0.0,0.0,-0.0013512447711580382,0.0,
2019-05-06,0.0,0.0,0.0,0.05752683732577445,0.0,
2019-05-07,0.0,0.019768737130162282,0.0,0.05366954524575109,0.0,
2019-05-08,0.0,0.0,0.0,-0.05289429262634304,0.0,
2019-05-09,0.0,0.0,0.0,0.04907102647157376,0.0,
2019-05-10,0.0,0.0,0.0,0.11055789407614186,0.0,
2019-05-12,0.0,0.026012391054647865,0.0,0.0,0.0,
2019-05-13,0.0,0.03358840846779557,0.0,-0.01846293034826406,0.0,
2019-05-14,0.0,0.0,0.0,0.06405447571549085,0.0,
2019-05-15,0.0,0.0,0.0,0.016459656356252753,0.0,
2019-05-16,0.0,0.0,0.0,-0.030494787580927142,0.0,
2019-05-17,0.0,0.0,0.0,-0.0001633509964510671,0.0,
2019-05-20,0.0,0.0,0.0,0.032430490448523724,0.0,
2019-05-21,0.0,0.0,0.0,-0.03154133949954394,0.0,
2019-05-22,0.0,0.0,0.0,0.05206958525345626,0.0,
2019-05-23,-0.034941620448516925,-0.026128777386305684,0.0,-0.04257628940605881,0.0,
2019-05-24,0.0,0.0,0.0,-0.07190535714285703,0.0,
2019-05-27,0.0,0.0,0.0,0.04040171472565224,0.0,
2019-05-28,0.0,0.0,0.0,-0.020690102276476427,0.0,
2019-05-29,0.0,-0.025092944397602585,0.0,0.0,0.0,
2019-05-30,0.07104925290152188,0.0,0.0,-0.033314412671543406,0.0,
2019-05-31,0.0,-0.02777993671940478,0.0,-0.01583146149743885,0.0,
2019-06-03,0.027236863497397096,0.0,0.0,0.001955602420853101,0.0,
2019-06-07,0.0,0.0,0.0,0.022328442146089065,0.0,
2019-06-11,0.0,0.0,0.0,0.10357024995533218,0.0,
2019-06-12,-0.046842030012997804,0.0,0.0,0.0,0.0,
2019-06-13,0.0,0.0,0.0,-0.07498829448697004,0.0,
2019-06-14,0.0,0.0,0.0,-0.048555168975220636,0.0,
2019-06-17,0.0,0.0,0.0,-0.051200818403131294,0.0,
2019-06-19,0.0,0.0,0.0,-0.03311087010720518,0.0,
2019-06-20,-0.02574352484264087,0.05404035550205939,0.0,-0.007040764401307971,0.0,
2019-06-24,0.0,0.0,0.0,-0.0008271325719882219,0.0,
2019-06-25,0.1066497686661329,0.0,0.0,-0.04761408707402087,0.0,
2019-06-26,0.0,0.0,0.0,-0.01517576319608231,0.0,
2019-06-27,0.0,0.0,0.0,-0.022393877551020444,0.0,
2019-06-28,0.0,0.0,0.0,-0.043770332439236406,0.0,
2019-07-01,0.0,0.0,0.0,0.11806436158681992,0.0,
2019-07-02,-0.028816597916192958,0.03234261079981586,0.0,0.0,0.0,
2019-07-03,0.0,0.0015279334822345693,0.0,-0.033757074223285735,0.0,
2019-07-05,0.0,0.0,0.0,0.0026130019247745926,0.0,
2019-07-08,0.0,0.0,0.0,-0.00583939680896687,0.0,
2019-07-09,0.0,0.0,0.0,0.033115108061995205,0.0,
2019-07-10,-0.0408593761453975,0.0,0.0,0.017779942430760243,0.0,
2019-07-11,0.0,-0.010533281199072717,0.0,0.0,0.0,
2019-07-12,0.0,0.0,0.0,-0.0356519708788306,0.0,
2019-07-15,0.0,0.0,0.0,-0.01636167598790217,0.0,
2019-07-16,0.0,0.0,0.0,-0.03473041825095052,0.0,
2019-07-17,-0.028996505484435116,0.0,0.0,-0.031310305701264494,0.0,
2019-07-18,0.0,0.0,0.0,-0.01813221955061772,0.0,
2019-07-19,0.0,0.0,0.0,0.010975100170221883,0.0,
2019-07-22,0.0,0.0,0.0,-0.0033009603058834444,0.0,
2019-07-23,0.0,0.0,0.0,-0.048191306968874005,0.0,
2019-07-24,0.0,0.0,0.0,0.010879388103717516,0.0,
2019-07-25,0.0,0.0,0.0,0.006521941675571648,0.0,
2019-07-26,0.0,0.0,0.0,-0.04061266890895141,0.0,
2019-07-29,0.0,-0.015686232969974262,0.0,0.07589446264677603,0.0,
2019-07-30,0.0,0.0,0.0,0.09355597532767922,0.0,
2019-08-01,0.0,0.0,0.0,0.0231452128483592,0.0,
2019-08-04,0.0,0.024844052041058082,0.0,0.0,0.0,
2019-08-05,0.0,0.02242097156852739,0.0,0.006146035966499906,0.0,
2019-08-06,0.0,0.0,0.0,-0.05016410431826192,0.0,
2019-08-07,-0.011803499156937264,0.0,0.0,-0.04426304356304361,0.0,
2019-08-08,0.0,0.0,0.0,0.03833086161150668,0.0,
2019-08-09,0.0,0.0,0.0,0.12702868524367944,0.0,
2019-08-13,0.0,0.0,0.0,0.04292078896884503,0.0,
2019-08-14,0.06701693545836618,-0.025942023219391534,0.0,-0.03334017728303439,0.0,
2019-08-16,0.0,0.0,0.0,0.01410553114338033,0.0,
2019-08-19,0.0,0.0,0.0,-0.037767584881486196,0.0,
2019-08-20,0.0,0.0,0.0,-0.04244317541926792,0.0,
2019-08-21,0.0,0.0,0.0,-0.039101952959954826,0.0,
2019-08-22,0.0,0.0,0.0,-0.06309694379505165,0.0,
2019-08-25,-0.03707354712738635,0.0,0.0,0.0,0.0,
2019-08-26,0.0,0.0,0.0,0.007919260995510557,0.0,
2019-08-28,0.0,0.0,0.0,0.05825781078262822,0.0,
2019-08-30,0.0,0.0,0.0,0.13046752725186464,0.0,
2019-09-03,0.0,0.0,0.0,-0.047166922677078046,0.0,
2019-09-04,0.0,0.0,0.0,-0.06217358126675962,0.0,
2019-09-05,0.0,0.0,0.0,-0.039705332443088964,0.0,
2019-09-09,0.0,0.0,0.0,-0.026967580987378892,0.0,
2019-09-11,0.0,0.0,0.0,0.1156757685763578,0.0,
2019-09-13,0.0,0.0,0.0,0.18592102146558107,0.0,
2019-09-15,0.11400262523614098,0.0,0.0,0.0,0.0,
2019-09-17,0.0,0.0,0.0,0.00015478065296875565,0.0,
2019-09-18,0.0,0.0,0.0,-0.024895931355835798,0.0,
2019-09-19,0.0,0.0,0.0,-0.04944030988130852,0.0,
2019-09-20,0.0,0.0,0.0,0.007932562636524804,0.0,
2019-09-23,0.0,0.0,0.0,0.08644805457074281,0.0,
2019-09-25,0.0,0.0,0.0,-0.05032522045855385,0.0,
2019-09-26,0.01630137551581849,0.0,0.0,0.08582991512574288,0.0,
2019-09-27,0.0,0.0,0.0,-0.04194233210531849,0.0,
2019-09-30,0.0,0.0,0.0,-0.009554939218165017,0.0,
2019-10-03,0.0,0.0,0.0,-0.057075350171908845,0.0,
2019-10-09,0.0,0.0,0.0,-0.04513969255700362,0.0,
2019-10-10,0.0,0.0,0.0,-0.03779479070147708,0.0,
2019-10-11,0.0,0.0,0.0,-0.029582699446997537,0.0,
2019-10-14,0.0,0.0,0.0,-0.06047844316831734,0.0,
2019-10-15,0.0,0.069359737261359,0.0,0.0,0.0,
2019-10-16,0.0,0.0,0.0,-0.013377268083930366,0.0,
2019-10-17,0.0,0.0,0.0,-0.09713292505949965,0.0,
2019-10-18,0.0,0.0,0.0,0.0318545993524173,0.0,
2019-10-22,0.0,0.0,0.0,-0.012001477648339455,0.0,
2019-10-23,0.0,0.0,0.0,-0.07548157267672764,0.0,
2019-10-27,0.0,0.0,0.0,-0.08126972789115654,0.0,
2019-10-29,0.0,0.0,0.0,0.005647726095050449,0.0,
2019-10-30,0.0,0.0,0.0,0.0629897349226116,0.0,
2019-10-31,0.0,0.0,0.0,-0.003867042196383332,0.0,
2019-11-01,0.0,0.0,0.0,-0.10228730158730162,0.0,
2019-11-04,0.0,-0.013328230002836389,0.0,0.08047839284546505,0.0,
2019-11-05,0.0,0.0,0.0,-0.05600014040929923,0.0,
2019-11-06,0.0,0.0,0.0,0.0984667580309177,0.0,
2019-11-08,0.0,0.0,0.0,-0.013075730506272157,0.0,
2019-11-11,0.0,0.0,0.0,-0.08921340755841305,0.0,
2019-11-15,0.0,0.0,0.0,-0.015946743735677893,0.0,
2019-11-18,0.0,0.0,0.0,-0.039326047958578504,0.0,
2019-11-19,0.0,0.0,0.0,-0.042810874200426494,0.0,
2019-11-20,0.0,0.0,0.0,-0.01562790363521475,0.0,
2019-11-25,0.0,0.0,0.0,-0.061385317263791234,0.0,
2019-12-02,0.0,0.0,0.0,0.013230427042544221,0.0,
2019-12-03,0.0,0.0,0.0,-0.033528331538836526,0.0,
2019-12-06,0.0,0.0,0.0,0.1597517388780411,0.0,
2019-12-10,0.0,0.0,0.0,0.016698053221167155,0.0,
2019-12-11,0.0,0.0,0.0,-0.018667495987158885,0.0,
2019-12-12,0.0,0.08772564581290777,0.0,-0.0308826122842011,0.0,
2019-12-13,0.0,0.0,0.0,0.0719955440810863,0.0,
2019-12-16,0.0,0.04335790966488468,0.0,0.0,0.0,
2019-12-17,0.0,0.0,0.0,0.06634865437468791,0.0,
2019-12-18,0.0,0.04820009589687367,0.0,-0.012652516174527263,0.0,
2019-12-20,0.0,0.0,0.0,-0.08297449907679685,0.0,
2019-12-27,0.0,0.0,0.0,-0.03230849520950496,0.0,
2019-12-30,0.0,0.0,0.0,-0.03756699073132938,0.0,
2019-12-31,0.0,0.0,0.0,-0.08783653603034133,0.0,
2020-01-01,0.0,0.0,0.0,-0.028981246401510886,0.0,
2020-01-02,0.0,-0.01145920778438759,0.0,0.0953967594331173,0.0,
2020-01-03,0.033279638961470404,0.0,0.0,0.032476506686440546,0.0,
2020-01-05,-0.026626537873264133,0.0,0.0,0.0,0.0,
2020-01-06,0.0,0.0,0.0,0.07207705784781249,0.0,
2020-01-07,0.06693252602702944,0.0,0.0,0.0,0.0,
2020-01-08,-0.037670121040593973,-0.014285189922275846,0.0,0.0,0.0,
2020-01-09,0.0,0.0,0.0,-0.02701119291191604,0.0,
2020-01-10,0.0,0.0,0.0,-0.027058607224210898,0.0,
2020-01-14,0.0,0.0,0.0,-0.02948369685082736,0.0,
2020-01-15,0.0,0.0,0.0,0.02904377238423588,0.0,
2020-01-16,0.0,0.0,0.0,0.03421979548830143,0.0,
2020-01-17,0.0,0.0,0.0,-0.08471525470531391,0.0,
2020-01-20,0.0,0.0,0.0,0.10734300400995028,0.0,
2020-01-21,0.0,0.0,0.0,-0.025462462161165596,0.0,
2020-01-22,0.0,0.0,0.0,-0.007997539480890272,0.0,
2020-01-24,0.0,0.0,0.0,0.021762164641137352,0.0,
2020-01-26,0.10580594887925761,0.0,0.0,0.0,0.0,
2020-01-27,0.0,-0.01395266713950135,0.0,0.0,0.0,
2020-01-28,0.0,0.0,0.0,-0.005632645283528581,0.0,
2020-01-29,0.0,0.0,0.0,-0.04202984923565597,0.0,
2020-01-30,0.0,-0.02649536546500904,0.0,0.03552453839459379,0.0,
2020-01-31,-0.02614353505959792,0.02936767761573676,0.0,0.026992469785894327,0.0,
2020-02-01,0.0,0.0,0.0,0.05145006972938124,0.0,
2020-02-03,0.0,0.0,0.0,0.013824038829265356,0.0,
2020-02-04,0.0,0.0,0.0,-0.05988642760748026,0.0,
2020-02-05,0.0,0.0,0.0,-0.08014580722666233,0.0,
2020-02-07,0.0,0.0,0.0,-0.03444816296291087,0.0,
2020-02-10,0.0,0.0,0.0,0.03191464701861852,0.0,
2020-02-11,0.0,0.0,0.0,-0.0670187173797543,0.0,
2020-02-12,0.0,-0.016253496238981136,0.0,-0.03313314930153046,0.0,
2020-02-13,0.0,0.0,0.0,-0.007117083992496574,0.0,
2020-02-14,0.0,0.0,0.0,-0.04678793110837076,0.0,
2020-02-17,0.0,0.0,0.0,-0.030799694811472593,0.0,
2020-02-18,-0.021601670011911985,0.0,0.0,-0.06271069713599728,0.0,
2020-02-19,0.0,0.03409458390923459,0.0,0.0,0.0,
2020-02-20,0.0,0.0,0.0,-0.04853655369021225,0.0,
2020-02-23,0.0,-0.01921416034187298,0.0,0.0,0.0,
2020-02-24,0.0,0.004783655536586273,0.0,-0.03464273069729457,0.0,
2020-02-25,0.0,0.004256320487723002,0.0,0.002275924032152767,0.0,
2020-02-26,-0.04150948214806478,0.0,0.0,0.020159051210086536,0.0,
2020-02-27,-0.07410299909849284,0.0,0.0,-0.04052766030766365,0.0,
2020-02-28,0.07569909598090821,0.0,0.0,0.009413333240190546,0.0,
2020-03-02,0.0,0.0,0.0,0.13198822440999866,0.0,
2020-03-03,-0.03366580613972998,0.0,0.0,0.0,0.0,
2020-03-05,0.0,0.0,0.0,0.08139228398034863,0.0,
2020-03-06,0.0,0.0,0.0,0.12510628505337754,0.0,
2020-03-08,0.0,-0.05331012126217327,0.0,0.0,0.0,
2020-03-09,0.0,0.0,0.0,0.03135824015082804,0.0,
2020-03-11,0.0,0.0,0.0,0.0180982362397303,0.0,
2020-03-12,-0.05046698324028428,0.0,0.0,-0.034577630291150775,0.0,
2020-03-13,0.0,0.0,0.0,2.9738772622245335e-07,0.0,
2020-03-16,0.0,0.0,0.0,0.055974036059791454,0.0,
2020-03-17,0.0,0.0,0.0,0.2409868169068575,0.0,
2020-03-18,0.0,0.0,0.0,-0.013640294229275339,0.0,
2020-03-23,0.0,0.0,0.0,-0.1497941490941491,0.0,
2020-03-24,0.0,0.0,0.0,-0.13901942306134016,0.0,
2020-03-30,0.0,0.0,0.0,-0.1261940711462451,0.0,
2020-03-31,0.0,0.0,0.0,0.13038695652173918,0.0,
2020-04-01,0.0,0.0,0.0,-0.11076992072910723,0.0,
2020-04-07,0.0,0.0,0.0,0.21371427102208718,0.0,
2020-04-09,0.0,0.0,0.0,0.2887470608756324,0.0,
2020-04-15,0.0,0.0,0.0,0.15176042516007882,0.0,
2020-04-16,0.0,0.0,0.0,0.3497739778879463,0.0,
2020-04-21,-0.21539894510066115,0.0,0.0,0.0,0.0,
2020-04-22,0.0,0.0,0.0,0.20392748857932433,0.0,
2020-04-24,0.0,0.0,0.0,-0.20753165673822638,0.0,
2020-04-27,0.0,0.0,0.0,-0.11679949979388796,0.0,
2020-04-30,0.0,0.0,0.0,0.28887997171431695,0.0,
2020-05-11,0.0,0.0,0.0,0.21486990748821785,0.0,
2020-05-12,0.0,0.0,0.0,0.2970921124396897,0.0,
2020-05-18,0.0,0.0,0.0,-0.14883469093704865,0.0,
2020-05-19,0.0,0.0,0.0,0.07896543407766006,0.0,
2020-05-21,0.0,0.0,0.0,-0.09355714285714281,0.0,
2020-05-22,0.0,0.0,0.0,-0.04730654562828471,0.0,
2020-05-26,0.0,0.0,0.0,-0.045642769895510894,0.0,
2020-05-29,0.0,0.0,0.0,-0.08382406676839704,0.0,
2020-06-01,0.0,0.0,0.0,0.050976389393898515,0.0,
2020-06-02,0.8794638085487585,0.0,0.0,0.010131665837938175,0.0,
2020-06-03,0.0,0.3547683516875703,0.0,0.09432542764678686,0.0,
2020-06-04,0.0,0.0,0.0,-0.04091415586231697,0.0,
2020-06-05,0.0,0.0,0.0,0.2215401277775394,0.0,
2020-06-08,0.0,0.0,0.0,0.3495853307495105,0.0,
2020-06-18,-0.07812991085213802,0.0,0.0,-0.08570532224699237,0.0,
2020-06-19,0.0,0.0,0.0,-0.061588596155892884,0.0,
2020-06-22,0.0,0.3457535075250583,0.0,-0.051416412798757395,0.0,
2020-06-23,0.0,0.0,0.0,0.15059301554784438,0.0,
2020-06-24,0.0,0.0,0.0,-0.08088026749370035,0.0,
2020-06-29,0.0,0.0,0.0,-0.0340291024095111,0.0,
2020-07-02,0.0,0.0,0.0,-0.05512699350255352,0.0,
2020-07-03,0.0,0.0,0.0,0.28369168366275765,0.0,
2020-07-06,0.0,-0.056854157149740084,0.0,-0.06834561317276967,0.0,
2020-07-08,0.0,0.0,0.0,-0.06490210224558049,0.0,
2020-07-09,0.0,0.0,0.0,-0.06709588859416438,0.0,
2020-07-13,0.29730516997512557,0.0,0.0,0.0,0.0,
2020-07-14,0.0,-0.035791824677337165,0.0,0.0,0.0,
2020-07-15,0.0,0.0,0.0,0.07737777629912374,0.0,
2020-07-16,0.0,0.0,0.0,-0.04810782509658548,0.0,
2020-07-17,0.0,0.0,0.0,0.03782436759033058,0.0,
2020-07-20,0.0,0.0,0.0,-0.06697498482095197,0.0,
2020-07-21,0.0,0.0,0.0,-0.0521983778662253,0.0,
2020-07-23,0.1548200431874021,0.0,0.0,0.10583638544774499,0.0,
2020-07-28,0.0,0.0,0.0,0.2840921114854357,0.0,
2020-07-29,0.0,0.0,0.0,-0.05830801375862142,0.0,
2020-07-30,0.0,0.0,0.0,-0.034694163273855036,0.0,
2020-07-31,0.0,0.0,0.0,-0.0430230470435908,0.0,
2020-08-03,0.0,0.0,0.0,-0.09054458164786035,0.0,
2020-08-04,0.0,-0.04624472102582416,0.0,0.15699712140175218,0.0,
2020-08-05,-0.07089059836891783,0.0,0.0,-0.05785625837577051,0.0,
2020-08-06,0.0,0.0,0.0,0.05250604882994,0.0,
2020-08-07,0.0,0.0,0.0,-0.030042958674930707,0.0,
2020-08-10,0.0,0.0,0.0,-0.07146012013785,0.0,
2020-08-12,0.0,0.0,0.0,0.1548886724341027,0.0,
2020-08-13,0.0,0.0,0.0,0.08918562457950215,0.0,
2020-08-17,0.0,0.0,0.0,-0.05653825041953113,0.0,
2020-08-18,-0.049180512643405505,0.0,0.0,0.12599097182058458,0.0,
2020-08-19,0.0,0.0,0.0,0.2937425901201602,0.0,
2020-08-20,0.6346585112205801,0.07332506524399521,0.0,0.0,0.0,
2020-08-24,0.0,0.14505650531742886,0.0,0.0,0.0,
2020-08-25,0.0,0.0,0.0,-0.06168584597302543,0.0,
2020-08-26,0.0,-0.026040305577241248,0.0,0.008792592669968263,0.0,
2020-08-28,0.0,0.0,0.0,-0.03583165127530914,0.0,
2020-09-01,0.0,0.0,0.0,-0.032139192777482735,0.0,
2020-09-02,0.0,0.15961924887212908,0.0,-0.045375815078223775,0.0,
2020-09-03,0.0,0.0,0.0,-0.032205829940879324,0.0,
2020-09-04,0.0,0.0,0.0,-0.031926359812362345,0.0,
2020-09-06,0.07656834548191238,0.0,0.0,0.0,0.0,
2020-09-09,0.0,-0.029351288608098713,0.0,0.0,0.0,
2020-09-10,0.0,0.0,0.0,-0.07198406450269929,0.0,
2020-09-11,0.0,0.0,0.0,-0.04070886132033661,0.0,
2020-09-14,0.0,0.0,0.0,0.0011654868206392905,0.0,
2020-09-17,0.0,0.0,0.0,-0.05511596093511828,0.0,
2020-09-18,0.0,0.0,0.0,-0.04681303122686176,0.0,
2020-09-21,0.0,0.0,0.0,0.05427224439172616,0.0,
2020-09-22,0.0,0.0,0.0,0.05704120277993656,0.0,
2020-09-23,-0.041273112749028944,0.0,0.0,0.0425280674041997,0.0,
2020-09-24,0.0,0.0,0.0,0.06219593768736379,0.0,
2020-09-25,0.0,0.0,0.0,-0.02645706327099085,0.0,
2020-09-29,0.0,0.0,0.0,-0.05289803907490166,0.0,
2020-10-01,0.0,0.0,0.0,-0.07529113300492611,0.0,
2020-10-02,-0.049954805130209265,0.0,0.0,0.0,0.0,
2020-10-05,0.0,0.0,0.0,-0.07102569926788058,0.0,
2020-10-06,0.0,0.0,0.0,-0.0863935967725251,0.0,
2020-10-07,0.0,0.0,0.0,-0.008997148706630523,0.0,
2020-10-08,0.0,0.0,0.0,-0.03923820598006647,0.0,
2020-10-09,0.0,0.0,0.0,-0.03830830648048695,0.0,
2020-10-12,0.0,-0.02445974165106291,0.0,-0.027808798257291514,0.0,
2020-10-13,0.0,0.0,0.0,-0.08528553791887128,0.0,
2020-10-15,0.0,0.0,0.0,-0.05205055444942207,0.0,
2020-10-16,0.0,-0.023706072966348253,0.0,0.10655940122241789,0.0,
2020-10-20,0.0,0.0,0.0,-0.027340672015566014,0.0,
2020-10-21,0.0,-0.03640268528781186,0.0,0.24658755299067564,0.0,
2020-10-23,0.0,0.0,0.0,0.1751575770733825,0.0,
2020-10-26,0.0,0.0,0.0,0.06581561524234199,0.0,
2020-10-27,0.0,0.07678671193606525,0.0,0.1544331477285732,0.0,
2020-10-28,-0.04800079414651559,0.05440448898553931,0.0,-0.07892598618230454,0.0,
2020-10-29,-0.07713916913946585,0.0,0.0,-0.09790337320168752,0.0,
2020-10-30,0.0,0.0,0.0,-0.047417482173592304,0.0,
2020-11-03,0.0,0.0,0.0,0.3978631788807919,0.0,
2020-11-04,0.0,0.0,0.0,-0.03566609773205525,0.0,
2020-11-05,0.0,-0.024147099824345406,0.0,0.008197507900302096,0.0,
2020-11-09,0.0,0.04332100507818715,0.0,0.10082700337238897,0.0,
2020-11-10,0.0,0.0,0.0,0.27165780437669707,0.0,
2020-11-11,0.0,0.0,0.0,0.11161019923209907,0.0,
2020-11-13,0.0,0.0,0.0,-0.03807594672238184,0.0,
2020-11-17,0.0,0.0,0.0,0.2598732917309856,0.0,
2020-11-18,0.0,0.0,0.0,-0.05488739155581261,0.0,
2020-11-19,0.0,0.0,0.0,0.09010486127035086,0.0,
2020-11-20,0.0,0.0,0.0,0.4155094407457724,0.0,
2020-11-22,0.0,0.05231857264993238,0.0,0.0,0.0,
2020-11-23,-0.02999137846602651,0.0,0.0,0.0,0.0,
2020-11-24,0.15272231906485167,0.0,0.0,-0.06852342893104374,0.0,
2020-11-25,0.1600632721079715,0.0,0.0,-0.023745635517795835,0.0,
2020-11-26,0.0,0.0,0.0,0.007081080291932235,0.0,
2020-12-01,0.0,0.0,0.0,-0.04666796453428954,0.0,
2020-12-02,0.0,0.0,0.0,-0.055870851350952086,0.0,
2020-12-03,0.0,0.08162027910176406,0.0,0.0332131352796388,0.0,
2020-12-04,0.0,0.0,0.0,-0.055704894845956344,0.0,
2020-12-07,0.0,0.0,0.0,-0.05683454149192198,0.0,
2020-12-09,0.0,0.0,0.0,-0.044404107750575676,0.0,
2020-12-10,-0.036594194518035396,0.0,0.0,0.0398423092532468,0.0,
2020-12-14,0.0,0.0,0.0,0.08055680091320148,0.0,
2020-12-15,-0.05780469989924107,-0.015104240754854557,0.0,0.009261602979616276,0.0,
2020-12-17,0.0,0.0,0.0,0.141069750146295,0.0,
2020-12-24,0.0,0.0,0.0,-0.024200000000000027,0.0,
2021-01-04,0.04998152525860724,0.0,0.0,0.0,0.0,
2021-01-05,-0.04448569816789876,0.0,0.0,0.0,0.0,
2021-01-06,0.0,-0.04492227587184119,0.0,0.0,0.0,
2021-01-08,0.0,0.0889163359814588,0.0,0.0,0.0,
2021-01-15,0.0,0.0,0.0,-0.029585197489848645,0.0,
2021-01-18,0.0,0.0,0.0,-0.050832232171855514,0.0,
2021-01-20,0.0,0.0,0.0,-0.03402302229873314,0.0,
2021-01-21,0.0,0.0,0.0,0.06756661418484403,0.0,
2021-01-22,0.0,0.0,0.0,0.09645443181578638,0.0,
2021-01-25,0.0,0.0565412813306013,0.0,0.0,0.0,
2021-01-27,0.0,0.005454215936045555,0.0,-0.05797766040664883,0.0,
2021-02-01,0.0,-0.021026077311674995,-0.14642172283679544,-0.040203057743401084,0.0,
2021-02-02,-0.037275951117085225,0.0,0.0,-0.07550529382931212,0.0,
2021-02-03,-0.05714176899562865,0.0,0.0,0.0,0.0,
2021-02-05,0.0,-0.027449625328733792,0.0,0.0658827313391257,0.0,
2021-02-11,0.0,0.0,0.0,0.16179081650748625,0.0,
2021-02-12,0.0,0.0,0.0,0.030014874564485275,0.0,
2021-02-15,0.0,0.031116788722817673,0.0,0.05064142914756359,0.0,
2021-02-16,0.0,0.0,0.0,0.07961453401264915,0.0,
2021-02-17,0.0,0.0,0.0,-0.04579991410545009,0.0,
2021-02-18,0.0,0.0,0.0,0.16395994142531709,0.0,
2021-02-19,0.0,0.0,0.0,-0.0319943525914918,0.0,
2021-02-22,-0.03043930665788567,0.0,0.0,0.00043580681165455125,0.0,
2021-02-24,0.0,0.0,0.0,-0.0438367521367522,0.0,
2021-02-25,0.0,-0.022523739158504565,0.0,0.11794351245085183,0.0,
2021-02-26,0.05974380502700398,0.0,0.0,0.06163866236432973,0.0,
2021-03-02,0.0,0.0,0.0,0.1069931169054344,0.0,
2021-03-03,0.0,0.0,0.0,-0.05284937038645241,0.0,
2021-03-04,0.0,0.0,0.0,0.16448650088809946,0.0,
2021-03-05,-0.05534887129275366,0.0,0.0,-0.03516419357323611,0.0,
2021-03-07,0.09164624709201259,0.0,0.0,0.0,0.0,
2021-03-08,0.0,0.0,0.0,0.0,0.009963207249084088,
2021-03-09,0.0,0.0,0.0,0.019523443138858985,0.0,
2021-03-12,0.0,0.01563139235257653,0.0,-0.029861062279082817,0.0,
2021-03-17,0.0,-0.021232777259402705,0.0,0.014138646336709955,0.0,
2021-03-18,0.0,0.0,0.0,-0.05311808702423087,0.0,
2021-03-19,0.0,0.0,0.0,0.06491554387641349,0.0,
2021-03-22,0.0,0.0,0.0,0.020822584197038824,0.0,
2021-03-23,0.0,0.0,0.0,0.0,-0.005206831918489622,
2021-03-24,0.0,0.0,0.0,0.14552474299893645,0.0,
2021-03-25,0.0,0.0,0.0,-0.04785560149883713,0.0,
2021-03-26,0.0,0.0,0.0,0.0,-0.005320216074730053,
2021-03-30,0.0,0.0,0.0,0.03679553619389866,0.01246462316666233,
2021-03-31,0.0,0.07153260861038838,0.0,0.07508729056068368,0.0,
2021-04-01,0.0,-0.03195264914483769,0.0,0.0,0.0,
2021-04-02,0.0,0.0,0.0,0.0,-0.009568502459497742,
2021-04-05,0.0,-0.025457299582047874,-0.2031005461312585,0.014566573900923942,0.0,
2021-04-06,0.0,0.0,0.0,-0.016849737508348193,0.0,
2021-04-07,0.0,0.0,0.0,0.008678144967030085,-0.006215711179922257,
2021-04-08,0.0,-0.02915160885850626,0.0,0.14281388515959995,0.010755553660512444,
2021-04-09,0.0,0.0,0.0,0.03913793446399032,0.01006926991967881,
2021-04-12,0.0,0.0,0.0,-0.039595509235579855,0.0,
2021-04-15,0.0,0.0,0.0,-0.049675287200485085,0.0,
2021-04-16,0.0,-0.015941711204580915,0.0,0.0,-0.005793529466820615,
2021-04-18,0.0,0.0,0.0,0.0,0.009545099049649118,
2021-04-19,0.0,0.0,0.0,-0.035288418281885635,0.019761400644541245,
2021-04-21,0.057026999398677086,0.0,0.0,0.0,0.0,
2021-04-26,0.11006427460564332,0.0,0.0,0.0,-0.009954668950109612,
2021-04-28,0.0,0.0,0.0,0.0,0.0318390571022151,
2021-04-29,0.0,0.0,0.0,-0.0744569897826263,0.0,
2021-04-30,0.0,0.0,0.0,-0.028980221424296772,0.008912559870165846,
2021-05-03,0.0,0.0,0.0,-0.06468665021542538,0.0,
2021-05-04,0.0,0.0,0.0,0.05080082829959164,-0.006284795543687328,
2021-05-05,0.0,-0.022510819057361256,0.0,0.036093017883591566,0.0,
2021-05-06,0.0,-0.01606509941478389,0.0,-0.0413121408543025,-0.007645381711609867,
2021-05-07,0.0,-0.018624480347492596,0.0,0.11615927827705479,-0.007831854773462722,
2021-05-10,0.0,0.0,0.0,0.062305449878964206,0.0,
2021-05-12,0.0,-0.020619773777712663,0.0,0.0,-0.006736675793251024,
2021-05-14,0.0,-0.020458566653056273,0.0,0.11407649006622504,-0.005127474128997797,
2021-05-16,0.0704748429383741,0.0,0.0,0.0,0.0,
2021-05-17,-0.04273375593366026,0.0,0.0,0.0,0.017184412372489237,
2021-05-18,0.0,0.0,0.0,0.10077485604933945,0.0,
2021-05-21,0.0,0.0,0.0,0.07518740125978722,-0.008628332125630134,
2021-05-23,0.0,0.0,0.40896680499483046,0.0,0.0,
2021-05-24,0.0,-0.026359904593563785,0.0,0.0,0.0,
2021-05-25,0.0,0.0,0.0,0.0,-0.01224399633942371,
2021-05-26,0.0,0.0,0.0,-0.005070872121776416,0.0,
2021-05-27,0.0,0.0,0.0,0.018433003477406295,-0.005096777646039787,
2021-05-28,0.0,0.0,0.0,-0.047735598539019534,-0.008671723787366265,
2021-06-01,-0.04460236811118057,0.0,0.0,-0.06476993471284724,0.0,
2021-06-02,0.0,0.0,0.0,-0.09129624848441624,0.0,
2021-06-03,0.0,0.0,0.0,-0.016099238541761495,-0.005175567413817783,
2021-06-04,0.0,0.0,0.0,-0.04911269841269838,-0.008406594944249252,
2021-06-07,0.0,0.0,0.0,0.021969457051648968,0.0,
2021-06-08,0.0,0.0,0.0,-0.06392771698137786,0.0,
2021-06-09,0.0,0.0,0.0,-0.07372455866067354,0.0,
2021-06-10,0.0,0.0,0.0,-0.06183843441661031,0.0,
2021-06-11,-0.06830497509922397,-0.02488195238536668,0.0,-0.02296720647773279,0.0,
2021-06-14,0.0,0.0,0.0,0.0,-0.004245229511509809,
2021-06-15,0.0,0.0,0.0,-0.020604538459844644,0.0,
2021-06-16,0.0,0.0,0.0,-0.018138755417123557,0.0,
2021-06-17,0.04140146611855336,0.0,0.0,0.0,0.008196498633759762,
2021-06-18,0.0,-0.02269308286356795,0.0,0.0,0.020953299466084447,
2021-06-21,0.0,0.0,-0.36457809999588275,0.0,-0.004615246508420728,
2021-06-23,0.0,0.0,0.0,-0.03948124596394486,0.012202332779482588,
2021-06-24,-0.04625358205416146,0.0,0.0,-0.02200539472219139,0.0,
2021-06-25,0.0925074774845528,0.0,0.0,-0.023053374339426478,0.0,
2021-06-28,0.0,0.0,0.0,-0.020991517646264793,0.0,
2021-06-29,0.0,-0.017831875219000183,0.0,0.0,-0.008196231093394662,
2021-06-30,0.0,0.0,0.0,-0.016286837144496386,-0.004808778277759843,
2021-07-05,-0.033776875762136276,0.0,0.0,-0.023251678858257116,-0.008989879998692165,
2021-07-06,0.0,0.13731587915060894,0.0,-0.03520555068653233,-0.0063849229182031545,
2021-07-07,0.0,0.0,0.0,-0.10657212413055103,0.0,
2021-07-09,-0.032686935695160964,0.0,0.0,0.002519317588315386,-0.005693472873343217,
2021-07-12,0.0,0.0,0.0,-0.029619295527594236,0.0,
2021-07-13,0.0,0.0,0.0,-0.04374153774970713,-0.006414052303511389,
2021-07-14,0.0,0.0,0.0,0.14845220698269798,0.00864716056574737,
2021-07-15,-0.034122948796333846,0.0,0.0,0.024469600994416106,0.0,
2021-07-19,0.0,0.019816943382253083,-0.17668248417305468,-0.02071192248109105,0.0,
2021-07-20,-0.06918761840784678,0.0,0.0,-0.020704008101383346,0.0,
2021-07-21,0.0,-0.01190511742189725,0.0,0.0,0.0,
2021-07-23,0.0,0.0,0.0,-0.023115491937364528,0.0,
2021-07-26,0.0,0.0,0.0,-0.01844171428571426,-0.009628929896605288,
2021-07-27,0.0,0.0,0.0,0.042139861094242094,-0.0062370515756187475,
2021-07-28,0.0,0.0,0.12883538006895415,-0.04708705024951054,-0.008039651421191661,
2021-07-29,0.0,-0.013534766012542767,0.0,-0.06102446384442192,-0.004936079130857762,
2021-07-30,0.0,0.0,0.0,-0.027156440535771265,0.014396516660095386,
2021-08-02,0.0,0.0,0.0,-0.03468465171192448,0.0,
2021-08-03,0.0,0.0,0.0,-0.044573403019744454,0.0,
2021-08-04,-0.049386489613972295,0.0,0.0,-0.05129454804411907,0.0,
2021-08-06,0.0,0.0,0.0,-0.03733884359318548,0.0,
2021-08-08,-0.024559275268078266,0.0,0.0,0.0,0.0,
2021-08-09,0.0,0.0,0.0,0.0,-0.0030833869820078327,
2021-08-10,0.0,0.0,0.0,-0.031044698260472754,0.0,
2021-08-11,0.0,-0.02234085042888663,0.0,0.0,-0.008723602702494965,
2021-08-12,0.0,0.05914223799218562,0.0,-0.03263507000613606,0.009507864076000346,
2021-08-13,0.0,0.0,0.0,-0.017188706781195533,0.0,
2021-08-15,0.0,0.0,0.0,0.0,-0.004396730755476388,
2021-08-16,0.0,0.0,0.0,-0.026829259719210994,0.0,
2021-08-17,0.0,0.0,0.0,0.07765248664596587,-0.0035153131741872635,
2021-08-18,0.0,0.0,0.0,-0.053100007758537994,0.02944041956569584,
2021-08-19,0.0,0.0,0.0,0.0,0.015037148124746123,
2021-08-20,0.09868548944577143,0.0,0.0,-0.03236288544745154,0.0,
2021-08-23,0.0,-0.014762586511109066,0.0,-0.038896977592496065,0.0,
2021-08-24,0.0,0.0,0.0,0.08648446490196562,0.0,
2021-08-26,0.0,0.0,0.0,0.05269135654261704,0.0,
2021-08-27,-0.0541315871394522,0.0,0.0,0.062018725515800614,0.0,
2021-08-30,0.0,0.0,0.0,-0.03348692071629077,0.0,
2021-08-31,0.0,0.0,0.0,-0.037519514023446,0.0,
2021-09-01,0.0,0.0,0.0,-0.04824020813623466,-0.008088370290283683,
2021-09-02,0.0,0.0,0.0,-0.02742655096951504,0.0,
2021-09-03,0.0,0.0,0.0,0.006400591577983481,0.0,
2021-09-06,0.0,0.0,-0.1910902052320973,0.0,0.0,
2021-09-08,0.0,0.0,0.0,0.06701792998475327,0.0,
2021-09-13,0.0,0.0,0.0,0.06852607752778522,0.0,
2021-09-15,0.0,0.0,0.0,-0.006650733942783297,0.0,
2021-09-16,0.0,0.0,0.0,-0.044962045613986486,-0.00718985631235597,
2021-09-17,0.0,0.0,0.0,0.06748958966565353,-0.00826663512837527,
2021-09-20,0.0,0.006302989358870418,0.0,-0.039679591836734716,0.0,
2021-09-21,0.0,0.0,0.20302197763271085,-0.049365281944765006,0.0,
2021-09-22,0.0,0.0,0.0,-0.008098051145632426,0.0,
2021-09-23,0.0,0.0,0.0,-0.03442541239861529,0.0,
2021-09-24,0.0,0.0,0.0,-0.019882810544936864,0.0,
2021-09-26,0.10053904759078792,0.0,0.0,0.0,0.0,
2021-09-27,-0.08062678635080306,0.0,0.0,0.06158393180333249,0.004069778539873202,
2021-09-28,0.0,0.0333980940696748,0.0,-0.025744573211499915,-0.0038469801961610707,
2021-09-29,0.0,0.0,0.0,-0.029728618586159248,0.008590803903525703,
2021-10-01,0.0,0.0,0.0,-0.008277677805731022,0.0,
2021-10-04,0.12351312272272591,-0.02808748106406224,0.0,0.06043190955373156,0.0,
2021-10-05,0.0,0.0,0.0,-0.03798041772609218,-0.004734009575089361,
2021-10-06,0.0,0.0,0.0,0.0,0.007395919320275743,
2021-10-08,0.0,0.0,0.0,-0.019382068094983915,0.0,
2021-10-11,0.0,0.0,0.0,-0.04129375712007298,0.0,
2021-10-12,0.0,0.0,0.0,-0.02976457800434478,0.0,
2021-10-13,0.0,0.0,0.0,-0.04614079954584213,0.0,
2021-10-14,0.0,0.0,0.0,-0.0004918108892332628,0.0,
2021-10-15,0.0,0.0271973514849814,0.0,0.0,0.0,
2021-10-18,0.0,0.0,0.0,-0.04372319436922809,0.0,
2021-10-19,0.0,0.0,0.0,0.030738834303375217,0.03243005948087174,
2021-10-20,0.0,0.0,0.0,0.07288641309846537,0.03609496791252385,
2021-10-21,0.0,0.0,0.0,-0.050053181248504844,0.0,
2021-10-22,0.0,0.0,0.0,0.018007417721163682,0.0,
2021-10-25,0.0,0.04085101127277896,0.0,0.022303294728007902,0.0,
2021-10-28,0.0,0.0,0.0,0.07205383125990256,0.013743809338437296,
2021-10-29,0.0,0.0,0.0,0.08725470970850395,0.0,
2021-11-02,0.0,0.0,0.0,-0.028295430884904604,0.0,
2021-11-03,0.0,0.0,0.1591952764755873,-0.038696868224524186,0.0,
2021-11-04,0.0,0.06992694604455488,0.0,0.0,0.001628835033469674,
2021-11-08,0.0,0.0,0.0,0.043169103387098944,0.0,
2021-11-09,0.0,0.0,0.0,-0.05517409733124017,0.0,
2021-11-10,0.0,0.0,0.0,0.05006910688856915,-0.0014620009515982336,
2021-11-11,0.0,-0.014539444576638031,0.0,0.0,0.018702564051044486,
2021-11-12,0.0,0.0,0.0,-0.059118917621443,0.0,
2021-11-15,0.0,0.0,0.0,0.06334751075621,0.0,
2021-11-16,0.0,0.05478117033644298,0.0,-0.04668276403357667,0.002024327579248392,
2021-11-17,0.0,0.0,0.0,0.08735758920066414,0.0,
2021-11-18,0.0,-0.013038296385397264,0.0,0.0003056661750940881,0.0,
2021-11-21,0.07900334535799428,0.0,0.0,0.0,0.0,
2021-11-22,0.0,0.0,0.0,0.015249453274097447,0.005302189228372302,
2021-11-23,0.0,0.0,0.0,-0.03027217913435069,0.0,
2021-11-24,0.0,0.0,0.0,0.02213732093841567,0.0,
2021-11-26,0.02468619675802434,0.02154288004070355,0.1470704098793907,0.09419648219701926,0.0,
2021-11-29,0.0,0.0,0.0,0.026110871410103983,0.0,
2021-11-30,0.0,0.0,0.0,-0.035701397819401764,0.0,
2021-12-01,0.0,0.030658720729267355,0.0,0.0,0.0005492070067474493,
2021-12-05,0.30268002000857513,0.0,0.0,0.0,0.0,
2021-12-06,0.0,0.0,0.0,0.0012074867536790296,0.0,
2021-12-09,0.0,0.0,0.0,-0.017836163813049515,0.0,
2021-12-10,0.0,0.0,0.0,-0.023009478284621653,0.0,
2021-12-13,0.0,0.0,0.0,0.0,-0.008545847791396336,
2021-12-14,0.0,0.0,0.0,-0.0435209535159235,0.0,
2021-12-15,0.0,0.0,0.0,-0.0007,-0.006690397564009009,
2021-12-17,0.0,0.0,0.0,0.01630406887313721,-0.004195214890264983,
2021-12-20,0.0,0.0,0.0,0.00321116349468991,0.0,
2021-12-21,0.0,0.0,0.0,-0.061064468327204774,-0.0047617956968814225,
2021-12-22,0.0,0.0,0.0,-0.03270355855223118,-0.007433229260346455,
2021-12-23,0.0,0.0,0.22149067728942282,-0.03814809281219229,0.0,
2021-12-24,0.0,0.0,0.0,0.07957133265207601,0.009790268386080445,
2021-12-28,0.0,0.0,0.0,0.1426590482386839,0.0,
2021-12-29,0.0,0.0,0.0,0.08476313106134009,-0.006051539828756103,
2021-12-30,0.0,0.0,0.0,0.07176596686895192,0.0,
2021-12-31,0.0,0.0,-0.05480649402289394,0.0,-0.009339504628471317,
2022-01-03,0.0,0.0,0.0,-0.006540634125990822,0.0,
2022-01-04,0.0,0.030880583635297,0.0,0.0,0.0,
2022-01-05,0.0,0.0,-0.009047383287764214,0.0523020120724346,0.0,
2022-01-06,0.0,0.0,0.0,0.13250116618075783,0.0,
2022-01-07,0.0,0.0,0.0,0.0232686264379972,0.0,
2022-01-10,0.0,0.0,0.0,-0.01394538393198072,0.0,
2022-01-11,0.0,0.0,0.0,-0.041696568420187013,-0.009124639336210032,
2022-01-12,0.0,0.0,0.0,-0.017266184524625725,-0.0001316449405597839,
2022-01-13,0.0,0.0,0.0,0.052499538914540976,0.015406921806696203,
2022-01-17,0.0,0.0,0.0,0.04663149388114372,0.0,
2022-01-18,0.1922651479650089,0.05176034778242307,0.0,0.0,0.0,
2022-01-19,0.0,-0.03477577077324753,-0.049611061750830375,-0.06239890468422277,0.0,
2022-01-20,0.0,0.0,-0.07857053510332557,-0.020952226272554563,0.0,
2022-01-24,0.0,0.0,0.0,-0.026707983322160494,0.0,
2022-01-25,0.0,-0.04049352601362661,0.0,-0.02774643756365004,0.0,
2022-01-26,-0.03428191854484706,0.0,0.0,0.0,-0.003222701525932876,
2022-01-27,0.0,0.0,0.0,0.06257853063621137,0.0027106585530777497,
2022-01-28,0.0,0.0,0.0,0.09056827340971946,0.023318658038733203,
2022-01-30,0.22211803936226784,0.0,0.0,0.0,0.0,
2022-01-31,0.0,0.0,0.0,-0.053525745682888495,0.0,
2022-02-01,0.0,0.0,0.0,-0.035591084292126804,0.0,
2022-02-03,0.20901988646308148,0.0,0.0,0.016965492105333997,0.008091574609479797,
2022-02-04,0.0,0.0,0.0,0.0,-0.008217569319363153,
2022-02-05,0.0,0.0,0.21224197816333099,0.0,0.0,
2022-02-07,0.0,-0.03397587476075972,0.08422874313186804,-0.031702335671418135,0.0,
2022-02-08,0.0,0.0,0.0,0.00014420306663174426,0.0,
2022-02-09,0.0,0.0,0.0,-0.03772878183727448,0.0,
2022-02-10,0.0,0.0,0.0,0.0,0.011685163795219562,
2022-02-11,-0.032933681393765464,0.0,0.0,0.0,0.0,
2022-02-14,0.0,0.0,0.0,-0.035672447894843015,0.0,
2022-02-17,0.058896451689225464,0.0,0.0,0.0,0.0,
2022-02-18,0.0,-0.0346770129120976,0.0,0.0,0.0,
2022-02-21,-0.053994634256189555,-0.051648758525946595,0.0,0.0,0.0,
2022-02-22,0.0,0.0,0.0,-0.032831430221272107,0.0,
2022-02-23,-0.016378599700941136,0.0,0.0,0.07795961199294527,0.0009405070419104758,
2022-02-24,0.0,0.02120981896050455,0.0,0.025224852315329192,0.0,
2022-02-25,0.0,0.0,0.0,-0.020658912768647345,0.0,
2022-02-27,-0.0442651798047378,0.0,0.0,0.0,0.0,
2022-02-28,0.0,0.0,0.0,-0.034013663430073476,0.0085029820564736,
2022-03-02,0.0,0.0,0.0,0.11836847410497046,0.0,
2022-03-03,0.0,0.0,0.0,0.12275840941584437,0.0,
2022-03-04,0.0,0.0,0.0,0.044644323548421475,0.0,
2022-03-07,0.0,0.0,0.0,0.03883037151960238,0.0,
2022-03-09,0.0,0.0,0.0,-0.05488244735191218,0.0,
2022-03-11,0.0,0.0,0.15713398203371262,-0.043228111423460266,0.0,
2022-03-14,0.0,0.0,0.0,-0.022543007419930552,0.0,
2022-03-15,0.0,0.0,0.0,-0.03775856706874001,0.0,
2022-03-17,0.0,0.0,0.0,-0.05593993266870452,0.0,
2022-03-21,0.0,0.0,0.0,-0.04934795918367345,0.0,
2022-03-23,0.0,0.0,0.0,0.05276202966087162,0.0,
2022-03-24,0.04508016441996289,0.0,0.10223136281515,-0.07360161331495603,0.0,
2022-03-25,0.0,0.0,0.0,0.10393467829880042,0.0,
2022-03-28,0.0,-0.03298736783350286,0.24706354395598573,-0.04191862967361404,0.0,
2022-03-29,-0.020695049433038844,0.0,0.0,0.151080840231281,0.0,
2022-03-30,0.0,0.0,0.0,-0.03374495052799498,0.0,
2022-03-31,0.0,0.0,0.0,-0.0378585918602193,0.0,
2022-04-01,0.0,0.0631901032795297,0.0,-0.009085845153920129,0.0,
2022-04-04,0.0,0.0,0.0,0.08408779654672205,0.0,
2022-04-05,0.0,0.0,0.0,-0.07095443781678692,0.0,
2022-04-06,0.0,0.0,0.0,-0.040296016801170356,0.0,
2022-04-07,0.0,0.0,0.0,-0.06258487921264537,0.0,
2022-04-08,0.0,0.0,0.0,-0.026026141806540195,0.0,
2022-04-18,0.0,0.0,0.0,0.03299140124092194,0.019443847746892146,
2022-04-19,0.0,0.0,0.0,-0.047434786553441716,0.0,
2022-04-20,0.0,0.0,0.0,0.08966270102589967,-0.005588421588167867,
2022-04-22,0.0,0.0,0.0,-0.06968890258939588,0.0,
2022-04-25,-0.018232325465815585,0.0,0.0,0.0,0.0,
2022-04-26,0.0,0.05585852935100009,0.14324108414077621,-0.0397535125578092,0.014260935104356526,
2022-04-28,0.0,0.0,0.0,0.09866192839418648,-0.017284599096887225,
2022-04-29,0.0,0.0,0.15234496300512237,-0.04140272769301885,0.0,
2022-05-01,-0.07541989203262318,0.0,0.0,0.0,0.0,
2022-05-02,0.0,0.0,0.0,0.13203809523809515,0.0,
2022-05-04,0.0,0.0,0.0,-0.005986948666651386,0.0,
2022-05-05,0.0,0.0,-0.043897224921714745,-0.02804038627137412,-0.014480174500361015,
2022-05-06,0.0,-0.05383011079822217,0.0,-0.043892092240177975,-0.01947437864617643,
2022-05-09,0.0,-0.029791706989321144,0.0,0.028055077871917494,0.020070615292785955,
2022-05-10,-0.02123999852526575,-0.045065192937300325,0.0,0.03174063549209241,0.0,
2022-05-11,0.0,0.0,0.0,-0.03058650693568732,0.0,
2022-05-12,0.0,0.0,0.0,0.11723177645426137,-0.008385448387528055,
2022-05-13,0.0,0.0,0.0,-0.027788778185724457,0.0,
2022-05-16,-0.11437260258508766,0.0,0.0,0.0,0.0,
2022-05-17,0.0,0.0,0.0,0.16549264491743346,0.0,
2022-05-19,0.0,0.0,0.0,-0.03846542480107597,0.017130559458442177,
2022-05-20,0.0,-0.04176804775938603,0.0,0.003601599194709114,0.0,
2022-05-25,0.0,0.0,0.0,0.08896300138004729,0.019745565933397775,
2022-05-26,0.0,0.0,-0.19118454176479424,-0.06312801924745606,0.0,
2022-05-27,0.0,0.0,0.0,0.11110479894386008,-0.020216970227123533,
2022-05-29,0.0,0.0,0.0,0.0,-0.021585445358976448,
2022-05-30,0.0,0.0,0.0,0.058166199810289136,0.0,
2022-05-31,0.0,0.0,0.0,-0.029156735057984023,0.02403803268723139,
2022-06-01,0.0,0.0,-0.10476067605106278,0.0,0.0,
2022-06-02,0.0,0.0,0.0,-0.05279791788988762,0.0,
2022-06-03,0.0,0.0,0.0,-0.056538677518710743,0.0,
2022-06-06,-0.07168711083170679,0.0,0.0,-0.05537441552257047,-0.019566423553131436,
2022-06-07,0.0,0.0,0.0,-0.03950466346479893,0.0,
2022-06-08,-0.12521381903371076,0.0,0.0,-0.028674475092630707,0.0,
2022-06-09,0.0,0.0,0.0,-0.02607926675094808,0.0,
2022-06-10,0.0,0.0,0.0,-0.05378348171483352,0.015930518442507483,
2022-06-11,0.0,0.0,0.16309611820248288,0.0,0.0,
2022-06-12,0.0,0.0,-0.0859774702826973,0.0,0.0,
2022-06-13,0.0,-0.03940598876178643,0.0,-0.001204332138839781,0.022439619720587348,
2022-06-14,0.08875612439652364,0.0,0.0,0.0,0.001407779529263133,
2022-06-15,0.0,0.0,0.0,-0.07298153599101978,0.0,
2022-06-16,0.0,-0.04731198394507902,0.0,-0.033275476215870535,0.0,
2022-06-17,0.0,0.0,0.0,0.015070145023990737,0.0,
2022-06-18,0.0,0.0,-0.2710380071801124,0.0,0.0,
2022-06-20,0.0,0.0,0.0,-0.019071025446459652,0.0,
2022-06-22,0.10385735710318192,0.0,0.0,0.0,0.0,
2022-06-24,0.0,0.0,0.22449115865123473,-0.061145759414249934,0.0,
2022-06-25,0.0,0.0,0.13955309161827925,0.0,0.0,
2022-06-28,0.0,-0.03284377105926639,0.0,-0.05899438526485834,0.0,
2022-06-29,0.0,0.0,0.0,-0.026509667142270838,0.0,
2022-06-30,-0.08396194687991226,0.0,0.0,0.0,0.0416267720912995,
2022-07-01,0.0,0.0,0.0,-0.05387048928051503,0.0,
2022-07-03,0.0,0.0,0.0,0.0,-0.01754839906809878,
2022-07-04,0.0,0.0,0.0,-0.03390320815236144,0.0,
2022-07-05,-0.037473386454769636,0.0,0.0,0.0,-0.006201409357208295,
2022-07-06,0.0,0.0,0.0,-0.002230493880077164,0.0,
2022-07-07,-0.10202990896607844,0.0,0.0,0.0,0.0,
2022-07-11,0.0,0.0,0.0,-0.01198495583959173,-0.01941117747661021,
2022-07-13,0.0,0.0,0.0,-0.02797804981903345,-0.02109838944400544,
2022-07-14,0.0,0.0,0.0,0.007310089776771295,0.0,
2022-07-15,0.0,0.0,0.0,0.11477299525677505,0.0,
2022-07-16,0.0,0.0,-0.13059301447451221,0.0,0.0,
2022-07-18,0.0,0.0,0.0,-0.03316648127970442,0.0,
2022-07-19,0.0,0.0,0.0,-0.037137246963562714,0.0,
2022-07-20,0.0,0.0,0.0,0.1256213006556427,0.0,
2022-07-21,0.0,0.0,0.0,0.0758695135692001,0.0,
2022-07-22,0.0,0.0,0.0,0.1812549592061441,0.0,
2022-07-25,0.0,0.0,0.0,0.15786249620591272,0.0,
2022-07-26,0.0,0.0,0.0,0.12199680185371045,0.0,
2022-07-27,0.0,0.0,0.0,0.0,0.01886848883407042,
2022-07-28,0.0,0.0,0.0,0.05236750263313263,0.02260949793317892,
2022-07-29,0.0,0.0,0.0,0.04705810677624904,0.0,
2022-07-30,0.0,0.0,-0.14794480578139116,0.0,0.0,
2022-08-01,-0.0650870000883224,0.0,0.0,0.06959484810207581,0.0,
2022-08-02,0.0,0.0,0.0,0.05361574488678324,0.0,
2022-08-03,0.0,0.0,0.0,-0.05145949930954608,0.0,
2022-08-05,0.0,0.0,0.0,0.13825027716948426,0.0,
2022-08-07,0.22571214818284735,0.0,0.0,0.0,0.0,
2022-08-08,0.0,0.0,0.0,0.04218865858685817,0.0,
2022-08-10,0.0,0.08364608461750114,0.0,0.0,0.03083116233994392,
2022-08-11,0.0,0.0,0.0,0.0,0.04342985184721271,
2022-08-12,0.0,0.0,-0.09179629681337474,-0.03427084495606687,0.0,
2022-08-16,-0.08411208525901914,0.0410653358333359,0.0,0.013934644828594555,0.0,
2022-08-17,0.0,0.0,0.0,-0.01555722186521062,0.0,
2022-08-18,0.0,0.0,0.0,-0.030483292648778224,0.0,
2022-08-19,0.0,0.0,0.09536997752984205,0.0,0.019963536918869634,
2022-08-22,0.0,0.0,0.0,0.0,-0.0068468221914062865,
2022-08-23,0.0,0.0,0.0,-0.03857381693609009,0.0,
2022-08-25,0.0,0.0,0.0,-0.03535295892793213,0.0,
2022-08-26,0.0,0.0,0.0,-0.03493491942985747,0.0,
2022-08-28,0.0,0.03901750835940661,0.0,0.0,0.015034355235233608,
2022-08-30,0.0,0.017212078198874603,0.0,-0.02670892657032005,-0.00569556479365692,
2022-09-01,0.0,0.0,0.0,-0.03908588982338546,0.0,
2022-09-02,0.0,0.08315270955678873,0.0,0.013577310707082627,0.0,
2022-09-04,0.0,0.0,0.0,0.0,-0.008602492533524285,
2022-09-05,0.0671345657166694,0.0,0.0,-0.020871270171270193,0.0,
2022-09-06,0.0,0.0,-0.10302595847179945,-0.04197028951474737,0.04421394757029734,
2022-09-07,0.0,0.0,0.0,-0.04798084303536104,0.0,
2022-09-08,0.0,0.0,0.0,-0.03229001983891954,0.0,
2022-09-09,0.0,0.0,0.08631083228776125,-0.042710439770467776,0.0,
2022-09-12,0.0,0.0,0.0,-0.021414285714285684,0.0,
2022-09-13,0.0,-0.024806778263703255,-0.03983238943325406,-0.032940083127802146,-0.011728441560496657,
2022-09-14,0.06721128124680278,0.0,0.0,-0.022425058470552112,0.0,
2022-09-15,-0.027494972061981003,-0.03384159153765653,0.0,-0.014578361747841991,0.0,
2022-09-16,0.0,0.0,0.0,-0.02833936097840246,-0.017116938539929835,
2022-09-17,0.0,0.0,-0.09773421386954045,0.0,0.0,
2022-09-20,0.0,0.0,0.0,-0.03249551133602611,0.012003465543131562,
2022-09-21,0.0,0.0,0.0,0.0,0.0010686229794228362,
2022-09-22,0.0,0.0,0.0,0.009256476361305138,0.0,
2022-09-23,0.1072469119807677,-0.030659391566981,0.0,0.05428556424013825,-0.013972013949508415,
2022-09-24,0.0,0.0,0.014443059763623377,0.0,0.0,
2022-09-25,0.0,-0.09422833934884818,0.0,0.0,0.0,
2022-09-26,0.0,-0.0560910775372803,0.0,0.0470854586688029,0.0,
2022-09-27,0.0,0.0,0.0,0.06091596064103028,0.0,
2022-09-28,0.0,0.0,0.0,0.08316404603828483,0.0,
2022-09-30,0.0,0.0,0.0,-0.026028886418380633,0.0,
2022-10-03,-0.04286686674669862,0.0,0.0,0.018070651061743707,0.0,
2022-10-04,0.0,0.0,0.06548336109954182,0.0,0.0,
2022-10-06,0.0,0.0,0.0,-0.032578714505833106,0.0,
2022-10-07,0.145315731996759,0.0,0.0,0.0,0.0,
2022-10-08,0.0,0.0,-0.053989359486200345,0.0,0.0,
2022-10-09,0.0,0.0,0.0,0.0,-0.022554191855772694,
2022-10-10,0.0,0.0,0.0,-0.03309202657807308,-0.015858532653414494,
2022-10-11,0.0,-0.05349254251124081,0.0,0.0,-0.02028438843288389,
2022-10-13,0.0,0.0,0.0,7.336767458002852e-05,0.0,
2022-10-14,0.0,0.0,0.0,-0.026226064979067255,-0.02274529699217428,
2022-10-16,-0.07800745774614631,0.0,0.0,0.0,0.0,
2022-10-17,0.0,0.0,0.0,0.08288167875175571,0.0,
2022-10-19,-0.022768999848513195,0.0,0.0,-0.049000344234079146,0.0,
2022-10-20,0.0,0.0,0.0,0.05799861458096765,0.0,
2022-10-21,0.0,0.0,0.0,0.009021525240527012,0.0,
2022-10-24,0.0,0.0,0.0,0.039004982519042206,0.0,
2022-10-25,0.0,0.0,0.0,-0.03681190002840101,0.0,
2022-10-26,0.0,0.0,0.10274929944915762,0.0,0.0,
2022-10-27,0.0,0.0,0.0,-0.01344621253631883,0.0,
2022-10-28,0.0,0.0,-0.056442195575770064,0.015374627242693117,0.0,
2022-10-31,0.0,0.0,0.0,-0.04397048025875118,0.0,
2022-11-01,0.0,0.0,0.0,0.014829128880827911,0.0,
2022-11-04,-0.050483108678564224,0.0,0.041810754622440466,0.0064294668247447855,0.0,
2022-11-05,0.0,0.0,0.11114149615776318,0.0,0.0,
2022-11-07,0.0,0.0,0.0,0.09713998103712052,0.0,
2022-11-08,0.0,0.0904892776558249,0.07847069376297132,0.0,0.0,
2022-11-09,0.0,0.0,0.1487321490783845,0.0,0.0,
2022-11-10,0.0,0.07317487912695617,0.0,-0.021036604290278423,0.035035276389397275,
2022-11-11,0.05425218625054122,0.0,0.0,0.012518257695651817,0.05595004876532596,
2022-11-14,0.0,0.0,0.0,-0.024457305194805087,0.0,
2022-11-15,0.0,0.0,0.0,0.02617632445647248,0.0,
2022-11-16,0.0,0.0,0.0,-0.03462951875710505,0.0,
2022-11-21,0.0,0.0,0.0,-0.029173976062369565,0.0,
2022-11-22,0.08696452416838837,0.0,0.0,0.09774963520828446,0.0,
2022-11-23,0.12266786533162916,0.0,0.0,-0.0310013284758746,-0.0163945690150656,
2022-11-24,0.0,0.0,0.0,0.025580945298836134,0.0,
2022-11-25,0.0,0.0,0.0,-0.028071552591519153,0.0,
2022-11-26,0.0,0.0,-0.15806732403399082,0.0,0.0,
2022-11-27,0.0,0.0,0.16102728698652824,0.0,0.0,
2022-11-28,0.0,0.0,0.0,0.016290123758607528,0.0,
2022-11-29,0.0,0.0,0.0,-0.024559861069163393,0.0,
2022-11-30,-0.056335113847916264,-0.025332895405370724,0.0,0.0,-0.022409008380394103,
2022-12-01,-0.02264374405951429,0.0,0.0,0.0,-0.015309711577074255,
2022-12-02,0.09066923130550317,0.0,0.0,0.0,0.0,
2022-12-06,-0.05094666326074454,0.0,0.0,0.0,0.0,
2022-12-13,0.035297483635334435,0.0,0.0,0.0,-0.02094138678135334,
2022-12-14,0.0,0.0,0.07584104586619923,0.0,0.0,
2022-12-15,0.0,0.0,0.13157368000798483,0.0,0.0,
2022-12-16,0.0,0.017788380441806532,-0.0581499796757147,0.0,0.0,
2022-12-19,0.0,0.0,0.0,0.0,-0.025800035676991788,
2022-12-20,0.045256980098432674,0.0,0.0,0.0,0.0,
2022-12-28,0.0,0.0,-0.07359951338649692,0.0,0.0,
2022-12-29,0.0,0.0,-0.051700716766830204,0.0,0.0,
2022-12-30,0.0,0.0,0.0,0.0,-0.01409726920992627,
2023-01-02,-0.017487162958218696,0.0,0.0,0.0,-0.02533572599242428,
2023-01-04,0.0,0.0,0.0,-0.03192889443547199,0.0,
2023-01-06,0.0,0.00011856484094577985,0.0,0.0,-0.006433010083922339,4.401304020777533e-05
2023-01-08,0.0,0.0,0.04300491958514333,0.0,0.0,0.004595532037956089
2023-01-10,0.0,0.0,0.07496026410564222,0.0,0.0,0.008010299719061328
2023-01-11,0.0,0.0,0.11155820693060019,-0.019957394587791125,0.0,0.007288131985092083
2023-01-12,0.0,0.0,0.10524186298658336,0.025968465919877518,-0.02041307511116027,0.017274707511092696
2023-01-13,-0.04547329393295781,0.0,0.0,0.0,0.0,-0.01317714186218748
2023-01-14,0.0,0.0,0.6005341366864594,0.0,0.0,0.06417344554185211
2023-01-16,0.0,0.0,0.0,-0.02973788262644929,0.0,-0.006903555814204837
2023-01-18,0.22478606402668083,0.0,0.0,0.0,-0.017945645077744134,0.06513796556478453
2023-01-19,-0.11436175308574696,0.0,0.0,0.035755719304649346,0.0,-0.02483889639441226
2023-01-20,0.0,-0.0034185920625246693,-0.06927370448179271,-0.028132831028246742,0.0,-0.015202611059695816
2023-01-23,0.0,0.0,0.0,-0.030640066627690466,-0.020977909476706465,-0.007112994989329955
2023-01-24,0.0,0.0,0.0,0.06443909420776786,-0.018794383373198276,0.014959332816939204
2023-01-25,0.0,-0.0012979926703666697,0.0,-0.026066290149503055,0.0,-0.006533041451700082
2023-01-27,0.0,0.09685961395053412,0.0,-0.0038124117398715455,0.0,0.035070696310157495
2023-01-29,0.0,0.0,-0.0654730578993308,0.0,0.0,-0.006996491055020441
2023-01-30,0.0,0.0,0.0,-0.03420550839464931,0.0,-0.007940701068800632
2023-01-31,0.0,0.0,-0.07818687642378423,0.05919557090304302,0.0,0.0053869679053852905
2023-02-01,0.0,0.0,-0.0651678811121764,0.06096097325149802,0.023418341671747826,0.00718801831202627
2023-02-02,0.0,-0.0211114124834664,0.0,-0.031957971938775566,0.0,-0.015255814256302687
2023-02-03,0.0,0.0,0.0,-0.01859458343987926,0.0,-0.004316673995643607
2023-02-06,0.0,0.0,0.0,-0.004959543271081002,0.0,-0.001151342353958299
2023-02-08,0.0,0.0,0.0,-0.03740378042465047,0.0,-0.008683169849966829
2023-02-09,0.0,0.0,0.0,0.07340567130073711,0.0,0.0170408954554516
2023-02-10,0.0,0.0,0.05597882552671851,0.0,0.0,0.005981931570546654
2023-02-14,0.0,0.0,0.0,-0.03189227216748767,0.0,-0.007403690562496209
2023-02-15,0.04506369139208483,0.0,-0.05832718036488103,-0.029584711779448578,0.0,-4.242766877706871e-05
2023-02-16,0.0,0.0,-0.03945057876553761,0.03767149707206873,0.03082162011365176,0.004529606424970587
2023-02-17,-0.11166170395869188,0.0,0.0,-0.04451074880630372,0.0,-0.04269009047741118
2023-02-20,0.0,0.0,0.0,-0.04571415801454666,0.0,-0.010612397840057108
2023-02-22,0.0,0.0,0.0,-0.06287856165718092,0.0,-0.014597060099066597
2023-02-23,0.0,0.0,0.0,-0.05128006892869283,0.0,-0.011904506533045377
2023-02-24,0.1075778514830998,0.0,-0.0473369997712435,-0.008580267980635393,0.030261596283396353,0.024123308363674177
2023-02-27,0.0928217838406256,0.0,0.0,-0.03452898705584138,0.0,0.0188818778871594
2023-03-02,0.0,0.0,0.0,-0.030924840612791174,0.0,-0.00717910437328548
2023-03-03,0.0,-0.02153660129497699,0.1061198133524767,0.0,0.0,0.003345320092438618
2023-03-06,0.0,0.0,0.0,-0.018373964208002035,0.0,-0.004265457935640841
2023-03-07,-0.0295995456839979,0.0,0.0,0.0,0.0005493145032037901,-0.008577285232720978
2023-03-08,0.0,0.0,0.0,-0.024117827765653885,0.0,-0.00559887777448837
2023-03-09,0.0,0.04254412040067417,0.14940587352989104,0.002923174636088975,0.0,0.032437221973551915
2023-03-10,0.0,0.0,0.0,0.0,0.0028414673692831426,0.0
2023-03-12,0.0,0.0,0.0,0.0,-0.0156335792402228,0.0
2023-03-13,0.03737285546415984,0.021394580055162954,0.0,-0.035697223981998844,0.0,0.010484805851039435
2023-03-14,-0.05194394190951165,0.0,0.0,-0.03099362319948043,0.0,-0.02224726272072112
2023-03-15,0.0,0.0,0.0,-0.025245157421813647,0.0,-0.005860583804472673
2023-03-16,0.0,0.0,0.053236806941029016,0.03369309744419571,0.0,0.013510664265707613
2023-03-17,0.10023455670058494,0.0,-0.02212197318011346,0.0,0.0,0.02668176141921261
2023-03-20,0.0,0.0,0.0,0.09363370247323738,0.0174267894267895,0.021736769198884443
2023-03-21,0.0,0.0,-0.04471268834258524,0.027056696428571482,0.0,0.0015031016277752786
2023-03-22,0.0,0.0,0.0,-0.025147384429358922,0.0,-0.005837886112138227
2023-03-24,0.0,0.0,0.0,-0.04284968434264098,0.0,-0.009947419296671072
2023-03-28,0.0,0.0,0.0,-0.006894877606046646,0.0,-0.0016006241259126728
2023-03-29,0.0,0.0,0.0,-0.017661466165413472,0.002099679299280473,-0.004100053758540921
2023-03-30,0.0907196485979346,0.0,0.0,0.0,0.0,0.026288521808541555
2023-04-01,-0.032106810035842315,0.0,0.0882790591329264,0.0,0.0,0.00012972003785084903
2023-04-03,0.0,0.0,0.0,0.07079794830864114,0.0,0.016435520773936514
2023-04-04,0.06754740851285271,0.0,0.0,0.0,0.0,0.019573725750090937
2023-04-05,0.0,0.0,0.0,0.03084658743913512,0.0,0.007160938145421875
2023-04-09,0.0,0.0,0.028173020800993515,0.0,0.0,0.0030105862525946054
2023-04-10,0.0,0.0,0.0,0.01658555670354585,0.0,0.0038502847647515657
2023-04-11,0.0,0.0,-0.09158893269971774,0.03308094339573265,0.0,-0.0021076125811491106
2023-04-12,0.0,0.0,0.16239523809523806,0.0,0.0,0.017353654574347607
2023-04-13,-0.01939331005293658,0.0,-0.09092254522426907,-0.059816658821237885,0.0,-0.029222034642660294
2023-04-16,0.0,0.0,-0.09181443166417619,0.0,0.0,-0.009811346383849897
2023-04-17,0.0,0.0,0.0,0.01850669200612293,0.0,0.004296270276046313
2023-04-18,0.0,0.0,0.0,0.06789359914208995,0.0,0.01576128526002698
2023-04-19,0.0,0.0,0.0,-0.02941020599250942,0.0,-0.006827486715411547
2023-04-20,0.0,0.0,0.03812169131111805,0.0,0.0,0.004073707274686708
2023-04-21,0.0,0.0,0.0,-0.0193584883260783,0.0,-0.004494012109619764
2023-04-24,0.0,0.0,0.0,-0.022756321010443784,0.0,-0.005282808268327562
2023-04-25,0.0,0.0,0.0,0.10645271661254915,0.0,0.024712662967296507
2023-04-26,0.05898613781229786,0.0,0.0,0.0,0.0,0.017092861295712
2023-04-27,0.0,0.0,0.0,0.024743766739356264,0.0,0.005744187536300299
2023-04-28,0.0,0.0,0.0,0.036954526155709655,0.0,0.008578876886027148
2023-05-01,0.0,0.0,0.057072082059516825,0.0,0.0,0.006098757633021495
2023-05-02,0.0,-0.009374579004042568,0.0,-0.011373139100790089,0.0,-0.006120222204747957
2023-05-03,-0.020776529911682863,0.0,0.0,0.0,0.0,-0.0060205729203136014
2023-05-04,-0.033021564280285874,0.0,0.0,-0.005508583863537564,0.0,-0.0108477099585426
2023-05-05,0.0,0.0,0.05238671631035313,0.08179548501038668,0.0,0.024586640870923417
2023-05-08,0.0,0.0,0.09473109173577639,0.008240193858653969,0.0,0.01203595752279042
2023-05-09,0.0,0.0,0.0,0.061840400775694825,0.0,0.014356054319351502
2023-05-10,0.0,0.0,0.0,0.0857030374757437,0.0,0.01989569029149569
2023-05-11,0.0,0.0,0.0,0.06158711170630872,0.0,0.014297254059440606
2023-05-12,0.0,0.0,0.0,0.10598077051553265,0.0,0.02460310216692023
2023-05-15,0.0,0.0,0.0,0.05208417687222982,-0.005772202766609289,0.012091177660192668
2023-05-16,0.0,0.06586903277397338,0.0,0.03369536652771382,0.0,0.03227384222863266
2023-05-19,0.0,0.0,0.0,0.051982144966115876,0.0,0.012067491274462541
2023-05-22,0.0,0.0,0.0,0.14538635516403872,0.0,0.03375098456424935
2023-05-23,0.0,-0.012007885528470963,0.0,0.0,0.0,-0.004457506494835536
2023-05-24,0.0,0.0,-0.05950870575564881,-0.021940299477490106,-0.005621673471813029,-0.01145250817199838
2023-05-25,0.09136999842345887,0.0,-0.02230748692540609,-0.017454492855827466,0.0,0.02004118135073194
2023-05-26,0.0,0.0,0.0,-0.019562487643436217,0.03089247363797993,-0.004541369908799034
2023-05-28,0.0,0.0,0.03799612063290381,0.0,0.0,0.004060288715128215
2023-05-29,-0.010622118168349664,0.0,0.0,0.008907775014221247,0.0,-0.0010101399611391034
2023-05-30,0.0,0.0,0.0,-0.034580336993651144,0.0,-0.008027716347812726
2023-05-31,0.0,0.0,-0.020552640196479673,-0.009067813178893885,-0.008283215365241401,-0.004301331992474753
2023-06-01,-0.04214815821065274,0.0,0.0,0.029801628142595862,0.0,-0.005295237886458707
2023-06-02,0.0,0.0,0.0,0.0,-0.007119912845381032,0.0
2023-06-05,0.0,0.0,-0.005494415748529142,-0.01298341923380642,0.0,-0.0036011965244396585
2023-06-06,0.0,0.0,0.0,0.06020225563909766,0.0,0.01397576408402021
2023-06-07,0.0,0.0,0.14125624195624195,-0.0012660055475591306,0.0,0.014800829302417232
2023-06-08,0.0,0.0,0.0,0.08505686608473485,0.0,0.01974568363771314
2023-06-09,0.0,0.0,0.0,0.034456572750557676,0.0,0.007998984868482766
2023-06-12,0.0,0.03356173423637457,0.0,0.0,0.0,0.012458617129708222
2023-06-13,0.0,0.0,0.0,-0.030131904941607186,0.0,-0.006995026853986109
2023-06-14,0.0,0.0,0.04022306101605478,-0.021489796612640544,0.0,-0.0006905276893772625
2023-06-15,0.0,0.0,0.0,-0.009671348631478767,0.02810149077714388,-0.002245173132019292
2023-06-16,0.0,0.0,0.0,-0.02080629552881083,0.01579547582168812,-0.004830115992933303
2023-06-19,0.0,0.0,0.0,-0.021153304210656983,0.0,-0.004910672965776012
2023-06-20,0.0,0.0,0.05461064447035221,0.08576034204786137,0.0,0.025744720272626653
2023-06-21,-0.027584722534125566,0.0,0.07830785695608328,0.0,0.0,0.00037459091958039724
2023-06-22,0.16604083963803595,0.0,0.0,0.0,0.0,0.04811491558216238
2023-06-23,0.0,0.0,0.0,-0.02155997718710033,0.0,-0.005005080816740775
2023-06-28,0.0,0.0,0.0,-0.032674543173189276,0.008362491544814507,-0.0075852923132843425
2023-06-29,0.0,-0.010227181791385343,0.0,0.0,0.0,-0.0037964826655679206
2023-06-30,0.0,0.0,0.0756862905122739,-0.004518708517921188,0.0,0.007038879391309911
2023-07-03,0.0,0.0,0.0,-0.016072152179548476,0.0,-0.0037310995210944136
2023-07-04,0.0,0.0,0.10818487719621002,0.025691139874656443,0.0,0.017524819443320308
2023-07-05,0.0,0.0,0.0,-0.023146680113317646,0.0,-0.005373428904911682
2023-07-06,0.0,-0.02040173436486751,0.0,-0.017289912734571884,0.0,-0.011587227378723006
2023-07-07,0.0,0.0,0.0,0.0,-0.006888639716361184,0.0
2023-07-10,0.0,0.0,0.0,-0.04085955648705298,0.0,-0.009485417381435995
2023-07-11,0.0,0.0,0.0,0.0,-0.0075637882585251,0.0
2023-07-12,0.0,-0.016258809653410068,0.0,-0.03301583205009326,0.012662464214646488,-0.013700034486294761
2023-07-13,0.08271758368765525,0.0,0.023549807749892255,-0.021745521999974628,0.008278757249116076,0.021438095078962317
2023-07-14,0.0,0.03768971656934539,0.0,0.04437137204858739,0.0,0.024291660146106064
2023-07-17,0.0,0.0,0.0,-0.027253621213926233,0.0,-0.006326842349636428
2023-07-20,0.0,0.0,0.0,-0.01199119185172618,0.0,-0.0027837174309647246
2023-07-21,0.0,0.0,-0.11428079083599507,0.12031140346288635,0.0,0.01571779820121942
2023-07-24,-0.04000267336807371,0.0,0.0,0.0,0.0,-0.011591878578556487
2023-07-25,0.0,0.0,0.0,0.015391136026569954,0.0,0.0035730037655384763
2023-07-26,0.0,0.0,0.0,0.0647636061612805,-0.0075175814404656255,0.01503466724513614
2023-07-27,0.0,0.0,0.0,0.01511913133210132,0.0,0.0035098587321957253
2023-07-28,0.0,-0.01482585390377078,0.0,0.016956323248313043,0.0,-0.0015672214029159
2023-07-31,0.0,0.0,0.0,0.0536251550964264,0.0,0.01244891090276568
2023-08-01,0.0,0.0,0.0,-0.039276812634601505,0.0,-0.009117988379773647
2023-08-02,0.0,-0.01593384494303577,0.0,0.0,0.0,-0.005914881279712564
2023-08-03,0.0,0.0,0.0,0.04859584958261736,0.0,0.01128137346382279
2023-08-04,0.0,0.0,0.0,0.016708736077812363,0.0,0.0038788804686249595
2023-08-06,0.0,0.0,0.06456263859796113,0.0,0.0,0.006899203091043796
2023-08-07,0.0,0.0,0.0,-0.01683995301181232,0.0,-0.003909342066682107
2023-08-08,0.0,0.0,0.0,-0.03376931259293155,0.0,-0.007839439586908773
2023-08-09,-0.04764007388517325,0.0,0.0,-0.025405340867265373,0.0,-0.01970279603781018
2023-08-10,0.0,0.0,0.0,-0.03037479674796744,0.0,-0.007051413422024066
2023-08-13,0.0,0.0,0.0,0.0,0.02951343718177351,0.0
2023-08-14,0.06666247905212713,0.0,0.0,0.0,0.0,0.019317293017085017
2023-08-15,0.05568560001269696,0.0,0.09149906772689877,0.0,0.0,0.02591408578240563
2023-08-16,0.0,0.0,0.0,-0.006890199038827938,0.04037548153970459,-0.0015995380112645461
2023-08-17,0.0,-0.016037417318605068,0.07381837193352248,0.052802895578099605,0.0,0.014192973474276793
2023-08-18,0.0,0.0,0.0,-0.028303790322639057,0.0,-0.006570635801491153
2023-08-22,0.0,0.0,0.0,-0.058973237179487104,0.0,-0.01369045131850868
2023-08-23,0.06517716053639601,0.0,0.0,0.0,0.0,0.01888688098620864
2023-08-24,0.0,0.006349977850540648,0.0,0.0,0.0018459705494823894,0.002357206640897333
2023-08-27,-0.04369923446767958,0.0,0.0,0.0,0.0,-0.012663059172677611
2023-08-29,0.0,0.0,0.0,-0.02787646139418575,0.0,-0.006471432736307962
2023-08-31,0.0,0.0,0.0,0.038854051709179244,0.0,0.009019845762110556
2023-09-01,0.0,0.0,0.0,-0.03341891138695991,-0.0056480663882680585,-0.007758095050272585
2023-09-04,0.0,0.0,0.0,0.013558621159644254,0.0,0.003147591209335505
2023-09-05,0.07337399780863678,0.0,0.0,0.0,-0.01057869122231415,0.021262140797315025
2023-09-06,0.0,0.0,0.0,0.0,0.028326452630773092,0.0
2023-09-07,0.0,0.0,0.0,-0.00584782580898386,0.0,-0.0013575543481418304
2023-09-08,0.0,0.0,0.0,-0.030653137402560385,0.0,-0.007116029328559243
2023-09-10,0.0,0.0,-0.027158660387231862,0.0,0.0,-0.0029021910777066035
2023-09-11,0.0,0.0,-0.0633621405589456,0.14609929866684143,0.0,0.027145575017982673
2023-09-12,-0.041448251825747795,0.0,0.0,-0.02408242155230248,0.0,-0.017601433164432773
2023-09-13,0.0,0.0,0.0,0.052300436217581965,0.0,0.012141381586266882
2023-09-14,-0.032294681720173087,0.0,0.0,0.0,0.0,-0.009358275277975526
2023-09-15,0.0,0.0,0.0,-0.024242136848604774,0.0,-0.005627735736675657
2023-09-18,0.0,0.0,0.0,0.05667191473448025,0.0,0.013156206559217825
2023-09-21,0.0,-0.0116038965834237,0.0,0.0,0.0,-0.004307539763214034
2023-09-22,0.0,0.0,0.0,0.0,-0.008755379646360468,0.0
2023-09-24,0.0,0.0,-0.021518042303329543,0.0,0.0,-0.002299431175618504
2023-09-25,0.0,-0.02207239191782941,0.0,-0.021749621081525075,0.0,-0.013242707670639446
2023-09-26,0.0,0.04626636741031691,0.0,0.0,0.0,0.01717476675930601
2023-09-27,-0.02129127486911936,0.0,0.0,0.010424029266822003,0.024039766940088792,-0.00374982890585642
2023-09-28,0.0,0.0,0.0,0.023240297198965545,0.0,0.005395161816566886
2023-09-29,0.06735164431292068,0.0,0.0,-0.027646198229767674,0.0,0.013099019802843555
2023-09-30,0.0,0.0,0.0987924615614272,0.0,0.0,0.010557022931184048
2023-10-01,0.0,0.0,0.05032548990846958,0.0,0.0,0.005377812664951574
2023-10-02,0.0,0.0,0.0,0.0,-0.003240390909645905,0.0
2023-10-03,0.0,0.0,0.05952548879691759,0.0,-0.011247702615895274,0.006360930179154044
2023-10-04,0.07775077736033464,0.0,0.0,0.006846428394958108,0.0,0.024119810254310484
2023-10-05,0.11590796532108887,0.0,-0.020899335548172686,0.0,0.0,0.031354215918426
2023-10-06,0.0,0.0,0.0,0.06905683890577499,0.0,0.016031327708400885
2023-10-09,0.0,0.0,0.0,0.09797994182794496,0.0,0.02274573497980494
2023-10-10,0.0,0.0,0.0,-0.02805018110568631,0.0,-0.006511761220330729
2023-10-11,0.0,0.0,0.0,-0.02341627083153518,0.0,-0.005436013541268777
2023-10-12,0.0,0.0,0.060511441258496154,-0.023424043783022597,-0.005303318019182826,0.001028471655396713
2023-10-13,0.038416030043938745,0.0,0.0,-0.02852429504312024,-0.009028622523190267,0.004510279610108974
2023-10-16,0.0,0.0,0.01065640660223188,0.0,0.0,0.001138750134227932
2023-10-17,0.0,0.0,0.0,-0.026518639798488664,0.0,-0.00615621872832441
2023-10-18,0.0,0.0,0.0,0.07693532158777332,-0.01030702601440735,0.0178602926555571
2023-10-19,0.0,-0.01567115315958356,0.0,0.00220860991732968,0.0,-0.005304644327403304
2023-10-20,0.0,-0.025183280674038896,0.0,0.038055973040270745,-0.006285931486672757,-0.0005138356889642422
2023-10-22,0.0,0.0,0.05961875290832938,0.0,0.0,0.006370896439203335
2023-10-23,0.0,0.0,0.043846141381756146,0.0119598474478363,0.0,0.007461866440503878
2023-10-24,-0.038038929452326654,0.0,0.0,0.0,0.0,-0.011022829584723826
2023-10-25,0.0,-0.0175191495161456,0.0,-0.030590206188762757,0.005944179624909397,-0.013604790065661737
2023-10-26,0.0,0.0,0.0889591526344378,0.0036500763142815152,0.0,0.010353583241637009
2023-10-27,0.0,-0.011671357513045988,0.0,0.0,0.0,-0.004332582268093515
2023-10-30,-0.057365835789309094,0.0,0.0,0.060684241113538984,0.0,-0.0025356785741585553
2023-10-31,0.0,0.0,0.0,-0.04077357183168086,-0.003725922537679345,-0.009465456314436602
2023-11-01,-0.06394068444230767,0.0,0.0,0.039581675263231704,0.0,-0.00933981663533929
2023-11-02,0.0,0.0,0.0,-0.03353141646489115,0.0,-0.007784212749862567
2023-11-03,0.0,0.0,0.0,-0.032528114777733375,-0.00646998573524588,-0.007551299422347475
2023-11-05,0.0,0.0,-0.109712653464415,0.0,0.0,-0.011723961324161439
2023-11-06,0.0,0.0,0.0,-0.03887469182864474,-0.00529724671984814,-0.00902463730085364
2023-11-07,-0.03473871218096614,0.0,0.0,-0.03055670290993659,0.0,-0.017160142917645643
2023-11-08,0.0,0.0,0.0,0.09648741297688664,0.0,0.02239924910665041
2023-11-10,0.0,0.0,-0.05979563041272839,0.0,-0.008782472034760125,-0.006389797677622117
2023-11-11,0.0,0.0,-0.11475362841394175,0.0,0.0,-0.012262642993760172
2023-11-12,0.0,0.0,0.0,0.10516121240949203,0.0,0.024412844333196612
2023-11-13,0.0,0.0,0.0,-0.044620693277310865,0.0,-0.010358553444368422
2023-11-14,0.0,0.048351651775565,0.0,0.0,-0.007609401385748286,0.017948855467899486
2023-11-15,0.0,0.0,-0.046596358305478446,0.04271479779139618,0.0,0.004936790429945122
2023-11-16,-0.05068826011222971,0.0,0.0,0.005687424537209013,0.0,-0.013368004534223786
2023-11-17,0.0,0.0,-0.13771979963713815,-0.034680881665289924,0.012861346086655623,-0.022767879589159608
2023-11-20,0.0,0.0,0.0,-0.030860114773950818,0.0,-0.007164078473604976
2023-11-21,0.0,0.0,0.12086395537745043,0.02731342691486121,0.0,0.019256322329111293
2023-11-22,0.0,0.0,0.0,-0.0339614346958011,0.0,-0.007884040128143095
2023-11-23,0.0,0.0,0.0,0.06559116117850958,0.0,0.015226781536611785
2023-11-27,0.11182405963527223,0.0,0.0,0.0,0.03598023928534991,0.032404107333683305
2023-11-28,-0.03184635779650395,0.0,0.0,0.011556429188589802,0.0,-0.006545572400831572
2023-11-29,0.0,0.0,0.0,-0.0242510849941815,0.00825185379618079,-0.00562981302049571
2023-11-30,0.0,-0.013957817501338801,0.0,0.006928592174659768,0.0,-0.0035728995164812745
2023-12-01,0.0,0.05840338916908067,0.0,-0.03126072872348883,0.0,0.014423130811449584
2023-12-02,0.0,0.0,-0.06147846493833236,0.0,0.0,-0.006569626405395471
2023-12-04,-0.05447466713068581,0.0,-0.05434262378191129,0.016567802495409345,0.0,-0.017746461029856303
2023-12-05,-0.06307641778370833,0.0,0.0,0.03095842031581856,0.0,-0.011091233002950649
2023-12-06,0.0,0.0,0.0,0.034076253795223034,0.0,0.00791069502053584
2023-12-07,0.0,0.0,-0.1324836308997703,0.0,0.0,-0.014157281915136372
2023-12-08,0.0,0.0,0.0,0.014151134967018003,0.0,0.0032851414240321485
2023-12-11,0.0,-0.008834134100393276,0.0,0.0,0.0,-0.003279362551831836
2023-12-12,0.0,0.0,0.06632186463579404,-0.019647493118052778,0.0,0.0025260914005177616
2023-12-13,0.0,0.0,0.0,-0.020474515593029576,-0.008241213478342302,-0.0047530943255378565
2023-12-14,0.0,0.0,0.0,-0.005645397773791078,-0.005827010524975456,-0.0013105613171696033
2023-12-15,0.0,0.0,0.0,-0.03478889355355706,0.0,-0.008076132096499839
2023-12-18,0.0,0.0,0.0,-0.027556203007518786,0.0,-0.006397085760260778
2023-12-19,0.0,0.0,-0.038418353673127584,-0.031937845430040815,0.041110318650235414,-0.011519679048230272
2023-12-20,0.0,0.0,-0.07437330031768741,-0.028718541569618644,0.007405114687753722,-0.014614495406818154
2023-12-22,0.0,0.0,0.0,-0.006347087236163132,0.0,-0.0014734563164059107
2023-12-26,-0.022918951502339573,0.0,0.0549912353877394,-0.03853397950115291,0.0,-0.009710543624728014
2023-12-27,0.0,-0.008207748559669405,-0.06083110689375333,-0.031081258656913923,-0.009621593838576243,-0.016762704539588575
2023-12-28,0.0,0.0,0.0,-0.03227724203988334,0.0,-0.007493060106194222
2024-01-01,0.0,0.0,0.0,0.07679331512772378,0.0,0.017827326303001198
2024-01-02,0.0,0.0,-0.055510811012449146,-0.011304283413686219,0.0,-0.008556173052980696
2024-01-03,0.0,0.026047114145127292,0.1103032436383572,-0.008462763810430636,0.0,0.019491546070782823
2024-01-04,0.0,0.0,0.0,-0.03366527623888341,0.0,-0.007815287874902254
2024-01-05,0.0,0.0,-0.06528697451936338,-0.019094392140810462,0.0007059961781244795,-0.0114093090828878
2024-01-09,0.17717232582476977,0.0,0.0,0.0,0.0,0.05134057090495089
2024-01-10,0.0,-0.007690924912029865,0.0,-0.03866119076856638,0.0,-0.011830059924647451
2024-01-11,0.0,0.0,0.0011308921438082388,0.0,0.0,0.00012084782691092397
2024-01-12,0.0,0.0,0.0,-0.03472226778433713,0.0,-0.008060665133964145
2024-01-15,0.0,0.0,0.0,-0.04121514799346132,0.0030847263671096234,-0.009567966829975542
2024-01-16,0.0,0.0,0.0,-0.023084428223844208,0.0310926702962164,-0.0053589773247868285
2024-01-17,0.0,0.0,-0.0476489120151372,0.0,0.029052020068655985,-0.005091791912452753
2024-01-18,0.0,-0.010284911980138188,0.0,0.014247241963615547,-0.006254257965365872,-0.0005104606133942507
2024-01-19,0.0,-0.007910897718413128,0.0,-0.04667448694755908,0.0,-0.01377197859255432
2024-01-20,0.0,0.0,0.0,-0.01516806756959057,0.0,-0.0035212191256402724
2024-01-23,0.0,0.03139929215174188,0.0,-0.011174111227707426,0.0,0.009061851586122972
2024-01-24,0.0,0.0,0.0,-0.019377271601881765,-0.004392684635757482,-0.004498372587953467
2024-01-25,0.0,0.0,0.18937116819996516,-0.02755046822076107,-0.006657407361313765,0.01384056453461105
2024-01-29,0.0,0.0,0.0,-0.020571655569313143,0.0,-0.004775645065161386
2024-01-30,0.0,0.0,0.0,-0.02894032155822204,0.0,-0.00671840452354615
2024-01-31,0.0,0.0,-0.03226466963998351,0.0,0.0,-0.003447822352767206
2024-02-01,0.0,-0.013914220869006533,0.0,0.0,0.0,-0.005165166652123349
2024-02-02,0.0,0.0,0.0,0.02604220069327876,-0.007541616137689897,0.00604561489024345
2024-02-04,0.0,0.0,0.0,0.0,-0.006586371466767269,0.0
2024-02-05,0.0,0.0,0.0,-0.056528307043462296,0.006974424019926801,-0.013122868485934497
2024-02-06,0.0,-0.0171666389273603,0.0,-0.041395016642481706,0.0,-0.015982235593973982
2024-02-07,0.3087492027017617,0.0,0.0,-0.03529796048416145,0.0,0.08127429177949937
2024-02-08,0.0,0.0,-0.03251212524983348,0.07756989090355804,0.0,0.014533340313360454
2024-02-09,0.0,0.0,-0.08918057882902088,-0.036936898605596125,0.0,-0.018104675963000867
2024-02-12,0.0,0.0,0.0,0.057696656534954406,0.03079790912042746,0.013394097141529494
2024-02-13,0.0,0.0,0.0,0.040590378390343004,-0.004690592277424609,0.009422928533862632
2024-02-14,0.0,0.0,0.14821467446940947,0.0,0.0,0.01583831086280436
2024-02-15,0.0,-0.00966717920670197,0.0,-0.0653293027607228,0.0,-0.018754593269667
2024-02-19,0.0,0.0,0.0,-0.03227749918313309,0.0,-0.00749311980118997
2024-02-20,0.0,0.0,0.0,-0.041892017972776564,0.0,-0.009725100064370865
2024-02-21,0.0,0.0,-0.03799590695593832,0.0,0.0,-0.004060265881476853
2024-02-22,0.0,0.011716424061980073,0.0,-0.037971062271062325,0.0,-0.004465550900065348
2024-02-23,0.0,0.0,0.0,0.013309235842687684,0.0,0.0030896971932591354
2024-02-26,0.0,0.0,-0.050699603246468855,-0.03383544605064452,0.0,-0.013272582906190898
2024-02-27,0.0,0.0,0.0,0.0,-0.004059392929736104,0.0
2024-02-28,0.0,0.0,-0.0064386608904877934,-0.0323202981874877,0.0,-0.008191094700313132
2024-02-29,0.0,0.0,0.0,-0.039054700854700856,0.0,-0.009066425829446922
2024-03-01,0.1015557646324569,0.0,0.07088518208899999,-0.027377298102788016,0.0,0.030647865887987534
2024-03-02,0.0,0.0,0.0,-0.04810222422906668,0.0,-0.011166779892304931
2024-03-04,-0.013753245362764071,0.0,0.0,0.017143004400436916,-0.004515995541405631,-5.687905490305879e-06
2024-03-05,0.0,-0.008247197128534844,0.0,0.0011618408666885238,0.0,-0.002791765080743317
2024-03-06,0.0,0.0,-0.055127810200456706,-0.030936726215578813,0.0,-0.013072855130269644
2024-03-11,0.0,0.0,-0.1602394736842105,0.0,0.0,-0.01712328826945199
2024-03-13,-0.041877357721714095,0.0,0.0,0.03395953021857609,0.0,-0.004251522096703481
2024-03-15,0.0,-0.007923646285118756,0.0,0.06262867683080711,0.0,0.011597674250492993
2024-03-18,-0.038514860265931254,0.0,0.0,0.0,0.01411469145179279,-0.011160743672423305
2024-03-19,0.0,0.0,0.0,-0.031136698032506377,-0.0033369435078204742,-0.0072282864061836965
2024-03-20,-0.018250361396574096,-0.011366219159723424,0.0,0.07136988636359072,0.0,0.007060438162285795
2024-03-22,0.0,0.0,0.0,0.031906562275881165,0.0,0.007407007966163604
2024-03-26,0.0,0.0,0.0,-0.02432964416535836,0.0,-0.005648050284720257
2024-03-27,-0.04983020845473116,0.0,0.0,0.005824852880568415,0.0,-0.013087456829278947
2024-03-28,-0.01893233128026778,0.056748500700071,-0.1736229076236474,0.011088803489016287,0.0,-0.00039949364262114543
2024-03-29,0.0,0.0,-0.09768286948917133,0.0,0.0,-0.010438451242960835
2024-03-31,-0.030083307833131512,0.0,-0.10449949371925306,0.0,0.0,-0.019884348547890243
2024-04-01,0.04453084286149517,0.0,0.0,-0.022815431107195267,-0.0031303718447480366,0.007607510163858275
2024-04-02,-0.03443579133981436,0.0,0.1864934930824131,0.08422660221983519,0.0,0.029503028473611383
2024-04-03,0.0,0.0,0.0,0.05613809523809529,0.0,0.013032282044002792
2024-04-04,-0.03886481137909713,-0.009126076994287125,-0.05580648220115025,0.0,0.0,-0.02061340263786236
2024-04-07,0.0,0.0,-0.11849477228626866,0.0,0.0,-0.012662423918587684
2024-04-08,-0.03582244897959186,0.0,0.0,-0.051960960462066504,0.0,-0.02244311655718216
2024-04-10,0.0,0.0,0.0,0.13400803623048752,0.00277392655748059,0.031109543651447774
2024-04-11,0.0,0.0,0.0,0.0,-0.0012774397641078733,0.0
2024-04-12,0.0,0.0,0.002707222419272015,-0.023932695139911565,-0.009998150685905878,-0.005266604373057147
2024-04-13,0.0,0.0,0.05517584929239362,0.0,0.0,0.005896125038499745
2024-04-15,0.0,0.0,0.0,0.014058872980369962,-0.008565432331115038,0.0032637230943428765
2024-04-16,0.0,0.0,0.0,0.0277734493767318,0.0,0.00644751882081639
2024-04-17,0.0,0.03238460701497312,0.0,0.0,0.0,0.01202164991993563
2024-04-18,0.0,-0.015058210214664275,0.0,0.004163432409969435,0.0,-0.004623304863055606
2024-04-19,0.0,0.0,0.0,-0.03993187214062662,0.011399163277135888,-0.009270058381470664
2024-04-22,0.0,-0.018016501649298813,0.0,-0.031480760096593625,0.0,-0.013996153893027878
2024-04-23,-0.0421050568471067,0.0,0.0,-0.02154288260758835,0.0,-0.01720221457587788
2024-04-24,0.0,0.0,0.0,-0.07080852412271955,-0.006138417456469067,-0.016437975915874092
2024-04-25,0.0,0.0,0.0,-0.005974398133112177,0.0,-0.0013869377146420497
2024-04-26,0.0,0.0,0.0,0.008031188294234378,0.0,0.0018644150742031349
2024-04-29,0.0,0.0,0.0,-0.03816473145274122,0.003293569236980607,-0.008859822235084143
2024-04-30,0.0,0.0,-0.11144506482131061,0.020046860277531366,0.0,-0.007255272371851655
2024-05-01,0.058415471138013396,0.0,0.0,0.0,0.0,0.016927494877916192
2024-05-02,0.0,0.0,0.0,-0.0595981488310348,0.0,-0.013835522590717195
2024-05-03,0.07438724904513176,0.0,0.0,-0.05559108149310697,0.0,0.008650463780678682
2024-05-06,0.0,0.0,0.0,0.0474428793705128,0.0,0.011013715059511918
2024-05-07,0.0,0.0,0.0,0.06935310802313789,0.0,0.016100105651115637
2024-05-08,0.0,0.0,-0.06953230434317119,0.0,0.0,-0.007430264615407988
2024-05-09,0.0,0.0,0.0,-0.03961527274134005,0.0,-0.009196560827822556
2024-05-10,0.0,0.04541190952423708,0.23763592792554072,-0.051013634962506674,0.0,0.030408845258498195
2024-05-11,0.0,0.0,-0.060603396410993264,0.0,0.0,-0.006476116046776334
2024-05-13,0.0,0.0,0.0,-0.03248950713895926,0.0,-0.007542336780572344
2024-05-15,-0.051321602194842955,0.045952100024277825,-0.08412653432126382,-0.03537186326991587,0.0,-0.015015024215634961
2024-05-16,0.0,0.0,0.0,0.07855774492844783,0.0,0.01823693312546915
2024-05-17,-0.028865215903494522,0.0,0.1473866548025015,-0.035719242925005244,0.0,-0.0009067745126349266
2024-05-18,0.0,0.0,0.0,-0.028181556002682802,0.0,-0.006542259489000134
2024-05-20,0.0,0.0,0.12194653823765943,0.0,0.0,0.01303128174160341
2024-05-21,0.0,0.0,0.0,-0.00215082173861076,0.0,-0.0004993064941919627
2024-05-22,0.0,0.060459240824238106,0.0,0.0,0.0,0.02244337339891213
2024-05-23,-0.0328371606553023,0.0,0.0,0.004536689069270248,0.0,-0.008462295437967197
2024-05-24,0.0,0.0,0.0,0.008401745898294281,0.0,0.0019504388551878072
2024-05-27,0.0,0.0,0.0,0.0806572272618233,0.0,0.018724321338391327
2024-05-28,-0.04905132233273052,0.022618236438945043,0.0,0.0,0.0,-0.005817747073736217
2024-05-29,0.0,0.020752791140654505,0.0,-0.023939436619718236,0.0,0.0021462812671823716
2024-05-30,-0.03055808326921422,0.0,0.0,-0.02520159750296343,0.0,-0.014705519457663074
2024-05-31,0.0,0.0,0.0,0.03178136972154946,0.0,0.007377944908877102
2024-06-03,-0.04018184681612373,0.0,0.0,-0.03296100513716812,0.0,-0.019295592586073378
2024-06-04,0.0,0.0,0.0,-0.011542577996034583,0.0,-0.002679573136944342
2024-06-05,0.0,-0.011303960566582567,0.0,-0.041771235393448444,0.0,-0.013893259801892318
2024-06-06,0.0,0.0,0.0,-0.05067654769543509,0.0,-0.011764400979089533
2024-06-07,0.0,0.0,0.0,-0.019151998104676344,-0.004684215872420606,-0.004446076054909936
2024-06-10,0.0,0.0,0.0,-0.04841113691522299,0.0,-0.01123849299970348
2024-06-11,0.0,0.0,0.0,-0.013198212268858943,0.0,-0.003063923420181643
2024-06-12,0.0,0.06028628081644885,0.0,0.0,0.0,0.02237916806015874
2024-06-14,0.0,0.032808077791122596,0.12585671209966862,0.07005524280549653,0.0,0.04189107794290957
2024-06-16,-0.04248935284143576,0.0,0.0,0.0,0.0,-0.012312462581874807
2024-06-17,-0.032439444578246324,0.03716713049021572,0.04240110021820197,0.0,0.0,0.008927777299924073
2024-06-18,0.0,0.0,0.0,-0.06930208872281313,0.0,-0.016088261681192897
2024-06-19,0.0,0.0,0.0,-0.08288902561664634,0.0,-0.01924242629906085
2024-06-20,0.0,0.0,0.0,-0.05229810415020967,0.0,-0.012140840204169528
2024-06-25,0.0,0.0,0.0,-0.04356348360915599,0.0,-0.010113125548808272
2024-06-26,-0.03872764457549433,0.0,0.0,0.0,0.0,-0.011222403798414927
2024-06-27,0.0,-0.012860640195764491,0.0,-0.01767538954000749,0.0,-0.008877347792809838
2024-07-01,-0.02817170961465546,0.0,0.0,0.10128932812925785,0.0,0.015350468262131387
2024-07-02,0.0,0.0,0.0,0.10044499732477263,0.0,0.02331798985151953
2024-07-03,0.0,-0.008728655955198646,-0.06104143655101877,0.08810308880308879,0.0,0.010689721877014561
2024-07-04,0.0,0.0,-0.09498640222765257,-0.047352287319422155,0.0,-0.021142989500503806
2024-07-05,-0.02175522908401919,0.0,0.0,0.09516764415095252,0.0,0.015788690914288337
2024-07-06,0.0,0.0,-0.06408248496884952,0.0,0.0,-0.006847893580248069
2024-07-07,0.0,0.0,0.2139323836866031,0.0,0.0,0.022860945507446932
2024-07-08,0.0,0.0,0.0,0.0441851701026265,0.0,0.010257448110724423
2024-07-09,0.0,0.0,0.0,0.0982497347992553,0.0,0.022808366568580683
2024-07-10,0.0,0.0,0.0,-0.04435079496378093,0.0,-0.010295897400728097
2024-07-11,0.0,0.0,0.0,0.01874862159934941,0.016561433379840795,0.004352433469335044
2024-07-12,0.0,0.0,0.0,-0.0028543138045289164,0.00404431111310528,-0.0006626199621655276
2024-07-13,0.0,0.0,0.10291588174699723,0.0,0.0,0.010997654136905177
2024-07-15,0.0,0.03686598606816447,0.0,0.0,0.0,0.01368520477212483
2024-07-16,0.0,0.0,0.0,-0.05908997695852538,0.0,-0.013717552090626596
2024-07-17,0.0,-0.013071216264288563,0.0,0.0,-0.005794827511903307,-0.004852230749145508
2024-07-18,0.0,0.0,0.0,0.09251187258687257,-0.010672752048682985,0.02147633992314057
2024-07-19,0.0,0.0,0.0,0.03536407784701267,0.0,0.008209659319106907
2024-07-20,0.0,0.0,0.13634415075619788,0.0,0.0,0.014569819430716509
2024-07-21,0.0,0.0,0.10127999390495315,0.0,0.0,0.010822842160481587
2024-07-22,0.0,0.0,0.0,-0.019872091791290798,0.0,-0.004613243536853589
2024-07-23,0.05485603823517649,0.0,0.0,-0.010841866075225989,-0.014015603770322713,0.013379145892287926
2024-07-24,0.0,0.0,0.0,0.0,-0.013278711379454492,0.0
2024-07-25,-0.044243716318585403,0.0,0.0,-0.00018714779643101004,0.0,-0.012864283586923689
2024-07-26,0.0,0.0,0.0,-0.011992887494464958,0.0,-0.0027841110690873558
2024-07-29,0.0,0.0,0.0,-0.03845342921106115,0.0,-0.008926842510637483
2024-07-30,-0.04424712934983914,0.0,0.0,-0.06131163050044384,0.0,-0.027055128800186682
2024-07-31,0.0,-0.01039924417320875,0.0,0.009478262660625139,0.0,-0.00166000596028563
2024-08-01,0.0,0.0,0.0,0.14408721721246623,0.012955545485111216,0.03344939377946848
2024-08-02,0.0,0.006847868453421453,0.10001166252549662,-0.024386776122629066,0.008355929530389244,0.007568025274702462
2024-08-03,0.0,0.0,0.04473257007940841,0.0,0.0,0.004780149827580526
2024-08-04,0.0,0.0,0.0018339529933578218,0.0,0.0,0.00019597733976446988
2024-08-05,0.0,-0.021207348233077006,0.0,0.012792594817035432,-0.005223338451875091,-0.004902723876287715
2024-08-06,-0.045497862622120626,0.0,0.0,0.0,0.0,-0.01318426131790458
2024-08-07,0.0,0.0,0.0,-0.05585762479550776,0.0,-0.012967171713890866
2024-08-08,-0.04761962750615792,0.0,0.0,-0.06410965176857694,0.0,-0.028681955040285687
2024-08-09,0.0,0.0,0.0,-0.02162061164641805,0.0,-0.005019156915547881
2024-08-12,-0.020364151202777802,0.0,0.0,-0.08410427490049016,0.0,-0.025425617402598265
2024-08-14,0.0,0.0,0.0,-0.03221957417582419,0.0,-0.00747967269313529
2024-08-15,0.0,0.0,-0.008155553431466215,0.0,0.0,-0.0008715074331754687
2024-08-16,0.0,0.0,0.0,-0.046301407467212986,0.0,-0.010748725951384626
2024-08-19,-0.04138937659889599,-0.01302114134277754,0.0,-0.036606457006169636,0.011441469130686598,-0.025325430028260352
2024-08-20,0.0,0.0,0.0,-0.020791911764705916,-0.009090489328054114,-0.004826776847387402
2024-08-21,-0.05424467031955922,0.0,0.0,-0.05200066077225325,0.0,-0.02779067989802652
2024-08-22,-0.04062230347349189,0.0,0.0,0.08104857459300324,0.0,0.007043737887277857
2024-08-23,0.0,0.0,0.0,-0.044454521358535865,0.023715279110431517,-0.010319977156660687
2024-08-27,0.0,0.0,0.0,0.0,0.015344440643745674,0.0
2024-08-28,0.0,0.0,0.0,-0.020198878901415845,0.0,-0.004689106135494167
2024-08-29,0.0,0.0,-0.011567268273211804,0.10657936679358143,0.0,0.023505979037939845
2024-08-30,0.0,0.0,0.0,-0.05218070685944651,0.0,-0.01211358679277503
2024-09-01,0.0,0.0,-0.11861898244216826,0.0,0.0,-0.012675697091898612
2024-09-02,0.0,0.0,0.0,-0.03027942607151208,0.0,-0.00702927341978455
2024-09-03,-0.05174301218986181,0.0,-0.07925696516384982,0.0,0.0,-0.02346341358003652
2024-09-04,0.0,0.0,0.0,0.1043388171883498,-0.006674956595185626,0.02422192787213556
2024-09-05,0.0,0.0,-0.06120710607443986,0.0,0.0,-0.006540628831052089
2024-09-06,0.0,0.0,0.0,-0.023693476269523592,-0.033898959665233055,-0.005500365910843738
2024-09-09,0.0,0.0,0.0,-0.0424600535648029,-0.006638563696298032,-0.009856967738450689
2024-09-10,0.0,0.0,0.0,-0.019028455948168366,0.0,-0.004417396132281501
2024-09-11,0.0,0.0,0.0,0.028790009482475284,0.0,0.006683510048458546
2024-09-12,-0.018016251190858784,0.0,0.0,-0.03708712823013154,0.0,-0.013830366024484463
2024-09-13,0.0,-0.008835845532966487,0.0,-0.020762295126562573,0.0,-0.008099899299268406
2024-09-16,0.0,0.0,0.0,0.01312622191273229,-0.005562710030404357,0.003047211085687364
2024-09-17,0.0,0.0,0.0,-0.07221670684604815,0.0,-0.016764881101062078
2024-09-18,0.0,0.0,0.0,0.01150498864107186,0.0,0.0026708468865496915
2024-09-19,0.0,0.0,0.0,0.05515755892834528,-0.00804996136276557,0.012804653627170147
2024-09-20,0.0,0.0,0.0,-0.016121298621067585,-0.004727794667973407,-0.00374250871274261
2024-09-21,0.0,0.0,0.09174158217463599,0.0,0.0,0.009803561642793286
2024-09-22,0.0,0.0,0.024068696993060804,0.0,0.0,0.002571995697480146
2024-09-23,0.16550846962187035,0.0,0.0,-0.03571124045032367,0.0,0.039670394653612044
2024-09-24,-0.05443539575448405,0.06723613654110655,0.11746266329540661,-0.03530145295206172,-0.011358220483051186,0.01354191110672732
2024-09-25,0.0,0.0,0.0,-0.03309056816756547,0.0,-0.0076818712057649344
2024-09-26,0.0,0.0,0.0,0.016270489031473136,0.0,0.0037771427967531104
2024-09-27,0.0,0.0,0.0,0.03633124215544565,0.0,0.008434183467939057
2024-10-01,0.0,0.0,0.016021872280266546,0.0,0.0,0.001712107081754472
2024-10-03,0.0,0.0,0.0,-0.038068299241137304,-0.005384521781455326,-0.008837435800802413
2024-10-07,0.10880385068032145,0.0,0.0,0.022490272421901953,0.0,0.03674996436526444
2024-10-08,0.0,0.0,0.0,-0.012215841826402772,0.0,-0.002835869215216512
2024-10-09,0.0,-0.00925647083935169,0.0,-0.038320428562614015,0.0,-0.012332107087540088
2024-10-11,0.0,0.0,0.0,-0.03732297255232223,0.0,-0.008664410556850615
2024-10-14,0.0,0.03550158537464097,0.05820347739806639,-0.023517245680587752,0.01753347827324084,0.013938923548908685
2024-10-15,0.0,0.0,0.15971578980673098,-0.028391234236096814,-0.006648167172383745,0.01047639145900266
2024-10-16,0.0,0.0,0.0,0.0,0.021683660466485205,0.0
2024-10-17,-0.016161553409056683,0.0,0.09496369959628388,0.016090309530378547,0.0,0.009199937658946333
2024-10-18,0.06928025401293719,0.0,0.0,0.019681336951320707,0.0,0.024644825957183435
2024-10-19,0.0,0.0,-0.08976300754988144,0.0,0.0,-0.00959212994694871
2024-10-21,0.0,0.0,0.07451328573960159,0.0,0.05211444816534084,0.007962535337189942
2024-10-22,0.0,0.0,0.0,0.013367991117332145,0.0,0.00310333704526145
2024-10-23,0.0,0.0,0.0,0.06687562982796404,0.02623590703075867,0.015524966889096105
2024-10-24,0.15522102129281182,0.0,0.0,-0.030833550267778488,-0.013070936151295249,0.037821663010533954
2024-10-25,0.0,0.0,0.0,0.1067846564542687,0.04026173733361098,0.024789721756352023
2024-10-27,0.0,0.0,-0.07255732738502287,0.0,0.0,-0.007753520429823865
2024-10-28,0.0,0.0,-0.030720910449342744,0.0,0.0,-0.0032828553004411814
2024-10-29,0.0,-0.015035974893383255,-0.03453696840479733,0.037613989048407515,0.0,-0.0005402509739213333
2024-10-30,0.0,0.0,0.0,0.05748490872810581,0.0,0.013344940554913115
2024-10-31,0.0,0.0,-0.0385240849925837,0.06957879995084951,-0.004470983121709064,0.01203579201161758
2024-11-01,0.0,0.0,0.0,-0.048658534145676,-0.003871574621877896,-0.011295925487758061
2024-11-04,0.0,0.0,-0.0704484909456741,0.008646517910806888,0.0,-0.005520906969551228
2024-11-05,0.0,0.0,0.0,-0.0166976033553026,-0.005748906751823298,-0.003876296042148616
2024-11-06,0.0,0.02041705031262125,-0.005684973159172383,-0.026849607129673474,-0.015441609596452792,0.0007385626231200294
2024-11-07,0.0,0.0,0.038267857419281084,0.017096410488389092,0.0,0.008058204536845472
2024-11-08,0.0,0.0,0.0,-0.003196382054992852,-0.0054501100375462875,-0.0007420300294191
2024-11-09,0.0,0.0,0.06904552367269268,0.0,0.0,0.007378246934914184
2024-11-11,-0.05434264612787504,0.0,0.08268971952417335,0.0,0.0,-0.006911007374126159
2024-11-12,0.0406383658990673,0.0,0.13680461424880033,0.0,0.0,0.026395112874347933
2024-11-13,0.0,0.0,0.0,0.0,-0.011925703446197982,0.0
2024-11-21,0.0,0.0,-0.05875014936099216,0.0,0.018596028146490466,-0.006278076932305582
2024-11-22,0.0,-0.013621210582321701,0.0,0.0,0.02629769110164147,-0.0050563968564041545
2024-11-24,0.0,0.0,-0.05261071916087568,0.0,0.0,-0.005622013662065743
2024-11-25,0.0,0.0,0.0,0.0,-0.006895290609351268,0.0
2024-11-27,0.0,0.0,0.08593723048312778,0.0,0.0,0.009183305067145472
2024-11-28,0.0,0.0,-0.060683886628929144,0.0,0.0,-0.00648471728074758
2024-11-29,0.0,0.0,-0.04270100920013118,0.0,0.0,-0.004563055988135189
2024-12-01,0.0,0.0,-0.1305125240164347,0.0,0.0,-0.013946648226712181
2024-12-02,0.0,-0.020406856431386455,0.0,0.0,0.0,-0.007575329966829257
2024-12-04,0.0,0.0,0.0,0.0,-0.0073540987197169335,0.0
2024-12-06,0.0,0.0,0.0,0.0,-0.013361204684174129,0.0
2024-12-07,0.0,0.0,-0.10659999437459568,0.0,0.0,-0.011391340668001869
2024-12-12,0.0,0.0,-0.06044978098453606,0.0,-0.016622909409143686,-0.006459700608249337
2024-12-16,0.0,0.04176221037174282,0.0,0.0,0.0,0.015502756378660772
2024-12-17,0.0,0.0,0.0,0.0,-0.005614514107121337,0.0
2024-12-18,0.0,0.02864752975493459,-0.05489679774897759,0.0,0.005447044934372838,0.0047680855928304705
2024-12-19,-0.0571252300730731,0.0,0.15699277694669775,0.0,-0.012330745011961809,0.00022273234615247106
2024-12-22,0.0,0.0,0.0,0.0,-0.006376298169786303,0.0
2024-12-23,0.0,-0.015735026583914503,0.0,0.0,0.0,-0.0058410769346449575
2024-12-29,-0.051912552912698605,0.0,0.0,0.0,0.0,-0.01504309485843417
2024-12-30,0.0,-0.013657012488972546,-0.04202913763842977,0.0,0.0,-0.009560946440677913
2024-12-31,-0.055727673741926165,0.0,0.0,0.0,0.0,-0.016148631406154586
2025-01-02,0.0,0.0,0.0,0.0,-0.006861548577494913,0.0
2025-01-03,0.0,0.0,0.12290713148678757,0.0,0.0,0.01313393132435807
2025-01-04,0.0,0.0,0.09146915349209858,0.0,0.0,0.00977444974697448
2025-01-06,-0.06677604830864511,0.0,0.0,0.0,0.0,-0.019350202843378378
2025-01-08,0.0,0.0,0.0,0.0,-0.006428192095136268,0.0
2025-01-09,0.0,0.0,-0.03780032411120489,0.0,0.0,-0.004039365778937013
2025-01-10,0.0,-0.01059248937149977,0.0,0.0,-0.01377156730112487,-0.003932090296662656
2025-01-14,0.0,-0.018492371712045527,0.0,0.0,0.0,-0.006864644638384738
2025-01-15,0.03104241784082932,0.0,-0.09722415710809877,0.0,0.0,-0.0013940356973620085
2025-01-17,0.0,-0.016524243537820855,0.1816134542005119,0.0,-0.006256346441015418,0.013273278856198459
2025-01-18,0.0,0.0,0.09105191815856778,0.0,0.0,0.009729863723768184
2025-01-23,0.0,0.040406894826587984,0.0,0.0,0.0,0.014999643001142714
2025-01-26,-0.07110571413161146,0.0,0.0,0.0,0.0,-0.020604843003143494
2025-01-28,0.0,0.0,0.0669010249439376,0.0,0.0,0.007149084487723964
2025-01-30,0.05932362144319585,0.046875171480690744,0.0,0.0,-0.008866849031126466,0.0345914204166353
2025-02-02,0.0,0.0,0.19728784811758643,0.0,0.0,0.021082300245411828
2025-02-03,0.0,-0.010593564992834276,0.0,0.0,0.014443152700009497,-0.00393248958337081
2025-02-04,0.0,0.0,0.19236478171206395,0.0,0.0,0.020556218355018533
2025-02-05,0.0,0.0,-0.036006687902005056,0.0,0.02941157546627114,-0.0038476967154128594
2025-02-06,0.0,-0.021825882739245545,0.16569095503670406,0.0,0.0,0.009603743173374145
2025-02-07,0.0,-0.011746106961534022,0.0,0.0,0.0,-0.00436033038005967
2025-02-10,0.0,-0.022979226566098066,0.0,0.0,0.0,-0.008530232189656997
2025-02-12,0.0,0.0,0.12908260919996198,0.0,0.0,0.01379384665391448
2025-02-13,0.0,0.0,-0.0804165633303809,0.0,0.0,-0.008593363195004297
2025-02-14,0.0,0.0,0.0,0.0,0.025023754174277116,0.0
2025-02-16,0.08879258230391869,0.0,0.0,0.0,0.0,0.02573010116781284
2025-02-18,0.0,0.0,-0.13808164997257744,0.0,-0.005821495834811433,-0.014755489660816282
2025-02-19,0.24682823444045307,0.0,0.0,0.0,-0.01863746244814923,0.07152529274897772
2025-02-20,-0.02108158337065106,-0.011798484673014548,0.0,0.0,0.0,-0.010488744347770505
2025-02-24,0.0,0.0,-0.07837730927534836,0.0,0.0,-0.008375447258087365
2025-02-25,-0.030968859513682074,0.0,0.0,0.0,0.0,-0.008974081704386428
2025-02-26,0.0,0.0,-0.09237939505923039,0.0,0.0,-0.009871718718161643
2025-02-27,0.0,-0.018632648424259577,0.0,0.0,0.007625871008093636,-0.006916717449562505
2025-02-28,0.0,0.0,-0.17563160996566732,0.0,0.0,-0.018768101376798376
2025-03-03,0.09555262035629618,-0.01679685552547139,-0.09416015926156646,0.0,0.0,0.011391752781386436
2025-03-04,-0.03258833686268128,-0.014205523549597308,0.0,0.0,0.031501640131409735,-0.014716672518588868
2025-03-05,-0.05355078345722011,0.0,0.0,0.0,0.0,-0.01551781736962843
2025-03-06,0.0,0.0,0.0,0.0,0.005967664926790417,0.0
2025-03-10,0.0,0.0,0.1704605989798098,0.0,0.010860645514242004,0.018215523976738767
2025-03-13,-0.02061391090093974,0.0,0.0,0.0,0.0,-0.005973449574087353
2025-03-17,0.0,0.0,0.0,0.0,0.03618826767239178,0.0
2025-03-18,0.0,-0.038397390778367096,0.0,0.0,-0.006491157231688587,-0.014253685078317353
2025-03-27,-0.04615424712198588,0.0,0.0,0.0,0.0,-0.013374466841252356
2025-03-28,-0.01660167685115671,0.0,0.0,0.0,0.0,-0.00481079403089673
2025-04-02,0.0,-0.026610898299020205,0.0,0.0,-0.005949470021781405,-0.009878362990723385
2025-04-03,0.0,-0.017773131940997576,0.0,0.0,-0.01509441377391851,-0.006597652090596975
2025-04-04,-0.007274939540366056,0.05015245931591397,0.0,0.0,-0.011011625067712817,0.01650922762796414
2025-04-06,0.0,0.0,-0.002152086967428283,0.0,0.0,-0.0002299733310209717
2025-04-08,0.0,0.0,0.0,0.0,0.032765925630545145,0.0
2025-04-10,-0.023403402983524873,-0.03531764681311723,0.0,0.0,-0.007678441163362585,-0.019892219997671233
2025-04-19,0.0,0.0,0.13535316107169337,0.0,0.0,0.014463921666266375
2025-04-22,0.0,0.0,-0.06600322770594305,0.0,0.0,-0.007053145325167832
2025-04-26,0.0,0.0,0.032425765618619894,0.0,0.0,0.0034650371676802683
2025-04-29,0.0,0.0,0.12450653915481671,0.0,0.0,0.013304845007050311
2025-05-02,0.0,-0.044132888288575464,0.0,0.0,0.0,-0.016382787437117265
2025-05-08,0.0,0.0,0.18198647123933318,0.0,0.0,0.019447185743462016
2025-05-16,0.0,0.0,0.0,0.0,0.01475069141475568,0.0
2025-05-22,0.0,0.0,-0.09197325119365281,0.0,0.0,-0.009828317936011922
2025-05-23,0.0,0.0,0.0,0.0,0.04356464329771268,0.0
2025-05-27,0.0,-0.013386068322993291,0.0,0.0,0.0,-0.004969108536934294
2025-05-28,0.0,0.1567435498187963,0.0,0.0,0.0210916821916026,0.05818554729592178
2025-05-29,0.0,0.0,0.07366772254334035,0.0,0.0,0.007872177936315335
2025-06-10,0.0,0.08812686764584898,0.0,0.0,0.0,0.03271400980376472
2025-06-17,0.0,-0.001892425392567682,0.0,0.0,0.0,-0.0007024965768004181
2025-06-18,0.14818731672983743,0.0,0.0,0.0,0.0,0.04294136460852954
2025-06-19,0.0,-0.012478629437433128,0.0,0.0,0.0,-0.004632253666319466
2025-06-20,0.0,0.11601828799112948,0.0,0.0,0.0,0.043067721707871036
2025-06-22,0.10252797191673287,0.0,0.0,0.0,0.0,0.029710309369297222
2025-06-23,0.0,0.015886147961642633,0.0,0.0,0.0,0.0058971754476707895
2025-07-02,0.12634273845462934,0.0,0.0,0.0,0.0,0.03661129519951648
2025-07-05,-0.010349722665450813,0.0,0.0,0.0,0.0,-0.002999117767848749
