entry_time,exit_time,direction,entry_price,exit_price,reason,pnl,ret,ticker,gross,fold,fast,slow,sl_mult,tp_mult
2008-08-29,2008-09-02,1,0.9137700200080872,0.9026721715927124,stop,-0.011737487429380416,-0.012418713863335464,AUDCAD,-0.012145122046438486,0,7,21,1.0,4.0
2008-09-19,2008-09-29,1,0.870199978351593,0.850838554756982,stop,-0.01997056357945713,-0.02253668591415119,AUDCAD,-0.022249395628907133,0,7,21,1.0,4.0
2008-10-14,2008-10-15,1,0.8147000074386597,0.7833592976842608,stop,-0.03191099975960591,-0.038775880036772147,AUDCAD,-0.03846901861819186,0,7,21,1.0,4.0
2008-10-27,2008-10-28,-1,0.785099983215332,0.8240342651094709,stop,-0.039483851882389565,-0.04987171408893006,AUDCAD,-0.04959149500256733,0,7,21,1.0,4.0
2008-11-14,2009-06-11,1,0.7988499999046326,0.8945642965180534,target,0.09515510161348754,0.11950215512901972,AUDCAD,0.11981510499448864,0,7,21,1.0,4.0
2009-07-03,2009-09-14,-1,0.9213700294494629,0.9318971633911133,stop,-0.011172092962265014,-0.008668758138815154,AUDCAD,-0.011425522434173992,0,7,21,1.0,4.0
2009-09-17,2009-09-22,-1,0.9279000163078308,0.9328028687408992,stop,-0.0055523824444839096,-0.005391585672101909,AUDCAD,-0.0052838154401345615,0,7,21,1.0,4.0
2009-10-02,2009-10-06,-1,0.9347500205039978,0.9390250061239515,stop,-0.004929310634306452,-0.004712474483368908,AUDCAD,-0.004573399867537494,0,7,21,1.0,4.0
2009-10-08,2009-10-09,1,0.9516000151634216,0.9471221651349749,stop,-0.005143970039061091,-0.004968316470271141,AUDCAD,-0.004705601047807569,0,7,21,1.0,4.0
2009-10-12,2009-10-15,-1,0.9375,0.9423571356705257,stop,-0.005513385670525703,-0.0052876113818940826,AUDCAD,-0.005180944715227416,0,7,21,1.0,4.0
2009-11-03,2009-11-06,-1,0.9639000296592712,0.9735193209988731,stop,-0.01029402136036331,-0.010083298102021526,AUDCAD,-0.009979552903429355,0,7,21,1.0,4.0
2009-11-11,2009-12-22,-1,0.9714999794960022,0.9282085640089852,target,0.042611365501369784,0.04587896698684428,AUDCAD,0.04456141677890291,0,7,21,1.0,4.0
2009-12-30,2010-02-04,1,0.9430000185966492,0.932393593447549,stop,-0.011266525162117806,-0.011512645742315503,AUDCAD,-0.01124753440077805,0,7,21,1.0,4.0
2010-02-12,2010-04-05,1,0.9334099888801575,0.9243456976754325,stop,-0.009717678196941072,-0.00997877815288823,AUDCAD,-0.009710943007584147,0,7,21,1.0,4.0
2010-04-08,2010-05-11,1,0.9298999905586243,0.9232357059206281,stop,-0.007315214631387214,-0.007435514257659598,AUDCAD,-0.007166668142444761,0,7,21,1.0,4.0
2010-05-27,2010-06-02,1,0.8888999819755554,0.8765006916863578,stop,-0.013021520276580507,-0.014230273985476886,AUDCAD,-0.013949027495355036,0,7,21,1.0,4.0
2010-06-11,2010-07-22,1,0.8778700232505798,0.9240872434207371,target,0.04560271115388188,0.05236221644743001,AUDCAD,0.052646996646524065,0,7,21,1.0,4.0
2010-08-06,2010-08-09,-1,0.9301999807357788,0.9385856900896344,stop,-0.009036849340370676,-0.009186959289223013,AUDCAD,-0.009014953265450102,0,7,21,1.0,4.0
2010-08-13,2010-08-30,-1,0.9345999956130981,0.9432949892112187,stop,-0.009349213595049706,-0.0088968474611065,AUDCAD,-0.00930343851801178,0,7,21,1.0,4.0
2010-10-05,2010-10-08,-1,0.9887999892234802,0.9986307067530495,stop,-0.010522877522025758,-0.010043201494538918,AUDCAD,-0.009942068807352572,0,7,21,1.0,4.0
2010-10-11,2010-11-26,1,0.9995999932289124,0.9898764193058014,stop,-0.0104232939183712,-0.0099775650166766,AUDCAD,-0.009727464974966467,0,7,21,1.0,4.0
2010-12-06,2011-01-12,1,0.9944000244140625,0.9844500209603991,stop,-0.010646083470753213,-0.010257444894647496,AUDCAD,-0.010006037016668702,0,7,21,1.0,4.0
2011-01-19,2011-03-11,1,0.989300012588501,0.9768342971801758,stop,-0.013158225417137145,-0.012853244967676244,AUDCAD,-0.012600541038818632,0,7,21,1.0,4.0
2011-03-22,2011-04-22,1,0.9839000105857849,1.021020029272352,target,0.03643128867915695,0.03747333904856418,AUDCAD,0.037727429908722986,0,7,21,1.0,4.0
2011-05-06,2011-05-10,-1,1.0246000289916992,1.0347643154008048,stop,-0.010881506429399794,-0.010047126798577324,AUDCAD,-0.009920248020203746,0,7,21,1.0,4.0
2011-05-11,2011-05-13,1,1.0377999544143677,1.0279856664793832,stop,-0.010540747903074568,-0.00969771475916455,AUDCAD,-0.009456820549315528,0,7,21,1.0,4.0
2011-05-23,2011-07-13,1,1.0356999635696411,1.0257713965007238,stop,-0.010653557043416063,-0.009827717897986487,AUDCAD,-0.009586335249735395,0,7,21,1.0,4.0
2011-07-25,2011-08-09,1,1.0290000438690186,1.0194286278315954,stop,-0.010291716068131488,-0.009544621592526718,AUDCAD,-0.009301667278297532,0,7,21,1.0,4.0
2011-08-16,2011-09-19,1,1.0292999744415283,1.0148999520710535,stop,-0.015120532352583843,-0.014232995952830466,AUDCAD,-0.01399011243373231,0,7,21,1.0,4.0
2011-09-29,2011-10-28,1,1.007699966430664,1.0605285167694092,target,0.05212316036224365,0.052176790801116736,AUDCAD,0.05242488051862017,0,7,21,1.0,4.0
2011-11-03,2011-11-07,-1,1.0436999797821045,1.0557285291807992,stop,-0.01275913938454216,-0.011649467887537044,AUDCAD,-0.011524911020124685,0,7,21,1.0,4.0
2011-11-30,2012-04-04,1,1.033400058746338,1.0231714844703674,stop,-0.010951954317092895,-0.010139900987312184,AUDCAD,-0.00989798112492773,0,7,21,1.0,4.0
2012-04-11,2012-04-25,1,1.0276999473571777,1.0195213641439165,stop,-0.008897973176411281,-0.008201404733877931,AUDCAD,-0.007958143069183974,0,7,21,1.0,4.0
2012-05-01,2012-05-02,1,1.0289000272750854,1.0204857332365853,stop,-0.009134524057592696,-0.008420928961821927,AUDCAD,-0.008177951030659757,0,7,21,1.0,4.0
2012-05-03,2012-06-18,-1,1.0164999961853027,1.024935713836125,stop,-0.009147267648152005,-0.006832973612285312,AUDCAD,-0.008298787685666165,0,7,21,1.0,4.0
2012-06-26,2012-06-29,-1,1.0296800136566162,1.036028572491237,stop,-0.007069334844180453,-0.006262682337322053,AUDCAD,-0.006165564787526289,0,7,21,1.0,4.0
2012-07-02,2012-07-13,1,1.041700005531311,1.0346650055476598,stop,-0.00776418998752312,-0.006993376159132824,AUDCAD,-0.006753383840161405,0,7,21,1.0,4.0
2012-07-19,2012-08-16,1,1.0461000204086304,1.039211460522243,stop,-0.007620829900673521,-0.006823974521670496,AUDCAD,-0.006584991637507713,0,7,21,1.0,4.0
2012-08-24,2012-08-28,1,1.036870002746582,1.0303892918995448,stop,-0.007206519848959882,-0.0064913738744569556,AUDCAD,-0.006250263610549455,0,7,21,1.0,4.0
2012-09-12,2012-10-05,1,1.014799952507019,1.0071256501334054,stop,-0.008384662340368575,-0.007808733488838876,AUDCAD,-0.0075623795159377285,0,7,21,1.0,4.0
2012-10-15,2012-10-29,1,1.0017900466918945,1.0323472023010254,target,0.029855902576446533,0.03025300132419061,AUDCAD,0.03050255461215304,0,7,21,1.0,4.0
2012-11-06,2012-11-13,-1,1.0333000421524048,1.0408157791410173,stop,-0.008239047018119203,-0.00725417273089296,AUDCAD,-0.007273528193182828,0,7,21,1.0,4.0
2012-11-16,2012-12-19,-1,1.03410005569458,1.0368000268936157,eod,-0.003423841238021851,-0.0016052326754016873,AUDCAD,-0.002610938065584127,0,7,21,1.0,4.0
2013-02-20,2013-05-02,1,1.046589970588684,1.0383864045143127,stop,-0.008936179053783416,-0.008077247357545754,AUDCAD,-0.007838376350727889,1,7,28,1.0,4.0
2013-06-03,2013-06-06,1,0.9961000084877014,0.9881000135626111,stop,-0.008697264931031684,-0.008282295808445576,AUDCAD,-0.008031316993196338,1,7,28,1.0,4.0
2013-06-25,2013-07-04,1,0.9718000292778015,0.9577671800340924,stop,-0.014713109264203527,-0.014697313041164903,AUDCAD,-0.014440058469783804,1,7,28,1.0,4.0
2013-07-10,2013-07-12,1,0.9646999835968018,0.9535907081195286,stop,-0.0117845654657909,-0.011774930725012607,AUDCAD,-0.011515782798972538,1,7,28,1.0,4.0
2013-07-19,2013-07-31,1,0.9526299834251404,0.9390371314116887,stop,-0.014259693001849325,-0.014531194959537537,AUDCAD,-0.014268763580775832,1,7,28,1.0,4.0
2013-08-09,2013-10-21,1,0.940500020980835,0.9915514162608555,target,0.050393045265333974,0.05401530478121676,AUDCAD,0.05428112083057663,1,7,28,1.0,4.0
2013-10-30,2013-11-27,-1,0.9921799898147583,0.9628884962626866,target,0.028596967559201394,0.030358900462904376,AUDCAD,0.029522358697780728,1,7,28,1.0,4.0
2013-12-04,2013-12-12,1,0.9712799787521362,0.9616956966263908,stop,-0.010264178110871963,-0.010125074479945713,AUDCAD,-0.009867682167256234,1,7,28,1.0,4.0
2013-12-30,2014-01-13,1,0.9480400085449219,0.9778457198824201,target,0.029142083331516765,0.031175594986609413,AUDCAD,0.03143929693773667,1,7,28,1.0,4.0
2014-01-20,2014-01-23,-1,0.9617000222206116,0.9726078765732902,stop,-0.011581044368233031,-0.01144624529306024,AUDCAD,-0.011342262764528011,1,7,28,1.0,4.0
2014-01-27,2014-01-29,-1,0.9614999890327454,0.9754606911114284,stop,-0.014633752071005972,-0.014654916525644568,AUDCAD,-0.014519711115886033,1,7,28,1.0,4.0
2014-02-19,2014-02-21,-1,0.987500011920929,0.998740724154881,stop,-0.011931962242296715,-0.01157540465413923,AUDCAD,-0.01138299959317077,1,7,28,1.0,4.0
2014-03-03,2014-03-07,-1,0.9848200082778931,0.9936914443969727,stop,-0.009560810124874114,-0.00907925919855654,AUDCAD,-0.009008180220254297,1,7,28,1.0,4.0
2014-03-10,2014-07-04,1,1.00409996509552,0.9944892568247659,stop,-0.010313578246321028,-0.009820444789893122,AUDCAD,-0.009571465595898013,1,7,28,1.0,4.0
2014-07-14,2014-09-16,1,1.0061999559402466,0.9988642420087542,stop,-0.008040053900650521,-0.0075389726333309716,AUDCAD,-0.007290513071666226,1,7,28,1.0,4.0
2014-10-03,2014-10-13,1,0.9810000061988831,0.9728857278823853,stop,-0.008800978320837021,-0.008526277536844451,AUDCAD,-0.008271435540493519,1,7,28,1.0,4.0
2014-10-31,2014-11-05,-1,0.9879299998283386,0.996491436447416,stop,-0.009252987618957214,-0.008706524369714405,AUDCAD,-0.008666035671115364,1,7,28,1.0,4.0
2014-11-06,2014-11-14,-1,0.9772599935531616,0.9868135622569493,stop,-0.010237650699274865,-0.009724708640977096,AUDCAD,-0.009775872098327077,1,7,28,1.0,4.0
2014-11-20,2015-01-21,-1,0.9762899875640869,0.9861671328544617,stop,-0.010560548281669616,-0.007914805425439765,AUDCAD,-0.010117019959427155,1,7,28,1.0,4.0
2015-01-28,2015-09-07,-1,0.9815000295639038,0.92360862663814,target,0.05720435290506905,0.06740845739470874,AUDCAD,0.05898257889150126,1,7,28,1.0,4.0
2015-09-14,2015-10-05,1,0.9401000142097473,0.9286664596625737,stop,-0.012091624557120475,-0.012427991033480523,AUDCAD,-0.012162061881027366,1,7,28,1.0,4.0
2015-10-08,2015-12-02,1,0.9397000074386597,0.9761228901999337,target,0.03576509275606698,0.03849407521009866,AUDCAD,0.03876011756193542,1,7,28,1.0,4.0
2016-01-05,2016-02-29,-1,1.0010000467300415,0.9681971754346576,target,0.032102171262672924,0.03464822145481631,AUDCAD,0.032770099664371465,1,7,28,1.0,4.0
2016-03-07,2016-04-28,1,0.9878900051116943,0.9757935745375497,stop,-0.012787953577722853,-0.012497778609217467,AUDCAD,-0.012244713998070061,1,7,28,1.0,4.0
2016-05-23,2016-05-26,1,0.9482499957084656,0.9393700020653861,stop,-0.00954376864007538,-0.0096282559287102,AUDCAD,-0.00936461237360191,1,7,28,1.0,4.0
2016-05-27,2016-06-01,-1,0.9372299909591675,0.9452528485230037,stop,-0.008678918557507666,-0.008602859107810525,AUDCAD,-0.008560180149192199,1,7,28,1.0,4.0
2016-07-20,2016-07-26,-1,0.9778000116348267,0.9869471618107387,stop,-0.009831610184056434,-0.009426416512821981,AUDCAD,-0.00935482723161205,1,7,28,1.0,4.0
2016-07-27,2016-11-04,1,0.9899299740791321,1.0279471278190613,target,0.03732420275807381,0.0381513387096512,AUDCAD,0.03840388182537265,1,7,28,1.0,4.0
2016-11-14,2016-12-09,-1,1.020900011062622,0.985208545412336,target,0.034976835642542184,0.03568563547410062,AUDCAD,0.03496078485995501,1,7,28,1.0,4.0
2016-12-29,2017-01-02,1,0.9734399914741516,0.966783561876842,stop,-0.007337837591341516,-0.007094869388764989,AUDCAD,-0.006838048216232919,1,7,28,1.0,4.0
2017-01-06,2017-01-20,1,0.9706900119781494,0.9981471470424107,target,0.02677765205587658,0.028028654594700542,AUDCAD,0.028286203345501564,1,7,28,1.0,4.0
2017-01-27,2017-02-03,-1,0.9859700202941895,0.9953600083078656,stop,-0.01008016702788212,-0.009503319391882129,AUDCAD,-0.009523603984302123,1,7,28,1.0,4.0
2017-02-06,2017-06-23,1,0.9991599917411804,0.9977099895477295,eod,-0.002149414187669754,-0.0017014314098870477,AUDCAD,-0.001451221231270569,1,7,28,1.0,4.0
2017-09-20,2017-11-13,1,0.9839299917221069,0.9708307151283536,stop,-0.013788027587958792,-0.013567303269604548,AUDCAD,-0.013313220151798127,2,9,28,1.5,4.0
2017-11-28,2018-01-19,1,0.9697999954223633,0.9922857454844883,target,0.0218068900653294,0.02292818124054644,AUDCAD,0.02318596635209526,2,9,28,1.5,4.0
2018-02-02,2018-02-21,-1,0.9855200052261353,0.9959621578454971,stop,-0.011132016623020172,-0.010088230139052908,AUDCAD,-0.010595576511879983,2,9,28,1.5,4.0
2018-03-21,2018-05-01,-1,1.0047999620437622,0.9702685219900948,target,0.03382808008023674,0.035640367641761185,AUDCAD,0.0343664822433218,2,9,28,1.5,4.0
2018-05-21,2018-08-03,1,0.968500018119812,0.9588700064590999,stop,-0.010307961673395958,-0.01020135413099171,AUDCAD,-0.009943223005206772,2,9,28,1.5,4.0
2018-08-09,2018-08-14,1,0.966920018196106,0.9565582360540118,stop,-0.01103862615483143,-0.010974829295489803,AUDCAD,-0.010716276369399388,2,9,28,1.5,4.0
2018-08-22,2018-08-30,1,0.9592099785804749,0.9477017500570842,stop,-0.01217967550839695,-0.012258242497426373,AUDCAD,-0.011997611347227152,2,9,28,1.5,4.0
2018-09-20,2018-10-02,1,0.9376699924468994,0.9263439114604678,stop,-0.01198244998114445,-0.012345581152941905,AUDCAD,-0.012078962830916251,2,9,28,1.5,4.0
2018-10-15,2018-11-19,1,0.9255300164222717,0.9591671824455261,target,0.032989295011758804,0.03607356372115925,AUDCAD,0.03634367921775482,2,9,28,1.5,4.0
2018-11-26,2018-11-29,-1,0.9565899968147278,0.9664889254740306,stop,-0.010568541657073173,-0.010452679510132339,AUDCAD,-0.010348141515450205,2,9,28,1.5,4.0
2018-12-10,2019-05-22,-1,0.9567000269889832,0.9249172125543866,target,0.031113124415704234,0.03957647472192716,AUDCAD,0.033221295639163304,2,9,28,1.5,4.0
2019-05-28,2019-06-18,1,0.9296600222587585,0.920442521572113,stop,-0.009868262702226639,-0.010183831142531753,AUDCAD,-0.009914915631469349,2,9,28,1.5,4.0
2019-07-01,2019-07-10,1,0.9193199872970581,0.9118210673332214,stop,-0.008142443954944609,-0.008428969315264953,AUDCAD,-0.008157029181846296,2,9,28,1.5,4.0
2019-07-16,2019-07-29,1,0.9184799790382385,0.9108717654432569,stop,-0.008251149580308417,-0.00855567216958846,AUDCAD,-0.008283483329651219,2,9,28,1.5,4.0
2019-08-16,2019-10-02,1,0.9017199873924255,0.89207176225526,stop,-0.010279429128340265,-0.010977049722263607,AUDCAD,-0.010699801792201698,2,9,28,1.5,4.0
2019-10-08,2020-02-20,1,0.8955199718475342,0.8851324788161686,stop,-0.01101435701165882,-0.011878565934626216,AUDCAD,-0.011599398514736932,2,9,28,1.5,4.0
2020-03-05,2020-03-16,1,0.8869450092315674,0.8731351388352258,stop,-0.014430731902803725,-0.015852020418405464,AUDCAD,-0.015570154014741277,2,9,28,1.5,4.0
2020-03-30,2020-07-31,1,0.8677200078964233,0.9636548927852085,target,0.09532748088325771,0.11027161298348992,AUDCAD,0.11055972435320013,2,9,28,1.5,4.0
2020-08-05,2020-12-18,-1,0.9542109966278076,0.9660754544394357,stop,-0.012532405509267503,-0.007256736545794536,AUDCAD,-0.012433788599751172,2,9,28,1.5,4.0
2021-01-15,2021-02-22,-1,0.9829999804496765,0.992039388843945,stop,-0.009727508380583305,-0.007985156205880894,AUDCAD,-0.009195736087536264,2,9,28,1.5,4.0
2021-03-02,2021-04-01,-1,0.9825189709663391,0.9543478403772626,target,0.02748336730940006,0.02963925527100502,AUDCAD,0.028672352821207392,2,9,28,1.5,4.0
2021-04-07,2021-05-03,1,0.9628000259399414,0.9532323947974614,stop,-0.010241591160638006,-0.010196957704582014,AUDCAD,-0.00993729838461478,2,9,28,1.5,4.0
2021-06-02,2021-07-05,1,0.9361039996147156,0.9272282826048988,stop,-0.00953098980954712,-0.009748614484686327,AUDCAD,-0.00948155014129831,2,9,28,1.5,4.0
2021-07-08,2021-07-22,1,0.9339730143547058,0.9262721176658358,stop,-0.008354677798918268,-0.008512983316079376,AUDCAD,-0.008245309629412178,2,9,28,1.5,4.0
2021-08-06,2021-08-24,1,0.9253900051116943,0.9151715742690223,stop,-0.01086620384625023,-0.01131245289536978,AUDCAD,-0.011042296530357145,2,9,28,1.5,4.0
2021-08-30,2021-10-11,1,0.9226729869842529,0.9144272633961269,stop,-0.008891594679015007,-0.009207729832748453,AUDCAD,-0.008936777931558495,2,9,28,1.5,4.0
2021-10-15,2021-11-26,1,0.9173799753189087,0.9090642013720104,stop,-0.008957939929621545,-0.009337214869902289,AUDCAD,-0.009064699656222055,2,9,28,1.5,4.0
2021-12-13,2021-12-28,1,0.9115260243415833,0.9252499938011169,eod,0.013085901242494584,0.014781771556403183,AUDCAD,0.015056036901905065,2,9,28,1.5,4.0
2022-02-23,2022-04-28,1,0.9226109981536865,0.913287633231708,stop,-0.009969192620686075,-0.010376382832132448,AUDCAD,-0.010105412726096106,3,5,28,1.5,4.0
2022-05-05,2022-05-09,1,0.9238150119781494,0.9107035121747425,stop,-0.013758170311791572,-0.014463393244493954,AUDCAD,-0.014192776295474389,3,5,28,1.5,4.0
2022-05-20,2022-06-29,1,0.9026200175285339,0.8888563386031559,stop,-0.01439551293764797,-0.015525557436393762,AUDCAD,-0.015248585958756333,3,5,28,1.5,4.0
2022-07-11,2022-10-10,1,0.8862199783325195,0.8741039612463543,stop,-0.01273637107099804,-0.013953665442560595,AUDCAD,-0.01367156843943233,3,5,28,1.5,4.0
2022-10-24,2022-11-30,1,0.8694239854812622,0.9048725366592407,target,0.034839954388141636,0.0404849092799006,AUDCAD,0.040772455982286106,3,5,28,1.5,4.0
2022-12-19,2023-01-13,-1,0.9153569936752319,0.9304023278611047,stop,-0.01568608408144539,-0.01562814758036169,AUDCAD,-0.01643657533599487,3,5,28,1.5,4.0
2023-02-01,2023-04-03,-1,0.9380000233650208,0.9055922627449036,target,0.03175116060376167,0.03674601253896145,AUDCAD,0.03454985054675822,3,5,28,1.5,4.0
2023-04-19,2023-05-26,1,0.9019100069999695,0.8889052207980838,stop,-0.013636123206785698,-0.01469635118693851,AUDCAD,-0.014419161669071225,3,5,28,1.5,4.0
2023-06-07,2023-06-26,1,0.8948590159416199,0.8843694201537541,stop,-0.011115997099024924,-0.01200143888203998,AUDCAD,-0.01172206526502732,3,5,28,1.5,4.0
2023-07-06,2023-08-16,1,0.8840699791908264,0.8711453399487904,stop,-0.013543488227469595,-0.014902258364314701,AUDCAD,-0.0146194753201163,3,5,28,1.5,4.0
2023-08-24,2023-09-21,1,0.876380980014801,0.8674739897251129,stop,-0.00952045697569847,-0.010448641057378333,AUDCAD,-0.010163376993345612,3,5,28,1.5,4.0
2023-10-02,2023-10-16,1,0.8736900091171265,0.8639605960675648,stop,-0.010340996055943642,-0.011422143947423597,AUDCAD,-0.011136001268222506,3,5,28,1.5,4.0
2023-10-25,2023-11-29,1,0.8739500045776367,0.9021836859839303,target,0.02762191640308922,0.03201977373959457,AUDCAD,0.03230583129287626,3,5,28,1.5,4.0
2023-12-01,2024-05-16,-1,0.8953570127487183,0.9066420367785862,stop,-0.011911773938792076,-0.005679325629289603,AUDCAD,-0.012603937724487464,3,5,28,1.5,4.0
2024-05-23,2024-06-13,-1,0.9061819911003113,0.9138018850769315,stop,-0.008254221370390434,-0.007790812492364694,AUDCAD,-0.008408789902531534,3,5,28,1.5,4.0
2024-06-17,2024-07-08,-1,0.9082000255584717,0.916874742933682,stop,-0.009310457393101235,-0.008934945107737024,AUDCAD,-0.009551549362571353,3,5,28,1.5,4.0
2024-07-19,2024-08-06,-1,0.9187700152397156,0.9004082594599042,target,0.01771861676914356,0.020431397921615496,AUDCAD,0.019985149139875456,3,5,28,1.5,4.0
2024-08-12,2024-09-30,1,0.9018999934196472,0.93055659532547,target,0.028025271910429004,0.03149639883920631,AUDCAD,0.03177359143464264,3,5,28,1.5,4.0
2024-10-07,2024-12-31,-1,0.9233199954032898,0.8925311650548663,target,0.030142506351641198,0.03661659069091903,AUDCAD,0.0333457853200455,3,5,28,1.5,4.0
2025-01-06,2025-01-13,1,0.8981480002403259,0.8888833693095616,stop,-0.009893334530932578,-0.010593611440673955,AUDCAD,-0.010315260879371024,3,5,28,1.5,4.0
2025-01-17,2025-04-07,1,0.8939499855041504,0.8844816791159766,stop,-0.010094071378026656,-0.01087119698614127,AUDCAD,-0.010591539282630028,3,5,28,1.5,4.0
2025-04-15,2026-01-22,1,0.878350019454956,0.9339019741330828,target,0.054937109664508314,0.06296118113874853,AUDCAD,0.063245805712623,3,5,28,1.5,4.0
2026-03-02,2026-04-08,-1,0.9646469950675964,0.9744425309555871,stop,-0.010470788784537964,-0.008889817655410545,AUDCAD,-0.01015452900188036,3,5,28,1.5,4.0
2026-04-23,2026-05-11,-1,0.978190004825592,0.987461941582816,stop,-0.009956669760601845,-0.009059524952725297,AUDCAD,-0.009478666426240049,3,5,28,1.5,4.0
2026-05-18,2026-07-09,-1,0.9810000061988831,0.9827060103416443,eod,-0.0023927041471004484,8.562268777574373e-05,AUDCAD,-0.0017390460060969291,3,5,28,1.5,4.0
2008-09-12,2008-09-15,1,0.9353100061416626,0.9027914319719587,stop,-0.033173291174003104,-0.03506706220860878,AUDCHF,-0.0347676962249655,0,9,21,2.0,4.0
2008-09-22,2008-10-06,1,0.9074000120162964,0.85569999899183,stop,-0.05233519303287777,-0.057449870326351876,AUDCHF,-0.05697598891318712,0,9,21,2.0,4.0
2008-10-20,2008-10-24,1,0.8070999979972839,0.7219100083623614,stop,-0.08575495963352063,-0.10593481581846101,AUDCHF,-0.10555072462682524,0,9,21,2.0,4.0
2008-10-30,2009-10-08,1,0.7628999948501587,0.923405715397426,target,0.15997169055087218,0.20428066797651112,AUDCHF,0.2103889390886577,0,9,21,2.0,4.0
2009-10-22,2009-11-13,-1,0.9322999715805054,0.9427585772105626,stop,-0.011111215610163535,-0.010284893191406895,AUDCHF,-0.01121806923615686,0,9,21,2.0,4.0
2009-11-19,2010-01-07,-1,0.9312000274658203,0.9458871739251273,stop,-0.015338986478533094,-0.013334564103374441,AUDCHF,-0.01577227880810615,0,9,21,2.0,4.0
2010-01-22,2010-02-15,-1,0.9383800029754639,0.955622843333653,stop,-0.01789970636027195,-0.01736273184267242,AUDCHF,-0.018375114882579164,0,9,21,2.0,4.0
2010-02-25,2010-03-09,-1,0.9584000110626221,0.9768000159944806,stop,-0.019070884939602396,-0.018875213609191577,AUDCHF,-0.019198669365057323,0,9,21,2.0,4.0
2010-03-12,2010-04-06,-1,0.96670001745224,0.9850728596959796,stop,-0.019049532255956153,-0.01798163021611654,AUDCHF,-0.01900573281477912,0,9,21,2.0,4.0
2010-04-14,2010-04-29,-1,0.9832000136375427,1.0049257278442383,stop,-0.022413954216241833,-0.021578228145261946,AUDCHF,-0.02209694254001989,0,9,21,2.0,4.0
2010-05-06,2010-05-20,-1,0.9866999983787537,0.9366713677133832,target,0.04933794066650532,0.05117931564644241,AUDCHF,0.050702980386715786,0,9,21,2.0,4.0
2010-05-28,2010-06-29,1,0.9821500182151794,0.9427500367164612,stop,-0.04008748651146889,-0.040777865657936285,AUDCHF,-0.04011605230158038,0,9,21,2.0,4.0
2010-07-09,2011-03-17,1,0.9284600019454956,0.8959628599030631,stop,-0.033147064043794326,-0.038749264337770026,AUDCHF,-0.03500112226088141,0,9,21,2.0,4.0
2011-03-24,2011-06-24,1,0.9196000099182129,0.8844528709139142,stop,-0.03579085901124142,-0.03977505285972295,AUDCHF,-0.03822002895304946,0,9,21,2.0,4.0
2011-07-01,2011-07-18,1,0.9013000130653381,0.8707714336259025,stop,-0.031159489448581393,-0.034382091412650626,AUDCHF,-0.03387171751568869,0,9,21,2.0,4.0
2011-07-22,2011-08-03,1,0.8857399821281433,0.8565014089856829,stop,-0.029858591129950065,-0.033473224355554713,AUDCHF,-0.03301033455914414,0,9,21,2.0,4.0
2011-08-16,2012-01-03,1,0.8226000070571899,0.9625743457249233,target,0.1393985186627933,0.1676687788529819,AUDCHF,0.17016087705674168,0,9,21,2.0,4.0
2012-01-20,2012-05-21,-1,0.9707000255584717,0.931248562676566,target,0.03877197286401478,0.046813085078226846,AUDCHF,0.040642280666685,0,9,21,2.0,4.0
2012-05-28,2012-06-28,1,0.9383999705314636,0.9688028522900173,target,0.029746001779181633,0.03169531403726361,AUDCHF,0.03239863886753423,0,9,21,2.0,4.0
2012-07-30,2012-09-03,-1,1.0214999914169312,0.9828627620424543,target,0.03792217938048504,0.039341389830784876,AUDCHF,0.037824013410790995,0,9,21,2.0,4.0
2012-09-12,2012-10-03,1,0.9789999723434448,0.9616471188408988,stop,-0.018038153483186416,-0.01825623494121611,AUDCHF,-0.017725080687191704,0,9,21,2.0,4.0
2012-10-12,2013-01-11,1,0.9586099982261658,0.9670400023460388,eod,0.0077589771211147305,0.007312675783524604,AUDCHF,0.008793987268515999,0,9,21,2.0,4.0
2013-03-11,2013-05-02,1,0.972599983215332,0.9545856969697135,stop,-0.018695106233869246,-0.01947798331539173,AUDCHF,-0.01852178342227072,1,9,28,2.0,4.0
2013-06-27,2013-07-31,1,0.8745999932289124,0.8455199939864022,stop,-0.029692219237770382,-0.03403841695973845,AUDCHF,-0.033249484870392546,1,9,28,2.0,4.0
2013-08-13,2013-12-05,1,0.8442299962043762,0.819585749081203,stop,-0.02523520812051632,-0.03124059467414188,AUDCHF,-0.029191390064286737,1,9,28,2.0,4.0
2013-12-24,2014-01-27,1,0.7975999712944031,0.7811171071869987,stop,-0.017041184087310486,-0.021530672925595816,AUDCHF,-0.02066557760860349,1,9,28,2.0,4.0
2014-02-05,2014-09-05,1,0.8055800199508667,0.8625657388142177,target,0.05642181284938541,0.06705195948956816,AUDCHF,0.07073874407514061,1,9,28,2.0,4.0
2014-09-12,2014-12-09,-1,0.8515700101852417,0.8122614792415074,target,0.038712431936604653,0.05112736524653258,AUDCHF,0.04616006960506224,1,9,28,2.0,4.0
2014-12-23,2015-01-16,1,0.7993999719619751,0.7809528367859977,stop,-0.019006715156350787,-0.023789261750039176,AUDCHF,-0.023076226948948248,1,9,28,2.0,4.0
2015-02-02,2017-07-10,1,0.7167699933052063,0.7327499985694885,eod,0.015478266268968583,0.0059991424089251046,AUDCHF,0.022294467421263568,1,9,28,2.0,4.0
2017-09-04,2017-11-15,1,0.7651699781417847,0.7579449755804879,stop,-0.007760621545996015,-0.010997559760162834,AUDCHF,-0.009442349762392254,2,5,21,1.0,4.0
2017-12-05,2018-02-05,1,0.7486699819564819,0.7427914142608643,stop,-0.006402636682987212,-0.009254501799993917,AUDCHF,-0.007852014689109546,2,5,21,1.0,4.0
2018-02-14,2018-08-13,1,0.7352399826049805,0.7263171204498836,stop,-0.009437530142920342,-0.015604241372249795,AUDCHF,-0.012135986026607053,2,5,21,1.0,4.0
2018-08-21,2018-08-24,1,0.726639986038208,0.7204792712415967,stop,-0.006669362786838034,-0.0088912183760165,AUDCHF,-0.00847835918059063,2,5,21,1.0,4.0
2018-09-13,2018-11-08,1,0.6956200003623962,0.726577171257564,target,0.030470236894914127,0.04310855190987238,AUDCHF,0.04450299140197247,2,5,21,1.0,4.0
2018-11-15,2018-12-03,-1,0.7275800108909607,0.7337650230952671,stop,-0.006694318211930122,-0.007634915914614037,AUDCHF,-0.008500800065593572,2,5,21,1.0,4.0
2018-12-07,2019-01-03,-1,0.7182700037956238,0.6882500052452087,target,0.029517209547758102,0.04339593521336043,AUDCHF,0.04179486598601842,2,5,21,1.0,4.0
2019-01-07,2019-05-24,1,0.7021700143814087,0.693019300699234,stop,-0.009642232692241669,-0.015908844657822302,AUDCHF,-0.01303204849930283,2,5,21,1.0,4.0
2019-05-28,2019-06-11,1,0.6946399807929993,0.6889471283980778,stop,-0.006179100381476553,-0.008814425550242042,AUDCHF,-0.008195399850757954,2,5,21,1.0,4.0
2019-06-28,2019-08-02,1,0.6840500235557556,0.6781835854053497,stop,-0.006345273166894911,-0.009599353737717788,AUDCHF,-0.008576036763965875,2,5,21,1.0,4.0
2019-08-16,2020-01-31,1,0.6607999801635742,0.6517092628138406,stop,-0.009553277335848157,-0.01740423379989626,AUDCHF,-0.013757139259422107,2,5,21,1.0,4.0
2020-02-06,2020-02-24,1,0.6572390198707581,0.65047601716859,stop,-0.0072230700160775384,-0.011005132810876526,AUDCHF,-0.0102900200652997,2,5,21,1.0,4.0
2020-03-25,2020-06-03,1,0.585673987865448,0.6645499552999224,target,0.07846599564296863,0.13271200197528854,AUDCHF,0.13467555170402296,2,5,21,1.0,4.0
2020-06-11,2020-09-02,-1,0.6575949788093567,0.6693806903702872,stop,-0.012246028046097106,-0.011794055324104009,AUDCHF,-0.01792244761702682,2,5,21,1.0,4.0
2020-09-09,2020-11-25,-1,0.6618049740791321,0.6679662678922925,stop,-0.006624557295015833,-0.0037039519332282,AUDCHF,-0.009309833039157143,2,5,21,1.0,4.0
2020-12-01,2020-12-18,-1,0.6674000024795532,0.672856364931379,stop,-0.005923542453561478,-0.007171654830751111,AUDCHF,-0.008175550541735209,2,5,21,1.0,4.0
2020-12-30,2021-01-01,-1,0.6727970242500305,0.6790552394730704,stop,-0.006729173140014952,-0.00955446440953791,AUDCHF,-0.00930178790552171,2,5,21,1.0,4.0
2021-01-19,2021-02-22,-1,0.6846420168876648,0.698066519839423,stop,-0.013903752363579599,-0.017402529581694005,AUDCHF,-0.01960806176165625,2,5,21,1.0,4.0
2021-03-02,2021-03-15,-1,0.711080014705658,0.7200733125209808,stop,-0.009491053825616836,-0.01204266417031498,AUDCHF,-0.012647378114044636,2,5,21,1.0,4.0
2021-03-17,2021-07-09,-1,0.7164610028266907,0.6838766932487488,target,0.032082786875963214,0.05328176889925734,AUDCHF,0.04547952986887679,2,5,21,1.0,4.0
2021-07-27,2021-08-02,1,0.6761540174484253,0.669493807213647,stop,-0.007133518046992149,-0.010338192267431793,AUDCHF,-0.009850137783565369,2,5,21,1.0,4.0
2021-08-06,2021-08-18,1,0.6712859869003296,0.6659304116453443,stop,-0.0058254754458155426,-0.008588850903335431,AUDCHF,-0.007978082902809784,2,5,21,1.0,4.0
2021-08-26,2021-12-01,1,0.6646990180015564,0.6573633083275386,stop,-0.007800998986618844,-0.013292797844929365,AUDCHF,-0.011036137372480033,2,5,21,1.0,4.0
2021-12-09,2022-01-04,1,0.6595640182495117,0.6606969833374023,eod,0.0006712702751159669,0.0008535412368078219,AUDCHF,0.0017177484770887347,2,5,21,1.0,4.0
2022-02-28,2022-03-18,1,0.6659219861030579,0.6876004423413958,target,0.021212310848065834,0.03181822597918978,AUDCHF,0.032554047907622355,3,7,21,1.0,3.0
2022-03-31,2022-04-06,-1,0.6922850012779236,0.7001655782972064,stop,-0.008365176520177342,-0.011282314371775874,AUDCHF,-0.0113834287970065,3,7,21,1.0,3.0
2022-04-11,2022-04-21,-1,0.6956200003623962,0.7038972888674054,stop,-0.008764222505262872,-0.011453506944680267,AUDCHF,-0.011899152555557613,3,7,21,1.0,3.0
2022-04-25,2022-05-05,-1,0.6908000111579895,0.6991552242210933,stop,-0.008838773070914421,-0.011646226017885583,AUDCHF,-0.01209498107722663,3,7,21,1.0,3.0
2022-05-11,2022-06-08,-1,0.690189003944397,0.7002132960728237,stop,-0.010507424431187781,-0.012799815815579717,AUDCHF,-0.014523981215490766,3,7,21,1.0,3.0
2022-06-14,2022-06-23,-1,0.6918100118637085,0.6685908947672162,target,0.022734850088187673,0.03395313264289646,AUDCHF,0.033562852081225156,3,7,21,1.0,3.0
2022-07-06,2022-09-14,1,0.657941997051239,0.6485958439963204,stop,-0.00980671245285446,-0.01595300665098169,AUDCHF,-0.014205132210447323,3,7,21,1.0,3.0
2022-10-04,2022-10-07,1,0.6453449726104736,0.6359805422169822,stop,-0.009816171874318772,-0.014975603442602214,AUDCHF,-0.014510735793929792,3,7,21,1.0,3.0
2022-10-10,2023-01-12,-1,0.6325100064277649,0.6425039385046277,stop,-0.010436689081362268,-0.008480390859200448,AUDCHF,-0.01580043315568349,3,7,21,1.0,3.0
2023-01-19,2023-01-24,-1,0.6360290050506592,0.6442462801933289,stop,-0.008662495446205138,-0.012998267495695728,AUDCHF,-0.012919654728663165,3,7,21,1.0,3.0
2023-01-25,2023-02-07,1,0.6499599814414978,0.6407468446663448,stop,-0.009668108762162056,-0.014790351790325227,AUDCHF,-0.01417492928521519,3,7,21,1.0,3.0
2023-03-03,2023-03-07,1,0.6335999965667725,0.6283524930477142,stop,-0.005691023516654968,-0.008739746763042561,AUDCHF,-0.008282044740360435,3,7,21,1.0,3.0
2023-03-17,2023-03-27,1,0.6191819906234741,0.6121224207537515,stop,-0.007492997263159102,-0.0119990083404099,AUDCHF,-0.01140144574071698,3,7,21,1.0,3.0
2023-03-30,2023-04-07,1,0.6135900020599365,0.6060367865221841,stop,-0.007982728539194411,-0.012880287343698369,AUDCHF,-0.01230987387733649,3,7,21,1.0,3.0
2023-04-19,2023-04-24,1,0.603522002696991,0.5970888478415353,stop,-0.006855620257343596,-0.011156436427117644,AUDCHF,-0.010659354301429808,3,7,21,1.0,3.0
2023-05-03,2023-05-04,1,0.5946000218391418,0.5886115218911853,stop,-0.006404719963243981,-0.010508744901538197,AUDCHF,-0.010071476165496444,3,7,21,1.0,3.0
2023-05-08,2023-05-25,1,0.6013100147247314,0.593842225415366,stop,-0.007888706319672735,-0.013217457076619246,AUDCHF,-0.012419199957586004,3,7,21,1.0,3.0
2023-06-02,2023-06-13,1,0.595300018787384,0.6109424574034554,target,0.015225728602920227,0.02563822968989775,AUDCHF,0.02627656328305646,3,7,21,1.0,3.0
2023-06-21,2023-07-12,-1,0.6093699932098389,0.5889926893370492,target,0.019950744877542802,0.03480201537506109,AUDCHF,0.03343995290193537,3,7,21,1.0,3.0
2023-07-26,2023-07-31,1,0.5868319869041443,0.5806293402399335,stop,-0.006613429055043677,-0.011080934252605673,AUDCHF,-0.010569714675801992,3,7,21,1.0,3.0
2023-08-24,2023-09-25,1,0.5685700178146362,0.5820410677364894,target,0.013073050909382973,0.022549641240550086,AUDCHF,0.023692860157541785,3,7,21,1.0,3.0
2023-10-04,2023-10-20,-1,0.581059992313385,0.5650755337306431,target,0.015577716588122521,0.028455682376122542,AUDCHF,0.02750913639588688,3,7,21,1.0,3.0
2023-10-27,2024-03-22,1,0.569176971912384,0.5881341993808746,target,0.018558803588151932,0.029546570396174338,AUDCHF,0.03330638519122796,3,7,21,1.0,3.0
2024-04-02,2024-04-04,-1,0.5871850252151489,0.5922588791166034,stop,-0.005484883419105031,-0.008794253394936892,AUDCHF,-0.008640979731380803,3,7,21,1.0,3.0
2024-04-15,2024-04-29,-1,0.59170001745224,0.5970392993518284,stop,-0.005753471911805001,-0.008229308358912571,AUDCHF,-0.009023629782163057,3,7,21,1.0,3.0
2024-05-13,2024-05-16,-1,0.5982800126075745,0.6025131004197257,stop,-0.004651883820976561,-0.007159002008914903,AUDCHF,-0.007075429101670221,3,7,21,1.0,3.0
2024-05-24,2024-05-28,-1,0.6035699844360352,0.6071913412639073,stop,-0.0040438558169773485,-0.0061490082733984,AUDCHF,-0.005999895490588145,3,7,21,1.0,3.0
2024-06-14,2024-07-25,1,0.5924999713897705,0.5871312533106122,stop,-0.0057834680591311236,-0.010377583757068924,AUDCHF,-0.00906112799729829,3,7,21,1.0,3.0
2024-08-12,2025-03-04,1,0.5682299733161926,0.5569624049322945,stop,-0.01166532936521942,-0.024880011699120998,AUDCHF,-0.019829239767378878,3,7,21,1.0,3.0
2025-03-17,2025-04-01,1,0.559249997138977,0.5525537048067365,stop,-0.007087767330237844,-0.012760469143940198,AUDCHF,-0.01197370114706767,3,7,21,1.0,3.0
2025-04-16,2026-04-28,1,0.5201200246810913,0.563095897436142,target,0.04261178873777389,0.07285986110280276,AUDCHF,0.0826268374908293,3,7,21,1.0,3.0
2026-05-05,2026-05-14,-1,0.5618990063667297,0.5655932937349591,stop,-0.004087616672686121,-0.006094133161706483,AUDCHF,-0.006574646558136626,3,7,21,1.0,3.0
2026-05-18,2026-06-03,-1,0.561269998550415,0.5650052172797067,stop,-0.004128107728276902,-0.005532486570298468,AUDCHF,-0.0066549410068924295,3,7,21,1.0,3.0
2026-06-08,2026-06-19,-1,0.5609409809112549,0.564237688268934,stop,-0.003689366044316941,-0.005253150434635929,AUDCHF,-0.005877101994444273,3,7,21,1.0,3.0
2026-06-25,2026-07-08,-1,0.5603860020637512,0.5599300265312195,eod,6.370533108711243e-05,0.0015810093922205913,AUDCHF,0.0008136811605794984,3,7,21,1.0,3.0
2008-09-22,2008-09-29,1,89.19300079345703,83.91428511483329,stop,-5.34115077917916,-0.05938588938037277,AUDJPY,-0.059183070775335696,0,9,28,1.5,4.0
2008-09-30,2008-10-08,-1,84.02999877929688,70.70113917759487,target,13.2700386025565,0.1584131833283051,AUDJPY,0.15862025223527604,0,9,28,1.5,4.0
2008-10-20,2008-10-24,1,71.53800201416016,63.96385983058384,stop,-7.624218784986225,-0.10612823911511424,AUDJPY,-0.10587578588058827,0,9,28,1.5,4.0
2008-10-31,2008-11-20,1,65.83100128173828,58.582787241254536,stop,-7.294295741380963,-0.1103807309474949,AUDJPY,-0.11010335403320717,0,9,28,1.5,4.0
2008-11-26,2009-02-02,1,62.47999954223633,57.35469314030239,stop,-5.169042401613506,-0.08233300959703907,AUDJPY,-0.08203115300071738,0,9,28,1.5,4.0
2009-02-06,2009-04-02,1,62.0880012512207,71.05105754307338,target,8.919594690976826,0.14405917587300054,AUDJPY,0.14436052234289729,0,9,28,1.5,4.0
2009-04-17,2009-05-07,-1,71.63200378417969,74.27795055934361,stop,-2.696089177812847,-0.037171189335792124,AUDJPY,-0.036938053319517675,0,9,28,1.5,4.0
2009-05-14,2009-05-29,-1,73.0005111694336,75.89982032775879,stop,-2.950409516143799,-0.0399498457148656,AUDJPY,-0.03971628570649214,0,9,28,1.5,4.0
2009-06-16,2009-08-03,-1,76.44999694824219,79.30579321725028,stop,-2.909311266871865,-0.03754998539701186,AUDJPY,-0.03735508676267853,0,9,28,1.5,4.0
2009-08-14,2009-10-09,-1,79.0199966430664,80.23907852172852,stop,-1.2743958763122558,-0.015609743496114676,AUDJPY,-0.01542751114213161,0,9,28,1.5,4.0
2009-10-28,2009-10-29,-1,81.35710144042969,82.71418353489467,stop,-1.4140320654732859,-0.016901193259346813,AUDJPY,-0.01668056101357853,0,9,28,1.5,4.0
2009-11-10,2009-11-26,1,83.47329711914062,81.05033602033343,stop,-2.481392406790591,-0.02924505420365651,AUDJPY,-0.0290267808081059,0,9,28,1.5,4.0
2009-12-03,2009-12-17,1,81.56999969482422,79.43771607535226,stop,-2.1893826192583394,-0.02636341335683999,AUDJPY,-0.026140537298632114,0,9,28,1.5,4.0
2009-12-24,2010-01-07,1,80.822998046875,85.52959769112724,target,4.650023545619423,0.05800848468319733,AUDJPY,0.05823342065982933,0,9,28,1.5,4.0
2010-01-15,2010-02-04,-1,83.71299743652344,78.72816903250558,target,4.926229305812295,0.05934715702642251,AUDJPY,0.05954664815099564,0,9,28,1.5,4.0
2010-02-12,2010-04-02,1,79.96199798583984,86.7723137991769,target,6.754342414746968,0.08493641960446972,AUDJPY,0.08516940527853079,0,9,28,1.5,4.0
2010-04-15,2010-05-06,-1,86.84220123291016,82.70331355503627,target,4.078098137010844,0.047468138984847585,AUDJPY,0.04765986604569609,0,9,28,1.5,4.0
2010-05-31,2011-04-04,1,77.17150115966797,87.46513039725167,target,10.239609186771933,0.13310184567139105,AUDJPY,0.1333864066773324,0,9,28,1.5,4.0
2011-04-18,2011-08-08,-1,87.82099914550781,81.39239719935826,target,6.3671272467477,0.07307821601432823,AUDJPY,0.07320119343550407,0,9,28,1.5,4.0
2011-08-19,2011-09-23,1,79.52300262451172,76.3916563306536,stop,-3.187012395695273,-0.03960861876318588,AUDJPY,-0.0393766104210573,0,9,28,1.5,4.0
2011-10-10,2012-02-08,1,74.94999694824219,82.62018694196429,target,7.617724995858334,0.10207632161753591,AUDJPY,0.10233742903310411,0,9,28,1.5,4.0
2012-03-07,2012-03-14,-1,85.21499633789062,87.12254578726632,stop,-1.967199946812217,-0.022591087626670506,AUDJPY,-0.022385137961069262,0,9,28,1.5,4.0
2012-03-15,2012-03-30,1,87.51399993896484,85.66171482631138,stop,-1.9135449126107373,-0.021373438695043,AUDJPY,-0.021165586237005585,0,9,28,1.5,4.0
2012-04-19,2012-05-07,1,84.30729675292969,82.22295079912458,stop,-2.143361061532163,-0.024939311717784945,AUDJPY,-0.024723197565134608,0,9,28,1.5,4.0
2012-06-07,2012-11-19,1,78.54299926757812,84.37054443359375,target,5.77256506652832,0.07393956457189794,AUDJPY,0.07419560266806854,0,9,28,1.5,4.0
2012-12-06,2012-12-13,-1,86.08999633789062,87.13956587655204,stop,-1.1098325360979393,-0.012395395331103605,AUDJPY,-0.012191538893113774,0,9,28,1.5,4.0
2013-03-08,2013-04-09,1,97.48899841308594,102.94830976213727,target,5.391069050162173,0.05581051644408935,AUDJPY,0.05599925568953769,1,9,28,2.0,4.0
2013-04-18,2013-06-12,-1,100.96240234375,92.3275168282645,target,8.564211833844867,0.08538263071569172,AUDJPY,0.0855257533005803,1,9,28,2.0,4.0
2013-06-26,2013-08-08,1,90.9000015258789,87.29642922537667,stop,-3.6672023015703514,-0.03984732936963737,AUDJPY,-0.03964325896602226,1,9,28,2.0,4.0
2013-08-14,2013-10-23,1,89.29199981689453,95.01013510567802,target,5.655630888911659,0.06382694194855695,AUDJPY,0.06403860704776805,1,9,28,2.0,4.0
2013-10-28,2014-01-27,-1,93.62999725341797,89.4374008178711,target,4.127055437469482,0.04464858013647188,AUDJPY,0.04477834624088728,1,9,28,2.0,4.0
2014-02-07,2014-09-05,1,91.2959976196289,98.47145407540458,target,7.111549257441933,0.07836878551439784,AUDJPY,0.0785955205360824,1,9,28,2.0,4.0
2014-09-12,2014-10-10,-1,97.41780090332031,94.60248674665179,target,2.7471216960361966,0.028733087081758563,AUDJPY,0.028899381125042062,1,9,28,2.0,4.0
2014-10-23,2014-11-03,1,93.93099975585938,98.10911342075893,target,4.112361965070455,0.04428765450928843,AUDJPY,0.04448066853072036,1,9,28,2.0,4.0
2014-11-26,2014-12-17,-1,100.785400390625,96.38665553501674,target,4.328195075334819,0.043479460701888295,AUDJPY,0.04364466320081639,1,9,28,2.0,4.0
2014-12-25,2015-01-23,1,97.63800048828125,95.23964582170758,stop,-2.4667012669154635,-0.024751886094428244,AUDJPY,-0.02456374213502583,1,9,28,2.0,4.0
2015-02-11,2015-07-09,1,92.87999725341797,89.73034014020648,stop,-3.2146731112888816,-0.034125292925704195,AUDJPY,-0.03391103796674135,1,9,28,2.0,4.0
2015-07-17,2015-08-24,1,92.02100372314453,89.07246507917132,stop,-3.0129533465794096,-0.0322428415679948,AUDJPY,-0.03204201785110078,1,9,28,2.0,4.0
2015-09-14,2016-01-11,1,85.73999786376953,81.89913940429688,stop,-3.9008764579772945,-0.04502435917488994,AUDJPY,-0.044796577503714366,1,9,28,2.0,4.0
2016-01-25,2016-05-09,1,83.01599884033203,79.18414088657924,stop,-3.8899691529410205,-0.04639115360353574,AUDJPY,-0.04615806600270814,1,9,28,2.0,4.0
2016-05-20,2016-06-27,1,79.4530029296875,77.03457314627511,stop,-2.474046885463174,-0.030671084711158786,AUDJPY,-0.030438494383309832,1,9,28,2.0,4.0
2016-07-12,2016-12-13,1,77.26499938964844,86.15671212332589,target,8.837627234104696,0.11482214202755872,AUDJPY,0.1150807325945403,1,9,28,2.0,4.0
2016-12-20,2017-01-20,-1,84.85399627685547,86.73956516810826,stop,-1.9449666886465868,-0.022409302739833842,AUDJPY,-0.022221332806774245,1,9,28,2.0,4.0
2017-02-01,2017-02-13,-1,85.43599700927734,87.34142739432198,stop,-1.965235582951133,-0.02250492125509875,AUDJPY,-0.022302430494698055,1,9,28,2.0,4.0
2017-02-27,2017-04-12,-1,86.0469970703125,82.2181374686105,target,3.7686267037527883,0.04432182099958269,AUDJPY,0.044497306496045295,1,9,28,2.0,4.0
2017-04-25,2017-06-23,1,82.87000274658203,83.91899871826172,eod,0.9909869697570802,0.01243183223765706,AUDJPY,0.012658331566460016,1,9,28,2.0,4.0
2017-08-31,2017-11-20,1,87.30999755859375,85.68056924002511,stop,-1.690545316859658,-0.018880521872221584,AUDJPY,-0.018662562869448403,2,9,28,2.0,4.0
2017-12-04,2018-01-08,1,85.64800262451172,88.79971204485211,target,3.091755818503237,0.03658298295731281,AUDJPY,0.0367983995395405,2,9,28,2.0,4.0
2018-01-11,2018-01-18,-1,87.44400024414062,88.71757398332868,stop,-1.3347845393589504,-0.014765149530937277,AUDJPY,-0.01456444965500524,2,9,28,2.0,4.0
2018-01-19,2018-02-05,1,88.87899780273438,87.41299765450614,stop,-1.5282154466901468,-0.01669922236884821,AUDJPY,-0.016494337070294136,2,9,28,2.0,4.0
2018-03-12,2018-03-19,1,84.04000091552734,82.15457262311664,stop,-1.9442562930515772,-0.022650146021821516,AUDJPY,-0.022434891383519177,2,9,28,2.0,4.0
2018-03-20,2018-05-22,-1,81.6969985961914,83.91071101597377,stop,-2.270900318799702,-0.027267371605573507,AUDJPY,-0.027096618698616036,2,9,28,2.0,4.0
2018-05-29,2018-06-07,-1,82.53900146484375,84.38043212890625,stop,-1.8992079650878904,-0.022520028484403456,AUDJPY,-0.022309824826834496,2,9,28,2.0,4.0
2018-06-15,2018-12-25,-1,82.60199737548828,78.26885877336774,target,4.2753172039577,0.052389636323790664,AUDJPY,0.052458036606828816,2,9,28,2.0,4.0
2019-01-09,2019-06-03,1,77.90499877929688,75.25385393415179,stop,-2.705678344290591,-0.03428528190741587,AUDJPY,-0.03403048439363586,2,9,28,2.0,4.0
2019-06-06,2019-06-18,1,75.50599670410156,74.45570809500558,stop,-1.1031428067888571,-0.014150248400574363,AUDJPY,-0.0139100025818073,2,9,28,2.0,4.0
2019-06-27,2019-08-02,1,75.26499938964844,74.1364244733538,stop,-1.1812604158673927,-0.015239951180447311,AUDJPY,-0.014994684454217339,2,9,28,2.0,4.0
2019-08-19,2020-03-09,1,72.19999694824219,69.95556531633649,stop,-2.2949716297694676,-0.03137176908095207,AUDJPY,-0.031086312005174428,2,9,28,2.0,4.0
2020-03-26,2020-06-08,1,65.49099731445312,75.89756665910993,target,10.360725646536684,0.15861156144532204,AUDJPY,0.15890076149993504,2,9,28,2.0,4.0
2020-06-12,2020-07-22,-1,72.9489974975586,76.08299582345145,stop,-3.185062624141152,-0.0431726059840406,AUDJPY,-0.04296149958740348,2,9,28,2.0,4.0
2020-07-29,2020-08-28,-1,75.2300033569336,76.74885668073382,stop,-1.5715143261500828,-0.020403472754315116,AUDJPY,-0.020189462395660572,2,9,28,2.0,4.0
2020-09-09,2020-12-11,-1,76.39600372314453,78.06485966273716,stop,-1.7223331421988328,-0.022002537536965346,AUDJPY,-0.021844806773407756,2,9,28,2.0,4.0
2020-12-24,2021-01-07,-1,78.4800033569336,79.8233391898019,stop,-1.3982718352181591,-0.01733480854582702,AUDJPY,-0.017116918646890245,2,9,28,2.0,4.0
2021-01-19,2021-02-22,-1,79.69100189208984,82.29696328299386,stop,-2.6617450922284767,-0.032899089340778516,AUDJPY,-0.032700823543827,2,9,28,2.0,4.0
2021-03-05,2021-05-10,-1,83.28600311279297,85.30733272007534,stop,-2.079629809461323,-0.02443543370098122,AUDJPY,-0.024269739592917096,2,9,28,2.0,4.0
2021-05-18,2021-07-09,-1,84.9000015258789,82.47428567068917,target,2.366285854121621,0.028399479527156293,AUDJPY,0.028571446544089146,2,9,28,2.0,4.0
2021-07-28,2021-08-20,1,80.87999725341797,79.09771183558873,stop,-1.8389014159066357,-0.022262308098102108,AUDJPY,-0.022036170602786762,2,9,28,2.0,4.0
2021-08-30,2021-10-15,1,80.36299896240234,84.03671591622489,target,3.6174628545488674,0.04548258528197271,AUDJPY,0.04571403508150921,2,9,28,2.0,4.0
2021-11-03,2021-12-01,-1,84.72000122070312,80.96980285644531,target,3.6908943634033204,0.0440745787353144,AUDJPY,0.04426579686287082,2,9,28,2.0,4.0
2021-12-10,2021-12-29,1,81.06300354003906,82.98999786376953,eod,1.8702502212524417,0.023546429818476832,AUDJPY,0.023771563346757535,2,9,28,2.0,4.0
2022-02-11,2022-03-18,1,83.10493469238281,86.66378784179688,target,3.500679695129395,0.04260159956227686,AUDJPY,0.04282360803949056,3,9,21,1.5,4.0
2022-04-04,2022-04-20,-1,91.78299713134766,94.1939264025007,stop,-2.4751773691449808,-0.02645184126727361,AUDJPY,-0.02626771130281173,3,9,21,1.5,4.0
2022-04-26,2022-05-05,-1,91.697998046875,93.70467703683036,stop,-2.0708675885881735,-0.0220727718496177,AUDJPY,-0.021883563793067426,3,9,21,1.5,4.0
2022-05-10,2022-06-03,-1,90.7020034790039,93.42493220738002,stop,-2.786420130811421,-0.030201413676713657,AUDJPY,-0.030020601794164707,3,9,21,1.5,4.0
2022-06-14,2022-08-30,-1,93.1719970703125,95.60649708339146,stop,-2.4997204110281785,-0.02626915908255041,AUDJPY,-0.026129095539744178,3,9,21,1.5,4.0
2022-09-16,2022-10-12,-1,95.86599731445312,91.49428013392857,target,4.304610982404438,0.04543234621800483,AUDJPY,0.045602375221578784,3,9,21,1.5,4.0
2022-10-18,2022-12-05,1,93.81099700927734,91.69192395891461,stop,-2.184740748269223,-0.022787233037842292,AUDJPY,-0.022588748845225104,3,9,21,1.5,4.0
2022-12-12,2022-12-21,1,92.6989974975586,91.17199843270438,stop,-1.5918883631025,-0.01666823921040681,AUDJPY,-0.01647265996479008,3,9,21,1.5,4.0
2022-12-29,2023-03-16,1,90.43000030517578,88.23592839922223,stop,-2.2573729061671726,-0.02447265175810117,AUDJPY,-0.024262655076292987,3,9,21,1.5,4.0
2023-03-30,2023-06-14,1,88.58799743652344,94.474853515625,target,5.824844480895996,0.06623782283041348,AUDJPY,0.06645207307366567,3,9,21,1.5,4.0
2023-06-26,2023-11-16,-1,95.88300323486328,97.81746755327497,stop,-2.001582420676089,-0.020266514948971973,AUDJPY,-0.020175257899184253,3,9,21,1.5,4.0
2023-11-22,2024-02-23,-1,97.13999938964844,98.54314068385533,stop,-1.4711392937796435,-0.014568574254672038,AUDJPY,-0.01444452648778185,3,9,21,1.5,4.0
2024-02-29,2024-03-21,-1,97.82099914550781,98.69914191109794,stop,-0.9466174649919823,-0.009147246229402453,AUDJPY,-0.008977037377055389,3,9,21,1.5,4.0
2024-03-29,2024-04-09,-1,98.62999725341797,99.86953217642647,stop,-1.3085759210858985,-0.012743434634587799,AUDJPY,-0.012567524663147556,3,9,21,1.5,4.0
2024-04-16,2024-04-25,-1,99.33799743652344,100.75292778015137,stop,-1.484466941833496,-0.014418252638353725,AUDJPY,-0.014243596409642385,3,9,21,1.5,4.0
2024-05-06,2024-05-15,-1,101.48600006103516,103.45742961338588,stop,-2.042469752393452,-0.019596590181450116,AUDJPY,-0.019425630640335426,3,9,21,1.5,4.0
2024-05-24,2024-06-19,-1,103.61699676513672,104.70578111921039,stop,-1.1613162518092623,-0.010665087664898302,AUDJPY,-0.01050777756608366,3,9,21,1.5,4.0
2024-07-12,2024-07-24,-1,107.03900146484375,103.32756696428571,target,3.6365071995326512,0.03451297611152874,AUDJPY,0.034673665203958745,3,9,21,1.5,4.0
2024-08-12,2025-03-11,1,96.59300231933594,92.69193049839565,stop,-3.9686869225638235,-0.040601096629908025,AUDJPY,-0.04038669186452416,3,9,21,1.5,4.0
2025-03-14,2025-04-07,1,93.01200103759766,91.02225031171527,stop,-2.054859126608706,-0.02158915735046584,AUDJPY,-0.021392408546055078,3,9,21,1.5,4.0
2025-04-15,2025-10-08,1,90.50299835205078,99.64288221086774,target,9.076531759970523,0.10076576494562414,AUDJPY,0.100989845919396,3,9,21,1.5,4.0
2025-10-15,2025-10-28,-1,98.49299621582031,100.1237130846296,stop,-1.6996619661603614,-0.016731817815738098,AUDJPY,-0.016556678459004534,3,9,21,1.5,4.0
2025-11-06,2025-11-20,-1,100.29100036621094,101.85421425955636,stop,-1.6334175936017676,-0.015757285175887464,AUDJPY,-0.015586781342666542,3,9,21,1.5,4.0
2025-11-26,2025-12-08,-1,101.05999755859375,102.61646025521415,stop,-1.6272046949114158,-0.015572558229164273,AUDJPY,-0.015401372790633368,3,9,21,1.5,4.0
2025-12-17,2025-12-22,-1,102.64800262451172,103.93371609279087,stop,-1.3575670701163134,-0.012698381214949196,AUDJPY,-0.012525460168789828,3,9,21,1.5,4.0
2025-12-23,2026-01-23,1,104.41899871826172,108.34556906563895,target,3.853477048274453,0.037427674995448336,AUDJPY,0.03760398390691064,3,9,21,1.5,4.0
2026-02-13,2026-02-26,-1,108.29900360107422,110.77367891584124,stop,-2.550484617287778,-0.023008755684824325,AUDJPY,-0.022850397810515774,3,9,21,1.5,4.0
2026-03-09,2026-03-11,-1,110.35700225830078,112.27003751482282,stop,-1.990285158102847,-0.017496264097521766,AUDJPY,-0.01733496939364482,3,9,21,1.5,4.0
2026-03-20,2026-04-22,-1,111.81500244140625,114.01496641976493,stop,-2.278234480067666,-0.019816786030298763,AUDJPY,-0.019675034032320623,3,9,21,1.5,4.0
2026-05-01,2026-06-03,-1,113.02899932861328,114.53651400974819,stop,-1.5866349806649365,-0.01347764458841199,AUDJPY,-0.013337415088954786,3,9,21,1.5,4.0
2026-06-08,2026-07-10,-1,112.91272735595703,112.72200012207031,eod,0.11168832473754885,0.0015483394828961702,AUDJPY,0.0016891562036709267,3,9,21,1.5,4.0
2008-09-01,2008-09-17,1,1.2233999967575073,1.2014857189995902,stop,-0.022770657755647357,-0.01779816725161642,AUDNZD,-0.017912602432563825,0,9,28,2.0,4.0
2008-09-23,2008-09-30,1,1.2245999574661255,1.1879714046205794,stop,-0.0374857728157724,-0.030008618423917135,AUDNZD,-0.029910627239719892,0,9,28,2.0,4.0
2008-10-21,2009-01-20,1,1.1117000579833984,1.2462143216814314,target,0.1337360736574446,0.12283372904175222,AUDNZD,0.12099870170200329,0,9,28,2.0,4.0
2009-02-10,2009-03-03,-1,1.2509000301361084,1.285271440233503,stop,-0.03524704011848991,-0.027501326459838264,AUDNZD,-0.027477343727983397,0,9,28,2.0,4.0
2009-03-11,2009-03-30,-1,1.267300009727478,1.213985732623509,target,0.05242716709715973,0.04201394831159094,AUDNZD,0.042069183851291644,0,9,28,2.0,4.0
2009-04-02,2009-05-19,1,1.2282999753952026,1.2874142953327723,target,0.05825450995479301,0.04884337795274043,AUDNZD,0.048126940585950725,0,9,28,2.0,4.0
2009-05-22,2009-09-21,-1,1.264299988746643,1.2117000137056624,target,0.05171496504885803,0.04260062921805012,AUDNZD,0.041604030300692624,0,9,28,2.0,4.0
2009-09-30,2009-10-02,1,1.220900058746338,1.208557197025844,stop,-0.013197491761616362,-0.010322598995887491,AUDNZD,-0.010109641351944892,0,9,28,2.0,4.0
2009-10-05,2009-10-08,-1,1.201300024986267,1.213214329310826,stop,-0.012755214342049253,-0.01012595028015414,AUDNZD,-0.009917842401356037,0,9,28,2.0,4.0
2009-10-23,2009-10-28,-1,1.2213000059127808,1.2334285463605608,stop,-0.012983450451918946,-0.010119168417217371,AUDNZD,-0.009930844500991643,0,9,28,2.0,4.0
2009-11-13,2009-11-26,-1,1.254699945449829,1.2743713685444422,stop,-0.020549713056427995,-0.015781799597922197,AUDNZD,-0.01567818916861482,0,9,28,2.0,4.0
2009-12-09,2010-02-17,-1,1.2589999437332153,1.2783285549708776,stop,-0.020209911198275525,-0.014875784014833053,AUDNZD,-0.015352352741453378,0,9,28,2.0,4.0
2010-03-16,2010-04-06,-1,1.2894999980926514,1.3081071376800537,stop,-0.0195097895860672,-0.014452996987180496,AUDNZD,-0.01442973215581611,0,9,28,2.0,4.0
2010-04-19,2010-05-04,-1,1.3034000396728516,1.2634857382093156,target,0.039001921435764926,0.030538821736975433,AUDNZD,0.030623216394526316,0,9,28,2.0,4.0
2010-05-17,2010-05-20,1,1.2555500268936157,1.2321171590260096,stop,-0.024311752886431653,-0.018822721007841263,AUDNZD,-0.018663428271019914,0,9,28,2.0,4.0
2010-05-27,2010-09-22,1,1.2437000274658203,1.3012371744428362,target,0.05666655695778977,0.048465985081496986,AUDNZD,0.046262881487792756,0,9,28,2.0,4.0
2010-10-06,2010-12-14,-1,1.2977999448776245,1.3181256737027849,stop,-0.02123418878657471,-0.01522247623999031,AUDNZD,-0.015661681066781813,0,9,28,2.0,4.0
2010-12-29,2011-01-12,-1,1.3361999988555908,1.299997125353132,target,0.035267533503259965,0.027004096342884757,AUDNZD,0.02709390325809414,0,9,28,2.0,4.0
2011-01-24,2011-03-01,1,1.3035000562667847,1.3487628698349,target,0.04435036352872849,0.03519970202343014,AUDNZD,0.03472405954300273,0,9,28,2.0,4.0
2011-03-15,2011-05-27,-1,1.3646999597549438,1.3183142627988542,target,0.045430406984261165,0.03446596200130007,AUDNZD,0.033989666830809465,0,9,28,2.0,4.0
2011-06-16,2011-07-14,1,1.3111000061035156,1.2797857012067522,stop,-0.03223207490103591,-0.023563652469637965,AUDNZD,-0.023883994165957687,0,9,28,2.0,4.0
2011-07-29,2011-08-10,1,1.2624000310897827,1.2374786138534546,stop,-0.025805097258090975,-0.01972545676732253,AUDNZD,-0.019741299605969116,0,9,28,2.0,4.0
2011-08-15,2011-11-15,1,1.2431000471115112,1.3097000973565238,target,0.06572988021203453,0.05523292385399894,AUDNZD,0.053575776462856405,0,9,28,2.0,4.0
2011-11-16,2012-01-11,1,1.3178999423980713,1.2979556662695748,stop,-0.02086680608817512,-0.014268364026391806,AUDNZD,-0.015133376584117272,0,9,28,2.0,4.0
2012-02-09,2012-02-22,1,1.2930999994277954,1.2792899778911047,stop,-0.01471519153629021,-0.010648845056673167,AUDNZD,-0.010679778472509296,0,9,28,2.0,4.0
2012-02-29,2012-03-29,1,1.2843999862670898,1.271479947226388,stop,-0.013819119031088787,-0.00971662969023624,AUDNZD,-0.010059202101248789,0,9,28,2.0,4.0
2012-04-17,2012-05-17,1,1.2626999616622925,1.2938799687794276,target,0.030296117143971485,0.02508910119505323,AUDNZD,0.024693124308080197,0,9,28,2.0,4.0
2012-05-29,2012-09-21,-1,1.2929999828338623,1.2612370763506209,target,0.030857806495257722,0.025485620201648174,AUDNZD,0.024565279895539367,0,9,28,2.0,4.0
2012-10-11,2012-12-19,1,1.2516299486160278,1.251099944114685,eod,-0.0014061454653739927,0.000759006685408631,AUDNZD,-0.00042345143780621287,0,9,28,2.0,4.0
2013-02-22,2013-04-25,1,1.2323999404907227,1.214074237006051,stop,-0.019188383443015055,-0.013815079768579167,AUDNZD,-0.014869932140190252,1,5,28,2.0,4.0
2013-05-14,2013-05-28,1,1.205899953842163,1.19023140839168,stop,-0.016512675418172532,-0.012943482915603443,AUDNZD,-0.01299323828694153,1,5,28,2.0,4.0
2013-06-03,2013-06-19,1,1.2059999704360962,1.1882428101130895,stop,-0.018601360302311937,-0.01460792765744116,AUDNZD,-0.014724013895776121,1,5,28,2.0,4.0
2013-06-25,2013-07-04,1,1.1923999786376953,1.1713571037564958,stop,-0.021877554866245878,-0.017681042652555615,AUDNZD,-0.017647496861951273,1,5,28,2.0,4.0
2013-07-18,2013-07-25,1,1.1675100326538086,1.147458587374006,stop,-0.020868702302660292,-0.017277320721563245,AUDNZD,-0.017174537878894874,1,5,28,2.0,4.0
2013-08-12,2013-11-25,1,1.142240047454834,1.1180457387651717,stop,-0.02499387672288071,-0.01908032268543282,AUDNZD,-0.021181457210831166,1,5,28,2.0,4.0
2013-12-24,2014-01-15,1,1.0888999700546265,1.0723385129656111,stop,-0.01732368706805359,-0.014933839228776516,AUDNZD,-0.015209346629134833,1,5,28,2.0,4.0
2014-01-29,2014-08-21,1,1.062690019607544,1.108372790472848,target,0.044938887851578756,0.04763644141873022,AUDNZD,0.04298786101536446,1,5,28,2.0,4.0
2014-09-10,2014-11-27,-1,1.114989995956421,1.086130005972726,target,0.028079496986525496,0.026511439646002288,AUDNZD,0.02588363132257464,1,5,28,2.0,4.0
2015-01-02,2015-01-29,1,1.0491000413894653,1.0716171775545393,target,0.02178276613610138,0.021844567020245023,AUDNZD,0.02146328784359927,1,5,28,2.0,4.0
2015-02-04,2015-04-03,-1,1.0582799911499023,1.0131657804761613,target,0.04437341467993606,0.04304551825102811,AUDNZD,0.042629749263917334,1,5,28,2.0,4.0
2015-04-10,2015-05-06,1,1.0168499946594238,1.0551957062312536,target,0.03763391657556816,0.03808399643528567,AUDNZD,0.03771029333060377,1,5,28,2.0,4.0
2015-05-22,2015-06-11,-1,1.0740400552749634,1.0962071929659163,stop,-0.022918965729645385,-0.020676265826294248,AUDNZD,-0.02063902326741244,1,5,28,2.0,4.0
2015-06-29,2015-10-15,-1,1.1171000003814697,1.0757229328155518,target,0.04059509756565094,0.03802440923051903,AUDNZD,0.03703971672347009,1,5,28,2.0,4.0
2015-11-04,2016-06-09,1,1.0790499448776245,1.0519070625305176,stop,-0.02789821730852127,-0.020242698172404008,AUDNZD,-0.025154426332124245,1,5,28,2.0,4.0
2016-06-27,2016-09-08,1,1.0475599765777588,1.030618531363351,stop,-0.017674737198012307,-0.014644932564650255,AUDNZD,-0.01617229141356981,1,5,28,2.0,4.0
2016-09-20,2016-10-06,1,1.0318599939346313,1.0601571457726615,target,0.027574849842275925,0.027559118490092044,AUDNZD,0.027423441168727778,1,5,28,2.0,4.0
2016-10-19,2017-03-07,-1,1.0647200345993042,1.0801643133163452,stop,-0.01618958274126053,-0.013124838702128943,AUDNZD,-0.01450548333379798,1,5,28,2.0,4.0
2017-03-22,2017-05-29,-1,1.0899399518966675,1.0620370422090804,target,0.027139951721259464,0.026114199812620115,AUDNZD,0.025600410040050064,1,5,28,2.0,4.0
2017-06-14,2017-06-23,1,1.0456899404525757,1.0385199785232544,eod,-0.007901944887638093,-0.00693318511430214,AUDNZD,-0.006856680600961048,1,5,28,2.0,4.0
2017-08-25,2017-10-23,1,1.0962400436401367,1.1244799750191825,target,0.027472563348497698,0.02685536945109994,AUDNZD,0.02576071868828405,2,7,28,2.0,4.0
2017-11-01,2018-02-22,-1,1.1092599630355835,1.066548534802028,target,0.04193494625943054,0.03954116230204951,AUDNZD,0.038504435080007775,2,7,28,2.0,4.0
2018-02-27,2018-03-27,1,1.0766299962997437,1.062071442604065,stop,-0.01531219469308853,-0.013132230891087312,AUDNZD,-0.013522337057034288,2,7,28,2.0,4.0
2018-04-17,2018-05-14,1,1.0551700592041016,1.0811386448996407,target,0.0252299666540963,0.02498989188096238,AUDNZD,0.02461080606772227,2,7,28,2.0,4.0
2018-05-29,2018-08-09,-1,1.087249994277954,1.100841454097203,stop,-0.014352534815243375,-0.011912126822175713,AUDNZD,-0.012500767892185584,2,7,28,2.0,4.0
2018-08-17,2018-11-13,-1,1.1015000343322754,1.069831439426967,target,0.030897544881275787,0.029494865086411755,AUDNZD,0.028750425708797864,2,7,28,2.0,4.0
2018-11-27,2018-12-07,1,1.0659600496292114,1.0532372168132238,stop,-0.013469004850728076,-0.011954324949063668,AUDNZD,-0.011935562519827267,2,7,28,2.0,4.0
2018-12-17,2019-02-14,1,1.0563000440597534,1.0418857506343298,stop,-0.01515370345626549,-0.01247211291858889,AUDNZD,-0.013646021797011557,2,7,28,2.0,4.0
2019-02-28,2019-03-13,1,1.0430200099945068,1.0296257393700736,stop,-0.014124384631429367,-0.01280346541434382,AUDNZD,-0.012841815589428391,2,7,28,2.0,4.0
2019-03-19,2019-04-11,1,1.0369000434875488,1.0567943368639265,target,0.01916846334593643,0.01949492962541326,AUDNZD,0.019186317428885907,2,7,28,2.0,4.0
2019-04-26,2019-08-06,-1,1.0579400062561035,1.0345570700509208,target,0.02264237820080345,0.02304756041079343,AUDNZD,0.02210232722735531,2,7,28,2.0,4.0
2019-08-08,2019-09-17,1,1.0475900173187256,1.077892848423549,target,0.02956951809270035,0.02959443159278498,AUDNZD,0.028926231258276612,2,7,28,2.0,4.0
2019-09-25,2019-12-03,-1,1.0758999586105347,1.0510256120136805,target,0.024121216625826794,0.023649361070442028,AUDNZD,0.023119572036212375,2,7,28,2.0,4.0
2019-12-17,2020-03-13,1,1.0421299934387207,1.0314364433288574,stop,-0.011423041105270385,-0.008380480520520428,AUDNZD,-0.010261243968785246,2,7,28,2.0,4.0
2020-03-25,2020-08-10,1,1.0249899625778198,1.0839882407869612,target,0.05828078523533691,0.06070135365293162,AUDNZD,0.05755985947487958,2,7,28,2.0,4.0
2020-08-27,2020-10-28,-1,1.0921499729156494,1.0632062980106898,target,0.028179169923918685,0.026959369715823522,AUDNZD,0.026501557132936962,2,7,28,2.0,4.0
2020-11-04,2020-11-12,1,1.0695159435272217,1.0582223790032523,stop,-0.0120422256844384,-0.01065301045105865,AUDNZD,-0.01055951020863103,2,7,28,2.0,4.0
2020-12-07,2021-01-19,1,1.0553499460220337,1.079785738672529,target,0.023697047688279804,0.023912250856331925,AUDNZD,0.023154208461943725,2,7,28,2.0,4.0
2021-01-25,2021-03-23,-1,1.0740200281143188,1.0830508981432234,stop,-0.009782684048584591,-0.008008109535913693,AUDNZD,-0.008408474509325744,2,7,28,2.0,4.0
2021-04-02,2021-07-16,-1,1.0843100547790527,1.0610040255955286,target,0.022547012145178756,0.022462236770908726,AUDNZD,0.021493879062362015,2,7,28,2.0,4.0
2021-08-19,2021-09-01,1,1.0518360137939453,1.0406053066253662,stop,-0.011966992378234863,-0.01063921278775625,AUDNZD,-0.010677241529380831,2,7,28,2.0,4.0
2021-09-23,2021-10-12,1,1.0344719886779785,1.0559422629220145,target,0.02074614385196144,0.020909482790035534,AUDNZD,0.020754814513126,2,7,28,2.0,4.0
2021-10-18,2021-12-29,-1,1.0479099750518799,1.0616058111190796,stop,-0.014429373049736021,-0.01245892908553842,AUDNZD,-0.013069668571979816,2,7,28,2.0,4.0
2022-03-21,2022-05-04,1,1.0740629434585571,1.098575166293553,target,0.02376037877457489,0.023622659164923388,AUDNZD,0.02282196121212861,3,7,28,2.0,4.0
2022-05-23,2022-06-08,-1,1.0998209714889526,1.1132548025676183,stop,-0.014203705758707958,-0.012287300778026157,AUDNZD,-0.012214561666776355,3,7,28,2.0,4.0
2022-06-15,2022-08-26,-1,1.1062500476837158,1.119272197995867,stop,-0.01379652534552986,-0.011210982849780737,AUDNZD,-0.011771434803024188,3,7,28,2.0,4.0
2022-09-05,2022-09-20,-1,1.1155699491500854,1.1281918287277222,stop,-0.013402778542041778,-0.01141289220576146,AUDNZD,-0.011314287900326552,3,7,28,2.0,4.0
2022-10-05,2022-11-01,-1,1.135409951210022,1.1021597215107508,target,0.03245544273342415,0.029311201354016637,AUDNZD,0.029284779179393254,3,7,28,2.0,4.0
2022-11-11,2022-11-23,1,1.09784996509552,1.0810183797563826,stop,-0.017600080314704288,-0.01531319021144634,AUDNZD,-0.015331407636992516,3,7,28,2.0,4.0
2022-12-22,2024-07-12,1,1.0676510334014893,1.1095118522644043,target,0.041113463139534,0.05260222404692397,AUDNZD,0.03920833451502249,3,7,28,2.0,4.0
2024-07-25,2024-08-29,-1,1.1091400384902954,1.085985813822065,target,0.022377826641287152,0.02101107512082142,AUDNZD,0.020875835209904336,3,7,28,2.0,4.0
2024-09-12,2024-11-25,1,1.088371992111206,1.1132542746407645,target,0.02412042213508064,0.024313637911820375,AUDNZD,0.02286192837551088,3,7,28,2.0,4.0
2024-11-29,2024-12-25,-1,1.103559970855713,1.115798796926226,stop,-0.013011318050112073,-0.011054067194059212,AUDNZD,-0.011090313525075534,3,7,28,2.0,4.0
2024-12-31,2025-04-17,-1,1.1026949882507324,1.0746188844953264,target,0.027304217263630522,0.026449837957161552,AUDNZD,0.02546135064959781,3,7,28,2.0,4.0
2025-04-29,2025-08-26,1,1.076390027999878,1.1078580447605677,target,0.030714543741089863,0.03179889804840672,AUDNZD,0.02923477172968881,3,7,28,2.0,4.0
2025-09-10,2025-09-18,-1,1.1110299825668335,1.1192751271384103,stop,-0.00902286555937355,-0.007601185120194317,AUDNZD,-0.007421171976410442,3,7,28,2.0,4.0
2025-10-07,2025-11-04,-1,1.1326099634170532,1.144336802618844,stop,-0.012519666176182788,-0.010300844579004336,AUDNZD,-0.010353819567692393,3,7,28,2.0,4.0
2025-11-18,2026-01-05,-1,1.148210048675537,1.1606334958757674,stop,-0.013227194234303128,-0.010541143769114029,AUDNZD,-0.010819838421167563,3,7,28,2.0,4.0
2026-01-19,2026-02-12,-1,1.1603070497512817,1.1720903430666243,stop,-0.012595508250168454,-0.010138086567571994,AUDNZD,-0.010155323384330357,3,7,28,2.0,4.0
2026-03-23,2026-04-29,-1,1.2017799615859985,1.2186829532895769,stop,-0.017744237676688538,-0.013906865015058226,AUDNZD,-0.01406496384019528,3,7,28,2.0,4.0
2026-05-07,2026-05-27,-1,1.215190052986145,1.2269972051892961,stop,-0.012657785240241394,-0.009749217559869353,AUDNZD,-0.009716300898066776,3,7,28,2.0,4.0
2026-05-28,2026-07-10,-1,1.2105900049209595,1.2049399614334106,eod,0.0048026304841041565,0.004873692549554832,AUDNZD,0.004667181675531614,3,7,28,2.0,4.0
2010-07-09,2010-09-10,1,0.8781944513320923,0.9206052209649768,target,0.04179603351695202,0.05096908727331283,AUDUSD,0.04829314233146607,0,9,21,2.0,3.0
2010-10-20,2010-11-03,-1,0.970779538154602,0.9988288368497577,stop,-0.02872884437186382,-0.029068699520386387,AUDUSD,-0.028893582520780937,0,9,21,2.0,3.0
2010-11-12,2011-03-30,-1,0.9964129328727722,1.024484200137002,stop,-0.028768756317240754,-0.02914581526004538,AUDUSD,-0.028172323278961412,0,9,21,2.0,3.0
2011-05-05,2011-07-28,-1,1.075002908706665,1.1030638899121965,stop,-0.02881348324162613,-0.026679910326975323,AUDUSD,-0.026103167701463807,0,9,21,2.0,3.0
2011-08-03,2011-08-09,-1,1.0748873949050903,1.0292273589542933,target,0.044907614774363475,0.04237656536554602,AUDUSD,0.04247890166655894,0,9,21,2.0,3.0
2011-08-17,2011-09-23,1,1.0476031303405762,1.0025831801550729,stop,-0.04575327237674171,-0.04170467700998535,AUDUSD,-0.042974241754000206,0,9,21,2.0,3.0
2011-10-10,2011-10-25,1,0.9767532348632812,1.0449707635811396,target,0.06753380145345406,0.07034277058470713,AUDUSD,0.06984110856557024,0,9,21,2.0,3.0
2011-11-03,2012-02-02,-1,1.0253045558929443,1.0710810933794295,stop,-0.046494250675610194,-0.04529535855425796,AUDUSD,-0.04464677077984702,0,9,21,2.0,3.0
2012-02-14,2012-04-04,-1,1.0705033540725708,1.0371472494942802,target,0.03260675223043984,0.030776274033100483,AUDUSD,0.0311592714318851,0,9,21,2.0,3.0
2012-04-13,2012-05-07,1,1.0438958406448364,1.0218525614057268,stop,-0.02277400632756103,-0.02033083992939332,AUDUSD,-0.021116358913254266,0,9,21,2.0,3.0
2012-05-30,2012-06-20,1,0.9827043414115906,1.013313468013491,target,0.02992123356291229,0.031890697213043544,AUDUSD,0.031147849166853578,0,9,21,2.0,3.0
2012-06-26,2012-07-02,-1,1.0014019012451172,1.0236846719469344,stop,-0.02298375203268875,-0.022371408196811035,AUDUSD,-0.022251576189451356,0,9,21,2.0,3.0
2012-07-11,2012-07-20,-1,1.0188279151916504,1.0417578646114893,stop,-0.0236431289604731,-0.022638709713308384,AUDUSD,-0.02250620451003801,0,9,21,2.0,3.0
2012-07-25,2012-07-30,-1,1.0215965509414673,1.043959617614746,stop,-0.023078184258937835,-0.021993091747004267,AUDUSD,-0.02189031144698932,0,9,21,2.0,3.0
2012-08-14,2012-09-05,-1,1.0514030456542969,1.0214184011731828,target,0.029248662349156036,0.028299941306140577,AUDUSD,0.02851869661691378,0,9,21,2.0,3.0
2012-09-10,2012-10-08,1,1.0362157821655273,1.0192938872746058,stop,-0.01764724593843742,-0.015365424040972728,AUDUSD,-0.016330474001812118,0,9,21,2.0,3.0
2012-10-15,2012-12-12,1,1.0226308107376099,1.0497440610613142,target,0.026397408756188047,0.02866454835500323,AUDUSD,0.026513234335417638,0,9,21,2.0,3.0
2012-12-20,2013-02-08,-1,1.0476799011230469,1.0319340825080872,target,0.015012442684173585,0.014647430573508155,AUDUSD,0.015029226577775513,0,9,21,2.0,3.0
2013-02-15,2013-05-08,1,1.0350574254989624,1.0192639998027258,stop,-0.016517965894085922,-0.012263498993901355,AUDUSD,-0.015258501902561814,0,9,21,2.0,3.0
2013-06-03,2013-06-20,1,0.9622787237167358,0.9375333445412772,stop,-0.025418974282060317,-0.025081484792927093,AUDUSD,-0.02571539676143027,0,9,21,2.0,3.0
2013-07-11,2013-08-01,1,0.9275577664375305,0.9007791451045445,stop,-0.027427911769492302,-0.0280830178728716,AUDUSD,-0.028870030850838148,0,9,21,2.0,3.0
2013-08-09,2013-10-16,1,0.9107467532157898,0.9525046348571777,target,0.04112035891413689,0.048661037203705945,AUDUSD,0.04585015702108569,0,9,21,2.0,3.0
2013-10-29,2013-11-22,-1,0.954562783241272,0.9284127524920872,target,0.025481836800915873,0.02714334898036333,AUDUSD,0.027394772987472706,0,9,21,2.0,3.0
2013-12-10,2013-12-19,1,0.909008264541626,0.8868252549852643,stop,-0.022819315341540792,-0.024062498009730725,AUDUSD,-0.024403529012519593,0,9,21,2.0,3.0
2013-12-25,2014-01-27,1,0.8926976919174194,0.8749873723302569,stop,-0.018335207971504706,-0.018550870845865763,AUDUSD,-0.019839100904498405,0,9,21,2.0,3.0
2014-02-03,2014-03-07,1,0.87565678358078,0.9093487007277352,target,0.03307895739844864,0.039823727516111025,AUDUSD,0.0384761675792432,0,9,21,2.0,3.0
2014-04-18,2014-06-09,-1,0.9330969452857971,0.9335324764251709,eod,-0.0010886990010738372,-0.0009061557254533747,AUDUSD,-0.00046675872381125524,0,9,21,2.0,3.0
2014-08-15,2014-09-10,1,0.9316191077232361,0.9257252258913857,stop,-0.006546015207256622,-0.005317497022959352,AUDUSD,-0.0063264930731769635,1,5,21,1.0,4.0
2014-10-03,2014-10-06,1,0.8795074820518494,0.8695873022079468,stop,-0.010535835081338882,-0.011267874402594743,AUDUSD,-0.011279244402514096,1,5,21,1.0,4.0
2014-10-07,2014-11-06,1,0.8769621849060059,0.866109379700252,stop,-0.011466678735188026,-0.011098318004210182,AUDUSD,-0.012375454030457474,1,5,21,1.0,4.0
2014-11-12,2014-11-26,1,0.8706251382827759,0.8595348085675921,stop,-0.011699767311981697,-0.012209996297776395,AUDUSD,-0.012738352279901268,1,5,21,1.0,4.0
2014-12-30,2015-01-05,1,0.8136696815490723,0.8069173736231667,stop,-0.007321876702989882,-0.008101946128009872,AUDUSD,-0.008298586120414887,1,5,21,1.0,4.0
2015-01-12,2015-01-13,1,0.8222332000732422,0.8152396891798291,stop,-0.007569074133464315,-0.008566317794982774,AUDUSD,-0.008505507796073042,1,5,21,1.0,4.0
2015-01-22,2015-03-10,-1,0.8101101517677307,0.769994352545057,target,0.039548722116436306,0.04905604396631229,AUDUSD,0.04951894397957804,1,5,21,1.0,4.0
2015-03-19,2015-03-20,1,0.7778469324111938,0.7677498842988696,stop,-0.010641540965012092,-0.013045044840467682,AUDUSD,-0.01298076484151595,1,5,21,1.0,4.0
2015-03-31,2015-04-17,-1,0.7658140659332275,0.7778586276939937,stop,-0.01258063160691944,-0.015982419630607002,AUDUSD,-0.01572778863246469,1,5,21,1.0,4.0
2015-05-04,2015-05-13,-1,0.7830240726470947,0.7961693959576743,stop,-0.01369344016143257,-0.016973071167084654,AUDUSD,-0.016787891675080262,1,5,21,1.0,4.0
2015-05-20,2015-07-16,-1,0.7922046780586243,0.7391053182738168,target,0.052544816510166466,0.06646560067512124,AUDUSD,0.06702732419471787,1,5,21,1.0,4.0
2015-07-22,2015-07-27,1,0.7425007820129395,0.7325407947812762,stop,-0.010479737779072306,-0.013319834094788733,AUDUSD,-0.013414110089771834,1,5,21,1.0,4.0
2015-08-05,2015-08-24,1,0.737626314163208,0.7285436860152653,stop,-0.00959896656785694,-0.011486342047808278,AUDUSD,-0.012313319052678295,1,5,21,1.0,4.0
2015-09-11,2016-01-11,1,0.7071135640144348,0.6967125279562814,stop,-0.01089601555296356,-0.00820382517515254,AUDUSD,-0.014709145160650791,1,5,21,1.0,4.0
2016-01-22,2016-03-08,1,0.7016066908836365,0.7457846828869411,target,0.043686867319686094,0.06533288892324289,AUDUSD,0.06296689096232078,1,5,21,1.0,4.0
2016-03-24,2016-03-31,-1,0.7533524632453918,0.7646341962473733,stop,-0.011809079726253205,-0.015141296482714069,AUDUSD,-0.014975371492621771,1,5,21,1.0,4.0
2016-04-06,2016-04-13,-1,0.7546030879020691,0.7643162821020398,stop,-0.01024141636150219,-0.013037574796205344,AUDUSD,-0.012871924798207693,1,5,21,1.0,4.0
2016-04-26,2016-05-16,-1,0.7717240452766418,0.7308883241244725,target,0.040295514320475734,0.05264280852828186,AUDUSD,0.05291492652341926,1,5,21,1.0,4.0
2016-05-27,2016-06-24,1,0.7225955128669739,0.7516475319862366,target,0.028546202260255813,0.04158899215970514,AUDUSD,0.04020509206318725,1,5,21,1.0,4.0
2016-06-28,2016-06-30,-1,0.7357268929481506,0.7467586270400456,stop,-0.011546742916958657,-0.015130253085202154,AUDUSD,-0.01499433308423646,1,5,21,1.0,4.0
2016-07-04,2016-11-21,1,0.7463800311088562,0.7350628163133349,stop,-0.01183968081729748,-0.008035068658805817,AUDUSD,-0.015162804903432251,1,5,21,1.0,4.0
2016-11-28,2016-12-19,1,0.7445462346076965,0.7341425291129521,stop,-0.01092488785896984,-0.012992753230216193,AUDUSD,-0.013973216183446545,1,5,21,1.0,4.0
2016-12-30,2017-01-18,1,0.7234842777252197,0.7529399054391044,target,0.028949188719477006,0.041639643930626524,AUDUSD,0.04071356990161429,1,5,21,1.0,4.0
2017-01-27,2017-02-03,-1,0.7533524632453918,0.7606866955757141,stop,-0.00786157905459404,-0.009901384404038972,AUDUSD,-0.009735459413946674,1,5,21,1.0,4.0
2017-02-09,2017-02-16,-1,0.7631723284721375,0.769599084343229,stop,-0.006960976501022034,-0.008584897049671705,AUDUSD,-0.008421107044011715,1,5,21,1.0,4.0
2017-02-22,2017-05-04,-1,0.7676364183425903,0.7442499228886196,target,0.022849149961130945,0.029768644253889878,AUDUSD,0.03046558878025188,1,5,21,1.0,4.0
2017-05-16,2017-07-14,1,0.7420544624328613,0.7704287086214338,target,0.027854808064869424,0.04124258762387188,AUDUSD,0.038237417366302325,1,5,21,1.0,4.0
2017-08-02,2017-09-08,-1,0.7956082820892334,0.804822998387473,stop,-0.00977164209570202,-0.01197789981926147,AUDUSD,-0.011581976338961813,1,5,21,1.0,4.0
2017-09-14,2017-10-27,-1,0.797957181930542,0.7696866478238787,target,0.02771196407931187,0.03498374942766434,AUDUSD,0.035428635454181616,1,5,21,1.0,4.0
2017-11-09,2017-11-17,1,0.7678722143173218,0.7610773827348437,stop,-0.007332342132500191,-0.008562403300819307,AUDUSD,-0.008848909305201288,1,5,21,1.0,4.0
2017-11-23,2017-12-08,1,0.7613826394081116,0.7556878626346588,stop,-0.006227744621038436,-0.0068359540972708285,AUDUSD,-0.0074795201239153545,1,5,21,1.0,4.0
2017-12-14,2018-01-15,1,0.7633005380630493,0.7892348085130964,target,0.0253999600734029,0.03544379847903674,AUDUSD,0.033976486530269995,1,5,21,1.0,4.0
2018-02-02,2018-03-20,-1,0.8040524125099182,0.7712193472044808,target,0.03227022861668045,0.04037431490827963,AUDUSD,0.04083448391498034,1,5,21,1.0,4.0
2018-04-05,2018-04-24,1,0.7719981074333191,0.7658000290393829,stop,-0.00673847706913948,-0.007238461260630519,AUDUSD,-0.008028618638124723,1,5,21,1.0,4.0
2018-05-08,2018-06-18,1,0.7518796920776367,0.7445851394108364,stop,-0.007820868451254693,-0.007693455120214967,AUDUSD,-0.009701755139367609,1,5,21,1.0,4.0
2018-08-23,2018-08-24,1,0.7332990765571594,0.7265889942646027,stop,-0.007223391646146773,-0.00921872467683358,AUDUSD,-0.009150539673472128,2,9,28,1.0,4.0
2018-08-28,2018-08-31,1,0.7348618507385254,0.7274326724665505,stop,-0.007943581567491835,-0.010014369727560358,AUDUSD,-0.010109625726942625,2,9,28,1.0,4.0
2018-09-19,2018-10-04,1,0.7226007580757141,0.7146128926958356,stop,-0.0084936859105315,-0.010376221303511108,AUDUSD,-0.0110543274285377,2,9,28,1.0,4.0
2018-10-17,2018-10-23,1,0.7139134407043457,0.707963126046317,stop,-0.006450054066521796,-0.008194711465660101,AUDUSD,-0.008334784469330322,2,9,28,1.0,4.0
2018-11-01,2018-11-19,1,0.7083156108856201,0.7298895461218697,target,0.021078114308629686,0.03127692640933064,AUDUSD,0.03045808239250202,2,9,28,1.0,4.0
2018-11-23,2018-11-30,-1,0.725021243095398,0.7315439667020526,stop,-0.007030238476821401,-0.009169005280828604,AUDUSD,-0.008996596539442868,2,9,28,1.0,4.0
2018-12-07,2019-01-03,-1,0.7231180667877197,0.6949504954474313,target,0.027661388693537063,0.038600295888447975,AUDUSD,0.03895293539741886,2,9,28,1.0,4.0
2019-01-08,2019-02-12,1,0.7145919799804688,0.7067707521574838,stop,-0.008321442208971328,-0.009167788061606931,AUDUSD,-0.010945026031776581,2,9,28,1.0,4.0
2019-02-20,2019-03-04,1,0.7166917324066162,0.7101362560476575,stop,-0.0070571605716433315,-0.008672454387170661,AUDUSD,-0.009146856399397447,2,9,28,1.0,4.0
2019-03-18,2019-04-25,1,0.7082905769348145,0.7029238385813577,stop,-0.005862541757311172,-0.005572202259892593,AUDUSD,-0.007577029157555366,2,9,28,1.0,4.0
2019-05-29,2019-06-17,1,0.6926167011260986,0.6884786231177193,stop,-0.004622909699167556,-0.0050938390637175245,AUDUSD,-0.005974557069806931,2,9,28,1.0,4.0
2019-06-25,2019-07-29,1,0.696567952632904,0.6919886554990496,stop,-0.0050668947006974425,-0.004793928749137045,AUDUSD,-0.006574085294256611,2,9,28,1.0,4.0
2019-08-19,2019-08-26,1,0.6786608695983887,0.6729448224817004,stop,-0.006191109725407144,-0.008142575127336312,AUDUSD,-0.00842253822600802,2,9,28,1.0,4.0
2019-08-28,2019-12-30,1,0.6754383444786072,0.6959268621035984,target,0.02001571078385624,0.037232884141933376,AUDUSD,0.030333660788546168,2,9,28,1.0,4.0
2020-01-07,2020-01-31,-1,0.693731427192688,0.6745478085109166,target,0.01869800668273655,0.02730684806716956,AUDUSD,0.027652803274894836,2,9,28,1.0,4.0
2020-02-14,2020-02-21,1,0.6721997857093811,0.6667298333985465,stop,-0.005940492160831147,-0.007854736676630414,AUDUSD,-0.008137390738769828,2,9,28,1.0,4.0
2020-03-06,2020-03-11,1,0.6615506410598755,0.6540986214365277,stop,-0.00791510507208965,-0.011067965426829718,AUDUSD,-0.011264473436846497,2,9,28,1.0,4.0
2020-03-12,2020-03-18,-1,0.647939920425415,0.6025677749088832,target,0.044918587572234,0.06984003314199377,AUDUSD,0.07002523549828818,2,9,28,1.0,4.0
2020-03-30,2020-07-22,1,0.618058443069458,0.7084962470190865,target,0.0900051630394799,0.15337999992174697,AUDUSD,0.14632565085671848,2,9,28,1.0,4.0
2020-08-11,2020-08-19,-1,0.7158001661300659,0.7231293661253793,stop,-0.007830260111604386,-0.010434755884027183,AUDUSD,-0.010239170570381753,2,9,28,1.0,4.0
2020-08-24,2020-08-27,-1,0.7161374688148499,0.723227219922202,stop,-0.0075910473355225,-0.010046606162443702,AUDUSD,-0.009899986268118431,2,9,28,1.0,4.0
2020-08-28,2020-09-23,1,0.7269898653030396,0.720210748059409,stop,-0.0072880101493426885,-0.008031910102620998,AUDUSD,-0.009324912996971071,2,9,28,1.0,4.0
2020-10-05,2020-10-16,1,0.7177205085754395,0.709396847656795,stop,-0.008826065274647256,-0.011081835928627977,AUDUSD,-0.01159735693656795,2,9,28,1.0,4.0
2020-10-27,2020-10-30,1,0.7117098569869995,0.705249262707574,stop,-0.006958791179316368,-0.008979212830464146,AUDUSD,-0.009077567517156758,2,9,28,1.0,4.0
2020-11-05,2020-12-11,1,0.7180498242378235,0.7521489603178841,target,0.033596501203094174,0.049298996929127016,AUDUSD,0.04748853760427461,2,9,28,1.0,4.0
2021-01-18,2021-02-22,-1,0.7688876986503601,0.7813850002629417,stop,-0.013035523001636809,-0.016650418045513832,AUDUSD,-0.016253741130880694,2,9,28,1.0,4.0
2021-03-02,2021-07-19,-1,0.7772001028060913,0.7403960568564278,target,0.0362600058776992,0.046100155957651344,AUDUSD,0.047354659137051024,2,9,28,1.0,4.0
2021-07-29,2021-08-18,1,0.7377101182937622,0.7312537900039128,stop,-0.0069727253726550665,-0.007802967787893641,AUDUSD,-0.00875184998788165,2,9,28,1.0,4.0
2021-08-30,2021-09-22,1,0.731598436832428,0.7236160039901733,stop,-0.008494551748037338,-0.009749108914359692,AUDUSD,-0.010910948466232178,2,9,28,1.0,4.0
2021-10-05,2021-11-25,1,0.7289697527885437,0.721711550440107,stop,-0.00776848117538864,-0.007309222814876164,AUDUSD,-0.009956794943372756,2,9,28,1.0,4.0
2021-12-10,2022-01-28,1,0.7146124243736267,0.7076340786048344,stop,-0.0074785744658538425,-0.0072323760300172105,AUDUSD,-0.009765217523203541,2,9,28,1.0,4.0
2022-02-08,2022-03-24,1,0.7129998207092285,0.7474352461951119,target,0.033936325611386944,0.0506247329066351,AUDUSD,0.04829654157785078,2,9,28,1.0,4.0
2022-04-08,2022-04-26,-1,0.7478480935096741,0.7179128187043327,target,0.029411781139884647,0.0397744877114628,AUDUSD,0.04002855000252024,2,9,28,1.0,4.0
2022-05-19,2022-06-24,1,0.695900022983551,0.6903502941131592,eod,-0.00603685888648033,-0.006106809498542431,AUDUSD,-0.007974893931743733,2,9,28,1.0,4.0
2022-09-13,2022-09-16,1,0.689398467540741,0.6703741720744542,stop,-0.01950687439356533,-0.02749396228555829,AUDUSD,-0.027595500080165966,3,7,28,2.0,3.0
2022-10-24,2023-01-13,1,0.6371902227401733,0.6920914394514901,target,0.054455183555398634,0.09097945110020253,AUDUSD,0.08616142362514528,3,7,28,2.0,3.0
2023-02-06,2023-03-08,-1,0.6920798420906067,0.6607106796332768,target,0.030884706567866477,0.04492135237376229,AUDUSD,0.04532592997156399,3,7,28,2.0,3.0
2023-03-17,2023-08-15,1,0.6663401126861572,0.6489472985267639,stop,-0.01785925223827362,-0.017532809352115136,AUDUSD,-0.026102006810424808,3,7,28,2.0,3.0
2023-08-25,2023-11-28,1,0.6413956880569458,0.6604039924485343,target,0.018559327409948652,0.03517065177024653,AUDUSD,0.029635846865719618,3,7,28,2.0,3.0
2023-12-06,2023-12-15,-1,0.6554699540138245,0.6696242094039917,stop,-0.014613084357976912,-0.021800015855289474,AUDUSD,-0.021594056758044336,3,7,28,2.0,3.0
2024-01-03,2024-02-05,-1,0.6765698194503784,0.6528631917067936,target,0.02323302886996952,0.0346181976645244,AUDUSD,0.03503944022043906,3,7,28,2.0,3.0
2024-02-19,2024-07-08,1,0.6537913680076599,0.6729045978614262,target,0.018655575896160927,0.037371600558482786,AUDUSD,0.029234448157385823,3,7,28,2.0,3.0
2024-07-18,2024-07-25,-1,0.6730697751045227,0.6603550953524453,target,0.012243530909504242,0.018704865702998362,AUDUSD,0.018890581960990468,3,7,28,2.0,3.0
2024-08-09,2024-09-20,1,0.659200131893158,0.6796300453799111,target,0.01996847339442795,0.033328138790958264,AUDUSD,0.030991974209835876,3,7,28,2.0,3.0
2024-10-07,2024-10-29,-1,0.6800592541694641,0.658603127513613,target,0.02098008517793244,0.03122687696057618,AUDUSD,0.03155037818293464,3,7,28,2.0,3.0
2024-11-06,2024-11-14,1,0.6641499996185303,0.6524517961910793,stop,-0.012163108427183954,-0.017282546765103893,AUDUSD,-0.01761379723582039,3,7,28,2.0,3.0
2024-11-25,2024-12-11,1,0.6539880037307739,0.6385555437632969,stop,-0.015890251570088536,-0.022710600015212638,AUDUSD,-0.023597466435837024,3,7,28,2.0,3.0
2025-01-07,2025-04-07,1,0.623910129070282,0.607086718082428,stop,-0.0172601480782032,-0.02151497525429963,AUDUSD,-0.026964478061805738,3,7,28,2.0,3.0
2025-04-14,2026-01-07,1,0.6301316618919373,0.6715792374951499,target,0.0410064834398883,0.08212184648497631,AUDUSD,0.06577605619557109,3,7,28,2.0,3.0
2026-01-12,2026-01-23,-1,0.6685801148414612,0.6784813489232745,stop,-0.010369240162202338,-0.015041180344105697,AUDUSD,-0.014809345749329041,3,7,28,2.0,3.0
2026-02-19,2026-05-04,-1,0.704379141330719,0.7206867422376361,stop,-0.016800666305848578,-0.023932566877363167,AUDUSD,-0.023151737395443905,3,7,28,2.0,3.0
2026-05-18,2026-06-24,-1,0.7130200862884521,0.6921542755195073,target,0.020366696708542978,0.028808179690796413,AUDUSD,0.029263987326864214,3,7,28,2.0,3.0
2026-07-06,2026-07-08,1,0.6937001347541809,0.6922600269317627,eod,-0.0019256979167461398,-0.0020183185100783557,AUDUSD,-0.0020759803123413384,3,7,28,2.0,3.0
2008-08-15,2008-10-08,1,1.0342999696731567,1.0169999769755773,stop,-0.018024002676350636,-0.016967991116856845,CADCHF,-0.016726281741114523,0,9,28,2.0,4.0
2008-10-31,2008-12-17,1,0.9546999931335449,0.9030571409634182,stop,-0.05231114216532024,-0.05435514040363873,CADCHF,-0.05409327803661446,0,9,28,2.0,4.0
2009-01-05,2010-02-17,1,0.932699978351593,1.028357105595725,target,0.09500423725928588,0.10229133639817356,CADCHF,0.10255937543087713,0,9,28,2.0,4.0
2010-02-25,2010-03-04,-1,1.0183000564575195,1.0385715024811881,stop,-0.020984256063188857,-0.019887503585259227,CADCHF,-0.019907144161603274,0,9,28,2.0,4.0
2010-03-15,2010-04-06,-1,1.041200041770935,1.060342856815883,stop,-0.019871655074187623,-0.017818684499274737,CADCHF,-0.018385338337471375,0,9,28,2.0,4.0
2010-04-14,2010-04-22,-1,1.0528000593185425,1.0768715143203735,stop,-0.024808415043354032,-0.02281673028911082,CADCHF,-0.02286422268765073,0,9,28,2.0,4.0
2010-05-03,2010-05-18,-1,1.073199987411499,1.097857117652893,stop,-0.025408370232582092,-0.02267716225015423,CADCHF,-0.022975335939823968,0,9,28,2.0,4.0
2010-05-21,2010-06-30,-1,1.0839999914169312,1.015599983079093,target,0.06764120834384636,0.06430812628210267,CADCHF,0.06309963918766306,0,9,28,2.0,4.0
2010-07-12,2010-07-16,1,1.023300051689148,0.9933572070939201,stop,-0.030659154631410293,-0.029505367995818,CADCHF,-0.02926106037598809,0,9,28,2.0,4.0
2010-07-19,2010-08-05,-1,0.9995999932289124,1.0282428520066398,stop,-0.029342578772987668,-0.028214144626618524,CADCHF,-0.02865432070002836,0,9,28,2.0,4.0
2010-08-12,2010-09-30,-1,1.010699987411499,0.9464999267033168,target,0.06349257071699413,0.06514303109551331,CADCHF,0.06352039329950403,0,9,28,2.0,4.0
2010-10-12,2011-03-17,1,0.9516000151634216,0.9290285706520081,stop,-0.023237564522027968,-0.02398218174417995,CADCHF,-0.023719466321716377,0,9,28,2.0,4.0
2011-03-28,2011-05-04,1,0.9394000172615051,0.9082714659827096,stop,-0.0317861312908786,-0.03340275782649954,CADCHF,-0.033136630516082,0,9,28,2.0,4.0
2011-05-12,2011-05-26,1,0.9223999977111816,0.8977428674697876,stop,-0.02530281023979187,-0.027002526347786125,CADCHF,-0.026731494256914113,0,9,28,2.0,4.0
2011-06-15,2011-08-01,1,0.8715999722480774,0.840071405683245,stop,-0.03213868654540603,-0.03646003622839432,CADCHF,-0.03617320739870174,0,9,28,2.0,4.0
2011-08-16,2011-12-15,1,0.7985000014305115,0.9163571510996137,target,0.11729819966810084,0.14728509637872159,CADCHF,0.1475981834163573,0,9,28,2.0,4.0
2011-12-19,2011-12-30,-1,0.901199996471405,0.9198285681860787,stop,-0.019259411712203675,-0.02044892564006843,CADCHF,-0.020670851961398975,0,9,28,2.0,4.0
2012-01-20,2012-05-31,-1,0.9212999939918518,0.9411285775048392,stop,-0.020473493508781738,-0.01625809574586833,CADCHF,-0.021522396225222173,0,9,28,2.0,4.0
2012-06-05,2012-07-04,-1,0.923799991607666,0.9400442498070853,stop,-0.016890918193544692,-0.016588285709713962,CADCHF,-0.017584172274292674,0,9,28,2.0,4.0
2012-07-30,2012-08-16,-1,0.9715999960899353,0.9869114415986198,stop,-0.01599156550594742,-0.015306139942911138,CADCHF,-0.0157590012045113,0,9,28,2.0,4.0
2012-08-22,2012-10-22,-1,0.972100019454956,0.934465731893267,target,0.0369538175480706,0.04083354260598117,CADCHF,0.038714419101431696,0,9,28,2.0,4.0
2012-11-05,2012-12-19,1,0.9447000026702881,0.9268657054219928,stop,-0.01849558725016453,-0.019142899541842142,CADCHF,-0.018878265267158804,0,9,28,2.0,4.0
2013-02-12,2013-06-19,1,0.9155499935150146,0.9010492946420398,stop,-0.015141583868435404,-0.016111298102186037,CADCHF,-0.0158382381909078,1,9,21,1.5,4.0
2013-06-28,2013-08-08,1,0.9016199707984924,0.8851038920027869,stop,-0.017147212775264434,-0.018595505133783937,CADCHF,-0.018318226448642796,1,9,21,1.5,4.0
2013-08-14,2013-08-21,1,0.9014099836349487,0.8882774923528943,stop,-0.013763478270598867,-0.014846176018696082,CADCHF,-0.01456883274034468,1,9,21,1.5,4.0
2013-09-02,2013-10-04,1,0.8845999836921692,0.8721617758274078,stop,-0.013057427853345871,-0.014343441214867471,CADCHF,-0.014060827598985927,1,9,21,1.5,4.0
2013-10-11,2013-10-24,1,0.8748900294303894,0.8647039702960423,stop,-0.010798482154948386,-0.011928423897048719,CADCHF,-0.011642673698063407,1,9,21,1.5,4.0
2013-11-04,2013-11-25,1,0.875760018825531,0.8615968120949609,stop,-0.014776238743748015,-0.016457941012081697,CADCHF,-0.016172474680408697,1,9,21,1.5,4.0
2013-12-17,2014-01-13,1,0.8370000123977661,0.8278725062097821,stop,-0.009713406196662404,-0.011203710930804038,CADCHF,-0.010905025152671466,1,9,21,1.5,4.0
2014-02-04,2014-03-03,1,0.8114799857139587,0.7974603282553809,stop,-0.014587693448577577,-0.017584731243892645,CADCHF,-0.01727665217305759,1,9,21,1.5,4.0
2014-03-06,2014-03-10,1,0.8043699860572815,0.793986759015492,stop,-0.010946286032029608,-0.013219323478129241,CADCHF,-0.0129085212299929,1,9,21,1.5,4.0
2014-03-11,2014-03-28,-1,0.7893499732017517,0.800691049013819,stop,-0.011893620793308562,-0.013810193427701688,CADCHF,-0.01436761410919646,1,9,21,1.5,4.0
2014-04-11,2014-05-12,-1,0.8009999990463257,0.8128832067762103,stop,-0.012443907729217031,-0.013686901052356367,CADCHF,-0.014835465348355564,1,9,21,1.5,4.0
2014-06-04,2014-06-16,-1,0.8210999965667725,0.8282850022826876,stop,-0.007759775713511922,-0.008543424363958961,CADCHF,-0.008750463702298764,1,9,21,1.5,4.0
2014-07-11,2014-09-02,-1,0.8380900025367737,0.8453864476510456,stop,-0.007883108116047706,-0.006606026915383753,CADCHF,-0.008706040034109358,1,9,21,1.5,4.0
2014-09-15,2014-09-18,-1,0.8419299721717834,0.8545353199754443,stop,-0.013194698784181096,-0.015090741776168183,CADCHF,-0.014971967052253739,1,9,21,1.5,4.0
2014-09-19,2014-10-16,1,0.8536499738693237,0.8403181944574628,stop,-0.013929334393569448,-0.01591024404335074,CADCHF,-0.01561738396292828,1,9,21,1.5,4.0
2014-10-24,2014-12-15,1,0.8496900200843811,0.8374285761799131,stop,-0.012856226918527105,-0.014724715612436582,CADCHF,-0.014430490666761484,1,9,21,1.5,4.0
2014-12-22,2015-01-16,1,0.8472300171852112,0.8323907341275897,stop,-0.015432344069651147,-0.017810137449748624,CADCHF,-0.017515058197445234,1,9,21,1.5,4.0
2015-01-29,2017-06-23,1,0.7239999771118164,0.7343500256538391,eod,0.009843248558044434,0.013950343731105985,CADCHF,0.014295647609425569,1,9,21,1.5,4.0
2017-08-25,2017-09-08,1,0.7712699770927429,0.78269462287426,target,0.01088475679755211,0.014488630587747242,CADCHF,0.014812771300370804,2,9,28,2.0,1.5
2017-09-21,2017-10-26,-1,0.7868800163269043,0.7753835895231792,target,0.010945610792296258,0.01600806545135591,CADCHF,0.014610139494188112,2,9,28,2.0,1.5
2017-11-06,2017-11-28,1,0.7832000255584717,0.7703143102782113,stop,-0.01343395529815132,-0.01677185246628891,CADCHF,-0.016452649208064125,2,9,28,2.0,1.5
2017-12-06,2018-01-10,1,0.7771999835968018,0.7874781829970223,target,0.009734159411702806,0.012902984575232606,CADCHF,0.013224652106468292,2,9,28,2.0,1.5
2018-01-15,2018-01-25,-1,0.7768399715423584,0.7666196312223162,target,0.009676552339962504,0.013375136064912958,CADCHF,0.013156300775500033,2,9,28,2.0,1.5
2018-02-27,2018-03-06,1,0.7394000291824341,0.7267328926495144,stop,-0.013184716553347435,-0.01746975388573139,CADCHF,-0.017131641916387233,2,9,28,2.0,1.5
2018-03-12,2018-03-19,1,0.7419999837875366,0.7280856966972351,stop,-0.014433687078952788,-0.019089336118310884,CADCHF,-0.018752408887229455,2,9,28,2.0,1.5
2018-03-22,2018-04-04,1,0.7354099750518799,0.7469342521258763,target,0.011009490091460078,0.015330601238038746,CADCHF,0.01567054767401463,2,9,28,2.0,1.5
2018-04-25,2018-05-02,-1,0.7628999948501587,0.7747528723308018,stop,-0.012386907477038231,-0.015510391349481156,CADCHF,-0.015536607105327279,2,9,28,2.0,1.5
2018-05-18,2018-05-25,-1,0.7803199887275696,0.7703021168708801,target,0.009471647864580155,0.01286378921685414,CADCHF,0.012838158705924113,2,9,28,2.0,1.5
2018-07-02,2018-08-02,1,0.7526000142097473,0.7620993001120431,target,0.008972465892348938,0.012289776411986638,CADCHF,0.012621958175579226,2,9,28,2.0,1.5
2018-08-13,2018-08-31,-1,0.7562199831008911,0.7486503486122403,target,0.007040280500480155,0.01063134361470341,CADCHF,0.010009831342477068,2,9,28,2.0,1.5
2018-09-13,2018-10-01,1,0.7455999851226807,0.75488928599017,target,0.008767380877903483,0.012123526083496415,CADCHF,0.012458826519371377,2,9,28,2.0,1.5
2018-10-12,2018-11-21,-1,0.7595999836921692,0.7485974984509605,target,0.010470765252624208,0.016209169965172625,CADCHF,0.014484578037678743,2,9,28,2.0,1.5
2018-12-04,2018-12-07,1,0.7560099959373474,0.7443028603281293,stop,-0.012236342606374245,-0.015816107820628634,CADCHF,-0.015485424362283569,2,9,28,2.0,1.5
2019-01-07,2019-01-31,1,0.7372300028800964,0.750568225979805,target,0.01282216209769249,0.017753242608924632,CADCHF,0.01809234980616747,2,9,28,2.0,1.5
2019-02-11,2019-03-22,-1,0.7526500225067139,0.7434561124869755,target,0.00866705500398365,0.013916042923714811,CADCHF,0.012215385298359353,2,9,28,2.0,1.5
2019-04-02,2019-04-19,1,0.7505099773406982,0.7576928436756134,target,0.006657509350776673,0.009237540531413811,CADCHF,0.009570647362166191,2,9,28,2.0,1.5
2019-05-03,2019-05-14,-1,0.7566800117492676,0.7491960866110665,target,0.006954249129976577,0.01007549429061345,CADCHF,0.009890475527297167,2,9,28,2.0,1.5
2019-05-23,2019-06-03,1,0.7505999803543091,0.7398142899785723,stop,-0.011311110361984749,-0.014702492225655943,CADCHF,-0.014369425337109009,2,9,28,2.0,1.5
2019-06-11,2019-07-04,1,0.7456700205802917,0.7537485722984586,target,0.007556582703760645,0.010498681054757373,CADCHF,0.010833949998257939,2,9,28,2.0,1.5
2019-07-17,2019-08-05,-1,0.7549200057983398,0.7477071434259415,target,0.006684418368339539,0.010137315627641042,CADCHF,0.009554472416942588,2,9,28,2.0,1.5
2019-08-20,2019-09-09,1,0.7360699772834778,0.748363550220217,target,0.01177832395264084,0.016361994522840064,CADCHF,0.016701636143494996,2,9,28,2.0,1.5
2019-09-19,2019-10-28,-1,0.7491999864578247,0.7605385439736503,stop,-0.011862997506346054,-0.01350581646919876,CADCHF,-0.015134220129172236,2,9,28,2.0,1.5
2019-11-01,2020-01-15,-1,0.7490299940109253,0.7413510595049176,target,0.0071546135102000035,0.013803098125142433,CADCHF,0.010251838467627034,2,9,28,2.0,1.5
2020-02-11,2020-02-20,1,0.7338500022888184,0.7420785533530372,target,0.007714856062616653,0.010872182379688459,CADCHF,0.011212851452687396,2,9,28,2.0,1.5
2020-02-26,2020-02-28,-1,0.7349399924278259,0.728225343993732,target,0.006200190439394495,0.008877797509073122,CADCHF,0.009136322017138532,2,9,28,2.0,1.5
2020-03-24,2020-04-30,1,0.6778900027275085,0.7002646518605096,target,0.021900126131091772,0.03263752090159452,CADCHF,0.03300631229694497,2,9,28,2.0,1.5
2020-05-05,2020-06-02,-1,0.685479998588562,0.7039257287979126,stop,-0.01892556620836258,-0.025698386890386685,CADCHF,-0.02690921725992192,2,9,28,2.0,1.5
2020-06-12,2021-02-24,-1,0.6922199726104736,0.7132028341293335,stop,-0.021467415499687195,-0.016328424440333528,CADCHF,-0.030312418521716577,2,9,28,2.0,1.5
2021-03-23,2021-04-21,-1,0.737339973449707,0.7272010573319027,target,0.00962277813638958,0.01499839492773504,CADCHF,0.013750666562086148,2,9,28,2.0,1.5
2021-04-28,2021-05-07,1,0.7366499900817871,0.7460978414331164,target,0.008932196358272056,0.012486053723163843,CADCHF,0.012825427921719448,2,9,28,2.0,1.5
2021-05-20,2021-07-09,-1,0.7451000213623047,0.7373257343258176,target,0.00725271702153347,0.012675193619266856,CADCHF,0.010433883792236314,2,9,28,2.0,1.5
2021-07-27,2021-10-11,1,0.7296000123023987,0.7405114493199757,target,0.010400717008965341,0.01461271496409755,CADCHF,0.014955368467091713,2,9,28,2.0,1.5
2021-10-25,2021-11-05,-1,0.740809977054596,0.7334064096212387,target,0.006885000449419022,0.010263856682368728,CADCHF,0.009993881916646505,2,9,28,2.0,1.5
2021-11-16,2021-11-29,1,0.7390000224113464,0.7285071611404419,stop,-0.011010161286592483,-0.014537024282963808,CADCHF,-0.014198729299989039,2,9,28,2.0,1.5
2021-12-09,2021-12-28,1,0.7272099852561951,0.7171300053596497,eod,-0.010589026886224746,-0.014204947822472724,CADCHF,-0.013861168164507873,2,9,28,2.0,1.5
2022-03-11,2022-04-19,1,0.7285400032997131,0.7491628697940281,target,0.020112888492005196,0.027963964095371475,CADCHF,0.028307116151357004,3,5,28,2.0,3.0
2022-05-20,2022-06-08,-1,0.7583199739456177,0.7744842767715454,stop,-0.016695126807689666,-0.020656587409170746,CADCHF,-0.021315939684172086,3,5,28,2.0,3.0
2022-06-17,2022-11-14,-1,0.7462599873542786,0.712908570255552,target,0.032829035107578584,0.052074903863601564,CADCHF,0.044691418090051456,3,5,28,2.0,3.0
2022-12-23,2023-03-13,1,0.6827099919319153,0.6710456950323922,stop,-0.012142193893875426,-0.0174514757954667,CADCHF,-0.017085288097975184,3,5,28,2.0,3.0
2023-03-21,2023-04-21,1,0.6791999936103821,0.6633485640798297,stop,-0.016326869526079674,-0.02370646301829748,CADCHF,-0.02333838292060624,3,5,28,2.0,3.0
2023-05-02,2023-05-04,1,0.6610400080680847,0.6492743151528495,stop,-0.012228420920882874,-0.018176952633096363,CADCHF,-0.017798760697738874,3,5,28,2.0,3.0
2023-05-08,2023-08-17,1,0.6659799814224243,0.6501328434262957,stop,-0.016313323983124274,-0.024170603389230595,CADCHF,-0.023795216730511454,3,5,28,2.0,3.0
2023-08-25,2023-09-18,1,0.6514999866485596,0.6631228285176414,target,0.01116679187842781,0.01745639616600128,CADCHF,0.01784012602804786,3,5,28,2.0,3.0
2023-10-03,2023-10-20,-1,0.6711199879646301,0.654229964528765,target,0.016420239444289858,0.025822541045787534,CADCHF,0.025166920578671915,3,5,28,2.0,3.0
2023-11-01,2023-11-17,1,0.6555799841880798,0.6470371314457485,stop,-0.009001758731263009,-0.013412326419973135,CADCHF,-0.013030984698093662,3,5,28,2.0,3.0
2023-11-28,2023-12-28,1,0.6467199921607971,0.6393042802810669,stop,-0.007868415874242782,-0.011853216187298973,CADCHF,-0.011466650126205501,3,5,28,2.0,3.0
2024-01-15,2024-02-14,1,0.6362900137901306,0.6533407015459878,target,0.016605284746204072,0.02640413552270299,CADCHF,0.02679703812148943,3,5,28,2.0,3.0
2024-02-23,2024-03-22,-1,0.6527400016784668,0.6602914248194013,stop,-0.008008341142109413,-0.010297244115039534,CADCHF,-0.011568807061795859,3,5,28,2.0,3.0
2024-04-08,2024-06-17,-1,0.6638299822807312,0.6491064046110425,target,0.014258896682092171,0.02587044593961416,CADCHF,0.02217974189581292,3,5,28,2.0,3.0
2024-06-24,2024-07-25,1,0.6527000069618225,0.6438214353152684,stop,-0.00933546165142742,-0.013985861114121438,CADCHF,-0.01360283675785753,3,5,28,2.0,3.0
2024-08-12,2025-03-10,1,0.6296499967575073,0.6119628378323146,stop,-0.018127913922922935,-0.028487507373244205,CADCHF,-0.028090461393275305,3,5,28,2.0,3.0
2025-03-18,2025-04-07,1,0.616379976272583,0.6033328260694232,stop,-0.013478616186550638,-0.021572975623853498,CADCHF,-0.021167381656457252,3,5,28,2.0,3.0
2025-04-24,2025-09-09,1,0.5980100035667419,0.5748700073787144,stop,-0.023558603190524254,-0.03911305170234841,CADCHF,-0.03869499849502928,3,5,28,2.0,3.0
2025-09-22,2025-10-16,1,0.5776000022888184,0.5682485784803119,stop,-0.009755743810108682,-0.01662296359151587,CADCHF,-0.016190138108466454,3,5,28,2.0,3.0
2025-10-24,2026-07-08,1,0.56836998462677,0.5694500207901001,eod,0.0006821771740913392,0.0014603800091152524,CADCHF,0.0019002343412615336,3,5,28,2.0,3.0
2009-02-24,2009-05-08,1,77.8270034790039,85.18900517054966,target,7.307522789110454,0.09433745825157556,CADJPY,0.09459443846545976,0,9,21,2.0,4.0
2009-05-13,2009-05-22,-1,81.1500015258789,84.44757516043526,stop,-3.3543786356244727,-0.040876568973304536,CADJPY,-0.040635533857688894,0,9,21,2.0,4.0
2009-06-12,2009-07-07,-1,88.0009994506836,81.50242723737445,target,6.436971513693666,0.07363339341322458,CADJPY,0.07384657281024397,0,9,21,2.0,4.0
2009-07-15,2009-11-26,1,84.37000274658203,81.16943250383649,stop,-3.259629244668149,-0.03817198219631458,CADJPY,-0.037934931119522834,0,9,21,2.0,4.0
2009-12-03,2010-01-04,1,83.56600189208984,88.74628230503627,target,5.121784211621968,0.0617509548872517,CADJPY,0.06199028666748724,0,9,21,2.0,4.0
2010-01-12,2010-02-08,-1,87.61399841308594,83.00399780273438,target,4.548670811462403,0.052404874717666076,CADJPY,0.05261716956023568,0,9,21,2.0,4.0
2010-02-11,2010-03-31,1,85.4530029296875,91.17442757742745,target,5.6616075456891695,0.06672000342025665,CADJPY,0.06695405019818505,0,9,21,2.0,4.0
2010-04-12,2010-05-06,-1,92.88999938964844,88.30171421595982,target,4.523262174115865,0.04919329533549169,CADJPY,0.04939482402666408,0,9,21,2.0,4.0
2010-05-13,2010-05-20,1,90.80000305175781,85.67386409214565,stop,-5.189698961748394,-0.05667553729793116,CADJPY,-0.05645527298815355,0,9,21,2.0,4.0
2010-05-28,2010-07-16,1,86.33899688720703,81.82013920375279,stop,-4.579294981275289,-0.05257019246336382,CADJPY,-0.052338547427851906,0,9,21,2.0,4.0
2010-07-23,2010-08-12,1,84.4010009765625,81.23285893031529,stop,-3.2272227469308055,-0.037773746867439804,CADJPY,-0.03753678285316758,0,9,21,2.0,4.0
2010-08-20,2011-04-07,1,82.08399963378906,88.5857173374721,target,6.44425890393939,0.0789644477925136,CADJPY,0.07920810063702932,0,9,21,2.0,4.0
2011-04-14,2011-08-01,-1,87.0,80.93028259277344,target,6.008817407226562,0.06960088973823636,CADJPY,0.06976686674973061,0,9,21,2.0,4.0
2011-08-18,2011-09-23,1,78.05999755859375,74.97742135184151,stop,-3.137218205043252,-0.0397460453982639,CADJPY,-0.03948983222089367,0,9,21,2.0,4.0
2011-10-10,2012-02-20,1,73.94999694824219,79.39999825613839,target,5.3982363100324315,0.0734280126028494,CADJPY,0.07369846562280014,0,9,21,2.0,4.0
2012-03-08,2012-03-14,-1,81.44000244140625,83.80143083844867,stop,-2.418436398751401,-0.02923757767266223,CADJPY,-0.028995927385210934,0,9,21,2.0,4.0
2012-03-23,2012-05-31,-1,82.5999984741211,77.3222906930106,target,5.219887782178607,0.06369573702545368,CADJPY,0.06389476850612799,0,9,21,2.0,4.0
2012-06-08,2012-11-22,1,77.55000305175781,82.53028215680804,target,4.9259941029139975,0.0639623328156374,CADJPY,0.06422023093572711,0,9,21,2.0,4.0
2012-12-04,2012-12-13,-1,82.61000061035156,84.30800083705357,stop,-1.755827227129253,-0.02079022169244235,CADJPY,-0.020554414891134097,0,9,21,2.0,4.0
2013-01-22,2013-02-04,-1,90.22000122070312,92.95257132393974,stop,-2.795724104091103,-0.030501995854607954,CADJPY,-0.030287852652007702,0,9,21,2.0,4.0
2013-02-14,2013-04-08,-1,93.08999633789062,95.7345700945173,stop,-2.7097367540631936,-0.02859484221016339,CADJPY,-0.028408785698385976,0,9,21,2.0,4.0
2013-04-17,2013-05-10,-1,95.48999786376953,99.11699894496373,stop,-3.693844079698833,-0.038180345195897074,CADJPY,-0.0379830470450805,0,9,21,2.0,4.0
2013-05-21,2013-05-27,-1,99.68000030517578,97.9000015258789,eod,1.710222779083252,0.017659698775156125,CADJPY,0.017857130556253122,0,9,21,2.0,4.0
2013-07-22,2013-07-31,1,96.93699645996094,95.31085804530552,stop,-1.6939943121773875,-0.01698152898037582,CADJPY,-0.01677520940446178,1,5,28,1.5,4.0
2013-08-15,2013-08-28,1,94.69599914550781,92.8386778150286,stop,-1.9236085298810646,-0.01982471643384382,CADJPY,-0.019613514269227885,1,5,28,1.5,4.0
2013-09-03,2013-12-27,1,94.33599853515625,98.40370832170758,target,4.001674587576724,0.04290737204676824,CADJPY,0.04311938019117291,1,5,28,1.5,4.0
2014-01-07,2014-01-23,-1,97.72000122070312,94.6942858014788,target,2.957311418369834,0.03076745171578389,CADJPY,0.030963112785791627,1,5,28,1.5,4.0
2014-02-07,2014-09-05,1,92.16300201416016,96.87300436837333,target,4.645488252803261,0.050888124862649216,CADJPY,0.051105131682771324,1,5,28,1.5,4.0
2014-09-26,2014-10-16,-1,97.78600311279297,94.06857626778739,target,3.6489766428266215,0.03782204740221886,CADJPY,0.03801594018233515,1,5,28,1.5,4.0
2014-10-24,2014-11-10,1,96.34700012207031,100.99957929338727,target,4.585136271231509,0.04808223572552902,CADJPY,0.04828981873252104,1,5,28,1.5,4.0
2014-11-28,2014-12-04,-1,103.88899993896484,105.3832141331264,stop,-1.5669364941188328,-0.014572228003455378,CADJPY,-0.01438279505086596,1,5,28,1.5,4.0
2014-12-10,2015-01-13,-1,104.29399871826172,99.57943180629185,target,4.641561112867085,0.04502892754794301,CADJPY,0.04520458482664693,1,5,28,1.5,4.0
2015-02-06,2015-08-25,1,94.48799896240234,91.90392793927874,stop,-2.65021262239728,-0.027559807083646495,CADJPY,-0.027348139991321276,1,5,28,1.5,4.0
2015-09-10,2015-12-21,1,90.5459976196289,87.37489291599819,stop,-3.2344869019644578,-0.03524291285669084,CADJPY,-0.035022030647363186,1,5,28,1.5,4.0
2016-01-04,2016-01-06,1,86.73999786376953,85.49724878583636,stop,-1.3034670764378078,-0.014557863834818094,CADJPY,-0.014327289699556859,1,5,28,1.5,4.0
2016-01-22,2016-06-27,1,82.6259994506836,80.13374928065709,stop,-2.550088369641987,-0.030405080564574326,CADJPY,-0.03016302600386747,1,5,28,1.5,4.0
2016-07-13,2016-08-03,1,80.1969985961914,77.18703487941197,stop,-3.0661016157967724,-0.03778151015396395,CADJPY,-0.03753212426234594,1,5,28,1.5,4.0
2016-08-12,2016-09-22,1,78.38800048828125,76.77496474129813,stop,-1.6679073473249122,-0.020832726141895262,CADJPY,-0.0205775850504601,1,5,28,1.5,4.0
2016-10-03,2016-11-18,1,77.3270034790039,81.17671312604632,target,3.7955807446071144,0.04952616129865,CADJPY,0.049784803158546075,1,5,28,1.5,4.0
2016-12-22,2017-03-22,-1,87.55799865722656,83.48714338030133,target,4.009564677865171,0.04631781606614544,CADJPY,0.04649324264322073,1,5,28,1.5,4.0
2017-03-31,2017-04-06,1,83.83100128173828,82.67128808157784,stop,-1.218394901057656,-0.014072517113277373,CADJPY,-0.01383394188819108,1,5,28,1.5,4.0
2017-04-11,2017-04-14,1,83.09700012207031,81.85628645760673,stop,-1.2988815645490335,-0.015171590582230207,CADJPY,-0.014930908006798846,1,5,28,1.5,4.0
2017-04-26,2017-06-29,1,81.80599975585938,85.14228820800781,target,3.2790242523193363,0.04053845026092854,CADJPY,0.040782931106583965,1,5,28,1.5,4.0
2017-07-24,2017-09-12,-1,88.50499725341797,89.80892562866211,stop,-1.3658818733215332,-0.014929873072145775,CADJPY,-0.014732822051963674,1,5,28,1.5,4.0
2017-09-26,2017-10-09,-1,90.33399963378906,89.76699829101562,eod,0.5037675430297851,0.006062848373743207,CADJPY,0.006276721334957397,1,5,28,1.5,4.0
2017-12-06,2018-01-08,1,88.58000183105469,91.190431867327,target,2.5484240349905813,0.029243960066889018,CADJPY,0.02946974466371196,2,5,28,2.0,3.0
2018-01-11,2018-02-14,-1,88.9229965209961,86.08906827654157,target,2.771682146889829,0.03166434279786893,CADJPY,0.03186946409060104,2,5,28,2.0,3.0
2018-03-12,2018-03-16,1,83.4219970703125,81.55342538016183,stop,-1.9269670880998921,-0.022638773422780624,CADJPY,-0.022399028502946793,2,5,28,2.0,3.0
2018-03-22,2018-04-13,1,82.12899780273438,85.06599971226284,target,2.879511611066548,0.03551732016181189,CADJPY,0.035760839509850664,2,5,28,2.0,3.0
2018-04-23,2018-05-17,-1,84.47899627685547,85.9738540649414,stop,-1.5539930854797361,-0.017916616612318925,CADJPY,-0.017695023070432483,2,5,28,2.0,3.0
2018-05-25,2018-09-21,-1,84.83499908447266,86.99571228027344,stop,-2.220097695159912,-0.025633208219115744,CADJPY,-0.025469596500487926,2,5,28,2.0,3.0
2018-10-09,2018-11-21,-1,87.2699966430664,84.78342601231166,target,2.425481633104595,0.028289798621768267,CADJPY,0.028492846641495765,2,5,28,2.0,3.0
2018-11-29,2018-12-07,1,85.52300262451172,84.25614711216518,stop,-1.3267216141836964,-0.01504689350064649,CADJPY,-0.014813038287589836,2,5,28,2.0,3.0
2018-12-14,2018-12-19,1,85.05699920654297,83.70057351248605,stop,-1.4159655935015036,-0.01618239188893279,CADJPY,-0.01594725544882121,2,5,28,2.0,3.0
2019-01-08,2019-08-26,1,81.66999816894531,78.92128317696708,stop,-2.8058839906964943,-0.03390124959046498,CADJPY,-0.03365636162121797,2,5,28,2.0,3.0
2019-08-29,2019-10-18,1,79.7020034790039,82.57728576660156,target,2.8194908851623532,0.03582447319972114,CADJPY,0.03607540792064404,2,5,28,2.0,3.0
2019-10-31,2020-01-01,-1,82.62799835205078,83.7508566720145,stop,-1.1806979188101612,-0.013792641025963327,CADJPY,-0.01358932011374153,2,5,28,2.0,3.0
2020-01-06,2020-03-02,-1,83.11599731445312,80.86000224522182,target,2.1978138711111868,0.02693675275002666,CADJPY,0.027142729945189584,2,5,28,2.0,3.0
2020-03-23,2021-02-16,1,76.36100006103516,82.88814599173409,target,6.4736932306562105,0.08521556718086182,CADJPY,0.08547748098481953,2,5,28,2.0,3.0
2021-03-23,2021-04-30,-1,86.87000274658203,88.3568594796317,stop,-1.5476657349722704,-0.017323088355823413,CADJPY,-0.017115882192235393,2,5,28,2.0,3.0
2021-05-21,2021-07-09,-1,90.20999908447266,88.32769611903599,target,1.8191559660775343,0.0206720206669157,CADJPY,0.02086579076088978,2,5,28,2.0,3.0
2021-07-23,2021-09-22,1,87.65899658203125,85.26371111188617,stop,-2.456646767752505,-0.0275531954998465,CADJPY,-0.027325038655941904,2,5,28,2.0,3.0
2021-09-24,2021-10-12,1,87.125,90.1192158290318,target,2.933228329031802,0.034137340935802604,CADJPY,0.03436689617253144,2,5,28,2.0,3.0
2021-10-26,2021-12-01,-1,91.89600372314453,89.08676365443638,target,2.744912866101948,0.03037302989928799,CADJPY,0.030569774036872794,2,5,28,2.0,3.0
2021-12-08,2022-02-21,1,89.76499938964844,90.11100006103516,eod,0.28316517181396483,0.003631712511595167,CADJPY,0.0038545165013014974,2,5,28,2.0,3.0
2022-04-20,2022-04-26,1,102.6050033569336,100.59033094133649,stop,-2.0864959179469578,-0.019830148131461566,CADJPY,-0.019635225863095903,3,9,28,2.0,4.0
2022-05-31,2022-06-09,1,100.96600341796875,106.61886160714286,target,5.582181986781533,0.05578965194705965,CADJPY,0.05598773842491305,3,9,28,2.0,4.0
2022-06-16,2022-09-07,-1,104.16300201416016,107.6412854875837,stop,-3.5511975748334565,-0.0335436134314616,CADJPY,-0.03339269612209044,3,9,28,2.0,4.0
2022-09-19,2022-11-30,-1,107.66999816894531,102.57342529296875,target,5.021203877258301,0.047184294254421714,CADJPY,0.047335125500601524,3,9,28,2.0,4.0
2022-12-16,2022-12-21,1,100.8499984741211,97.95262472970145,stop,-2.967968743351524,-0.02892785115081841,CADJPY,-0.028729536819607666,3,9,28,2.0,4.0
2022-12-30,2023-06-14,1,98.0530014038086,105.13402121407645,target,7.012382709285194,0.07201227610757864,CADJPY,0.0722162474262906,3,9,28,2.0,4.0
2023-07-06,2023-07-13,-1,108.73999786376953,105.04245976039341,target,3.6214201048714796,0.03382286348748896,CADJPY,0.03400347780039897,3,9,28,2.0,4.0
2023-07-24,2024-04-22,1,107.17400360107422,112.4134292602539,target,5.164403856658936,0.04870048224201426,CADJPY,0.04888709466039927,3,9,28,2.0,4.0
2024-05-03,2024-05-15,-1,111.98500061035156,114.5239998953683,stop,-2.617388785443989,-0.022845553164021287,CADJPY,-0.02267267286849526,3,9,28,2.0,4.0
2024-06-05,2024-06-20,-1,113.41999816894531,115.15457044328961,stop,-1.8139662730625639,-0.015462989795960872,CADJPY,-0.01529335480821082,3,9,28,2.0,4.0
2024-07-12,2024-07-25,-1,116.09500122070312,112.00043160574776,target,4.013303114100869,0.035102713916235574,CADJPY,0.03526912935012037,3,9,28,2.0,4.0
2024-08-14,2025-03-04,1,107.1917724609375,103.1543448311942,stop,-4.112461870465961,-0.03785204345997638,CADJPY,-0.037665461975774424,3,9,28,2.0,4.0
2025-03-18,2025-11-13,1,104.48500061035156,110.32928902762276,target,5.771148916843956,0.05574281842607537,CADJPY,0.05593423346060827,3,9,28,2.0,4.0
2025-12-04,2025-12-10,-1,111.15899658203125,112.89385223388672,stop,-1.8126669494628909,-0.01578401844029499,CADJPY,-0.015606974740683354,3,9,28,2.0,4.0
2026-01-06,2026-03-04,-1,113.71399688720703,115.30785369873047,stop,-1.6734566093444823,-0.014165862212382236,CADJPY,-0.014016364345229943,3,9,28,2.0,4.0
2026-03-20,2026-04-28,-1,114.95999908447266,116.81885746547154,stop,-1.9393303803580126,-0.016326534411502006,CADJPY,-0.016169610262722706,3,9,28,2.0,4.0
2026-05-04,2026-07-10,-1,115.4229965209961,114.59100341796875,eod,0.7511970054626464,0.007065083454829598,CADJPY,0.007208209179320687,3,9,28,2.0,4.0
2008-09-19,2008-10-02,1,96.84300231933594,93.29514639718192,stop,-3.6156460237775487,-0.03688801293431967,CHFJPY,-0.03663512940723482,0,5,28,2.0,4.0
2008-10-29,2008-11-12,1,86.09600067138672,80.28228214808873,stop,-5.873985723767964,-0.06781010125640206,CHFJPY,-0.06752599979048891,0,5,28,2.0,4.0
2008-11-25,2009-06-01,1,80.39839935302734,89.51185716901507,target,9.05717893644061,0.11313307092158219,CHFJPY,0.11335372208059474,0,5,28,2.0,4.0
2009-06-15,2010-02-04,-1,89.52200317382812,84.2627192905971,target,5.196618481009342,0.05850297912862336,CHFJPY,0.05874850535927886,0,5,28,2.0,4.0
2010-02-16,2010-05-06,1,84.61000061035156,82.14238739013672,stop,-2.52684022064209,-0.029423510250043236,CHFJPY,-0.029164557409457635,0,5,28,2.0,4.0
2010-05-31,2010-09-16,1,78.85160064697266,85.29273441859654,target,6.385937651171001,0.08142299863218283,CHFJPY,0.08168678528748644,0,5,28,2.0,4.0
2010-10-01,2010-12-15,-1,84.9000015258789,86.99384307861328,stop,-2.1532715538024902,-0.024945483093882077,CHFJPY,-0.02466244422971109,0,5,28,2.0,4.0
2010-12-27,2011-02-23,-1,86.03600311279297,88.17963518415179,stop,-2.2038572735377784,-0.025197266178401484,CHFJPY,-0.02491552366221066,0,5,28,2.0,4.0
2011-03-14,2011-03-21,-1,87.5459976196289,89.14795684814453,stop,-1.6632414268493652,-0.01858302232826302,CHFJPY,-0.018298486190948902,0,5,28,2.0,4.0
2011-03-28,2011-04-01,-1,88.29129791259766,90.56668417794364,stop,-2.3371901738848044,-0.026053827724031784,CHFJPY,-0.02577135367970763,0,5,28,2.0,4.0
2011-04-19,2011-05-30,-1,91.89299774169922,94.21281324114118,stop,-2.3841405978611476,-0.025511035193687755,CHFJPY,-0.025244747221792634,0,5,28,2.0,4.0
2011-06-13,2011-07-18,-1,95.36599731445312,97.40428161621094,stop,-2.1050404998779295,-0.021630710733889436,CHFJPY,-0.02137328145415307,0,5,28,2.0,4.0
2011-07-20,2011-08-02,-1,96.00499725341797,98.30773816789899,stop,-2.369944412558413,-0.02424447665299166,CHFJPY,-0.023985635960205587,0,5,28,2.0,4.0
2011-08-15,2011-09-22,-1,98.0979995727539,85.60400063650948,target,12.425330336543494,0.12711267294494094,CHFJPY,0.12736242319577892,0,5,28,2.0,4.0
2011-09-29,2011-12-15,1,84.93800354003906,82.00159127371651,stop,-2.995868868800576,-0.0348306075375078,CHFJPY,-0.034571241893369305,0,5,28,2.0,4.0
2011-12-21,2012-01-05,1,83.58000183105469,81.8042460850307,stop,-1.8342617473057277,-0.02153847459423145,CHFJPY,-0.021246179793264805,0,5,28,2.0,4.0
2012-01-19,2012-02-17,1,81.7699966430664,85.63325827462333,target,3.8060226339067773,0.046953305480934966,CHFJPY,0.04724546643214892,0,5,28,2.0,4.0
2012-03-07,2012-03-19,-1,87.81300354003906,90.4971182686942,stop,-2.7455838311331595,-0.030849357378146768,CHFJPY,-0.03056625579867893,0,5,28,2.0,4.0
2012-03-26,2012-05-07,-1,91.01840209960938,86.48317609514508,target,4.4715131229945655,0.049558835360873146,CHFJPY,0.0498275722254605,0,5,28,2.0,4.0
2012-06-07,2012-07-17,1,82.9800033569336,80.50540488106864,stop,-2.532684478214805,-0.03010482495547184,CHFJPY,-0.029821624195658463,0,5,28,2.0,4.0
2012-07-30,2012-09-18,1,80.40399932861328,84.74454280308315,target,4.284260674939839,0.053697123408305604,CHFJPY,0.05398417380620523,0,5,28,2.0,4.0
2012-09-25,2012-10-17,-1,83.29299926757812,85.26944296700614,stop,-2.0347487989153223,-0.02402535287508808,CHFJPY,-0.02372880934541338,0,5,28,2.0,4.0
2012-10-29,2012-11-22,-1,85.1050033569336,87.06175667898995,stop,-2.0163268244062107,-0.02328221895187703,CHFJPY,-0.02299222425090168,0,5,28,2.0,4.0
2012-12-07,2012-12-14,-1,88.36840057373047,90.17247336251395,stop,-1.8659306691850974,-0.020697248981636465,CHFJPY,-0.020415360887721987,0,5,28,2.0,4.0
2013-01-30,2013-04-08,1,98.42900085449219,105.61385672433036,target,7.115955569240028,0.07276753606822056,CHFJPY,0.07299531446488583,1,5,21,1.0,4.0
2013-04-16,2013-04-22,-1,104.05999755859375,105.9683974129813,stop,-1.9812418526785693,-0.018578895826890124,CHFJPY,-0.018339418596593552,1,5,21,1.0,4.0
2013-04-24,2013-09-19,-1,105.38999938964844,107.51031330653599,stop,-2.1940869164603076,-0.020337925128578026,CHFJPY,-0.020118739246295262,1,5,21,1.0,4.0
2013-09-30,2013-10-23,-1,108.04060363769531,108.98184640066964,stop,-1.0168711855207129,-0.008940460627316533,CHFJPY,-0.008711935432448168,1,5,21,1.0,4.0
2013-11-01,2013-11-15,-1,108.34619903564453,109.16942650931222,stop,-0.8990698129926368,-0.007827200965201269,CHFJPY,-0.007598120478567542,1,5,21,1.0,4.0
2013-12-20,2013-12-27,-1,116.06999969482422,116.94285038539341,stop,-0.9540996903555713,-0.007734648857841146,CHFJPY,-0.007520036985130762,1,5,21,1.0,4.0
2014-01-03,2014-02-04,-1,116.556396484375,112.36559186662946,target,4.109215140206479,0.03574410966200421,CHFJPY,0.03595516628988561,1,5,21,1.0,4.0
2014-02-10,2014-07-18,1,114.05999755859375,112.90524183000836,stop,-1.2345977268764012,-0.01028963487380821,CHFJPY,-0.010124107954606752,1,5,21,1.0,4.0
2014-07-31,2014-08-07,1,113.1510009765625,112.59547151838031,stop,-0.6347351588657862,-0.005128186698961545,CHFJPY,-0.004909629198041845,1,5,21,1.0,4.0
2014-08-14,2014-09-18,1,112.86000061035156,114.98297555106026,target,2.0439729402814555,0.01860114238308936,CHFJPY,0.018810694038876172,1,5,21,1.0,4.0
2014-09-26,2014-11-03,-1,114.73429870605469,115.61388887677874,stop,-0.9599041798182956,-0.007880033964737574,CHFJPY,-0.007666322805332492,1,5,21,1.0,4.0
2014-11-26,2014-12-08,-1,122.25599670410156,123.66585922241211,stop,-1.495441716003418,-0.011735395865963387,CHFJPY,-0.011532052057314317,1,5,21,1.0,4.0
2014-12-10,2015-01-07,-1,122.94999694824219,117.90459769112724,target,4.959334259251182,0.040835781876664236,CHFJPY,0.04103618855101635,1,5,21,1.0,4.0
2015-01-16,2015-01-29,1,135.8863983154297,130.0372270856585,stop,-5.944291708592002,-0.04322479146247455,CHFJPY,-0.04304456739072344,1,5,21,1.0,4.0
2015-02-11,2015-02-19,1,128.77000427246094,126.46791022164481,stop,-2.3922330538068457,-0.018069379308964868,CHFJPY,-0.017877564451618602,1,5,21,1.0,4.0
2015-03-03,2015-03-06,1,125.37439727783203,124.05444826398578,stop,-1.4077110919407374,-0.010726265035325795,CHFJPY,-0.01052805869862906,1,5,21,1.0,4.0
2015-03-19,2015-05-01,1,122.35289764404297,127.52781132289341,target,5.0892666504996145,0.04210414120176957,CHFJPY,0.04229498261582362,1,5,21,1.0,4.0
2015-05-12,2015-05-15,-1,128.5198974609375,130.4758540562221,stop,-2.045920523507246,-0.015413228880661607,CHFJPY,-0.015219095516934147,1,5,21,1.0,4.0
2015-05-19,2015-06-01,-1,129.4600067138672,131.38054275512695,stop,-2.0111580459594722,-0.015026772287749205,CHFJPY,-0.014834975603736363,1,5,21,1.0,4.0
2015-06-11,2015-06-18,-1,131.77000427246094,133.3081992013114,stop,-1.6304339318411811,-0.01186237290862058,CHFJPY,-0.011673331403025015,1,5,21,1.0,4.0
2015-06-24,2015-08-10,-1,132.66000366210938,126.57410975864956,target,5.9930319008963435,0.0456918719744549,CHFJPY,0.045875876190693075,1,5,21,1.0,4.0
2015-08-13,2015-08-26,1,127.37120056152344,126.36574281964984,stop,-1.0946175822666653,-0.008086190106813893,CHFJPY,-0.007893917443197358,1,5,21,1.0,4.0
2015-09-11,2015-10-28,1,123.90499877929688,122.38143157958984,stop,-1.6103006988525388,-0.012483250998308177,CHFJPY,-0.012296252893080227,1,5,21,1.0,4.0
2015-11-09,2015-11-16,1,122.48999786376953,121.43459265572685,stop,-1.1411482065473242,-0.008818150272514385,CHFJPY,-0.008616256236827453,1,5,21,1.0,4.0
2015-12-03,2016-01-05,1,120.95999908447266,119.97261265345982,stop,-1.0720584303719676,-0.00835942822971331,CHFJPY,-0.008162916984839704,1,5,21,1.0,4.0
2016-01-20,2016-02-12,1,117.15899658203125,115.82132175990513,stop,-1.4196861197335398,-0.011623561671361898,CHFJPY,-0.011417602242688361,1,5,21,1.0,4.0
2016-02-29,2016-04-18,1,114.03099822998047,112.64821297781808,stop,-1.4626069509233786,-0.012329062044400848,CHFJPY,-0.012126397853446462,1,5,21,1.0,4.0
2016-04-20,2016-04-22,1,113.55999755859375,112.29285430908203,stop,-1.3466352478027344,-0.011377978841933669,CHFJPY,-0.011158359252851417,1,5,21,1.0,4.0
2016-04-25,2016-04-29,1,113.9000015258789,112.50621632167271,stop,-1.4735152052743115,-0.012454830423192566,CHFJPY,-0.012236919978350642,1,5,21,1.0,4.0
2016-05-11,2016-06-03,1,111.91000366210938,110.258606501988,stop,-1.7297341626848532,-0.014972094587542926,CHFJPY,-0.014756474900201516,1,5,21,1.0,4.0
2016-06-08,2016-06-17,1,111.0999984741211,109.91725049700055,stop,-1.2605179760524263,-0.010867848728204886,CHFJPY,-0.010645796519934636,1,5,21,1.0,4.0
2016-07-13,2016-09-22,1,105.90699768066406,103.52356992449079,stop,-2.457562654549741,-0.022715191714026802,CHFJPY,-0.022504912879882627,1,5,21,1.0,4.0
2016-09-30,2016-11-18,1,104.74099731445312,109.17788478306362,target,4.363568770490376,0.042139922110531976,CHFJPY,0.042360561598340354,1,5,21,1.0,4.0
2016-12-09,2016-12-14,-1,112.30000305175781,113.53114645821708,stop,-1.3097534085954978,-0.011184981053654623,CHFJPY,-0.010962986402519038,1,5,21,1.0,4.0
2016-12-23,2017-04-04,-1,114.56999969482422,110.84342847551618,target,3.646372219521665,0.032319727932017456,CHFJPY,0.03252658836723722,1,5,21,1.0,4.0
2017-04-20,2017-05-03,1,109.05000305175781,112.60057939801898,target,3.4742413441249367,0.0323345827380454,CHFJPY,0.03255915861438331,1,5,21,1.0,4.0
2017-05-10,2017-05-16,-1,112.9280014038086,114.00364303588867,stop,-1.1546912330627441,-0.009745870097750265,CHFJPY,-0.009525021418149362,1,5,21,1.0,4.0
2017-05-19,2017-06-23,-1,113.72000122070312,114.50399780273438,eod,-0.8636005828857422,-0.007109976902498057,CHFJPY,-0.006894095793313452,1,5,21,1.0,4.0
2017-08-29,2018-02-02,1,114.13999938964844,117.90971156529018,target,3.689814176068989,0.03286141751970177,CHFJPY,0.03302709125459856,2,9,28,2.0,4.0
2018-02-09,2018-03-23,-1,116.05000305175781,111.0585697719029,target,4.910198277718686,0.04280028564617674,CHFJPY,0.04301105685993613,2,9,28,2.0,4.0
2018-03-29,2018-05-04,1,111.63999938964844,109.7802254813058,stop,-1.9379219079153858,-0.016870242911495976,CHFJPY,-0.016658669997404847,2,9,28,2.0,4.0
2018-05-16,2018-08-28,1,110.13999938964844,113.31170872279576,target,3.0946113335745657,0.028606040953396236,CHFJPY,0.028797070553147418,2,9,28,2.0,4.0
2018-09-12,2018-09-19,-1,114.66000366210938,116.24557277134487,stop,-1.6658311117989697,-0.014045692114064472,CHFJPY,-0.013828441118037932,2,9,28,2.0,4.0
2018-10-01,2018-12-24,-1,115.94300079345703,111.91328539167132,target,3.948555301230288,0.03454969575025667,CHFJPY,0.03475600402101302,2,9,28,2.0,4.0
2019-01-11,2021-04-29,1,110.04000091552734,119.2979987008231,target,9.180969784654888,0.08419999734831295,CHFJPY,0.08413302170365027,2,9,28,2.0,4.0
2021-06-08,2021-07-20,-1,121.68828582763672,119.31725311279297,target,2.2858509147644046,0.01928347251244473,CHFJPY,0.01948447789134082,2,9,28,2.0,4.0
2021-07-26,2021-09-17,1,120.19999694824219,118.69694192068917,stop,-1.5871950254167868,-0.012695383247057008,CHFJPY,-0.01250461785119869,2,9,28,2.0,4.0
2021-09-27,2021-10-15,1,119.78570556640625,122.79337637765067,target,2.923820817347939,0.024906067023084864,CHFJPY,0.02510876232704615,2,9,28,2.0,4.0
2021-11-08,2021-12-30,-1,124.41500091552734,125.7509994506836,eod,-1.423089035797119,-0.010933718001415684,CHFJPY,-0.01073824318068637,2,9,28,2.0,4.0
2022-03-15,2022-03-23,1,125.94458770751953,129.79059164864677,target,3.7578427297319728,0.030341628891600886,CHFJPY,0.030537270486436396,3,9,28,1.5,4.0
2022-04-26,2022-05-13,-1,133.29200744628906,128.25171552385603,target,4.9469875172206255,0.03762807702070259,CHFJPY,0.03781390961842966,3,9,28,1.5,4.0
2022-05-23,2022-06-20,1,131.1637725830078,137.84255981445312,target,6.586972590637208,0.05073708311670998,CHFJPY,0.0509194505458327,3,9,28,1.5,4.0
2022-07-06,2022-09-06,-1,139.8990020751953,143.26993451799666,stop,-3.4688617442539837,-0.02426859657638203,CHFJPY,-0.02409547168170278,3,9,28,1.5,4.0
2022-09-23,2022-10-18,-1,145.81199645996094,149.4626977103097,stop,-3.7527696478707324,-0.025206370803365272,CHFJPY,-0.025037043171898546,3,9,28,1.5,4.0
2022-10-28,2023-01-04,-1,147.66204833984375,141.3141828264509,target,6.24450207955497,0.042825801107937905,CHFJPY,0.04298914707442814,3,9,28,1.5,4.0
2023-01-10,2023-01-13,1,143.0004119873047,140.15609087262834,stop,-2.944421403067461,-0.020064075863858822,CHFJPY,-0.019890300140735687,3,9,28,1.5,4.0
2023-01-24,2023-04-25,1,141.6790008544922,150.26077488490515,target,8.482598729814814,0.06042027384993052,CHFJPY,0.06057195476150097,3,9,28,1.5,4.0
2023-04-28,2023-05-01,-1,149.56858825683594,151.76944078717912,stop,-2.305550542122969,-0.01488161756612324,CHFJPY,-0.014714670747335849,3,9,28,1.5,4.0
2023-05-09,2023-05-23,-1,151.75799560546875,154.30318777901786,stop,-2.6514227704729394,-0.016934937518748427,CHFJPY,-0.016771387651731695,3,9,28,1.5,4.0
2023-06-02,2023-06-15,-1,153.1929931640625,155.0325540815081,stop,-1.9467960126604391,-0.012170210131274872,CHFJPY,-0.012008127000139701,3,9,28,1.5,4.0
2023-07-07,2023-07-20,-1,160.76080322265625,162.46189880371094,stop,-1.8136281433105466,-0.01073598505640864,CHFJPY,-0.010581531983879448,3,9,28,1.5,4.0
2023-07-28,2023-08-01,-1,159.7570037841797,162.32117026192802,stop,-2.6759963803972555,-0.016206653958320695,CHFJPY,-0.016050416676644336,3,9,28,1.5,4.0
2023-08-02,2024-04-29,1,163.81399536132812,171.82022530691964,target,7.891560148838584,0.048784842393741625,CHFJPY,0.04887390682299151,3,9,28,1.5,4.0
2024-05-03,2024-05-09,-1,168.20899963378906,170.69593811035156,stop,-2.604684776306152,-0.014932961268606992,CHFJPY,-0.014784812239397772,3,9,28,1.5,4.0
2024-05-10,2024-06-19,1,171.52099609375,178.47526332310267,target,6.834202532087041,0.040408039757210905,CHFJPY,0.04054469941132805,3,9,28,1.5,4.0
2024-07-03,2024-07-24,-1,178.69700622558594,174.7291543143136,target,3.842764006914423,0.022065965147141646,CHFJPY,0.022204355825991527,3,9,28,1.5,4.0
2024-08-16,2024-09-11,1,171.0019989013672,168.02967071533203,stop,-3.0920295852661135,-0.017522065269911888,CHFJPY,-0.017381832991025886,3,9,28,1.5,4.0
2024-09-20,2024-10-24,1,168.48902893066406,175.2925088065011,target,6.685537555585576,0.0402388210013783,CHFJPY,0.04037936427680868,3,9,28,1.5,4.0
2024-11-06,2024-12-02,-1,175.45899963378906,169.98990086146765,target,5.346277472577764,0.031029578327043852,CHFJPY,0.031170237968621152,3,9,28,1.5,4.0
2024-12-10,2025-01-31,1,172.29409790039062,169.3999083382743,stop,-3.014795430646612,-0.016931221659158904,CHFJPY,-0.016797961145422247,3,9,28,1.5,4.0
2025-02-17,2025-06-13,1,168.9219970703125,176.34039306640625,target,7.300150598144532,0.04379474624026871,CHFJPY,0.04391610402880745,3,9,28,1.5,4.0
2025-07-23,2025-09-25,-1,184.93008422851562,186.96744973318917,stop,-2.166816563633506,-0.011147702188499092,CHFJPY,-0.011016950071552446,3,9,28,1.5,4.0
2025-10-01,2025-10-06,-1,185.81736755371094,187.35841587611608,stop,-1.6711204796927437,-0.00842762085708964,CHFJPY,-0.008293349231522735,3,9,28,1.5,4.0
2025-10-07,2025-11-14,1,189.0969696044922,194.74370683942522,target,5.514369356209883,0.02973732073387728,CHFJPY,0.029861595596923217,3,9,28,1.5,4.0
2025-11-26,2025-12-15,-1,193.33087158203125,195.76434326171875,stop,-2.568803289794922,-0.012715205076000788,CHFJPY,-0.012587082754938939,3,9,28,1.5,4.0
2026-01-07,2026-01-21,-1,196.8908233642578,198.80222375052315,stop,-2.049223962620322,-0.009833979832992206,CHFJPY,-0.009707920123474502,3,9,28,1.5,4.0
2026-02-12,2026-02-26,-1,198.73519897460938,202.07819311959403,stop,-3.4821087842668845,-0.016946238826142386,CHFJPY,-0.01682134902238311,3,9,28,1.5,4.0
2026-03-17,2026-04-22,-1,201.86793518066406,204.08286067417689,stop,-2.3562330481392872,-0.011093616683147844,CHFJPY,-0.010972151132028716,3,9,28,1.5,4.0
2026-04-28,2026-07-13,-1,202.8754119873047,200.26499938964844,eod,2.468399809265137,0.0127486745304458,CHFJPY,0.01286707231835271,3,9,28,1.5,4.0
2008-07-31,2008-08-12,1,1.6576000452041626,1.7026571375983102,target,0.04389677236250466,0.02686238608823353,EURAUD,0.02718212546175335,0,9,21,2.0,4.0
2008-08-18,2008-09-02,-1,1.6917999982833862,1.7263285602842058,stop,-0.03571282199961792,-0.019995603520004894,EURAUD,-0.020409364012208622,0,9,21,2.0,4.0
2008-09-12,2008-09-15,-1,1.7187999486923218,1.7679427691868372,stop,-0.05034598045860009,-0.02864953570191798,EURAUD,-0.02859135557451218,0,9,21,2.0,4.0
2008-09-22,2008-10-06,-1,1.750100016593933,1.8294142825262887,stop,-0.08053933594397134,-0.04494844019569406,EURAUD,-0.04531984754032402,0,9,21,2.0,4.0
2008-10-17,2010-01-06,-1,1.944200038909912,1.5750856740134103,target,0.3677534248692649,0.20448737626783048,EURAUD,0.18985410837840508,0,9,21,2.0,4.0
2010-01-22,2010-02-11,1,1.5693999528884888,1.5419285297393799,stop,-0.02857000311613083,-0.01799504523823287,EURAUD,-0.017504411860435953,0,9,21,2.0,4.0
2010-02-25,2010-03-09,1,1.5262999534606934,1.4978642633983068,stop,-0.02950410002980904,-0.018977717975231862,EURAUD,-0.018630472993144107,0,9,21,2.0,4.0
2010-03-15,2010-03-23,1,1.4966000318527222,1.4698000124522619,stop,-0.027847639422757187,-0.01820795056827976,EURAUD,-0.017907269029844325,0,9,21,2.0,4.0
2010-03-31,2010-04-06,1,1.4746999740600586,1.446955714906965,stop,-0.028776549134935683,-0.019064392518900703,EURAUD,-0.018813494026659373,0,9,21,2.0,4.0
2010-04-13,2010-04-22,1,1.4664000272750854,1.438692910330636,stop,-0.028733596963541944,-0.01924244163912312,EURAUD,-0.01889465113822706,0,9,21,2.0,4.0
2010-05-19,2010-06-21,1,1.4611999988555908,1.419785737991333,stop,-0.04243710086345673,-0.029074911646271153,EURAUD,-0.02834263680310251,0,9,21,2.0,4.0
2010-06-28,2010-07-01,1,1.410599946975708,1.4695999281747,target,0.05801256123610908,0.0415780401273488,EURAUD,0.041826161503469926,0,9,21,2.0,4.0
2010-07-09,2010-07-16,-1,1.4397000074386597,1.478435686656407,stop,-0.0397434692229544,-0.026766464554171508,EURAUD,-0.02690538238355724,0,9,21,2.0,4.0
2010-07-22,2010-11-25,-1,1.4422999620437622,1.359699981553214,target,0.08159037051711754,0.06271232258952507,EURAUD,0.05726962675191551,0,9,21,2.0,4.0
2011-01-04,2011-01-24,1,1.313099980354309,1.3726828949792045,target,0.05866374463864738,0.04478936524622148,EURAUD,0.045375763853730586,0,9,21,2.0,4.0
2011-02-02,2011-03-16,-1,1.3672699928283691,1.400767173085894,stop,-0.03445426925250465,-0.022707424590881143,EURAUD,-0.024499316472404754,0,9,21,2.0,4.0
2011-03-24,2011-05-11,-1,1.3919899463653564,1.3281043257032121,target,0.06291122769968857,0.047942602485311465,EURAUD,0.045895173904780644,0,9,21,2.0,4.0
2011-05-19,2011-07-28,1,1.34089994430542,1.3062727791922433,stop,-0.03556579507419044,-0.027352648696077956,EURAUD,-0.025823824708347917,0,9,21,2.0,4.0
2011-08-04,2011-12-21,1,1.3324999809265137,1.2982899972370692,stop,-0.03514273367609306,-0.028547830569569346,EURAUD,-0.025673534093154447,0,9,21,2.0,4.0
2011-12-22,2012-01-09,-1,1.2937999963760376,1.245677215712411,target,0.047217120666163404,0.03785189426557464,EURAUD,0.037194914823326326,0,9,21,2.0,4.0
2012-01-20,2012-02-06,1,1.2441999912261963,1.2216600349971227,stop,-0.023410896222931903,-0.018654522096724545,EURAUD,-0.018116023459266998,0,9,21,2.0,4.0
2012-02-10,2012-03-28,1,1.2323999404907227,1.2743227141244071,target,0.04106009367534096,0.03282438785056805,EURAUD,0.034017182455389816,0,9,21,2.0,4.0
2012-04-06,2012-05-21,-1,1.2685999870300293,1.2933314187186105,stop,-0.02561945167950218,-0.017445555663605162,EURAUD,-0.019495059074122266,0,9,21,2.0,4.0
2012-05-28,2012-06-28,-1,1.2796000242233276,1.239017163004194,target,0.03968714120217735,0.03312196031323038,EURAUD,0.03171527074936253,0,9,21,2.0,4.0
2012-07-30,2012-09-03,1,1.1753000020980835,1.2205771889005388,target,0.04445447680098663,0.03754546645425148,EURAUD,0.03852394003371807,0,9,21,2.0,4.0
2012-09-14,2012-10-03,-1,1.2330000400543213,1.2533657721110754,stop,-0.021228832084792093,-0.015706189316831563,EURAUD,-0.016517219298595346,0,9,21,2.0,4.0
2012-10-12,2012-12-18,-1,1.2608000040054321,1.2481399774551392,eod,0.011777466547489167,0.013213853503621332,EURAUD,0.01004126468121301,0,9,21,2.0,4.0
2013-01-28,2013-03-13,1,1.2928600311279297,1.2651814392634801,stop,-0.02858359388623909,-0.022499413056393882,EURAUD,-0.02140880775802305,1,5,21,2.0,4.0
2013-04-02,2013-05-02,1,1.2309999465942383,1.2763029507228307,target,0.04444130416597649,0.03594882700931514,EURAUD,0.036801792115369776,1,5,21,2.0,4.0
2013-06-04,2013-06-06,-1,1.339900016784668,1.3679100104740687,stop,-0.028947923701149982,-0.020941856360846788,EURAUD,-0.02090454014368606,1,5,21,2.0,4.0
2013-06-17,2013-06-21,-1,1.3935999870300293,1.4370228563036238,stop,-0.04439838926451554,-0.031122897299983913,EURAUD,-0.0311587756011215,1,5,21,2.0,4.0
2013-06-26,2013-07-31,-1,1.4119000434875488,1.4564986058643885,stop,-0.04558689240728096,-0.030171089358150688,EURAUD,-0.03158762023030774,1,5,21,2.0,4.0
2013-08-09,2013-12-10,-1,1.468400001525879,1.509197166987828,stop,-0.041825045463017116,-0.022607712767265305,EURAUD,-0.027783414205635303,1,5,21,2.0,4.0
2013-12-23,2014-01-27,-1,1.5328400135040283,1.5647028854915075,stop,-0.032935859996931986,-0.019482054046340753,EURAUD,-0.02078682165573272,1,5,21,2.0,4.0
2014-01-31,2014-06-11,-1,1.541100025177002,1.4541286059788294,target,0.08589264918054862,0.06175551076721427,EURAUD,0.056434636154251885,1,5,21,2.0,4.0
2014-06-18,2014-07-24,1,1.4508999586105347,1.4273242609841483,stop,-0.024591327597413712,-0.01705541273161538,EURAUD,-0.016249016678561205,1,5,21,2.0,4.0
2014-07-31,2014-08-27,1,1.4361000061035156,1.418127145086016,stop,-0.01897813102177208,-0.013176562173300094,EURAUD,-0.012515048353954339,1,5,21,2.0,4.0
2014-09-11,2014-12-01,1,1.4103000164031982,1.471914325441633,target,0.060627099026952444,0.04205084616653642,EURAUD,0.04368879551995938,1,5,21,2.0,4.0
2014-12-22,2015-01-16,-1,1.5003399848937988,1.4363314764840263,target,0.0629582704203469,0.04359579099959966,EURAUD,0.042662669164485,1,5,21,2.0,4.0
2015-01-22,2015-03-12,1,1.4335800409317017,1.3905657359531947,stop,-0.044017811007159194,-0.03105812281647706,EURAUD,-0.03000481574126232,1,5,21,2.0,4.0
2015-03-19,2015-06-09,1,1.394819974899292,1.4614457062312536,target,0.06564935734953209,0.04609607869761389,EURAUD,0.04776654516778917,1,5,21,2.0,4.0
2015-06-12,2015-07-09,-1,1.4507100582122803,1.48953149999891,stop,-0.039836938827378314,-0.02572632730803644,EURAUD,-0.026760303733241942,1,5,21,2.0,4.0
2015-07-16,2015-08-21,-1,1.4839999675750732,1.5276742492403304,stop,-0.04471308164255966,-0.02804870793445715,EURAUD,-0.029430109581891007,1,5,21,2.0,4.0
2015-08-31,2016-10-19,-1,1.5703099966049194,1.4334758179528373,target,0.1357349616544587,0.10401397113004308,EURAUD,0.08713832233630542,1,5,21,2.0,4.0
2016-10-28,2017-02-06,1,1.4357999563217163,1.4051441976002284,stop,-0.03166081869091316,-0.023322022384840414,EURAUD,-0.021350995719503277,1,5,21,2.0,4.0
2017-02-28,2017-04-20,1,1.3787699937820435,1.4269671610423498,target,0.04723202826465889,0.0338034389133029,EURAUD,0.03495664068529573,1,5,21,2.0,4.0
2017-05-12,2017-05-23,-1,1.472409963607788,1.5039342471531458,stop,-0.032554970519883195,-0.021138327174243743,EURAUD,-0.02140999064425986,1,5,21,2.0,4.0
2017-05-25,2017-06-21,-1,1.4978599548339844,1.469939947128296,eod,0.026871505737304686,0.01964136073652443,EURAUD,0.018639932001375252,1,5,21,2.0,4.0
2017-08-28,2017-09-06,1,1.5050599575042725,1.4892210406916482,stop,-0.016892458782877273,-0.010862634894449295,EURAUD,-0.010523777962233987,2,5,28,1.5,4.0
2017-09-19,2017-09-21,1,1.5,1.4843110825334276,stop,-0.016738917466572415,-0.010679278311048278,EURAUD,-0.010459278311048278,2,5,28,1.5,4.0
2017-09-22,2017-11-27,1,1.506250023841858,1.5579271486827306,target,0.05062274982418343,0.03302713630104195,EURAUD,0.034308464081590176,2,5,28,1.5,4.0
2017-12-06,2018-03-02,-1,1.5557399988174438,1.5756942800113134,stop,-0.021043299193041758,-0.009451631509793819,EURAUD,-0.012826231381231625,2,5,28,1.5,4.0
2018-03-12,2018-03-19,-1,1.5654300451278687,1.5830100604466029,stop,-0.018675816350323716,-0.011102390281077403,EURAUD,-0.011230150701047919,2,5,28,1.5,4.0
2018-04-04,2018-05-28,-1,1.5982799530029297,1.5466971397399902,target,0.05046401729583741,0.03424482247938145,EURAUD,0.03227395373759337,2,5,28,1.5,4.0
2018-06-08,2018-08-30,1,1.548699975013733,1.5982942410877772,target,0.04851017609153466,0.030479929512251522,EURAUD,0.03202315934279298,2,5,28,1.5,4.0
2018-09-19,2018-11-09,-1,1.6162699460983276,1.5663869891847884,target,0.04875156795127045,0.032719136454401464,EURAUD,0.03086301086891867,2,5,28,1.5,4.0
2018-11-21,2018-11-29,1,1.5758600234985352,1.559442503111703,stop,-0.017520622403281172,-0.010703692038195723,EURAUD,-0.010418133680670438,2,5,28,1.5,4.0
2018-12-07,2019-01-01,1,1.5730199813842773,1.6299685069492884,target,0.05584741157804208,0.03565023091166411,EURAUD,0.036203307166445306,2,5,28,1.5,4.0
2019-01-07,2019-06-14,-1,1.6016299724578857,1.629994958639145,stop,-0.029486127161979677,-0.011497653326878767,EURAUD,-0.017710074529717883,2,5,28,1.5,4.0
2019-06-27,2019-08-06,-1,1.627959966659546,1.642718872853688,stop,-0.015898478170803677,-0.007683792261679108,EURAUD,-0.009065890130226106,2,5,28,1.5,4.0
2019-08-16,2020-02-28,-1,1.6398999691009521,1.6675149585519518,stop,-0.028762919429370273,-0.009308488163072764,EURAUD,-0.016839435313935072,2,5,28,1.5,4.0
2020-03-25,2021-01-01,-1,1.80771005153656,1.5799757242202759,target,0.2264689302802086,0.13585382628565718,EURAUD,0.1259794551248466,2,5,28,1.5,4.0
2021-01-20,2021-12-27,1,1.5739599466323853,1.5657800436019897,eod,-0.009281674993038178,-0.010908729327662948,EURAUD,-0.0051970210855092425,2,5,28,1.5,4.0
2022-02-07,2022-02-17,1,1.6177500486373901,1.5835686240877425,stop,-0.035313849583693845,-0.021456605474303433,EURAUD,-0.021128989968776848,3,5,21,2.0,4.0
2022-03-14,2022-04-06,1,1.4981499910354614,1.4477814265659876,stop,-0.05141726946319861,-0.03420122469450455,EURAUD,-0.03362050847436247,3,5,21,2.0,4.0
2022-04-12,2022-10-14,1,1.4669500589370728,1.5483015435082572,target,0.08032461952992852,0.0520273230204481,EURAUD,0.05545620593936945,3,5,21,2.0,4.0
2022-10-24,2022-12-16,-1,1.5471199750900269,1.5827371563230241,stop,-0.036700165215560306,-0.020953243287490316,EURAUD,-0.023021602594798588,3,5,21,2.0,4.0
2022-12-27,2023-03-22,-1,1.577530026435852,1.6109629017966134,stop,-0.034537146379266435,-0.017833495964778914,EURAUD,-0.021193178450173124,3,5,21,2.0,4.0
2023-04-04,2023-04-12,-1,1.6068899631500244,1.6372113909040178,stop,-0.0314462507281984,-0.018651823361470057,EURAUD,-0.01886963541333818,3,5,21,2.0,4.0
2023-04-18,2023-04-27,-1,1.6305099725723267,1.66102135181427,stop,-0.03165273622274399,-0.018467460946858864,EURAUD,-0.01871278296679656,3,5,21,2.0,4.0
2023-05-03,2023-08-11,-1,1.6505299806594849,1.682874253817967,stop,-0.033499644144943844,-0.01587021954488584,EURAUD,-0.019596295455086944,3,5,21,2.0,4.0
2023-08-23,2023-12-04,-1,1.688249945640564,1.6381527866636003,target,0.04891538401501525,0.03340569275455547,EURAUD,0.029674017823205404,3,5,21,2.0,4.0
2023-12-13,2023-12-25,1,1.644860029220581,1.6178814683641707,stop,-0.028129962876864777,-0.01672395241402111,EURAUD,-0.016401736547269737,3,5,21,2.0,4.0
2023-12-29,2024-08-05,1,1.621250033378601,1.6770528895514352,target,0.05466798114946907,0.0307866492800116,EURAUD,0.034419648434204704,3,5,21,2.0,4.0
2024-08-09,2025-03-05,-1,1.6558400392532349,1.692370023046221,stop,-0.037689071820463486,-0.014119711589732018,EURAUD,-0.022061299960750333,3,5,21,2.0,4.0
2025-03-18,2025-04-04,-1,1.7107199430465698,1.7430256605148315,stop,-0.03350322142839431,-0.01835818749638951,EURAUD,-0.018884281789998562,3,5,21,2.0,4.0
2025-04-15,2026-03-11,-1,1.7942299842834473,1.6400014332362585,target,0.1529725900581904,0.09769012477917592,EURAUD,0.08595807248689041,3,5,21,2.0,4.0
2026-03-20,2026-07-07,1,1.6348600387573242,1.6449600458145142,eod,0.008955605030059814,0.004324533531667906,EURAUD,0.006177903195228303,3,5,21,2.0,4.0
2008-09-17,2008-10-01,1,1.5329999923706055,1.4976571457726615,stop,-0.03641594659260338,-0.022865523008737152,EURCAD,-0.023054694568713188,0,9,28,2.0,3.0
2008-10-08,2008-10-15,1,1.5361000299453735,1.5975143143108912,target,0.0603390143445559,0.039993674349256,EURCAD,0.0399806543638318,0,9,28,2.0,3.0
2008-10-30,2008-12-04,-1,1.5505000352859497,1.6219571658543177,stop,-0.07254248059306817,-0.04624774520249751,EURCAD,-0.04608650689594443,0,9,28,2.0,3.0
2008-12-31,2009-01-29,-1,1.70169997215271,1.5898214067731584,target,0.11068737539904462,0.06559826479772313,EURCAD,0.06574517671174504,0,9,28,2.0,3.0
2009-02-11,2009-03-19,1,1.5964000225067139,1.6839571850640433,target,0.08643968254157479,0.05555447338197247,EURCAD,0.054846630745998534,0,9,28,2.0,3.0
2009-03-26,2009-04-15,-1,1.663699984550476,1.6003142765590124,target,0.06222111800227837,0.037948974320945655,EURCAD,0.03809924179844855,0,9,28,2.0,3.0
2009-04-24,2009-05-06,1,1.601699948310852,1.5598570789609636,stop,-0.04296405931370605,-0.02598043996553366,EURCAD,-0.026124037397900788,0,9,28,2.0,3.0
2009-05-12,2009-05-29,1,1.583299994468689,1.5466142892837524,stop,-0.0377940151810646,-0.02289250635480458,EURCAD,-0.023170406943156224,0,9,28,2.0,3.0
2009-06-05,2009-06-23,1,1.5641000270843506,1.6112214582306998,target,0.04602656112739021,0.03038899707389745,EURCAD,0.030126865501171708,0,9,28,2.0,3.0
2009-07-08,2009-07-15,-1,1.6187000274658203,1.5767857091767448,target,0.04078122826984947,0.0257393696065501,EURCAD,0.025893814528869272,0,9,28,2.0,3.0
2009-08-05,2009-09-02,1,1.5425000190734863,1.5681286028453283,target,0.02454883375849052,0.017153052476287487,EURCAD,0.016614964962681784,0,9,28,2.0,3.0
2009-09-07,2009-09-08,-1,1.5454000234603882,1.5616857494626726,stop,-0.017367506018706666,-0.010699964896634571,EURCAD,-0.010538194483663946,0,9,28,2.0,3.0
2009-09-10,2009-09-24,1,1.5713000297546387,1.5972715020179749,target,0.024871562242507934,0.016713213114007867,EURCAD,0.01652865256254827,0,9,28,2.0,3.0
2009-09-30,2009-10-09,-1,1.5654000043869019,1.5374785917145866,target,0.026825632669244464,0.017676895742154395,EURCAD,0.017836599331843544,0,9,28,2.0,3.0
2009-10-20,2009-12-15,1,1.5663000345230103,1.5447000435420446,stop,-0.02269640100513176,-0.012571021226442035,EURCAD,-0.013790455535259923,0,9,28,2.0,3.0
2010-01-12,2010-01-15,1,1.5041999816894531,1.4790142604282923,stop,-0.026238661248343422,-0.016810079490069508,EURCAD,-0.01674359896805296,0,9,28,2.0,3.0
2010-01-22,2010-02-05,1,1.4945000410079956,1.4689857448850359,stop,-0.026560446151665338,-0.01687808325916586,EURCAD,-0.017072128084888585,0,9,28,2.0,3.0
2010-02-25,2010-03-04,1,1.4363499879837036,1.4082456997462682,stop,-0.029109733229023972,-0.01955253835930273,EURCAD,-0.01956646254224374,0,9,28,2.0,3.0
2010-04-01,2010-04-06,1,1.3693000078201294,1.3441614423479353,stop,-0.026097075477668156,-0.01843172812974189,EURCAD,-0.01835869811482266,0,9,28,2.0,3.0
2010-04-13,2010-04-22,1,1.3628000020980835,1.335785678454808,stop,-0.027968283644744265,-0.019719932199810348,EURCAD,-0.019822661873852367,0,9,28,2.0,3.0
2010-05-03,2010-05-11,1,1.3339999914169312,1.3029614005770003,stop,-0.03197239083392273,-0.02322982836530292,EURCAD,-0.023267309624914394,0,9,28,2.0,3.0
2010-05-20,2010-05-28,1,1.3372999429702759,1.2935985156467982,stop,-0.0446375372835569,-0.03264146353474266,EURCAD,-0.032678852304751094,0,9,28,2.0,3.0
2010-05-31,2010-07-01,-1,1.2812999486923218,1.3213999441691808,stop,-0.04099690544094368,-0.03149145172294726,EURCAD,-0.03129633737813273,0,9,28,2.0,3.0
2010-07-13,2010-07-15,-1,1.3109999895095825,1.3408214364733015,stop,-0.03073914695637573,-0.02293779344343711,EURCAD,-0.022747099315290308,0,9,28,2.0,3.0
2010-07-26,2010-09-23,-1,1.3408000469207764,1.3752142872129167,stop,-0.0353528003249849,-0.025853400267809325,EURCAD,-0.025666944427078904,0,9,28,2.0,3.0
2010-10-14,2010-10-21,-1,1.4007999897003174,1.4272685391562325,stop,-0.02744910944870537,-0.019073779020823113,EURCAD,-0.01889530957348004,0,9,28,2.0,3.0
2010-10-28,2010-11-12,-1,1.416100025177002,1.3764957785606384,target,0.03861297659873963,0.02779058393946751,EURCAD,0.027967125141045945,0,9,28,2.0,3.0
2010-11-22,2010-11-25,1,1.3960000276565552,1.3617486442838396,stop,-0.03522858339207519,-0.02460700765914795,EURCAD,-0.024535374422744748,0,9,28,2.0,3.0
2010-12-10,2011-01-07,1,1.337399959564209,1.3033413887023926,stop,-0.034994750833511355,-0.02484564966836392,EURCAD,-0.025466256835325742,0,9,28,2.0,3.0
2011-01-17,2011-03-21,1,1.3208999633789062,1.3817121556827001,target,0.059887562329428635,0.04768884400803353,EURCAD,0.046038454076593543,0,9,28,2.0,3.0
2011-03-29,2011-04-28,-1,1.3766000270843506,1.403551425252642,stop,-0.02791501818725044,-0.01975984137230054,EURCAD,-0.019578234518398685,0,9,28,2.0,3.0
2011-05-10,2011-06-06,-1,1.3845000267028809,1.4153157302311488,stop,-0.03178485354695992,-0.022438210855256793,EURCAD,-0.02225764025563365,0,9,28,2.0,3.0
2011-06-14,2011-07-13,-1,1.407099962234497,1.3567278214863367,target,0.04938717077459617,0.0356208813114923,EURCAD,0.03579855170216092,0,9,28,2.0,3.0
2011-07-25,2011-08-16,1,1.3653000593185425,1.4146864754813058,target,0.04843070612124032,0.03660471251111485,EURCAD,0.03617257307336042,0,9,28,2.0,3.0
2011-08-30,2011-09-09,-1,1.4172999858856201,1.3807128412382943,target,0.035595034657205885,0.02563828759556505,EURCAD,0.025814679328077336,0,9,28,2.0,3.0
2011-09-23,2011-12-14,1,1.3860000371932983,1.3472400392804826,stop,-0.03973019793885101,-0.025851368651744616,EURCAD,-0.027965365709012636,0,9,28,2.0,3.0
2012-01-20,2012-05-16,1,1.3111000061035156,1.2857900176729475,stop,-0.02622775843484055,-0.016039957541505574,EURCAD,-0.01930439197066847,0,9,28,2.0,3.0
2012-05-21,2012-05-30,1,1.3042999505996704,1.2840827873774938,stop,-0.02113017318759636,-0.015393056798741603,EURCAD,-0.015500394071840198,0,9,28,2.0,3.0
2012-06-05,2012-07-04,1,1.2995400428771973,1.277595775468009,stop,-0.02285394543920235,-0.016178237465188323,EURCAD,-0.016886180252363322,0,9,28,2.0,3.0
2012-07-30,2012-08-16,1,1.2355799674987793,1.2162214347294398,stop,-0.020223438746588662,-0.01531145961166468,EURCAD,-0.01566756768364217,0,9,28,2.0,3.0
2012-08-22,2012-09-17,1,1.2344000339508057,1.2698964391435896,target,0.0346323251690184,0.02933117643953896,EURCAD,0.028755998231120104,0,9,28,2.0,3.0
2012-09-26,2012-10-17,-1,1.2653599977493286,1.2867228133337838,stop,-0.022248567582879714,-0.01708036892496798,EURCAD,-0.016882796692208393,0,9,28,2.0,3.0
2012-11-05,2012-12-05,-1,1.2766000032424927,1.300694261278425,stop,-0.02498787803820198,-0.01906960518102709,EURCAD,-0.01887377250096676,0,9,28,2.0,3.0
2012-12-10,2012-12-17,-1,1.2732000350952148,1.2939857074192591,stop,-0.021676912348610917,-0.016521891096610862,EURCAD,-0.01632553546268936,0,9,28,2.0,3.0
2013-04-08,2013-06-25,1,1.3208999633789062,1.3757428101130895,target,0.05391821675981804,0.04360121760232232,EURCAD,0.04151930369798288,1,9,28,1.5,4.0
2013-06-28,2013-08-08,-1,1.365399956703186,1.383733149085726,stop,-0.019288972352232283,-0.01361007248558139,EURCAD,-0.013426975951285582,1,9,28,1.5,4.0
2013-08-14,2013-08-21,-1,1.372189998626709,1.388072852577482,stop,-0.01684338694981163,-0.011757011759974009,EURCAD,-0.011574821246816063,1,9,28,1.5,4.0
2013-09-03,2013-10-09,-1,1.391800045967102,1.4080364661557334,stop,-0.017210680220808332,-0.011845394197537662,EURCAD,-0.01166577069434523,1,9,28,1.5,4.0
2013-10-17,2013-10-22,-1,1.396299958229065,1.4092074504920415,stop,-0.01388490223373695,-0.009423112981872697,EURCAD,-0.009244068358597712,1,9,28,1.5,4.0
2013-11-04,2013-11-25,-1,1.4052000045776367,1.4261732058865684,stop,-0.021956841312136,-0.01510333136905358,EURCAD,-0.014925420751927484,1,9,28,1.5,4.0
2013-12-20,2013-12-30,-1,1.4570599794387817,1.471511389528002,stop,-0.015471352074827497,-0.010089776877189996,EURCAD,-0.009918198490899892,1,9,28,1.5,4.0
2013-12-31,2014-01-06,1,1.469599962234497,1.4536163721765791,stop,-0.017012310031482087,-0.010882954864533346,EURCAD,-0.010876150291685647,1,9,28,1.5,4.0
2014-01-10,2014-03-11,1,1.4754199981689453,1.5411542824336462,target,0.06470149026598258,0.04592880966016389,EURCAD,0.044552930247847865,1,9,28,1.5,4.0
2014-03-27,2014-05-30,-1,1.529539942741394,1.4768284899847848,target,0.05164077479669029,0.03429884456798338,EURCAD,0.03446229240809138,1,9,28,1.5,4.0
2014-06-04,2014-06-12,1,1.4870400428771973,1.47518789768219,stop,-0.01289307322502136,-0.007936669393362105,EURCAD,-0.007970293235732387,1,9,28,1.5,4.0
2014-07-14,2014-07-23,1,1.4589999914169312,1.4464771406991142,stop,-0.013544150711808853,-0.008487217814025618,EURCAD,-0.0085831739489287,1,9,28,1.5,4.0
2014-07-30,2014-08-27,1,1.4550600051879883,1.4431928268500738,stop,-0.012885720341546099,-0.007585376753234686,EURCAD,-0.00815579996398933,1,9,28,1.5,4.0
2014-09-15,2014-09-18,1,1.437059998512268,1.4158789004598344,stop,-0.022187040051392208,-0.014808774911600845,EURCAD,-0.014739188394612322,1,9,28,1.5,4.0
2014-09-22,2014-10-15,-1,1.405400037765503,1.4276439802987235,stop,-0.023227722559656445,-0.01600536639303393,EURCAD,-0.015827481098255165,1,9,28,1.5,4.0
2014-10-24,2014-12-15,-1,1.419600009918213,1.4392724803515844,stop,-0.02066619044031425,-0.014033861858397206,EURCAD,-0.013857755914290877,1,9,28,1.5,4.0
2014-12-23,2015-03-11,-1,1.423110008239746,1.3613241740635462,target,0.060789657170432054,0.043240391691373135,EURCAD,0.04341606328285413,1,9,28,1.5,4.0
2015-03-23,2015-04-13,1,1.3617899417877197,1.3366831626210893,stop,-0.026060032125881802,-0.018025378520865026,EURCAD,-0.018436602001679438,1,9,28,1.5,4.0
2015-04-29,2015-06-03,1,1.3199000358581543,1.3767828260149275,target,0.05595886013167251,0.04392968299229932,EURCAD,0.04309628654551097,1,9,28,1.5,4.0
2015-06-15,2015-07-13,-1,1.3812999725341797,1.4100978417055947,stop,-0.02976477915218895,-0.021029370700791965,EURCAD,-0.020848381773715292,1,9,28,1.5,4.0
2015-08-11,2015-08-14,-1,1.4332000017166138,1.4559228718280792,stop,-0.023726110112667082,-0.01602907485623062,EURCAD,-0.015854640025292466,1,9,28,1.5,4.0
2015-09-01,2015-12-22,-1,1.4752999544143677,1.5200899583952767,stop,-0.0458227139489991,-0.03052938749583846,EURCAD,-0.030359930431021264,1,9,28,1.5,4.0
2015-12-30,2016-01-08,-1,1.5116699934005737,1.5350517289979118,stop,-0.02443990459271843,-0.01563286676358331,EURCAD,-0.015467486752673908,1,9,28,1.5,4.0
2016-01-11,2016-02-01,1,1.5515400171279907,1.5261204157556807,stop,-0.026505679384299624,-0.016022533159232914,EURCAD,-0.01638346487470139,1,9,28,1.5,4.0
2016-02-09,2016-02-23,1,1.5580400228500366,1.5198243047509874,stop,-0.039306346115044244,-0.02434194086341492,EURCAD,-0.024528072153848345,1,9,28,1.5,4.0
2016-03-11,2016-04-13,1,1.4905600547790527,1.4563815210546767,stop,-0.03522192576272141,-0.022232270090780226,EURCAD,-0.02292999441035094,1,9,28,1.5,4.0
2016-05-03,2016-12-05,1,1.4435900449752808,1.418242186307907,stop,-0.026358371698856353,-0.011954819671584235,EURCAD,-0.01755890375914008,1,9,28,1.5,4.0
2016-12-08,2016-12-12,1,1.4229600429534912,1.4007846883365087,stop,-0.023171426647049947,-0.015675320419177467,EURCAD,-0.0155839615643426,1,9,28,1.5,4.0
2016-12-23,2017-04-25,1,1.4071099758148193,1.47136994770595,target,0.06327499490806038,0.048837669458875715,EURCAD,0.0456680522458236,1,9,28,1.5,4.0
2017-05-11,2017-05-18,-1,1.4898500442504883,1.5116643352167947,stop,-0.022857185997281725,-0.014809739444217996,EURCAD,-0.014641937321470958,1,9,28,1.5,4.0
2017-05-26,2017-07-03,-1,1.511489987373352,1.4819899797439575,eod,0.028441964638233185,0.019351770685709153,EURCAD,0.01951717039201779,1,9,28,1.5,4.0
2017-08-29,2017-09-04,1,1.4969600439071655,1.485392919608525,stop,-0.012614996329375612,-0.007733756385657114,EURCAD,-0.007727076180637146,2,7,21,1.0,2.0
2017-09-19,2017-10-26,1,1.4684900045394897,1.499934298651559,target,0.030416351108891525,0.022243456891838025,EURCAD,0.021412671529848052,2,7,21,1.0,2.0
2017-11-03,2017-11-24,-1,1.492799997329712,1.5059292912483215,stop,-0.014174253916740416,-0.008962549532785509,EURCAD,-0.008795079007298374,2,7,21,1.0,2.0
2017-12-05,2017-12-20,-1,1.5043400526046753,1.519269347190857,stop,-0.015982332623004913,-0.010090334668614052,EURCAD,-0.009924148838776483,2,7,21,1.0,2.0
2017-12-25,2018-01-16,-1,1.5078999996185303,1.520004996231624,stop,-0.013160526612826691,-0.008193511914728627,EURCAD,-0.008027718427054879,2,7,21,1.0,2.0
2018-01-31,2018-02-05,-1,1.530500054359436,1.5426622033119202,stop,-0.013233498990535737,-0.008109865084375329,EURCAD,-0.007946519778187389,2,7,21,1.0,2.0
2018-02-26,2018-03-02,-1,1.5539799928665161,1.5644185628209795,stop,-0.011526355949469913,-0.006878190197768832,EURCAD,-0.006717312965663132,2,7,21,1.0,2.0
2018-03-12,2018-03-14,-1,1.5770399570465088,1.5912978138242448,stop,-0.01536178474766861,-0.009199422445139861,EURCAD,-0.009040897609492575,2,7,21,1.0,2.0
2018-03-15,2018-03-30,1,1.6030299663543701,1.5867999706949507,stop,-0.017352116635867464,-0.00992495211777114,EURCAD,-0.010124574087863034,2,7,21,1.0,2.0
2018-04-19,2018-05-01,1,1.5629899501800537,1.5514777983937944,stop,-0.012606244751385342,-0.007256701672939553,EURCAD,-0.007365467567423018,2,7,21,1.0,2.0
2018-05-28,2018-05-30,1,1.5166399478912354,1.503983531679426,stop,-0.013718064175333326,-0.008430752618370587,EURCAD,-0.008345036822620413,2,7,21,1.0,2.0
2018-05-31,2018-06-07,-1,1.5039000511169434,1.5172628930636816,stop,-0.014415571982520062,-0.009051693253569594,EURCAD,-0.00888545880214157,2,7,21,1.0,2.0
2018-06-18,2018-06-22,-1,1.5300999879837036,1.5437842862946647,stop,-0.014755368302549665,-0.009106789373499088,EURCAD,-0.008943401358360654,2,7,21,1.0,2.0
2018-06-29,2018-08-06,-1,1.5326600074768066,1.5063656738826208,target,0.025221471588952105,0.01699289696810334,EURCAD,0.017156012074376368,2,7,21,1.0,2.0
2018-08-21,2018-09-05,1,1.4985400438308716,1.5222643102918352,target,0.022675288430281985,0.016085166732911178,EURCAD,0.015831586588980845,2,7,21,1.0,2.0
2018-09-12,2018-09-18,-1,1.5146499872207642,1.5241421205656869,stop,-0.01055238833597725,-0.006431937033055792,EURCAD,-0.006266882398579661,2,7,21,1.0,2.0
2018-09-25,2018-10-01,1,1.5218000411987305,1.5107857584953308,stop,-0.01207954273223877,-0.00724423866798937,EURCAD,-0.007237667502442467,2,7,21,1.0,2.0
2018-10-11,2018-10-25,1,1.5050100088119507,1.4908857345581055,stop,-0.01517778126001358,-0.009192147675327382,EURCAD,-0.009384837423768938,2,7,21,1.0,2.0
2018-11-05,2018-12-06,1,1.4930700063705444,1.5140199831553869,target,0.01990482778038307,0.014687842292238741,EURCAD,0.014031476551972986,2,7,21,1.0,2.0
2018-12-17,2018-12-19,-1,1.5134899616241455,1.5258678197860718,stop,-0.01343730113506317,-0.008343536119906044,EURCAD,-0.0081783549780822,2,7,21,1.0,2.0
2019-01-03,2019-01-17,-1,1.5426199436187744,1.5123727832521712,target,0.0291673264060701,0.019445593511668226,EURCAD,0.01960765546414988,2,7,21,1.0,2.0
2019-01-24,2019-02-01,1,1.518399953842163,1.508617835385459,stop,-0.010844998424393695,-0.00640945650194338,EURCAD,-0.0064423859023121565,2,7,21,1.0,2.0
2019-02-08,2019-02-14,1,1.5091300010681152,1.4992042950221471,stop,-0.010982097046715779,-0.006583731049635163,EURCAD,-0.006577104715261768,2,7,21,1.0,2.0
2019-02-22,2019-02-25,1,1.499709963798523,1.491167119571141,stop,-0.009592641202041018,-0.005803018208493564,EURCAD,-0.0056963309130416175,2,7,21,1.0,2.0
2019-02-27,2019-03-07,1,1.49931001663208,1.5175899948392595,target,0.01723046119553696,0.012225609116088137,EURCAD,0.012192260442734833,2,7,21,1.0,2.0
2019-03-13,2019-03-22,-1,1.5077799558639526,1.518703511783055,stop,-0.011979001888207089,-0.007410601179334496,EURCAD,-0.0072447944918084305,2,7,21,1.0,2.0
2019-03-27,2019-04-02,-1,1.5084199905395508,1.4927957228251867,target,0.01456837372098641,0.01019229910156841,EURCAD,0.010358035435989819,2,7,21,1.0,2.0
2019-04-10,2019-06-20,1,1.5016000270843506,1.493851465838296,stop,-0.008799681265013654,-0.0035086315603526912,EURCAD,-0.005160203187462611,2,7,21,1.0,2.0
2019-06-25,2019-06-27,1,1.502869963645935,1.4943699751581465,stop,-0.0095519974623407,-0.005742338789480063,EURCAD,-0.005655837626275881,2,7,21,1.0,2.0
2019-07-16,2019-08-01,1,1.4693000316619873,1.4625078865459986,stop,-0.007820655138152081,-0.004343663634696568,EURCAD,-0.00462270807161544,2,7,21,1.0,2.0
2019-08-05,2019-08-06,1,1.4665100574493408,1.4825972318649292,target,0.01506061737537384,0.01081968332572209,EURCAD,0.010969699344284309,2,7,21,1.0,2.0
2019-08-15,2019-09-05,-1,1.4832500219345093,1.4613614252635412,target,0.020850321655613943,0.01458863735106927,EURCAD,0.014757186143452864,2,7,21,1.0,2.0
2019-09-16,2019-09-26,1,1.46465003490448,1.4544557418142046,stop,-0.011219548114708554,-0.006844155840223752,EURCAD,-0.006960224522809136,2,7,21,1.0,2.0
2019-10-04,2019-10-25,1,1.4636499881744385,1.4540571314947945,stop,-0.010617411671366043,-0.006171459537884679,EURCAD,-0.006554064671984034,2,7,21,1.0,2.0
2019-10-31,2019-11-06,1,1.4678000211715698,1.4592221549579076,stop,-0.009605326228482288,-0.005850842137750835,EURCAD,-0.005844029220557921,2,7,21,1.0,2.0
2019-11-07,2019-11-20,-1,1.4596199989318848,1.4680321557181222,stop,-0.009433890785489733,-0.00593452870786655,EURCAD,-0.005763251251965052,2,7,21,1.0,2.0
2019-11-27,2019-12-03,-1,1.4625500440597534,1.468787900039128,stop,-0.007261641010216368,-0.0044359890492126465,EURCAD,-0.0042650547273305394,2,7,21,1.0,2.0
2019-12-06,2020-02-13,-1,1.4631199836730957,1.446904284613473,target,0.015191515071051556,0.01091209144689663,EURCAD,0.011082959183507256,2,7,21,1.0,2.0
2020-02-25,2020-02-28,1,1.44159996509552,1.4580356223242623,target,0.015426537253175433,0.011331615999074958,EURCAD,0.011400983370343848,2,7,21,1.0,2.0
2020-03-23,2020-07-31,-1,1.546090006828308,1.5784228529248918,stop,-0.03341510910136353,-0.02107435269142258,EURCAD,-0.020912654472757513,2,7,21,1.0,2.0
2020-08-06,2020-09-03,-1,1.574869990348816,1.5489599534443446,target,0.024807627911227186,0.01629343187801042,EURCAD,0.01645217514033179,2,7,21,1.0,2.0
2020-09-09,2020-10-14,1,1.557860016822815,1.5473586065428597,stop,-0.011591912291731184,-0.006034823526140022,EURCAD,-0.006740920343647028,2,7,21,1.0,2.0
2020-10-21,2020-11-03,1,1.5520100593566895,1.5435114758355277,stop,-0.009584990562711412,-0.00534699080790849,EURCAD,-0.005475855952044799,2,7,21,1.0,2.0
2020-11-13,2021-01-01,1,1.5506900548934937,1.537547196660723,stop,-0.014228341271196059,-0.007417896436796757,EURCAD,-0.008475490115704204,2,7,21,1.0,2.0
2021-01-07,2021-01-14,1,1.5627299547195435,1.5472813759531294,stop,-0.01654248973471771,-0.009872837414947315,EURCAD,-0.009885635531435451,2,7,21,1.0,2.0
2021-01-25,2021-02-05,1,1.5482100248336792,1.536943597452981,stop,-0.012350174398081738,-0.007147885108086033,EURCAD,-0.007277066547808002,2,7,21,1.0,2.0
2021-02-15,2021-02-22,1,1.5374000072479248,1.5288378936903817,stop,-0.009638293562616652,-0.0055562075694498055,EURCAD,-0.005569216545582049,2,7,21,1.0,2.0
2021-03-01,2021-03-02,1,1.5347599983215332,1.5259671381541662,stop,-0.009867192166192095,-0.0058724883220984386,EURCAD,-0.0057291434341416245,2,7,21,1.0,2.0
2021-03-23,2021-03-29,1,1.4941200017929077,1.4838692716189794,stop,-0.011296614175183337,-0.006867407009889215,EURCAD,-0.0068607141070514245,2,7,21,1.0,2.0
2021-04-07,2021-04-21,1,1.4927200078964233,1.5104514701025826,target,0.016686558200631793,0.012072901891062318,EURCAD,0.011878625671499431,2,7,21,1.0,2.0
2021-04-27,2021-05-06,-1,1.4973900318145752,1.4746714319501604,target,0.02167042684214462,0.015005175262978614,EURCAD,0.015172132431577529,2,7,21,1.0,2.0
2021-05-17,2021-07-05,1,1.4715399742126465,1.4619735394205366,stop,-0.010596512774058688,-0.005386489617008812,EURCAD,-0.0065009683459182925,2,7,21,1.0,2.0
2021-07-08,2021-07-20,1,1.4719300270080566,1.4915885925292969,target,0.018628214502334595,0.013471133245066751,EURCAD,0.01335563862447969,2,7,21,1.0,2.0
2021-07-23,2021-08-20,-1,1.4790899753570557,1.49248925277165,stop,-0.014434640397344285,-0.009228158963959836,EURCAD,-0.009059136116016019,2,7,21,1.0,2.0
2021-08-26,2021-09-02,-1,1.4818899631500244,1.4934428249086653,stop,-0.012590184732845913,-0.007964735609351037,EURCAD,-0.007796032125140523,2,7,21,1.0,2.0
2021-09-07,2021-09-09,-1,1.4882299900054932,1.5000357116971696,stop,-0.01284748268468033,-0.008100711430786304,EURCAD,-0.007932726642360506,2,7,21,1.0,2.0
2021-09-16,2021-09-21,-1,1.4913400411605835,1.500812189919608,stop,-0.010516086787836987,-0.006519069085987025,EURCAD,-0.006351434614236743,2,7,21,1.0,2.0
2021-09-24,2021-10-05,-1,1.4860999584197998,1.4626770871026176,target,0.02238260134628838,0.015593077158700966,EURCAD,0.01576130272023441,2,7,21,1.0,2.0
2021-10-21,2021-11-16,1,1.4358999729156494,1.4277713979993547,stop,-0.009133704897335662,-0.0051664984025530745,EURCAD,-0.005660961814623707,2,7,21,1.0,2.0
2021-11-29,2022-01-04,1,1.4368599653244019,1.4411499500274658,eod,0.0032841827273368835,0.003772103638394774,EURCAD,0.002985666527423505,2,7,21,1.0,2.0
2022-03-31,2022-04-06,1,1.3932700157165527,1.3656999894550867,stop,-0.02854531527246757,-0.01979517677862442,EURCAD,-0.019787999418968936,3,5,28,2.0,3.0
2022-04-25,2022-04-28,1,1.3746999502182007,1.3538299628666468,stop,-0.021832277316706616,-0.015254228639657252,EURCAD,-0.015181485493064334,3,5,28,2.0,3.0
2022-05-09,2022-07-07,1,1.3604700565338135,1.334387217249189,stop,-0.027035168324198073,-0.017657749370706077,EURCAD,-0.019171931906445554,3,5,28,2.0,3.0
2022-07-20,2022-08-26,1,1.3167599439620972,1.2904714005334037,stop,-0.027210275389466933,-0.01908361774210895,EURCAD,-0.019964567990724193,3,5,28,2.0,3.0
2022-08-31,2022-10-03,1,1.3121299743652344,1.345721423625946,target,0.032672958278656,0.026347579840507954,EURCAD,0.025600702611006287,3,5,28,2.0,3.0
2022-10-11,2022-10-27,-1,1.3374899625778198,1.3655285494668143,stop,-0.028974829862798996,-0.02115050406395001,EURCAD,-0.02096358677335729,3,5,28,2.0,3.0
2022-11-01,2022-11-15,-1,1.3455499410629272,1.3699827875409807,stop,-0.025374731436797488,-0.01834405823581326,EURCAD,-0.0181582605984528,3,5,28,2.0,3.0
2022-12-22,2023-03-13,-1,1.4438199996948242,1.4651915005275182,stop,-0.022382174832480388,-0.014975205245296563,EURCAD,-0.014802053467337508,3,5,28,2.0,3.0
2023-03-17,2023-03-23,-1,1.4559500217437744,1.4821128845214844,stop,-0.0271820277929306,-0.01814132517136514,EURCAD,-0.01796961598061931,3,5,28,2.0,3.0
2023-03-30,2023-04-27,-1,1.4705699682235718,1.4966956887926375,stop,-0.027155119546822204,-0.017935712777357483,EURCAD,-0.017765710665657897,3,5,28,2.0,3.0
2023-05-08,2023-09-26,-1,1.4742100238800049,1.4274893147604806,target,0.045688762102808304,0.031522448203965575,EURCAD,0.031692030553800654,3,5,28,2.0,3.0
2023-10-03,2023-10-31,1,1.4332599639892578,1.4659921101161413,target,0.03172886415209099,0.023416649435646284,EURCAD,0.022837550025313336,3,5,28,2.0,3.0
2023-11-27,2023-12-07,-1,1.4910000562667847,1.4634214554514204,target,0.02653490077597748,0.018329040767302508,EURCAD,0.01849671346385891,3,5,28,2.0,3.0
2023-12-15,2024-02-01,1,1.4738199710845947,1.4526871272495814,stop,-0.022164517814772564,-0.013246423727483043,EURCAD,-0.014338823092118596,3,5,28,2.0,3.0
2024-02-15,2024-02-29,1,1.4529000520706177,1.47142721925463,target,0.01751013714756294,0.012951453306918713,EURCAD,0.012751852515669031,3,5,28,2.0,3.0
2024-03-18,2024-06-04,-1,1.474120020866394,1.485558612006051,stop,-0.012470475154263538,-0.007929199097904694,EURCAD,-0.0077596063941484114,3,5,28,2.0,3.0
2024-06-11,2024-07-18,-1,1.4811400175094604,1.4939114706856864,stop,-0.01380825118848259,-0.008791507232463792,EURCAD,-0.00862271832861635,3,5,28,2.0,3.0
2024-08-01,2024-08-05,-1,1.4942899942398071,1.5075356449399675,stop,-0.014291653696128236,-0.009031480336603632,EURCAD,-0.008864176800500398,3,5,28,2.0,3.0
2024-08-09,2024-11-22,-1,1.4992400407791138,1.4711386391094752,target,0.027051933641093213,0.01857701296129003,EURCAD,0.01874376411067241,3,5,28,2.0,3.0
2024-11-28,2025-03-05,1,1.4814300537109375,1.5208179610116142,target,0.038350906263079,0.028950342402763965,EURCAD,0.02658776038869411,3,5,28,2.0,3.0
2025-03-21,2025-04-22,-1,1.554919958114624,1.5897985526493617,stop,-0.03596703850541787,-0.022591898927924143,EURCAD,-0.02243111894777447,3,5,28,2.0,3.0
2025-04-28,2025-07-02,-1,1.5733100175857544,1.6074914591653007,stop,-0.035282758591856304,-0.02188471515129698,EURCAD,-0.021725814491410745,3,5,28,2.0,3.0
2025-07-11,2025-08-18,-1,1.5978800058364868,1.615998557635716,stop,-0.019237067803314814,-0.011495576471409301,EURCAD,-0.011339119166050427,3,5,28,2.0,3.0
2025-08-27,2025-09-17,-1,1.6098699569702148,1.6262871026992798,stop,-0.01754405469894409,-0.010353100669343885,EURCAD,-0.010197808622978536,3,5,28,2.0,3.0
2025-09-22,2025-10-03,-1,1.617609977722168,1.635777132851737,stop,-0.01929948211397453,-0.011385411429956105,EURCAD,-0.011230862432705213,3,5,28,2.0,3.0
2025-10-08,2026-03-04,-1,1.6259700059890747,1.5987129381724767,target,0.026118888812405625,0.016609819195385234,EURCAD,0.016763573569130847,3,5,28,2.0,3.0
2026-03-19,2026-04-08,1,1.573830008506775,1.6126350590160914,target,0.03770336950336174,0.0249932014872667,EURCAD,0.024656443389419233,3,5,28,2.0,3.0
2026-04-20,2026-06-17,-1,1.6087000370025635,1.6244500194277083,stop,-0.016876072451046595,-0.009945907911432034,EURCAD,-0.009790502929614656,3,5,28,2.0,3.0
2026-06-24,2026-07-13,-1,1.6167900562286377,1.6147500276565552,eod,0.0009082755327224731,0.001107149666826862,EURCAD,0.0012617770403914642,3,5,28,2.0,3.0
2007-11-28,2008-01-11,1,1.6483999490737915,1.6334199053900582,stop,-0.016133923648084945,-0.009536547057385025,EURCHF,-0.009087626878507445,0,9,21,2.0,4.0
2008-01-28,2008-02-29,1,1.611199975013733,1.5886171204703194,stop,-0.023710694525923077,-0.014388564363784743,EURCHF,-0.014016171110740603,0,9,21,2.0,4.0
2008-03-13,2008-03-17,1,1.5781999826431274,1.5532428196498327,stop,-0.026061902981144944,-0.01595308786604389,EURCHF,-0.015813688548834706,0,9,21,2.0,4.0
2008-03-24,2008-10-08,1,1.572700023651123,1.5409142800739832,stop,-0.0328866335936956,-0.021953165294031154,EURCHF,-0.020210938576415347,0,9,21,2.0,4.0
2008-11-03,2009-02-06,1,1.4847999811172485,1.4308571304593767,stop,-0.05498221064465393,-0.03727966821242899,EURCHF,-0.0363300453555247,0,9,21,2.0,4.0
2009-02-11,2010-03-17,1,1.4931999444961548,1.4507142475673132,stop,-0.04353093688998894,-0.03200890617831437,EURCHF,-0.02845278496389004,0,9,21,2.0,4.0
2010-04-01,2010-05-06,1,1.4321399927139282,1.4149356569562639,stop,-0.018206833752564083,-0.012452927680532112,EURCHF,-0.012013026551309305,0,9,21,2.0,4.0
2010-05-19,2010-06-04,1,1.428130030632019,1.4066971710750036,stop,-0.022432550578457874,-0.015273720942176518,EURCHF,-0.015007638728477931,0,9,21,2.0,4.0
2010-06-15,2010-06-18,1,1.3964999914169312,1.3734371832438879,stop,-0.02404035816703514,-0.0166794187727919,EURCHF,-0.01651472131384911,0,9,21,2.0,4.0
2010-07-06,2010-08-05,1,1.3375999927520752,1.3855999537876673,target,0.04706364104066567,0.035451526085931606,EURCHF,0.03588513852847257,0,9,21,2.0,4.0
2010-08-12,2010-08-27,-1,1.361199975013733,1.3028313943317957,target,0.057415740699427564,0.043306333943579786,EURCHF,0.04288023931336636,0,9,21,2.0,4.0
2010-09-06,2010-11-02,1,1.310479998588562,1.3778570890426636,target,0.06645975445508957,0.0507196527422694,EURCHF,0.05141405479417413,0,9,21,2.0,4.0
2010-11-08,2010-12-15,-1,1.3517800569534302,1.2900687115533012,target,0.06076509936026161,0.04696869514647407,EURCHF,0.045651912885303805,0,9,21,2.0,4.0
2011-01-05,2011-05-26,1,1.2615000009536743,1.231258545603071,stop,-0.031124505351270978,-0.025550103310532642,EURCHF,-0.023972616193215487,0,9,21,2.0,4.0
2011-06-08,2011-06-24,1,1.2286700010299683,1.1961856910160609,stop,-0.03334437901462837,-0.026747873706005624,EURCHF,-0.02643859619480941,0,9,21,2.0,4.0
2011-07-01,2011-07-12,1,1.219059944152832,1.1835285084588187,stop,-0.03638477765492027,-0.029400880461970043,EURCHF,-0.029146586157996805,0,9,21,2.0,4.0
2011-07-22,2011-08-01,1,1.1782399415969849,1.136602793421064,stop,-0.04246191613503868,-0.03559304577561616,EURCHF,-0.03533842870704744,0,9,21,2.0,4.0
2011-08-15,2012-06-29,1,1.117400050163269,1.200819969177246,eod,0.08263773897886274,0.07081610476249305,EURCHF,0.07465537432344677,0,9,21,2.0,4.0
2012-09-06,2012-09-10,1,1.2038999795913696,1.2073284813335963,target,0.0025857717565126825,0.00266508995482804,EURCHF,0.002847829388111088,1,7,21,1.0,3.0
2012-09-21,2013-01-14,-1,1.2094999551773071,1.2149213722773962,stop,-0.006268067068713147,0.00023032898737902763,EURCHF,-0.004482362381976506,1,7,21,1.0,3.0
2013-01-25,2013-05-23,-1,1.2425299882888794,1.2523121322904314,stop,-0.010651914993354189,-0.003124386564623825,EURCHF,-0.007872762906127699,1,7,21,1.0,3.0
2013-05-28,2014-03-03,-1,1.2455400228500366,1.2128764390945435,target,0.03179170573949814,0.03760905542666223,EURCHF,0.02622443531019787,1,7,21,1.0,3.0
2014-03-06,2014-03-14,1,1.2185100317001343,1.2150193027087621,stop,-0.004343686013562244,-0.0030945407861033484,EURCHF,-0.0028647519516123198,1,7,21,1.0,3.0
2014-03-20,2014-04-14,1,1.2183899879455566,1.2144999759537833,stop,-0.004742884983335191,-0.0035949179122514428,EURCHF,-0.0031927478313677057,1,7,21,1.0,3.0
2014-04-18,2014-06-25,1,1.2193700075149536,1.2164043358394079,stop,-0.003819230680806201,-0.003301435701005927,EURCHF,-0.002432134345824776,1,7,21,1.0,3.0
2014-07-07,2014-07-14,1,1.21589994430542,1.2140506591115678,stop,-0.0027004151548658734,-0.001742976635353591,EURCHF,-0.0015209188901710818,1,7,21,1.0,3.0
2014-07-16,2014-07-18,1,1.215399980545044,1.213713560785566,stop,-0.0025371997458594506,-0.0015520979016569987,EURCHF,-0.0013875430199707982,1,7,21,1.0,3.0
2014-07-23,2014-08-13,1,1.214900016784668,1.2134357520512171,stop,-0.002314694745200116,-0.0015756561914593648,EURCHF,-0.00120525534053917,1,7,21,1.0,3.0
2014-09-09,2014-11-05,1,1.2066999673843384,1.2045485462461198,stop,-0.0029961111153875715,-0.0025535934544672866,EURCHF,-0.0017828964915628433,1,7,21,1.0,3.0
2014-11-21,2015-01-16,1,1.2021000385284424,1.2006093093327113,stop,-0.0023321992227010313,-0.001988793876637544,EURCHF,-0.0012401041077712686,1,7,21,1.0,3.0
2015-01-28,2017-03-01,1,1.0219000577926636,1.0638999938964844,eod,0.04128460606336593,0.03132394000736557,EURCHF,0.04109984707755276,1,7,21,1.0,3.0
2017-04-24,2017-05-09,1,1.0796300172805786,1.086754287992205,target,0.006368529699529952,0.006256097555197032,EURCHF,0.006598807552212466,2,9,21,2.0,2.0
2017-05-18,2017-07-12,-1,1.0923199653625488,1.1034142289842879,stop,-0.011858887597492826,-0.007721422192388153,EURCHF,-0.010156606098522402,2,9,21,2.0,2.0
2017-07-24,2017-07-27,-1,1.103469967842102,1.1143814155033656,stop,-0.011683876638752977,-0.009870180411490806,EURCHF,-0.009888305055190092,2,9,21,2.0,2.0
2017-08-10,2017-09-22,-1,1.1332000494003296,1.1569586311067854,stop,-0.024551821741036067,-0.019183357535114413,EURCHF,-0.02096592011183593,2,9,21,2.0,2.0
2017-09-27,2017-10-23,-1,1.1424100399017334,1.1577686411993844,stop,-0.0161582883255822,-0.012481158953117627,EURCHF,-0.013444035645005436,2,9,21,2.0,2.0
2017-11-01,2018-01-05,-1,1.1624200344085693,1.1751771654401506,stop,-0.013570825055667268,-0.008273369992693213,EURCHF,-0.010974631074792171,2,9,21,2.0,2.0
2018-01-10,2018-01-29,-1,1.1735700368881226,1.1630457639694214,target,0.009702773892879487,0.009598296279419244,EURCHF,0.008967741666792792,2,9,21,2.0,2.0
2018-02-14,2018-03-20,1,1.1553000211715698,1.1717342819486345,target,0.01562555076224457,0.013705756502113987,EURCHF,0.014225102117109778,2,9,21,2.0,2.0
2018-03-22,2018-04-12,-1,1.1712000370025635,1.1822528839111328,stop,-0.01187268693447113,-0.00866875562483193,EURCHF,-0.00943719822350479,2,9,21,2.0,2.0
2018-04-27,2018-05-16,-1,1.1975300312042236,1.1865528651646204,target,0.010138895017760236,0.009851248596864069,EURCHF,0.009166505852521017,2,9,21,2.0,2.0
2018-06-06,2018-08-13,1,1.154099941253662,1.1335513591766357,stop,-0.02135645203590393,-0.01870599010132119,EURCHF,-0.017804854971836405,2,9,21,2.0,2.0
2018-08-22,2018-09-07,1,1.1394000053405762,1.1237128462110246,stop,-0.016484739133289943,-0.014101420970898568,EURCHF,-0.013767912108147234,2,9,21,2.0,2.0
2018-09-13,2018-10-12,1,1.127940058708191,1.1438786472593034,target,0.015149030510016787,0.013643090723044971,EURCHF,0.014130705287093618,2,9,21,2.0,2.0
2018-10-19,2018-11-28,-1,1.1405800580978394,1.1280357667378016,target,0.011745885319369275,0.012663987290928706,EURCHF,0.010998168231134994,2,9,21,2.0,2.0
2018-12-03,2019-01-03,1,1.132599949836731,1.1213842289788383,stop,-0.012008540822778397,-0.010423557637976701,EURCHF,-0.009902632310295863,2,9,21,2.0,2.0
2019-01-11,2019-08-05,1,1.1323200464248657,1.0925214290618896,stop,-0.040591241395473474,-0.0376383139179935,EURCHF,-0.035147851959906884,2,9,21,2.0,2.0
2019-08-22,2019-10-14,1,1.0891000032424927,1.1000357014792306,target,0.010173328234468157,0.009260580485456374,EURCHF,0.010041041414176749,2,9,21,2.0,2.0
2019-11-01,2019-11-14,-1,1.1005300283432007,1.0930657557078771,target,0.006693901615483325,0.007236760860867582,EURCHF,0.006782434320816033,2,9,21,2.0,2.0
2019-11-20,2019-12-25,1,1.0971100330352783,1.0876415116446358,stop,-0.010236498413767163,-0.009204656858987767,EURCHF,-0.008630420929108396,2,9,21,2.0,2.0
2020-02-06,2020-02-14,1,1.0706000328063965,1.0629414830889021,stop,-0.008407969740458834,-0.007415047145743863,EURCHF,-0.007153511566237082,2,9,21,2.0,2.0
2020-02-26,2020-03-20,1,1.0618000030517578,1.0549685444150652,stop,-0.007574718638828887,-0.006876491444440826,EURCHF,-0.00643384687988144,2,9,21,2.0,2.0
2020-03-25,2020-06-03,1,1.058709979057312,1.071285707609994,target,0.011834631567341847,0.010858241425964359,EURCHF,0.011878350824537937,2,9,21,2.0,2.0
2020-06-12,2020-09-02,-1,1.0657999515533447,1.0839257069996424,stop,-0.018871815412385026,-0.013197369192781087,EURCHF,-0.017006714458825407,2,9,21,2.0,2.0
2020-09-11,2021-02-22,-1,1.0763200521469116,1.0864286252430506,stop,-0.010861997132641833,-0.00175465754110211,EURCHF,-0.009391791108950958,2,9,21,2.0,2.0
2021-03-11,2021-06-09,-1,1.1088000535964966,1.0928542954581124,target,0.015169598100866623,0.01840346063494152,EURCHF,0.01438109430700568,2,9,21,2.0,2.0
2021-06-18,2021-07-09,1,1.093209981918335,1.0861671481813704,stop,-0.007808080724307406,-0.006853974863837551,EURCHF,-0.006442343057100521,2,9,21,2.0,2.0
2021-07-22,2021-08-04,1,1.082069993019104,1.0731100014277868,stop,-0.00971744058643059,-0.008603871885718995,EURCHF,-0.008280417763288838,2,9,21,2.0,2.0
2021-08-10,2021-08-18,1,1.080780029296875,1.0734400408608573,stop,-0.008096534456525499,-0.00706895781650226,EURCHF,-0.006791380518747071,2,9,21,2.0,2.0
2021-08-27,2021-09-08,1,1.0789200067520142,1.0888071741376604,target,0.009131923380919803,0.008848818564767418,EURCHF,0.009163948507554871,2,9,21,2.0,2.0
2021-09-15,2021-10-05,-1,1.0859500169754028,1.0760343415396554,target,0.009155510423864671,0.00984914155214725,EURCHF,0.009130876449879963,2,9,21,2.0,2.0
2021-10-20,2021-11-01,1,1.0735700130462646,1.0643385648727417,stop,-0.009982947182655334,-0.00889690291033803,EURCHF,-0.008598831991710193,2,9,21,2.0,2.0
2022-01-11,2022-01-14,1,1.0504800081253052,1.0455999714987618,stop,-0.005615372632231062,-0.0048644777501884685,EURCHF,-0.0046455302231332325,3,9,28,1.0,4.0
2022-01-19,2022-02-04,-1,1.0389399528503418,1.0446757078170776,stop,-0.006463012933731079,-0.004924014090227945,EURCHF,-0.00552077620174269,3,9,28,1.0,4.0
2022-02-16,2022-03-04,-1,1.050879955291748,1.0202171121324812,target,0.029927227190562594,0.029768236611366322,EURCHF,0.029178254856668303,3,9,28,1.0,4.0
2022-03-14,2022-06-29,1,1.0218000411987305,1.007735746247428,stop,-0.01477955498014168,-0.015300738227570542,EURCHF,-0.013764234081262086,3,9,28,1.0,4.0
2022-07-20,2022-07-25,1,0.9911699891090393,0.9829014071396419,stop,-0.008962400961773719,-0.008574293070593018,EURCHF,-0.008342244075438567,3,9,28,1.0,4.0
2022-07-27,2022-09-01,-1,0.9746000170707703,0.9828771523066929,stop,-0.0089593552478722,-0.006789590724419371,EURCHF,-0.008492853571663359,3,9,28,1.0,4.0
2022-09-12,2022-10-04,-1,0.9666699767112732,0.9756892706666674,stop,-0.009695962939092138,-0.008357861679826833,EURCHF,-0.009330272143217858,3,9,28,1.0,4.0
2022-11-03,2022-11-08,-1,0.9845499992370605,0.9907057115009853,stop,-0.006844897263390693,-0.00623199661640281,EURCHF,-0.006252310465385084,3,9,28,1.0,4.0
2022-11-30,2023-05-05,1,0.9853900074958801,0.9770435818604061,stop,-0.00903619864072117,-0.010682496834146214,EURCHF,-0.008470174826193323,3,9,28,1.0,4.0
2023-06-01,2023-07-12,1,0.9730100035667419,0.9689628652163914,stop,-0.004728245352847251,-0.004889095007155519,EURCHF,-0.004159400556535928,3,9,28,1.0,4.0
2023-08-03,2023-08-24,1,0.960099995136261,0.9543285625321525,stop,-0.006443502600703889,-0.006479983997110152,EURCHF,-0.006011282817775041,3,9,28,1.0,4.0
2023-08-31,2023-09-04,1,0.9596800208091736,0.9556614458560944,stop,-0.004690350967645645,-0.0044166543651762,EURCHF,-0.004187411289119972,3,9,28,1.0,4.0
2023-09-06,2023-09-13,-1,0.9538400173187256,0.9579593113490513,stop,-0.004786982042448845,-0.004129931601527075,EURCHF,-0.00431864249300968,3,9,28,1.0,4.0
2023-10-05,2023-12-07,-1,0.9631699919700623,0.9437242831502642,target,0.018771489825418968,0.023366289447789967,EURCHF,0.020189280170599868,3,9,28,1.0,4.0
2023-12-15,2023-12-20,1,0.9532600045204163,0.9465371455465045,stop,-0.0073901409770760745,-0.0073147503732938195,EURCHF,-0.007052492438612321,3,9,28,1.0,4.0
2023-12-22,2024-02-14,-1,0.9423900246620178,0.9475428802626473,stop,-0.005812528617892915,-0.002687693560357767,EURCHF,-0.005467858811936747,3,9,28,1.0,4.0
2024-04-15,2024-05-01,-1,0.9729599952697754,0.9796871372631618,stop,-0.007408213990075263,-0.00619464522969956,EURCHF,-0.0069140992703622586,3,9,28,1.0,4.0
2024-05-07,2024-05-17,-1,0.9762300252914429,0.9818700168813977,stop,-0.006323352607658884,-0.005388065777207129,EURCHF,-0.005777318299824998,3,9,28,1.0,4.0
2024-05-31,2024-06-17,-1,0.9784799814224243,0.9585342407226562,target,0.01926080471277237,0.02105892924841787,EURCHF,0.020384413660433583,3,9,28,1.0,4.0
2024-06-26,2024-08-01,1,0.9587799906730652,0.9522849832262311,stop,-0.007166153440305213,-0.007441756728595556,EURCHF,-0.0067742417551648745,3,9,28,1.0,4.0
2024-08-13,2024-09-11,1,0.9457100033760071,0.9354842986379351,stop,-0.010887701740435143,-0.011415449450183779,EURCHF,-0.01081272768773524,3,9,28,1.0,4.0
2024-09-13,2024-10-23,1,0.9414600133895874,0.9354300115789685,stop,-0.006689023819991568,-0.007148473344490205,EURCHF,-0.0064049473422760975,3,9,28,1.0,4.0
2024-10-31,2024-11-13,1,0.9408100247383118,0.9366764596530369,stop,-0.004792132102591666,-0.004765643400241149,EURCHF,-0.004393623554792167,3,9,28,1.0,4.0
2024-12-13,2025-03-06,1,0.9340100288391113,0.95122720514025,target,0.01656336928095135,0.017095294277497706,EURCHF,0.0184336096717699,3,9,28,1.0,4.0
2025-03-24,2026-01-28,-1,0.9566699862480164,0.9216357214110238,target,0.03436459584661895,0.053157583668365045,EURCHF,0.03662105568336493,3,9,28,1.0,4.0
2026-02-24,2026-03-02,1,0.913070023059845,0.9093335866928101,stop,-0.004375585383176804,-0.004376922104662038,EURCHF,-0.004092168478506732,3,9,28,1.0,4.0
2026-03-18,2026-06-22,1,0.9057400226593018,0.925522872379848,target,0.01914883170468471,0.020295945040137656,EURCHF,0.02184164244223492,3,9,28,1.0,4.0
2026-06-26,2026-07-13,-1,0.921019971370697,0.9242763987609318,stop,-0.003901141370194283,-0.0028190782729398288,EURCHF,-0.0035356751117877018,3,9,28,1.0,4.0
2005-06-30,2005-07-20,1,0.675000011920929,0.6940285563468933,target,0.018556044417619703,0.028827472714539407,EURGBP,0.02819043568875285,0,9,28,2.0,4.0
2005-07-27,2005-08-05,-1,0.6922000050544739,0.7015428628240313,stop,-0.009827397773095587,-0.013468445104711863,EURGBP,-0.01349733848791608,0,9,28,2.0,4.0
2005-08-10,2005-11-10,-1,0.6894000172615051,0.6709714531898499,target,0.01794598405957222,0.028312392780592922,EURGBP,0.026731307818730298,0,9,28,2.0,4.0
2005-11-16,2006-03-30,1,0.6791999936103821,0.6948714341436114,target,0.015196000537702065,0.028005654758796766,EURGBP,0.023073381449734132,0,9,28,2.0,4.0
2006-04-11,2006-05-17,-1,0.694100022315979,0.6794714757374355,target,0.014142676562922327,0.02163743854730282,EURGBP,0.02107555987353661,0,9,28,2.0,4.0
2006-05-24,2006-08-04,1,0.6823999881744385,0.6755214078085763,stop,-0.007356260357584303,-0.007515504769544637,EURGBP,-0.010079983125825993,0,9,28,2.0,4.0
2006-08-17,2006-08-30,1,0.6804999709129333,0.6742356930460248,stop,-0.006740627846547582,-0.008838028102837387,EURGBP,-0.009205405047269301,0,9,28,2.0,4.0
2006-09-06,2006-09-15,1,0.6795499920845032,0.673592848437173,stop,-0.006432828641789284,-0.00857500362770296,EURGBP,-0.008766306698138188,0,9,28,2.0,4.0
2006-09-29,2006-10-30,1,0.6759999990463257,0.6695642726761954,stop,-0.006908926369462662,-0.008499595234077041,EURGBP,-0.009520305294688617,0,9,28,2.0,4.0
2006-11-07,2006-12-08,1,0.67044997215271,0.6797500167574201,target,0.008830729624203226,0.014960168575300584,EURGBP,0.013871347588917239,0,9,28,2.0,4.0
2006-12-13,2007-01-22,-1,0.6715999841690063,0.655414274760655,target,0.015715589419433098,0.024710705478776684,EURGBP,0.02410022303436849,0,9,28,2.0,4.0
2007-01-26,2007-02-15,1,0.6583999991416931,0.6711600252560207,target,0.012299146114928397,0.020033454027221193,EURGBP,0.019380355605956676,0,9,28,2.0,4.0
2007-03-21,2007-09-17,-1,0.680649995803833,0.6929856879370553,stop,-0.012812147130284958,-0.014876503629834083,EURGBP,-0.018123399998929094,0,9,28,2.0,4.0
2007-10-01,2007-11-12,-1,0.6963099837303162,0.7053528342928205,stop,-0.009530267551115532,-0.012340553436373476,EURGBP,-0.012986817328195378,0,9,28,2.0,4.0
2007-11-29,2007-12-24,-1,0.715399980545044,0.7255928431238446,stop,-0.010693642565182229,-0.013940261182566211,EURGBP,-0.014247781459310402,0,9,28,2.0,4.0
2008-01-17,2008-02-20,-1,0.7427999973297119,0.7561642953327724,stop,-0.01388425800119129,-0.017520595112877665,EURGBP,-0.017991785206117047,0,9,28,2.0,4.0
2008-04-18,2008-08-29,-1,0.7914000153541565,0.8062428661755153,stop,-0.015396830832106743,-0.01670817609908881,EURGBP,-0.018755181366425126,0,9,28,2.0,4.0
2008-09-09,2008-10-03,-1,0.8026999831199646,0.7797571335520063,target,0.02238095957977436,0.02886863093965597,EURGBP,0.02858209798234105,0,9,28,2.0,4.0
2008-10-10,2008-11-12,1,0.7791000008583069,0.8228142857551575,target,0.04316891489624977,0.05709701559214969,EURGBP,0.056108695736994105,0,9,28,2.0,4.0
2008-11-27,2008-12-04,-1,0.8373000025749207,0.8656571592603411,stop,-0.028943266687222937,-0.033867379192899415,EURGBP,-0.033867379192899415,0,9,28,2.0,4.0
2009-01-02,2009-01-30,-1,0.958299994468689,0.8830428293773106,target,0.07458635509525027,0.07881369667882858,EURGBP,0.07853194774680475,0,9,28,2.0,4.0
2009-02-13,2009-06-10,1,0.8945000171661377,0.8587428757122585,stop,-0.0363832914658955,-0.036698871798659945,EURGBP,-0.039974444681578965,0,9,28,2.0,4.0
2009-06-24,2009-09-15,1,0.8485000133514404,0.8869572026388985,target,0.03786323927811211,0.04769262068437588,EURGBP,0.04532373445176308,0,9,28,2.0,4.0
2009-10-16,2009-11-17,-1,0.9107999801635742,0.8879142488752093,target,0.022248171302250406,0.025467426211624525,EURGBP,0.02512706608124296,0,9,28,2.0,4.0
2009-11-20,2010-01-18,1,0.8989999890327454,0.8822428413799831,stop,-0.017386447645085183,-0.01707135466072097,EURGBP,-0.018639764023569854,0,9,28,2.0,4.0
2010-02-03,2010-03-01,1,0.8730999827384949,0.9031714456421989,target,0.029460292915787046,0.03507211488844517,EURGBP,0.03444217557923237,0,9,28,2.0,4.0
2010-03-17,2010-05-04,-1,0.8967999815940857,0.862191379070282,target,0.03398084253668786,0.03915990549127741,EURGBP,0.03859121680877603,0,9,28,2.0,4.0
2010-05-18,2010-06-07,1,0.8515999913215637,0.8249614068440029,stop,-0.02723470447148594,-0.03077569838497626,EURGBP,-0.03128063028302936,0,9,28,2.0,4.0
2010-06-15,2010-06-28,1,0.8321999907493591,0.8147814188684736,stop,-0.01800111187441013,-0.020630343753580246,EURGBP,-0.020930752312555218,0,9,28,2.0,4.0
2010-07-05,2010-08-11,1,0.8284000158309937,0.8313999772071838,eod,0.00242008136510849,0.004695752416527956,EURGBP,0.0036213922246015793,0,9,28,2.0,4.0
2010-10-04,2010-11-12,1,0.8709800243377686,0.8516585826873779,stop,-0.01993112766742706,-0.021115801897264145,EURGBP,-0.022183564617433423,1,9,28,2.0,4.0
2010-11-23,2011-01-10,1,0.8529999852180481,0.8341771193913051,stop,-0.019419965816395605,-0.020718483157095655,EURGBP,-0.022066666064397854,1,9,28,2.0,4.0
2011-01-21,2011-04-13,1,0.8464000225067139,0.8871572017669678,target,0.040164699244499204,0.05055195902941331,EURGBP,0.04815356589848225,1,9,28,2.0,4.0
2011-04-19,2011-04-29,-1,0.8744000196456909,0.8912685854094369,stop,-0.01748064577749794,-0.019234406891437263,EURGBP,-0.019291588957856088,1,9,28,2.0,4.0
2011-05-09,2011-06-29,-1,0.8774200081825256,0.8977228658539909,stop,-0.02091705167719299,-0.02247824016723627,EURGBP,-0.02313926908678576,1,9,28,2.0,4.0
2011-07-11,2011-12-13,-1,0.8861600160598755,0.8485914639064244,target,0.0369482401422092,0.04453885465171375,EURGBP,0.04239477235780937,1,9,28,2.0,4.0
2011-12-30,2012-01-05,1,0.8403699994087219,0.8294757264001029,stop,-0.011482532008205109,-0.012880365810577344,EURGBP,-0.012963662453781232,1,9,28,2.0,4.0
2012-01-13,2012-04-19,1,0.8356000185012817,0.8226528934070042,stop,-0.01353204510722843,-0.01261024995329314,EURGBP,-0.015494404987567236,1,9,28,2.0,4.0
2012-05-21,2012-07-09,1,0.8076000213623047,0.7968571696962629,stop,-0.011308171680995443,-0.011853456429946362,EURGBP,-0.013302193390139081,1,9,28,2.0,4.0
2012-07-30,2012-09-17,1,0.7822800278663635,0.8049399767603193,target,0.022112352874449275,0.030462172169920955,EURGBP,0.028966544059369385,1,9,28,2.0,4.0
2012-09-24,2012-10-17,-1,0.798799991607666,0.8103042755808149,stop,-0.012063443967274209,-0.01412654493202745,EURGBP,-0.014401958054600508,1,9,28,2.0,4.0
2012-10-26,2012-12-17,-1,0.8026000261306763,0.8134700230189732,stop,-0.011431816906588402,-0.012833287506795972,EURGBP,-0.013543479360075572,1,9,28,2.0,4.0
2013-01-02,2013-01-14,-1,0.8120999932289124,0.8214028307369777,stop,-0.009871307503325613,-0.01139371701171436,EURGBP,-0.011455285784546385,1,9,28,2.0,4.0
2013-02-11,2013-02-20,-1,0.8458999991416931,0.8655700087547302,stop,-0.020262139612436295,-0.023206064112726132,EURGBP,-0.023253351026120844,1,9,28,2.0,4.0
2013-02-27,2014-01-23,-1,0.8636999726295471,0.818722835608891,target,0.044372547039815406,0.056879864047103997,EURGBP,0.05207495478287737,1,9,28,2.0,4.0
2014-02-04,2014-05-14,1,0.8289999961853027,0.8146442941256932,stop,-0.014936002056939277,-0.014313271549107796,EURGBP,-0.017316890380781977,1,9,28,2.0,4.0
2014-05-30,2014-06-13,1,0.8133000135421753,0.8057800105639866,stop,-0.00808931298766819,-0.008914303279810168,EURGBP,-0.00924628409316841,1,9,28,2.0,4.0
2014-06-26,2014-07-04,1,0.8023899793624878,0.7937742727143424,stop,-0.009177379633699112,-0.01060046469536334,EURGBP,-0.010737555141192932,1,9,28,2.0,4.0
2014-07-15,2014-07-17,1,0.7971000075340271,0.7896486009870257,stop,-0.008009376552275202,-0.00936069059901855,EURGBP,-0.009348145121781714,1,9,28,2.0,4.0
2014-07-29,2014-09-25,1,0.791100025177002,0.7836328744888306,stop,-0.008020920705795288,-0.007631336741293397,EURGBP,-0.009438946341204672,1,9,28,2.0,4.0
2014-10-07,2015-01-01,1,0.786620020866394,0.7766843182700021,stop,-0.010486336610998457,-0.009897666458853543,EURGBP,-0.012630879373561664,1,9,28,2.0,4.0
2015-01-07,2015-01-15,1,0.7844399809837341,0.7747942890439715,stop,-0.010194799926451226,-0.012156050393816353,EURGBP,-0.012296277820600558,1,9,28,2.0,4.0
2015-02-04,2015-02-20,1,0.756600022315979,0.7371200237955365,stop,-0.020009618536063648,-0.025337031397068204,EURGBP,-0.02574675911429861,1,9,28,2.0,4.0
2015-03-19,2015-05-27,1,0.7250999808311462,0.7078414048467364,stop,-0.01776614597099163,-0.02147093696867064,EURGBP,-0.023801650035388467,1,9,28,2.0,4.0
2015-06-02,2015-06-29,1,0.718559980392456,0.7036742738315037,stop,-0.015388698547227058,-0.01986710497452888,EURGBP,-0.020716025060040513,1,9,28,2.0,4.0
2015-07-09,2015-07-15,1,0.7200999855995178,0.7041528395244053,stop,-0.016451216065032154,-0.02204852991615325,EURGBP,-0.02214573863910819,1,9,28,2.0,4.0
2015-07-16,2015-08-24,-1,0.6998000144958496,0.7167471476963588,stop,-0.017436993210656317,-0.023645517087378342,EURGBP,-0.024217108958933486,1,9,28,2.0,4.0
2015-09-09,2015-11-27,-1,0.7275999784469604,0.702269971370697,eod,0.024820687091350557,0.03607752591237461,EURGBP,0.034813094868872234,1,9,28,2.0,4.0
2016-01-19,2016-02-02,1,0.7642999887466431,0.7553406996386391,stop,-0.00949429910012657,-0.011368950982523596,EURGBP,-0.01172221541268899,2,5,28,1.0,2.0
2016-02-08,2016-02-24,1,0.7679399847984314,0.7865028211048671,target,0.018025278317076836,0.024628013491705306,EURGBP,0.024172248709393745,2,5,28,1.0,2.0
2016-03-02,2016-03-23,-1,0.7786999940872192,0.7881300023623875,stop,-0.009975098271029319,-0.011878783029927965,EURGBP,-0.012109937519932801,2,5,28,1.0,2.0
2016-03-30,2016-04-04,-1,0.7846999764442444,0.7924449784415108,stop,-0.008294291980777435,-0.009920991756037879,EURGBP,-0.009870016859643393,2,5,28,1.0,2.0
2016-04-13,2016-04-25,-1,0.7979400157928467,0.7819871391568866,target,0.01539431862490513,0.02005523763595111,EURGBP,0.01999257628420737,2,5,28,1.0,2.0
2016-05-03,2016-05-19,1,0.7857599854469299,0.7792249917984009,stop,-0.007085025638341903,-0.007871352274334904,EURGBP,-0.008316780912191696,2,5,28,1.0,2.0
2016-06-02,2016-06-23,1,0.775879979133606,0.7663528408323016,stop,-0.010070254286697885,-0.011699152633684963,EURGBP,-0.012279139245148372,2,5,28,1.0,2.0
2016-06-27,2016-07-07,1,0.8208000063896179,0.8538885627474103,target,0.03251399635331967,0.040544049827889145,EURGBP,0.04031256834820966,2,5,28,1.0,2.0
2016-07-13,2016-08-10,-1,0.8329700231552124,0.8535321652889252,stop,-0.021145221149921418,-0.02436119136298331,EURGBP,-0.02468533267959068,2,5,28,1.0,2.0
2016-08-24,2016-09-05,-1,0.8564199805259705,0.8403114080429077,target,0.015509078496694565,0.018867579984692736,EURGBP,0.018809197414065074,2,5,28,1.0,2.0
2016-09-14,2016-09-26,1,0.8501999974250793,0.8658385702541896,target,0.015043432830912744,0.018617469862442726,EURGBP,0.018393993032784488,2,5,28,1.0,2.0
2016-10-19,2016-11-02,-1,0.8919000029563904,0.9016614428588322,stop,-0.010385769904511299,-0.010843637033730017,EURGBP,-0.010944545206957593,2,5,28,1.0,2.0
2016-11-04,2016-11-11,-1,0.8902999758720398,0.8719599843025208,target,0.017716781586408614,0.020599788909974086,EURGBP,0.020599788909974086,2,5,28,1.0,2.0
2016-11-30,2016-12-05,1,0.8524199724197388,0.8424449648175921,stop,-0.010571701582840463,-0.011690255888607679,EURGBP,-0.011701987195150877,2,5,28,1.0,2.0
2016-12-08,2016-12-12,1,0.8519899845123291,0.8413778373173305,stop,-0.011208540184157218,-0.012467455472588217,EURGBP,-0.012455718245412098,2,5,28,1.0,2.0
2016-12-21,2016-12-30,1,0.8402699828147888,0.8577814017023359,target,0.016923229899576685,0.020994941207408968,EURGBP,0.020840229028396554,2,5,28,1.0,2.0
2017-01-19,2017-02-22,-1,0.8668100237846375,0.8458243182727269,target,0.020378938495261345,0.0246140502837696,EURGBP,0.024210270919899485,2,5,28,1.0,2.0
2017-02-28,2017-03-07,1,0.8508999943733215,0.8637757045882088,target,0.01228008021882599,0.015237642849482468,EURGBP,0.015131872487988595,2,5,28,1.0,2.0
2017-03-21,2017-04-03,-1,0.8680999875068665,0.8540857093674796,target,0.013406608148132021,0.016235777378438617,EURGBP,0.016143622095462797,2,5,28,1.0,2.0
2017-04-25,2017-04-28,1,0.8501999974250793,0.8439335737909589,stop,-0.006861563632317999,-0.007358766940800617,EURGBP,-0.007370528879203682,2,5,28,1.0,2.0
2017-05-10,2017-05-15,-1,0.8407099843025208,0.8468235603400639,stop,-0.0067020730265549095,-0.007319499176221088,EURGBP,-0.007271920343155147,2,5,28,1.0,2.0
2017-06-08,2017-06-09,-1,0.8682500123977661,0.8747242944581168,stop,-0.007082057069029158,-0.007548841885127493,EURGBP,-0.007456702525659969,2,5,28,1.0,2.0
2017-06-16,2017-06-21,-1,0.8737000226974487,0.8814093002251217,stop,-0.008320867543561133,-0.008846603327088925,EURGBP,-0.008823712175114072,2,5,28,1.0,2.0
2017-06-26,2017-07-12,-1,0.8787400126457214,0.8858621461050851,stop,-0.007737251468215637,-0.007956999065413705,EURGBP,-0.008104938157897493,2,5,28,1.0,2.0
2017-07-17,2017-07-19,-1,0.8752099871635437,0.8822914149080004,stop,-0.007694074735471227,-0.008148247676616323,EURGBP,-0.008091118529630644,2,5,28,1.0,2.0
2017-07-20,2017-08-04,1,0.88468998670578,0.9003914254052299,target,0.015082155708755799,0.018075754150892284,EURGBP,0.01774795570809557,2,5,28,1.0,2.0
2017-09-01,2017-09-12,-1,0.9203000068664551,0.9081728628703526,target,0.011482933991295966,0.013220845273630495,EURGBP,0.013177381186157328,2,5,28,1.0,2.0
2017-10-03,2017-12-08,1,0.8838000297546387,0.8746293187141418,stop,-0.009789371061325073,-0.008532146171787623,EURGBP,-0.010376454776815076,2,5,28,1.0,2.0
2017-12-14,2018-01-25,1,0.8826299905776978,0.8751099961144584,stop,-0.008137835456643754,-0.007398337392733916,EURGBP,-0.008519985207297782,2,5,28,1.0,2.0
2018-02-05,2018-03-21,1,0.8820199966430664,0.8751135809080941,stop,-0.00752382973262245,-0.006617101377730068,EURGBP,-0.007830225801294588,2,5,28,1.0,2.0
2018-04-02,2018-04-05,1,0.8771499991416931,0.8722857109137944,stop,-0.005478293227297935,-0.005534159759047776,EURGBP,-0.005545560317686305,2,5,28,1.0,2.0
2018-04-20,2018-04-27,1,0.8764200210571289,0.8708028708185468,stop,-0.006230644253322104,-0.0063065084158110876,EURGBP,-0.006409198904204361,2,5,28,1.0,2.0
2018-05-09,2018-05-14,-1,0.8755999803543091,0.8814642599650792,stop,-0.00647719959701809,-0.006743124421246473,EURGBP,-0.006697441459965667,2,5,28,1.0,2.0
2018-05-16,2018-06-29,-1,0.8755900263786316,0.8820428805691856,stop,-0.007065767209019012,-0.0068329400864678225,EURGBP,-0.007369720983737611,2,5,28,1.0,2.0
2018-07-16,2018-07-18,-1,0.882889986038208,0.887549272605351,stop,-0.00527730955736973,-0.005333944932680644,EURGBP,-0.005277312735248702,2,5,28,1.0,2.0
2018-07-27,2018-08-07,-1,0.8881499767303467,0.8926206997462681,stop,-0.005092427999632684,-0.004988710389018749,EURGBP,-0.00503374782756855,2,5,28,1.0,2.0
2018-08-15,2018-08-20,-1,0.892009973526001,0.8971071243286133,stop,-0.005721557784080506,-0.005759073278413925,EURGBP,-0.005714230730474819,2,5,28,1.0,2.0
2018-08-31,2018-09-04,-1,0.8965100049972534,0.9019099942275456,stop,-0.006027546233790246,-0.006079117020349221,EURGBP,-0.006023345194355875,2,5,28,1.0,2.0
2018-09-24,2018-09-27,1,0.8981999754905701,0.8920314141682216,stop,-0.006797301305191842,-0.006856559218880873,EURGBP,-0.0068676925970515175,2,5,28,1.0,2.0
2018-10-01,2018-10-08,-1,0.8899999856948853,0.8795128549848285,target,0.009864130720070384,0.01178329312204288,EURGBP,0.01178329312204288,2,5,28,1.0,2.0
2018-10-19,2018-10-31,1,0.8797000050544739,0.8907457334654671,target,0.010429938407455142,0.012817697335690072,EURGBP,0.012556244569203208,2,5,28,1.0,2.0
2018-11-02,2018-11-16,-1,0.8768799901008606,0.882559997694833,stop,-0.006293823587042961,-0.006374883287426121,EURGBP,-0.006477519909331072,2,5,28,1.0,2.0
2018-12-25,2019-01-03,-1,0.8966000080108643,0.9039907072271619,stop,-0.00801831922190525,-0.00819841529179261,EURGBP,-0.008243028273771878,2,5,28,1.0,2.0
2019-01-07,2019-01-18,-1,0.8959299921989441,0.8811100210462298,target,0.014192820158175013,0.016608408338014573,EURGBP,0.016541438819723597,2,5,28,1.0,2.0
2019-02-01,2019-02-27,1,0.873199999332428,0.865690712417875,stop,-0.008120526914085692,-0.007924057397896096,EURGBP,-0.008599733074088334,2,5,28,1.0,2.0
2019-03-11,2019-03-12,1,0.8647599816322327,0.8578892733369555,stop,-0.007476040282419702,-0.00802616730965807,EURGBP,-0.007945219993076798,2,5,28,1.0,2.0
2019-03-13,2019-03-14,1,0.8638899922370911,0.855727847133364,stop,-0.008766868098293001,-0.009529159010639122,EURGBP,-0.009448130175221395,2,5,28,1.0,2.0
2019-03-21,2019-03-25,1,0.8653500080108643,0.856386444398335,stop,-0.009569308618136861,-0.010369865984234897,EURGBP,-0.010358309966545609,2,5,28,1.0,2.0
2019-03-27,2019-04-15,-1,0.8533400297164917,0.863650734935488,stop,-0.010908043239797894,-0.01191870164859769,EURGBP,-0.012082762861156197,2,5,28,1.0,2.0
2019-04-26,2019-05-06,-1,0.863569974899292,0.8562856997762408,target,0.006679776140621683,0.008469811753128824,EURGBP,0.008435072240556611,2,5,28,1.0,2.0
2019-05-10,2019-05-17,1,0.8622900247573853,0.8728014401027134,target,0.00990781232799801,0.012294489140484957,EURGBP,0.012190115904780042,2,5,28,1.0,2.0
2019-06-20,2019-06-25,-1,0.8878999948501587,0.8928142828600747,stop,-0.005535818006311112,-0.005579781550457248,EURGBP,-0.005534731431939396,2,5,28,1.0,2.0
2019-07-02,2019-07-10,-1,0.8926100134849548,0.8977007227284568,stop,-0.005715536252941436,-0.005669563602299053,EURGBP,-0.0057031729048463925,2,5,28,1.0,2.0
2019-07-15,2019-07-17,-1,0.8965200185775757,0.9004693031311035,stop,-0.004576848566532135,-0.004460898218283092,EURGBP,-0.004405127015226934,2,5,28,1.0,2.0
2019-07-22,2019-07-30,-1,0.8966000080108643,0.9011300078460148,stop,-0.005157619840758171,-0.005041266779796634,EURGBP,-0.005052420025291451,2,5,28,1.0,2.0
2019-08-16,2019-09-06,-1,0.9188500046730042,0.9001085758209229,target,0.018098233848810194,0.02059251102557807,EURGBP,0.020396613981354776,2,5,28,1.0,2.0
2019-09-27,2019-10-10,1,0.8858799934387207,0.8976871286119733,target,0.0111870191778455,0.013610348199026843,EURGBP,0.013328142932115266,2,5,28,1.0,2.0
2019-10-14,2019-11-15,-1,0.8737999796867371,0.8556199840136937,target,0.01756833568726269,0.021183332688654168,EURGBP,0.020805671887931435,2,5,28,1.0,2.0
2019-11-21,2019-11-28,1,0.8571000099182129,0.8533692870821271,stop,-0.004330692843028525,-0.0042477223123975755,EURGBP,-0.004352727561444986,2,5,28,1.0,2.0
2019-12-03,2019-12-05,1,0.8558300137519836,0.8515157273837498,stop,-0.0049133673778602215,-0.0050527397949927414,EURGBP,-0.005041055231657366,2,5,28,1.0,2.0
2019-12-18,2020-02-03,1,0.8497899770736694,0.8420092591217586,stop,-0.008375570935862388,-0.007873378284539115,EURGBP,-0.009156048155221181,2,5,28,1.0,2.0
2020-02-04,2020-02-12,1,0.8508999943733215,0.8444228555474963,stop,-0.007072768821886561,-0.0074358195647716546,EURGBP,-0.007612103500594775,2,5,28,1.0,2.0
2020-02-24,2020-02-28,1,0.836679995059967,0.8498257058007377,target,0.012560034744228668,0.0157476105781952,EURGBP,0.01571175457568871,2,5,28,1.0,2.0
2020-03-27,2021-02-24,-1,0.905460000038147,0.8638257043702262,target,0.04100047366789406,0.050630945227828225,EURGBP,0.04598137484390996,2,5,28,1.0,2.0
2021-03-02,2021-03-09,1,0.8647699952125549,0.8591521297182355,stop,-0.0062232044909682075,-0.006392295668122372,EURGBP,-0.006496369584306152,2,5,28,1.0,2.0
2021-05-27,2021-07-14,1,0.8634999990463257,0.8539271354675293,stop,-0.010177313578128814,-0.00975432957509999,EURGBP,-0.011086118806449257,3,9,28,2.0,4.0
2021-07-20,2021-07-28,1,0.8626000285148621,0.8518628818648202,stop,-0.011340966670002287,-0.012273529214078241,EURGBP,-0.012447422090314584,3,9,28,2.0,4.0
2021-08-17,2021-10-18,1,0.8508300185203552,0.8442528588431222,stop,-0.007172740690197295,-0.005955548778174449,EURGBP,-0.007730286348701146,3,9,28,2.0,4.0
2021-10-29,2022-01-05,1,0.8463799953460693,0.8380971465791974,stop,-0.008875314763614157,-0.007813096721606749,EURGBP,-0.009786205737867426,3,9,28,2.0,4.0
2022-01-18,2022-03-04,1,0.8359500169754028,0.8291900072778974,stop,-0.007345174709388234,-0.006782713777577791,EURGBP,-0.008086619487088737,3,9,28,2.0,4.0
2022-03-10,2022-06-15,1,0.8396999835968018,0.8677971192768642,target,0.027509345691544687,0.036330994731459995,EURGBP,0.03346092203040203,3,9,28,2.0,4.0
2022-07-06,2022-09-16,-1,0.8583300113677979,0.8705928921699524,stop,-0.012863711810111998,-0.013319912680130563,EURGBP,-0.01428690671390243,3,9,28,2.0,4.0
2022-10-04,2022-10-10,-1,0.8673999905586243,0.8966942940439496,stop,-0.029901483478716392,-0.033784071713504116,EURGBP,-0.0337725430068995,3,9,28,2.0,4.0
2022-10-14,2026-07-09,-1,0.8642699718475342,0.8524900078773499,eod,0.011174974989891054,0.03382040904151739,EURGBP,0.013629958640125506,3,9,28,2.0,4.0
2007-11-28,2008-01-04,1,163.16000366210938,160.6127210344587,stop,-2.6614946302141504,-0.015689706853354076,EURJPY,-0.015612175597433067,0,7,21,1.0,4.0
2008-01-11,2008-01-15,1,161.30999755859375,159.65413992745536,stop,-1.7687746294294044,-0.01035681393852569,EURJPY,-0.010265065130491495,0,7,21,1.0,4.0
2008-01-24,2008-02-06,1,158.2899932861328,155.88892364501953,stop,-2.5118726364135746,-0.015258195360128743,EURJPY,-0.015168802469862953,0,7,21,1.0,4.0
2008-02-13,2008-03-10,1,157.5800018310547,155.69871629987443,stop,-1.9915915324619917,-0.012023642017796089,EURJPY,-0.011938605846681136,0,7,21,1.0,4.0
2008-03-24,2008-06-09,1,155.52000427246094,165.9088636125837,target,10.279995337132041,0.06673616933510215,EURJPY,0.0668007912469071,0,7,21,1.0,4.0
2008-06-27,2008-07-07,-1,167.13999938964844,168.27649906703405,stop,-1.2534976769583688,-0.006890150063366212,EURJPY,-0.0067996869781968075,0,7,21,1.0,4.0
2008-07-08,2008-07-15,1,168.27000427246094,167.00364576067244,stop,-1.384147514779219,-0.007612221306623749,EURJPY,-0.007525753132673739,0,7,21,1.0,4.0
2008-07-18,2008-08-26,1,169.5500030517578,168.03121621268136,stop,-1.6374718412126854,-0.009031771226857426,EURJPY,-0.008957751764904548,0,7,21,1.0,4.0
2008-09-18,2008-10-02,1,150.82000732421875,147.3742948259626,stop,-3.5512865033830954,-0.022940010146124453,EURJPY,-0.02284652122346654,0,7,21,1.0,4.0
2008-10-17,2008-10-21,1,136.4199981689453,132.27478245326452,stop,-4.240709714399053,-0.03049417806419366,EURJPY,-0.030385689571313962,0,7,21,1.0,4.0
2008-10-30,2008-11-12,1,127.13400268554688,121.3284296308245,stop,-5.894566856602256,-0.04577629062082526,EURJPY,-0.04566499073486951,0,7,21,1.0,4.0
2008-11-24,2008-12-01,1,125.1050033569336,120.6376451764788,stop,-4.554931682804648,-0.035825171337612996,EURJPY,-0.03570886903467082,0,7,21,1.0,4.0
2008-12-09,2009-01-20,1,119.33000183105469,116.25342995779855,stop,-3.160102874537881,-0.02588512382350679,EURJPY,-0.025782048320186057,0,7,21,1.0,4.0
2009-01-27,2009-02-02,1,118.02999877929688,114.89292853219169,stop,-3.2196912462506937,-0.02670228145133224,EURJPY,-0.026578584084976247,0,7,21,1.0,4.0
2009-02-05,2009-03-18,1,116.55400085449219,129.0959974016462,target,12.460408746555869,0.10750078466028994,EURJPY,0.1076067441289436,0,7,21,1.0,4.0
2009-03-30,2009-03-31,-1,128.43800354003906,130.84257289341517,stop,-2.494475955854131,-0.018838500184424213,EURJPY,-0.01872163446254836,0,7,21,1.0,4.0
2009-04-02,2009-04-14,1,134.05999755859375,131.5499997820173,stop,-2.6038397748674704,-0.018829612282166105,EURJPY,-0.018722943624397782,0,7,21,1.0,4.0
2009-04-30,2009-11-26,1,130.60000610351562,128.10693359375,stop,-2.5844925140380854,-0.019100860590989463,EURJPY,-0.019089375139765125,0,7,21,1.0,4.0
2009-12-02,2009-12-08,1,131.94400024414062,130.1688586643764,stop,-1.8675023799351365,-0.01356516079891796,EURJPY,-0.013453749897529491,0,7,21,1.0,4.0
2009-12-09,2009-12-29,-1,129.8300018310547,131.83364159720284,stop,-2.0945207674298927,-0.015550178985403422,EURJPY,-0.01543279471531898,0,7,21,1.0,4.0
2010-01-12,2010-01-26,-1,131.83999633789062,126.73970249720982,target,5.008005843244282,0.038570342702742864,EURJPY,0.03868548226904788,0,7,21,1.0,4.0
2010-02-03,2010-02-04,1,126.24700164794922,124.66085924421039,stop,-1.6745153048923977,-0.012682221223784935,EURJPY,-0.012563802569837895,0,7,21,1.0,4.0
2010-02-16,2010-02-23,1,124.22200012207031,122.37943049839565,stop,-1.9295250237601123,-0.014950005810965138,EURJPY,-0.014832876800115996,0,7,21,1.0,4.0
2010-02-24,2010-03-11,-1,122.26200103759766,123.9644284929548,stop,-1.7880108560834571,-0.014048661405672087,EURJPY,-0.01392442002346758,0,7,21,1.0,4.0
2010-03-19,2010-03-26,-1,122.5199966430664,123.951354435512,stop,-1.5171217900957419,-0.011805809925537997,EURJPY,-0.011682646357031208,0,7,21,1.0,4.0
2010-04-07,2010-04-12,-1,124.5199966430664,125.88663973127093,stop,-1.4538070858546726,-0.011096154235894468,EURJPY,-0.010975290114422151,0,7,21,1.0,4.0
2010-04-13,2010-04-16,1,126.80400085449219,125.41785757882255,stop,-1.474906076267783,-0.011047705642010193,EURJPY,-0.010931384391098515,0,7,21,1.0,4.0
2010-04-26,2010-04-27,1,125.80899810791016,124.24935531616211,stop,-1.6477090904235838,-0.012515740649945177,EURJPY,-0.012396909721912692,0,7,21,1.0,4.0
2010-05-03,2010-05-04,1,124.97000122070312,123.20357349940709,stop,-1.853906722150532,-0.014254442697412158,EURJPY,-0.014134813987690073,0,7,21,1.0,4.0
2010-05-28,2010-06-29,1,111.7300033569336,108.8765035356794,stop,-2.9317108236040426,-0.025655595946747135,EURJPY,-0.025539244030436257,0,7,21,1.0,4.0
2010-07-05,2010-08-24,1,109.81900024414062,108.47771508353097,stop,-1.4181584607805564,-0.012321047884260371,EURJPY,-0.012213598353908,0,7,21,1.0,4.0
2010-08-31,2010-10-04,1,107.06099700927734,114.43414197649274,target,7.298202269308901,0.06874907924290662,EURJPY,0.06886863725523197,0,7,21,1.0,4.0
2010-10-11,2010-12-01,-1,114.34600067138672,109.4154303414481,target,4.850528129468648,0.04298270425795919,EURJPY,0.0431197444684431,0,7,21,1.0,4.0
2010-12-09,2010-12-23,1,111.43399810791016,109.59642628261021,stop,-1.9155756239754833,-0.01661675841072156,EURJPY,-0.01649022611142861,0,7,21,1.0,4.0
2011-01-04,2011-01-10,1,109.06300354003906,107.83457456316266,stop,-1.3047730793544283,-0.011397347739649056,EURJPY,-0.01126348016287138,0,7,21,1.0,4.0
2011-01-13,2011-03-04,1,109.0459976196289,114.5239988054548,target,5.401668987492148,0.0501274811102461,EURJPY,0.05023569232622452,0,7,21,1.0,4.0
2011-03-14,2011-03-21,-1,113.26000213623047,114.54664393833706,stop,-1.365923803601948,-0.011493305470194575,EURJPY,-0.011360072204121972,0,7,21,1.0,4.0
2011-03-22,2011-07-12,1,115.46499633789062,113.30749838692802,stop,-2.238323448399131,-0.018752851683519693,EURJPY,-0.018685298743257396,0,7,21,1.0,4.0
2011-07-22,2011-08-01,1,113.2699966430664,111.37635530744281,stop,-1.9729303332737453,-0.01684507276570486,EURJPY,-0.01671794289524696,0,7,21,1.0,4.0
2011-08-08,2011-08-11,1,111.83999633789062,109.94664001464844,stop,-1.9716443206787109,-0.017061037068325922,EURJPY,-0.016929152228528206,0,7,21,1.0,4.0
2011-08-16,2011-09-06,1,110.94599914550781,108.6936422075544,stop,-2.3300191373552632,-0.020424413276782485,EURJPY,-0.020301380449054305,0,7,21,1.0,4.0
2011-09-29,2011-10-04,1,103.61900329589844,101.90771811349052,stop,-1.783818484715049,-0.01665751577902161,EURJPY,-0.0165151673725437,0,7,21,1.0,4.0
2011-10-10,2011-12-29,1,102.75599670410156,101.0437126159668,stop,-1.7842132858276367,-0.01675896437551686,EURJPY,-0.016663592812646223,0,7,21,1.0,4.0
2012-01-19,2012-02-20,1,98.75800323486328,103.47543443952289,target,4.6483006023952,0.047635948992120355,EURJPY,0.047767583893335235,0,7,21,1.0,4.0
2012-03-05,2012-03-15,-1,107.62200164794922,109.13500268118722,stop,-1.5883364343915625,-0.01419915082268048,EURJPY,-0.014058473268201187,0,7,21,1.0,4.0
2012-03-26,2012-05-07,-1,109.7020034790039,104.2002923148019,target,5.424919761766705,0.05000976272281132,EURJPY,0.05015141920589437,0,7,21,1.0,4.0
2012-06-07,2012-06-27,1,99.68199920654297,99.22100067138672,eod,-0.5307759346008301,-0.004762128959438962,EURJPY,-0.004624691908526557,0,7,21,1.0,4.0
2012-08-22,2012-09-17,1,98.8479995727539,101.3000008719308,target,2.3828076994759715,0.02467021396201392,EURJPY,0.02480577563304336,1,5,28,1.0,2.0
2012-09-24,2012-10-17,-1,101.2699966430664,102.59064047677177,stop,-1.3915328313555075,-0.013192000375136076,EURJPY,-0.013040820356300277,1,5,28,1.0,2.0
2012-10-29,2012-11-21,-1,102.91000366210938,104.13914707728794,stop,-1.3011804177420458,-0.012092637944747901,EURJPY,-0.01194386717946576,1,5,28,1.0,2.0
2012-12-10,2012-12-13,-1,106.52300262451172,107.63036073957171,stop,-1.1819242168971529,-0.010536767528196963,EURJPY,-0.010395483489733922,1,5,28,1.0,2.0
2013-01-09,2013-01-10,-1,113.64800262451172,114.91514478410993,stop,-1.3466957614353663,-0.011281783489274208,EURJPY,-0.011149709016750548,1,5,28,1.0,2.0
2013-01-11,2013-01-28,1,118.46299743652344,121.73999568394252,target,3.1940741492135207,0.027544873234931783,EURJPY,0.027662631524877763,1,5,28,1.0,2.0
2013-02-11,2013-02-12,-1,123.68499755859375,126.20042691911969,stop,-2.602008858816958,-0.02045874124165454,EURJPY,-0.020337384567067636,1,5,28,1.0,2.0
2013-02-14,2013-02-26,-1,125.38400268554688,120.75699942452567,target,4.539234459141318,0.03678191126652248,EURJPY,0.03690266032282729,1,5,28,1.0,2.0
2013-03-08,2013-03-18,1,124.43000030517578,122.5183574131557,stop,-1.9987438922337062,-0.015478927005515467,EURJPY,-0.015363199287403415,1,5,28,1.0,2.0
2013-04-05,2013-04-11,1,124.65899658203125,129.48199571881975,target,4.735737839181074,0.03857241970999143,EURJPY,0.038689539215204134,1,5,28,1.0,2.0
2013-04-29,2013-05-06,-1,127.5999984741211,129.6399280003139,stop,-2.129249525124678,-0.0161051688931609,EURJPY,-0.015986908703658934,1,5,28,1.0,2.0
2013-05-07,2013-06-12,1,129.8699951171875,128.05863680158342,stop,-1.902267312186113,-0.014044493602685075,EURJPY,-0.013947473502017246,1,5,28,1.0,2.0
2013-06-21,2013-09-20,1,128.5590057373047,133.11285618373327,target,4.4638591424124705,0.03535108583303101,EURJPY,0.03542225937663088,1,5,28,1.0,2.0
2013-09-26,2013-10-23,-1,133.06300354003906,134.30536215645927,stop,-1.3355027188982322,-0.009451978258117078,EURJPY,-0.009336619371036334,1,5,28,1.0,2.0
2013-11-01,2013-11-15,-1,133.51300048828125,134.57507106236048,stop,-1.1555296744210257,-0.008068506962913936,EURJPY,-0.007954810169759081,1,5,28,1.0,2.0
2014-01-06,2014-01-27,-1,142.62600708007812,140.18872288295202,target,2.337445992170049,0.016981574726173544,EURJPY,0.017088637949162228,1,5,28,1.0,2.0
2014-02-10,2014-03-10,1,139.62399291992188,142.9311305454799,target,3.209400830514082,0.02359148708379361,EURJPY,0.023686026709283124,1,5,28,1.0,2.0
2014-03-17,2014-04-02,-1,140.9499969482422,142.41285487583704,stop,-1.5615229254586234,-0.010486541040065536,EURJPY,-0.010378559483985129,1,5,28,1.0,2.0
2014-04-08,2014-05-16,-1,141.6280059814453,139.22272382463728,target,2.306142552621016,0.016873655321540806,EURJPY,0.016983096952753424,1,5,28,1.0,2.0
2014-06-03,2014-06-12,1,139.27000427246094,138.5088620867048,stop,-0.8586311887468652,-0.005568264249055439,EURJPY,-0.005465226986473567,1,5,28,1.0,2.0
2014-06-20,2014-07-11,1,138.718994140625,137.98549434116907,stop,-0.8306030953543648,-0.005386067020486839,EURJPY,-0.005287666653006071,1,5,28,1.0,2.0
2014-07-31,2014-08-07,1,137.75,137.07564108712333,stop,-0.77078391287667,-0.005001153632498512,EURJPY,-0.0048955274981972415,1,5,28,1.0,2.0
2014-08-15,2014-09-08,1,136.9499969482422,136.27606855119978,stop,-0.7697933949061722,-0.005019557592996544,EURJPY,-0.0049209814681273915,1,5,28,1.0,2.0
2014-09-11,2014-09-19,1,137.9929962158203,140.1017107282366,target,2.0121194150652246,0.015176237706593154,EURJPY,0.015281315503275836,1,5,28,1.0,2.0
2014-09-26,2014-10-13,-1,138.54200744628906,136.39314488002233,target,2.0518831610543264,0.015400762596095038,EURJPY,0.015510548792212463,1,5,28,1.0,2.0
2014-10-21,2014-10-23,1,136.77200317382812,135.6155024937221,stop,-1.2522410823277144,-0.008563892119188966,EURJPY,-0.008455682839098286,1,5,28,1.0,2.0
2014-10-24,2014-11-03,1,136.8179931640625,139.3728506905692,target,2.4590849312918652,0.01856815370373377,EURJPY,0.018673403018293826,1,5,28,1.0,2.0
2014-11-28,2014-12-08,-1,146.80999755859375,148.50921194893974,stop,-1.8019813886370017,-0.011677231924629475,EURJPY,-0.011574241663397671,1,5,28,1.0,2.0
2014-12-10,2015-01-01,-1,147.8419952392578,144.83285522460938,target,2.905650617980957,0.020250403207852888,EURJPY,0.020353756791354462,1,5,28,1.0,2.0
2015-02-04,2015-03-09,1,134.7779998779297,132.34400177001953,stop,-2.5283427078247067,-0.01815539709838691,EURJPY,-0.018059313167688065,1,5,28,1.0,2.0
2015-03-23,2015-04-13,1,129.88900756835938,128.03093447004045,stop,-1.948995403616777,-0.014410173219114444,EURJPY,-0.014305083494775637,1,5,28,1.0,2.0
2015-04-22,2015-04-30,1,128.49899291992188,131.34342084612166,target,2.75447863115584,0.022022958016202836,EURJPY,0.022135799367489037,1,5,28,1.0,2.0
2015-05-20,2015-06-02,-1,134.46800231933594,136.1290010724749,stop,-1.7551263547624898,-0.01246503795868418,EURJPY,-0.01235237175007924,1,5,28,1.0,2.0
2015-06-15,2015-06-18,-1,138.3090057373047,140.15000370570593,stop,-1.937814272417353,-0.0134195742244471,EURJPY,-0.013310759907405554,1,5,28,1.0,2.0
2015-06-24,2015-06-29,-1,138.39199829101562,135.31971522739954,target,2.9754086648123725,0.02209111149032782,EURJPY,0.022199860552310092,1,5,28,1.0,2.0
2015-07-14,2015-09-04,1,135.80999755859375,133.85020991734095,stop,-2.054854639543818,-0.01451577701709529,EURJPY,-0.014430363570305443,1,5,28,1.0,2.0
2015-09-11,2015-09-23,1,136.10499572753906,134.47264099121094,stop,-1.7276282333374022,-0.012097680379229212,EURJPY,-0.011993349161083288,1,5,28,1.0,2.0
2015-10-06,2015-10-28,1,134.85000610351562,133.5194331577846,stop,-1.4249679500034957,-0.009967170077094968,EURJPY,-0.009867058846920927,1,5,28,1.0,2.0
2015-11-13,2015-11-16,1,132.50999450683594,131.5275639125279,stop,-1.0751875904628128,-0.007526078300883031,EURJPY,-0.007414011282427046,1,5,28,1.0,2.0
2015-11-20,2015-11-23,1,131.82000732421875,130.87728990827287,stop,-1.034991421072832,-0.007264203935224246,EURJPY,-0.007151550322912758,1,5,28,1.0,2.0
2015-12-03,2015-12-04,1,130.75,132.84471566336495,target,2.0031906633649514,0.015906429547724293,EURJPY,0.016020769891892554,1,5,28,1.0,2.0
2015-12-18,2016-01-05,-1,132.76499938964844,130.07371520996094,target,2.5983486801147464,0.020156398086769774,EURJPY,0.02027103673453063,1,5,28,1.0,2.0
2016-01-20,2016-02-01,1,128.26199340820312,130.85256413051061,target,2.5007873269217478,0.02008600251602453,EURJPY,0.020197493064549606,1,5,28,1.0,2.0
2016-02-09,2016-02-19,-1,129.41000366210938,126.52971540178571,target,2.78970125776019,0.022140083295296036,EURJPY,0.022257075796428567,1,5,28,1.0,2.0
2016-03-07,2016-04-08,1,125.11000061035156,123.5289284842355,stop,-1.6686491265433154,-0.01274056524929938,EURJPY,-0.012637455985954588,1,5,28,1.0,2.0
2016-04-21,2016-05-02,1,124.13500213623047,122.65571594238281,stop,-1.5661806953430175,-0.012032353229498341,EURJPY,-0.011916753279822168,1,5,28,1.0,2.0
2016-05-11,2016-06-02,1,124.18900299072266,122.48200280325753,stop,-1.7939324895586326,-0.013854690399548997,EURJPY,-0.0137451798980353,1,5,28,1.0,2.0
2016-07-13,2016-08-05,1,115.85900115966797,112.90814426967076,stop,-3.031958190808979,-0.025586332182442124,EURJPY,-0.025469379681001804,1,5,28,1.0,2.0
2016-08-19,2016-09-02,1,113.61199951171875,115.49771554129464,target,1.8061876299176858,0.016473753103718916,EURJPY,0.016597859712709155,1,5,28,1.0,2.0
2016-09-08,2016-09-22,-1,114.44200134277344,112.56556919642857,target,1.7963227454049269,0.016263715458541297,EURJPY,0.01639635906684847,1,5,28,1.0,2.0
2016-10-03,2016-11-16,1,114.06999969482422,116.39742933000836,target,2.2475806353977688,0.0202974457909918,EURJPY,0.020403521008247622,1,5,28,1.0,2.0
2016-12-20,2017-01-09,-1,121.77100372314453,123.30457578386579,stop,-1.6188117633274561,-0.012719218971395196,EURJPY,-0.012593901781477844,1,5,28,1.0,2.0
2017-01-20,2017-01-24,1,122.52999877929688,121.57632773263114,stop,-1.0394420458112403,-0.007903950512642697,EURJPY,-0.0077831637653363655,1,5,28,1.0,2.0
2017-01-25,2017-02-07,1,122.12899780273438,121.13711329868862,stop,-1.077374802507671,-0.00823829329764,EURJPY,-0.008121613391504875,1,5,28,1.0,2.0
2017-02-16,2017-02-20,1,121.03500366210938,119.98950358799526,stop,-1.1302245766775927,-0.008760276300516597,EURJPY,-0.008637997624495594,1,5,28,1.0,2.0
2017-04-20,2017-04-26,1,116.6050033569336,120.6704330444336,target,3.9838061851501467,0.03473975876575564,EURJPY,0.034864967801214515,2,5,21,1.0,4.0
2017-05-15,2017-05-24,-1,123.7699966430664,124.97048241751534,stop,-1.2871247720990822,-0.009821570715191859,EURJPY,-0.009699327842037126,2,5,21,1.0,4.0
2017-05-29,2017-06-28,-1,124.3280029296875,125.53282655988421,stop,-1.2918532322474947,-0.00981455184224908,EURJPY,-0.00969068594207284,2,5,21,1.0,4.0
2017-07-17,2017-07-26,-1,128.9720001220703,130.37485722133093,stop,-1.493137499346064,-0.010994534456459608,EURJPY,-0.010877222171733624,2,5,21,1.0,4.0
2017-07-31,2017-08-03,-1,129.81100463867188,130.90636226109095,stop,-1.1862253256661428,-0.0085540330383382,EURJPY,-0.008438095256006944,2,5,21,1.0,4.0
2017-08-09,2017-08-28,-1,129.4320068359375,130.4731717790876,stop,-1.1317673479352637,-0.00816177519745289,EURJPY,-0.008044107239021983,2,5,21,1.0,4.0
2017-09-06,2017-09-12,-1,129.49000549316406,130.5432902744838,stop,-1.143927785164961,-0.0082504033979375,EURJPY,-0.008134100985696155,2,5,21,1.0,4.0
2017-09-26,2017-10-23,-1,132.4929962158203,133.87885284423828,stop,-1.478601725769043,-0.010575703383864285,EURJPY,-0.010459848203300657,2,5,21,1.0,4.0
2017-10-27,2017-12-01,-1,132.80299377441406,133.87947518484933,stop,-1.1694435060773536,-0.008222189721792525,EURJPY,-0.008105851983004465,2,5,21,1.0,4.0
2017-12-07,2017-12-11,-1,132.5469970703125,133.60738917759485,stop,-1.1531750052315726,-0.00811359088513991,EURJPY,-0.008000121698116218,2,5,21,1.0,4.0
2017-12-15,2017-12-20,-1,132.33999633789062,133.31335231236048,stop,-1.0659939719063773,-0.007468837855686527,EURJPY,-0.0073549644960294565,2,5,21,1.0,4.0
2018-01-10,2018-01-16,-1,134.5019989013672,135.47949981689453,stop,-1.0716523147583006,-0.007379525387241322,EURJPY,-0.007267556791064222,2,5,21,1.0,4.0
2018-01-25,2018-02-02,-1,135.45899963378906,136.76580156598772,stop,-1.4016232319423048,-0.009758686656275259,EURJPY,-0.00964721381179226,2,5,21,1.0,4.0
2018-02-07,2018-03-01,-1,135.72000122070312,130.3219953264509,target,5.303001893397744,0.03966052052636689,EURJPY,0.03977310525862866,2,5,21,1.0,4.0
2018-03-07,2018-03-23,1,131.03900146484375,129.94757298060827,stop,-1.1831557852608694,-0.008435873838156898,EURJPY,-0.00832903541720208,2,5,21,1.0,4.0
2018-03-27,2018-04-03,1,131.42100524902344,130.0915036882673,stop,-1.4214962644304587,-0.010227068026221248,EURJPY,-0.010116355130878302,2,5,21,1.0,4.0
2018-04-05,2018-05-09,1,131.19000244140625,129.9731456211635,stop,-1.308689821951738,-0.009373098539211923,EURJPY,-0.0092755301288011,2,5,21,1.0,4.0
2018-05-14,2018-05-24,1,130.67599487304688,129.70460292271204,stop,-1.0628651467459664,-0.007543022353053013,EURJPY,-0.007433591389746458,2,5,21,1.0,4.0
2018-06-04,2018-08-13,1,127.87799835205078,126.20085688999721,stop,-1.7666560609000048,-0.013197277747556366,EURJPY,-0.013115168235870913,2,5,21,1.0,4.0
2018-08-22,2018-09-26,1,127.48300170898438,132.68528311593192,target,5.11304330575126,0.04070763425224413,EURJPY,0.04080764758601474,2,5,21,1.0,4.0
2018-10-01,2018-12-24,-1,132.0570068359375,127.2672860281808,target,4.697280902971538,0.036148334133358634,EURJPY,0.03627009972827309,2,5,21,1.0,4.0
2019-01-09,2019-05-10,1,124.60900115966797,123.19985743931362,stop,-1.4963700211661182,-0.011366704709713963,EURJPY,-0.011308522716980468,2,5,21,1.0,4.0
2019-05-20,2019-05-29,1,122.98999786376953,122.25999723161969,stop,-0.8160936306544774,-0.006052123303346361,EURJPY,-0.00593544714878707,2,5,21,1.0,4.0
2019-06-07,2019-06-20,1,122.29100036621094,121.50671441214425,stop,-0.869889654323037,-0.0065289837492187005,EURJPY,-0.006413276134123341,2,5,21,1.0,4.0
2019-06-25,2019-07-15,1,122.3489990234375,121.5716416495187,stop,-0.86300167323521,-0.006465581085524588,EURJPY,-0.006353606323905365,2,5,21,1.0,4.0
2019-07-29,2019-08-02,1,120.87999725341797,120.2902112688337,stop,-0.6744019826616601,-0.005000711435466013,EURJPY,-0.004879103226217114,2,5,21,1.0,4.0
2019-08-14,2019-08-15,1,119.13400268554688,118.07643018450055,stop,-1.1409663029262058,-0.00900265647816129,EURJPY,-0.008877167535768744,2,5,21,1.0,4.0
2019-08-22,2019-08-26,1,118.20999908447266,117.27856935773578,stop,-1.0141767260960108,-0.008004650486975353,EURJPY,-0.007879449572377392,2,5,21,1.0,4.0
2019-08-30,2019-09-02,1,117.69999694824219,116.79985318865094,stop,-0.9825337574550145,-0.0077739488811848275,EURJPY,-0.007647780653614438,2,5,21,1.0,4.0
2019-09-06,2019-12-13,1,118.13200378417969,121.9491468157087,target,3.734450628880088,0.032238876083798745,EURJPY,0.03231252251085753,2,5,21,1.0,4.0
2019-12-23,2019-12-30,-1,121.31099700927734,122.03364018031529,stop,-0.8075608689444386,-0.006081337959670101,EURJPY,-0.0059569469285845516,2,5,21,1.0,4.0
2020-01-03,2020-01-14,-1,121.24500274658203,122.02414921351841,stop,-0.8640179688589893,-0.006551003744018415,EURJPY,-0.006426215095766877,2,5,21,1.0,4.0
2020-01-22,2020-03-09,-1,121.83799743652344,118.4219970703125,target,3.330713768005371,0.027909276561956974,EURJPY,0.02803723335973775,2,5,21,1.0,4.0
2020-03-17,2020-04-23,1,118.49199676513672,116.5528542654855,stop,-2.022086897386821,-0.01647109132205511,EURJPY,-0.016365176995833775,2,5,21,1.0,4.0
2020-05-01,2020-05-05,1,117.41100311279297,116.48657281058175,stop,-1.0066180043901756,-0.00799950837068424,EURJPY,-0.007873455448831744,2,5,21,1.0,4.0
2020-05-06,2020-05-19,-1,115.37799835205078,116.39064243861607,stop,-1.0934086854117238,-0.008908059606210179,EURJPY,-0.008776752076036419,2,5,21,1.0,4.0
2020-06-11,2020-07-22,-1,121.58399963378906,123.11597715105329,stop,-1.6170863170078762,-0.01272788789581948,EURJPY,-0.012600157272984433,2,5,21,1.0,4.0
2020-08-11,2020-08-13,-1,124.37999725341797,125.33354895455497,stop,-1.0406176992143943,-0.007787359081247968,EURJPY,-0.007666439316558179,2,5,21,1.0,4.0
2020-08-20,2020-11-02,-1,125.63700103759766,121.78022003173828,target,3.7688351051330566,0.030570938291578444,EURJPY,0.030697811743414738,2,5,21,1.0,4.0
2020-11-06,2020-12-03,1,122.42500305175781,126.23871503557477,target,3.728014481680728,0.03104318471783277,EURJPY,0.031151414243417493,2,5,21,1.0,4.0
2020-12-16,2020-12-30,-1,125.95700073242188,126.75069536481585,stop,-0.8818645329066747,-0.006421831479715216,EURJPY,-0.006301314161013353,2,5,21,1.0,4.0
2021-01-04,2021-01-08,-1,126.46499633789062,127.19456808907645,stop,-0.8180972486223534,-0.005888046279591187,EURJPY,-0.005768961944509545,2,5,21,1.0,4.0
2021-01-13,2021-02-16,-1,126.66300201416016,127.4544290815081,stop,-0.8800911687578514,-0.006370029562837447,EURJPY,-0.006248289198604835,2,5,21,1.0,4.0
2021-03-10,2021-03-12,-1,129.14999389648438,129.94178172520228,stop,-0.8821928244454398,-0.006247060525334357,EURJPY,-0.006130761642563687,2,5,21,1.0,4.0
2021-03-22,2021-04-02,-1,129.3679962158203,130.06871141706193,stop,-0.7912727985926956,-0.00553355715618697,EURJPY,-0.0054164493672193975,2,5,21,1.0,4.0
2021-04-14,2021-04-28,-1,130.197998046875,130.8566414969308,stop,-0.7497820486886039,-0.005175374891810515,EURJPY,-0.005058783237347942,2,5,21,1.0,4.0
2021-05-06,2021-05-10,-1,131.1439971923828,131.87042672293526,stop,-0.8182303285871193,-0.005653857945665223,EURJPY,-0.005539174846766408,2,5,21,1.0,4.0
2021-05-25,2021-05-28,-1,132.9199981689453,133.60549926757812,stop,-0.7785450973510742,-0.005270471774626351,EURJPY,-0.005157245772464727,2,5,21,1.0,4.0
2021-06-07,2021-06-21,-1,133.36000061035156,130.88470676967077,target,2.3819418402535453,0.018447164287803956,EURJPY,0.01856099152183609,2,5,21,1.0,4.0
2021-06-25,2021-07-07,1,132.3070068359375,131.3713640485491,stop,-1.0282576921735451,-0.007179081517324376,EURJPY,-0.00707175537988399,2,5,21,1.0,4.0
2021-07-23,2021-08-17,1,129.66400146484375,128.78724452427454,stop,-0.9675217415945992,-0.006865490271103299,EURJPY,-0.006761760632591049,2,5,21,1.0,4.0
2021-08-25,2021-09-21,1,128.95700073242188,128.37290464128768,stop,-0.6743659916468948,-0.004632909324355834,EURJPY,-0.0045293864452242046,2,5,21,1.0,4.0
2021-09-24,2021-10-20,1,129.5189971923828,132.7618451799665,target,3.1521846895490335,0.02493493663162515,EURJPY,0.025037624270414113,2,5,21,1.0,4.0
2021-10-25,2021-11-01,-1,132.27000427246094,132.01100158691406,eod,0.16641368255615233,0.0018440513923658989,EURJPY,0.0019581362151721063,2,5,21,1.0,4.0
2021-12-23,2022-03-07,1,129.25999450683594,127.36513410295758,stop,-1.9853424000331394,-0.014738979458780648,EURJPY,-0.0146592950982846,3,7,21,2.0,4.0
2022-03-11,2022-03-29,1,127.95099639892578,135.6197956630162,target,7.579233566611162,0.05982680463248567,EURJPY,0.05993543997250805,3,7,21,2.0,4.0
2022-04-05,2022-04-20,-1,134.77000427246094,138.09643336704798,stop,-3.420768097577764,-0.024795124943613852,EURJPY,-0.024682266002322654,3,7,21,2.0,4.0
2022-04-27,2022-06-03,-1,135.4499969482422,138.7824227469308,stop,-3.4272407965523732,-0.024716839233063205,EURJPY,-0.024602627344185043,3,7,21,2.0,4.0
2022-06-14,2022-06-22,-1,139.79200744628906,143.45971897670202,stop,-3.7655659356253612,-0.02634507936248056,EURJPY,-0.02623691867235091,3,7,21,2.0,4.0
2022-07-01,2022-10-18,-1,142.26400756835938,146.54214695521765,stop,-4.377724192156123,-0.030187040701736903,EURJPY,-0.030071832362817276,3,7,21,2.0,4.0
2022-10-28,2023-01-04,-1,145.79299926757812,138.4738507952009,target,7.217093372889932,0.050093409896680534,EURJPY,0.050202331450388715,3,7,21,2.0,4.0
2023-01-09,2023-05-01,1,140.5070037841797,148.54583958217077,target,7.940480895342158,0.057157547892252,EURJPY,0.057213061139207155,3,7,21,2.0,4.0
2023-05-05,2023-06-15,-1,147.8939971923828,151.32050214494978,stop,-3.5300307506016404,-0.023273662338637854,EURJPY,-0.02316865469603693,3,7,21,2.0,4.0
2023-07-05,2023-11-01,-1,157.13999938964844,159.91000366210938,stop,-2.8800022720336913,-0.017732813308414076,EURJPY,-0.017627620486317826,3,7,21,2.0,4.0
2023-11-22,2023-12-08,-1,161.73599243164062,156.69657244001115,target,4.926204796927324,0.031064328453377567,EURJPY,0.031158308771372798,3,7,21,2.0,4.0
2023-12-20,2024-04-29,1,157.9969940185547,166.9244101388114,target,8.81681822444372,0.05646161925845932,EURJPY,0.056503708666813625,3,7,21,2.0,4.0
2024-05-03,2024-05-14,-1,164.21600341796875,168.12043108258928,stop,-4.019378867013105,-0.02386830505577658,EURJPY,-0.023776170308339752,3,7,21,2.0,4.0
2024-05-31,2024-07-01,-1,169.99600219726562,172.08514622279577,stop,-2.2081412270682317,-0.01237990304670822,EURJPY,-0.012289371505959743,3,7,21,2.0,4.0
2024-07-12,2024-07-30,-1,172.0070037841797,166.62042454310827,target,5.26617433842249,0.031227561220768415,EURJPY,0.03131604598979036,3,7,21,2.0,4.0
2024-08-12,2025-07-25,1,160.4720001220703,172.76686096191406,target,12.182530439758299,0.0766626628351707,EURJPY,0.07661686045223531,3,7,21,2.0,4.0
2025-07-28,2025-07-31,1,173.76699829101562,171.41299656459265,stop,-2.4756386252266895,-0.01363176983960971,EURJPY,-0.01354688605761966,3,7,21,2.0,4.0
2025-08-11,2025-11-11,1,171.99099731445312,178.1209978376116,target,6.00960682503837,0.035588493692885415,EURJPY,0.03564140343898894,3,7,21,2.0,4.0
2025-12-02,2025-12-15,-1,180.55999755859375,182.75706263950892,stop,-2.323457079206182,-0.012252077485752464,EURJPY,-0.01216806109117383,3,7,21,2.0,4.0
2025-12-31,2026-01-23,-1,183.72000122070312,186.06806291852678,stop,-2.476665698678145,-0.012863878086875008,EURJPY,-0.012780653615405339,3,7,21,2.0,4.0
2026-01-27,2026-04-14,-1,183.27000427246094,186.55985804966517,stop,-3.4181427801949518,-0.018038106073755254,EURJPY,-0.01795085775364157,3,7,21,2.0,4.0
2026-04-23,2026-07-09,-1,186.68600463867188,185.63299560546875,eod,0.9223288299560546,0.005554883641172035,EURJPY,0.005640535482245758,3,7,21,2.0,4.0
2008-08-26,2008-10-08,1,2.103800058364868,2.2178002425602505,target,0.11252752415452698,0.05350327078271273,EURNZD,0.05418774647434248,0,5,28,2.0,4.0
2008-10-17,2008-11-20,-1,2.1821000576019287,2.3324572358812605,stop,-0.15188464831965318,-0.06803408384603701,EURNZD,-0.06890480468827376,0,5,28,2.0,4.0
2008-11-28,2008-12-11,-1,2.3108999729156494,2.413742814745222,stop,-0.10446047181061355,-0.044265369781674405,EURNZD,-0.04450337229430851,0,5,28,2.0,4.0
2008-12-19,2009-01-29,-1,2.4193999767303467,2.5169571127210344,stop,-0.09925071597439895,-0.039351548692396716,EURNZD,-0.040322863903855,0,5,28,2.0,4.0
2009-02-05,2009-04-09,-1,2.476599931716919,2.2726572241101946,target,0.20220908765452253,0.08386203397120345,EURNZD,0.08234786127339501,0,5,28,2.0,4.0
2009-04-16,2009-05-29,1,2.296099901199341,2.227228437151228,stop,-0.07047873397895249,-0.03060470670784293,EURNZD,-0.029994977140210124,0,5,28,2.0,4.0
2009-06-05,2009-06-29,1,2.2297000885009766,2.1596285615648543,stop,-0.07163231699807296,-0.03183007764234172,EURNZD,-0.03142643591283671,0,5,28,2.0,4.0
2009-07-01,2009-08-04,1,2.2046000957489014,2.1451001507895335,stop,-0.061043165026392066,-0.0275060973989337,EURNZD,-0.026988996813572096,0,5,28,2.0,4.0
2009-09-01,2009-09-07,1,2.10260009765625,2.0757858072008406,stop,-0.028286110523768768,-0.012971696560754377,EURNZD,-0.012752919818323537,0,5,28,2.0,4.0
2009-09-15,2009-09-18,1,2.078900098800659,2.0512286935533797,stop,-0.02912663531643997,-0.013503008279942946,EURNZD,-0.01331059884178343,0,5,28,2.0,4.0
2009-10-13,2009-10-19,1,2.0100998878479004,1.9831856148583549,stop,-0.028321342911039046,-0.01361836451762285,EURNZD,-0.01338952016875196,0,5,28,2.0,4.0
2009-10-27,2009-10-28,1,1.9896999597549438,2.0424142394747054,target,0.05132148974793304,0.02631265053963693,EURNZD,0.026493582342060215,0,5,28,2.0,4.0
2009-11-10,2009-11-25,-1,2.0211000442504883,2.0694142409733365,stop,-0.04972896675382354,-0.023533816081077307,EURNZD,-0.023904901125646753,0,5,28,2.0,4.0
2009-12-07,2009-12-31,-1,2.073699951171875,1.9756142071315221,target,0.09663415407453256,0.04792677165478481,EURNZD,0.04729987286006509,0,5,28,2.0,4.0
2010-01-20,2010-03-17,1,1.9539999961853027,1.9246571404593331,stop,-0.03071065572329933,-0.01590729569429434,EURNZD,-0.015016814628072785,0,5,28,2.0,4.0
2010-04-01,2010-04-22,1,1.9187999963760376,1.8822942631585258,stop,-0.037848893214975046,-0.019463067171172216,EURNZD,-0.019025293561840094,0,5,28,2.0,4.0
2010-05-18,2010-05-20,1,1.76705002784729,1.867478609085083,target,0.09919164621829987,0.05661898625455286,EURNZD,0.05683403392949783,0,5,28,2.0,4.0
2010-05-31,2011-03-04,-1,1.8033000230789185,1.8763172115598405,stop,-0.07427949849707732,-0.030758713342785033,EURNZD,-0.04049087092909476,0,5,28,2.0,4.0
2011-03-24,2011-05-12,-1,1.896399974822998,1.8018598897116525,target,0.09321260512896949,0.051355244887321606,EURNZD,0.049852397366842174,0,5,28,2.0,4.0
2011-06-03,2011-07-07,1,1.777250051498413,1.7325643811907088,stop,-0.04592974534375321,-0.025807100283403914,EURNZD,-0.02514315319334468,0,5,28,2.0,4.0
2011-08-04,2011-08-11,1,1.6563999652862549,1.742537021636963,target,0.08497757637500764,0.0517127856470976,EURNZD,0.05200257072923931,0,5,28,2.0,4.0
2011-08-29,2011-11-21,-1,1.7239999771118164,1.7763299601418632,stop,-0.053536783014025036,-0.027395582167680906,EURNZD,-0.030353818865887786,0,5,28,2.0,4.0
2011-11-29,2011-12-30,-1,1.7631800174713135,1.6805456706455775,target,0.08140012081350609,0.04785917829692561,EURNZD,0.04686665343692307,0,5,28,2.0,4.0
2012-01-20,2012-02-06,1,1.6139999628067017,1.578005654471261,stop,-0.03712410830940528,-0.022747403458173207,EURNZD,-0.022301306793618185,0,5,28,2.0,4.0
2012-02-09,2012-05-09,1,1.5882999897003174,1.64737149647304,target,0.057959696779932325,0.035542093520616276,EURNZD,0.037191655956547755,0,5,28,2.0,4.0
2012-05-28,2012-06-21,-1,1.655400037765503,1.586597170148577,target,0.06764408759049004,0.042347992036748015,EURNZD,0.04156268336794143,0,5,28,2.0,4.0
2012-07-25,2012-07-31,1,1.541100025177002,1.5157186133520943,stop,-0.02646018184253151,-0.016742204531431503,EURNZD,-0.016469671929304163,0,5,28,2.0,4.0
2012-08-08,2012-09-04,1,1.519700050354004,1.5756257602146693,target,0.05486191982541756,0.036168788602633443,EURNZD,0.036800492207418066,0,5,28,2.0,4.0
2012-09-13,2012-10-17,-1,1.5720000267028809,1.5975400379725866,stop,-0.026640411288397746,-0.015038174852508359,EURNZD,-0.016246826231468618,0,5,28,2.0,4.0
2012-10-25,2012-12-18,-1,1.579759955406189,1.558500051498413,eod,0.020154071938991547,0.015420003415336885,EURNZD,0.01345767996904917,0,5,28,2.0,4.0
2013-03-01,2013-03-20,1,1.5842399597167969,1.56491995709283,stop,-0.020428970595768585,-0.012700097924283853,EURNZD,-0.012195123917604328,1,7,28,1.0,3.0
2013-04-08,2013-04-11,1,1.5452300310134888,1.528424322605133,stop,-0.017887369430065154,-0.011134723027011581,EURNZD,-0.010875861891794292,1,7,28,1.0,3.0
2013-04-12,2013-04-16,-1,1.5194499492645264,1.5355585302625383,stop,-0.0171721959624971,-0.010667400400952678,EURNZD,-0.01060158711105234,1,7,28,1.0,3.0
2013-04-26,2013-05-02,-1,1.5288000106811523,1.546124313558851,stop,-0.0183944628851754,-0.011266550730873136,EURNZD,-0.011331961510112629,1,7,28,1.0,3.0
2013-05-06,2013-05-09,-1,1.5365699529647827,1.5520778128079005,stop,-0.016583458810193102,-0.010125057966348463,EURNZD,-0.010092517957412634,1,7,28,1.0,3.0
2013-06-18,2013-06-21,-1,1.6704000234603882,1.7007100241524833,stop,-0.031479280708517375,-0.018175287515383023,EURNZD,-0.018145354565611855,1,7,28,1.0,3.0
2013-06-27,2013-08-05,-1,1.6726100444793701,1.7005407469613212,stop,-0.029101529513086623,-0.015413456691261096,EURNZD,-0.016698872862888372,1,7,28,1.0,3.0
2013-08-12,2013-08-21,-1,1.6585999727249146,1.680592119693756,stop,-0.02315316694974899,-0.01304844285827743,EURNZD,-0.013259464205049181,1,7,28,1.0,3.0
2013-08-22,2013-09-05,1,1.700600028038025,1.6754221745899744,stop,-0.026368273467677075,-0.015193374704256286,EURNZD,-0.014805276392414295,1,7,28,1.0,3.0
2013-09-26,2013-10-15,1,1.6384999752044678,1.6236442753246851,stop,-0.01600264986242576,-0.009530485270733042,EURNZD,-0.00906664638669207,1,7,28,1.0,3.0
2013-10-24,2013-11-06,1,1.6366000175476074,1.6195085985319955,stop,-0.018237039027895276,-0.010834302105276717,EURNZD,-0.010443247484026608,1,7,28,1.0,3.0
2013-11-22,2014-03-19,1,1.6371999979019165,1.618346435683114,stop,-0.01999960221733375,-0.013543587983885896,EURNZD,-0.011515735550307467,1,7,28,1.0,3.0
2014-04-04,2014-05-15,1,1.6032999753952026,1.5870028478758675,stop,-0.01741943750211174,-0.011012990575879436,EURNZD,-0.010164740079483857,1,7,28,1.0,3.0
2014-05-22,2014-06-12,1,1.59660005569458,1.5845850620950972,stop,-0.013132613638469088,-0.008051480114655566,EURNZD,-0.007525362132256669,1,7,28,1.0,3.0
2014-07-02,2014-07-09,1,1.5610300302505493,1.5517450485910689,stop,-0.010377702680655826,-0.006255473290230769,EURNZD,-0.005947984010269282,1,7,28,1.0,3.0
2014-07-17,2014-08-06,1,1.5519499778747559,1.5779128670692444,target,0.024876524209976197,0.01620083736778634,EURNZD,0.016729204912932935,1,7,28,1.0,3.0
2014-08-15,2014-08-26,-1,1.5751999616622925,1.5841092552457536,stop,-0.010011933556624757,-0.005433782244654588,EURNZD,-0.0056559762571726235,1,7,28,1.0,3.0
2014-08-27,2014-09-15,-1,1.5789799690246582,1.5872885499681746,stop,-0.009413866921833648,-0.004723670401039716,EURNZD,-0.005261992619607852,1,7,28,1.0,3.0
2014-10-10,2015-01-01,-1,1.6133999824523926,1.5518378700528825,target,0.060432732411793366,0.04128679380438484,EURNZD,0.03815675782141431,1,7,28,1.0,3.0
2015-01-22,2015-01-26,1,1.5336999893188477,1.5080735427992684,stop,-0.02670003651210243,-0.01695667125298039,EURNZD,-0.01670890441289013,1,7,28,1.0,3.0
2015-02-10,2015-03-12,-1,1.5298199653625488,1.4507164359092712,target,0.0780326554775238,0.05281897954190193,EURNZD,0.051707737671295856,1,7,28,1.0,3.0
2015-03-26,2015-04-10,1,1.4443999528884888,1.4264585290636336,stop,-0.01895250379187714,-0.01289215205775683,EURNZD,-0.01242136832597939,1,7,28,1.0,3.0
2015-04-24,2015-05-04,1,1.4265400171279907,1.4847700340407235,target,0.05723143890074318,0.040440517770316965,EURNZD,0.04081905604720818,1,7,28,1.0,3.0
2015-05-22,2015-06-01,-1,1.5104000568389893,1.5321850606373377,stop,-0.02284228383813576,-0.014224710665936368,EURNZD,-0.014423333539817776,1,7,28,1.0,3.0
2015-06-26,2015-07-03,-1,1.6265499591827393,1.6476356898035323,stop,-0.022224315592220913,-0.012871249667186469,EURNZD,-0.012963469398374663,1,7,28,1.0,3.0
2015-07-10,2015-07-16,-1,1.6390899419784546,1.6611942393439156,stop,-0.02325166032484596,-0.013424704039670256,EURNZD,-0.013485713504397551,1,7,28,1.0,3.0
2015-07-17,2015-07-21,1,1.6684600114822388,1.6462557230676924,stop,-0.023372210422583924,-0.01353600821063896,EURNZD,-0.013308253276517157,1,7,28,1.0,3.0
2015-07-22,2015-07-28,-1,1.649899959564209,1.6708621042115348,stop,-0.022117074619020766,-0.012705100406731683,EURNZD,-0.012705100406731683,1,7,28,1.0,3.0
2015-07-30,2015-08-06,-1,1.6490000486373901,1.6704550555774145,stop,-0.022609306974070507,-0.012919955313299834,EURNZD,-0.01301091953135668,1,7,28,1.0,3.0
2015-08-11,2015-08-13,-1,1.6656500101089478,1.6839478611946106,stop,-0.019463806092739105,-0.01104544830787079,EURNZD,-0.01098541168589553,1,7,28,1.0,3.0
2015-09-17,2015-10-16,-1,1.7770999670028687,1.6834014398711068,target,0.09245455715485985,0.053597731641625825,EURNZD,0.052725524096310226,1,7,28,1.0,3.0
2015-11-04,2015-11-26,1,1.6454800367355347,1.6199871727398463,stop,-0.026644700021403272,-0.016015304596444575,EURNZD,-0.015492660759509214,1,7,28,1.0,3.0
2015-12-07,2015-12-30,1,1.6171000003814697,1.5952550172805786,stop,-0.02297695310115814,-0.014077659449335794,EURNZD,-0.013508739778453984,1,7,28,1.0,3.0
2016-01-06,2016-01-08,1,1.6048500537872314,1.6482514909335546,target,0.0422780421086721,0.026832062624607158,EURNZD,0.02704392042353214,1,7,28,1.0,3.0
2016-01-25,2016-06-27,-1,1.6677800416946411,1.5715272596904208,target,0.09508533597503402,0.06346927014228006,EURNZD,0.05771311539764995,1,7,28,1.0,3.0
2016-07-18,2016-08-11,1,1.5626200437545776,1.5418800541332789,stop,-0.021833823651926952,-0.013874127436127889,EURNZD,-0.013272573652303755,1,7,28,1.0,3.0
2016-08-18,2016-08-25,1,1.555459976196289,1.5417942489896501,stop,-0.014754549189976348,-0.009094240561065935,EURNZD,-0.00878565017150555,1,7,28,1.0,3.0
2016-09-14,2016-09-20,1,1.5477999448776245,1.5318356582096644,stop,-0.01704774662937446,-0.010585532530985802,EURNZD,-0.010314179633351989,1,7,28,1.0,3.0
2016-09-21,2016-09-26,-1,1.5226000547409058,1.5394093309129988,stop,-0.017875096210411678,-0.011072688536689903,EURNZD,-0.01103984997225907,1,7,28,1.0,3.0
2016-10-17,2016-11-09,-1,1.546910047531128,1.5050986494336809,target,0.040728561064175266,0.02783704079378962,EURNZD,0.027028978293972647,1,7,28,1.0,3.0
2016-11-16,2016-11-30,1,1.512179970741272,1.4936535358428955,stop,-0.019584960877895352,-0.012687930847921003,EURNZD,-0.012251474862013143,1,7,28,1.0,3.0
2016-12-07,2016-12-09,1,1.5045599937438965,1.4915757179260254,stop,-0.01403746781349182,-0.008855928559362672,EURNZD,-0.008629948870009138,1,7,28,1.0,3.0
2016-12-19,2017-01-20,1,1.5005500316619873,1.4836293118340629,stop,-0.017971104850087814,-0.012036066406876574,EURNZD,-0.01127634498743323,1,7,28,1.0,3.0
2017-02-02,2017-02-07,1,1.4839999675750732,1.4726028272083826,stop,-0.012435940343993146,-0.007949555676856035,EURNZD,-0.007680013891990891,1,7,28,1.0,3.0
2017-02-10,2017-02-16,1,1.4812599420547485,1.4686985186168127,stop,-0.013598305397374192,-0.008790775385360813,EURNZD,-0.008480228946521791,1,7,28,1.0,3.0
2017-02-23,2017-03-03,-1,1.4692399501800537,1.4810863733291626,stop,-0.012874891114234925,-0.00792683533256881,EURNZD,-0.00806296013640054,1,7,28,1.0,3.0
2017-03-21,2017-03-27,-1,1.5230799913406372,1.5382378441946847,stop,-0.016224008847985916,-0.009886449129171035,EURNZD,-0.009952105562561627,1,7,28,1.0,3.0
2017-03-28,2017-03-31,1,1.540910005569458,1.5281478592327662,stop,-0.013840783340590435,-0.008541800811934905,EURNZD,-0.008282213945372782,1,7,28,1.0,3.0
2017-04-21,2017-04-26,1,1.53302001953125,1.565160802432469,target,0.031067668887547147,0.02067864900480043,EURNZD,0.02096566417380947,1,7,28,1.0,3.0
2017-05-25,2017-06-19,-1,1.593000054359436,1.54605861221041,target,0.045826342110974354,0.030252002827711327,EURNZD,0.029467319866414984,1,7,28,1.0,3.0
2017-08-25,2017-10-25,1,1.6369999647140503,1.6978857006345476,target,0.05973983594519745,0.036045044100415945,EURNZD,0.03719348639762051,2,9,28,1.5,4.0
2017-11-03,2017-11-20,-1,1.6866400241851807,1.7185910599572318,stop,-0.033131683788980786,-0.01849893001746146,EURNZD,-0.018943601073078277,2,9,28,1.5,4.0
2017-12-07,2018-08-10,-1,1.7141400575637817,1.7383886064801897,stop,-0.025448446956702578,-0.005103753848936819,EURNZD,-0.014146188818941164,2,9,28,1.5,4.0
2018-08-20,2018-08-28,-1,1.7254999876022339,1.7415703407355718,stop,-0.017278203124659497,-0.009197538827798824,EURNZD,-0.009313447260970081,2,9,28,1.5,4.0
2018-09-20,2018-10-05,-1,1.7573299407958984,1.7732267422335488,stop,-0.017126932396207505,-0.008676117719103487,EURNZD,-0.009045997037102026,2,9,28,1.5,4.0
2018-10-08,2018-10-16,1,1.789199948310852,1.768874934741429,stop,-0.021577453533240663,-0.011639288045521994,EURNZD,-0.011359833532642066,2,9,28,1.5,4.0
2018-10-17,2018-11-07,-1,1.7582299709320068,1.7033070496150426,target,0.053692160337311785,0.03183481242063797,EURNZD,0.03123762091704677,2,9,28,1.5,4.0
2018-11-23,2018-12-03,1,1.6741000413894653,1.6534364691802435,stop,-0.021835442238194506,-0.012665654193296235,EURNZD,-0.01234309282500918,2,9,28,1.5,4.0
2018-12-10,2018-12-12,1,1.6655399799346924,1.645161360502243,stop,-0.021544497418403624,-0.012463597201229182,EURNZD,-0.012235442966219525,2,9,28,1.5,4.0
2019-01-08,2019-03-27,-1,1.6996599435806274,1.6364456074578422,target,0.06202457416227882,0.04001643762898907,EURNZD,0.03719234330463383,2,9,28,1.5,4.0
2019-04-01,2019-05-08,1,1.644610047340393,1.6955557039805822,target,0.049794429607050855,0.03019904731854626,EURNZD,0.030977347318640488,2,9,28,1.5,4.0
2019-05-28,2019-06-17,-1,1.7097699642181396,1.7216446271964483,stop,-0.013071501953261334,-0.0063603076471644,EURNZD,-0.006945181648303664,2,9,28,1.5,4.0
2019-06-27,2019-08-08,-1,1.7026300430297852,1.723582923412323,stop,-0.02214472141265869,-0.01089660108987827,EURNZD,-0.012306185050777529,2,9,28,1.5,4.0
2019-08-22,2019-09-23,-1,1.7313799858093262,1.7564278585570199,stop,-0.02625983873776024,-0.013485123392355634,EURNZD,-0.014466999129590371,2,9,28,1.5,4.0
2019-09-30,2019-12-23,-1,1.7405799627304077,1.6777257067816598,target,0.061635849974836655,0.03904115720265426,EURNZD,0.03611109934308902,2,9,28,1.5,4.0
2020-01-06,2020-02-03,1,1.6770199537277222,1.7154056855610438,target,0.037211817865712205,0.022281029960474902,EURNZD,0.022889251703891084,2,9,28,1.5,4.0
2020-02-13,2020-02-24,-1,1.6869900226593018,1.7101768127509527,stop,-0.02436768310751243,-0.013537003648457828,EURNZD,-0.013744473755156073,2,9,28,1.5,4.0
2020-03-27,2021-02-22,-1,1.8476799726486206,1.661317127091544,target,0.18506946957622245,0.11222876722521653,EURNZD,0.10086316262330226,2,9,28,1.5,4.0
2021-03-04,2021-10-18,1,1.6654000282287598,1.6434378836836134,stop,-0.023127924564906463,-0.016874110765468426,EURNZD,-0.013187308858463408,2,9,28,1.5,4.0
2021-11-04,2021-12-06,1,1.6186800003051758,1.6720057215009416,target,0.052192645195552216,0.03226438899962904,EURNZD,0.03294395506567829,2,9,28,1.5,4.0
2021-12-20,2021-12-27,-1,1.6700899600982666,1.6613199710845947,eod,0.007600926041603088,0.005341023074677384,EURNZD,0.0052512075536073856,2,9,28,1.5,4.0
2022-03-16,2022-04-06,1,1.6220999956130981,1.5725571257727486,stop,-0.050678339837278666,-0.03106027370483193,EURNZD,-0.030542426468365778,3,7,28,2.0,4.0
2022-04-12,2022-05-10,1,1.5955300331115723,1.6680871418544225,target,0.07144023771967216,0.0448359524786506,EURNZD,0.04547523847066092,3,7,28,2.0,4.0
2022-05-20,2022-09-27,-1,1.6575700044631958,1.694875717163086,stop,-0.03846601170301438,-0.017679924601061298,EURNZD,-0.022506266763660215,3,7,28,2.0,4.0
2022-10-19,2023-04-24,-1,1.7320300340652466,1.7816543068204607,stop,-0.050836693779059756,-0.021924719553554562,EURNZD,-0.02865093086102034,3,7,28,2.0,4.0
2023-05-03,2023-07-24,-1,1.7682499885559082,1.8021599905831474,stop,-0.035147777019228284,-0.01640605243319187,EURNZD,-0.019177153822538814,3,7,28,2.0,4.0
2023-07-28,2023-08-11,-1,1.7742400169372559,1.8124871424266271,stop,-0.03948909350122734,-0.021218733164613663,EURNZD,-0.02155690612558415,3,7,28,2.0,4.0
2023-08-24,2023-10-02,-1,1.8186700344085693,1.7631900991712297,target,0.05420686621325363,0.03168795556478218,EURNZD,0.03050577300317244,3,7,28,2.0,4.0
2023-10-13,2023-12-22,1,1.7792400121688843,1.749177166393825,stop,-0.03130831378357757,-0.018076732512244377,EURNZD,-0.016896453299975477,3,7,28,2.0,4.0
2024-01-01,2024-03-29,1,1.7461899518966675,1.806301304272243,target,0.05888901940924775,0.03294678927288884,EURNZD,0.03442429176177768,3,7,28,2.0,4.0
2024-04-04,2024-05-28,-1,1.8019299507141113,1.769392830984933,target,0.03127576876367851,0.019777194843259734,EURNZD,0.018056817201070337,3,7,28,2.0,4.0
2024-06-21,2024-07-16,1,1.7487200498580933,1.790171469960894,target,0.040227316067900004,0.023177763705568396,EURNZD,0.02370386278018852,3,7,28,2.0,4.0
2024-08-02,2024-10-01,-1,1.8171700239181519,1.7583386387143816,target,0.05755936618702758,0.034301350112177394,EURNZD,0.032375278278539414,3,7,28,2.0,4.0
2024-10-07,2024-12-23,1,1.7808500528335571,1.8432128940309798,target,0.06111624616043915,0.033738293182979245,EURNZD,0.03501858064815479,3,7,28,2.0,4.0
2025-01-03,2025-03-05,-1,1.8357499837875366,1.8681214026042394,stop,-0.033656443805354076,-0.01564560483200686,EURNZD,-0.01763389301516636,3,7,28,2.0,4.0
2025-03-18,2025-04-07,-1,1.8744900226593018,1.909577182361058,stop,-0.03639930271761765,-0.018184764543797017,EURNZD,-0.018718242976817064,3,7,28,2.0,4.0
2025-04-16,2025-08-21,-1,1.9155100584030151,1.9874400070735387,stop,-0.07327080571140572,-0.03345320395965337,EURNZD,-0.03755132913814742,3,7,28,2.0,4.0
2025-09-01,2025-09-23,-1,1.9816999435424805,2.0073242017201016,stop,-0.027011448138100885,-0.012375364018924917,EURNZD,-0.012930443007338088,3,7,28,2.0,4.0
2025-10-06,2025-10-16,-1,2.01065993309021,2.0354941742760793,stop,-0.026241703139032443,-0.012152348979429847,EURNZD,-0.012351288637706737,3,7,28,2.0,4.0
2025-10-22,2025-11-07,-1,2.0199999809265137,2.047044277191162,stop,-0.028458296251296995,-0.01304173094722758,EURNZD,-0.013388265603965019,3,7,28,2.0,4.0
2025-11-27,2026-01-30,-1,2.033519983291626,1.9741456508636475,target,0.057950868439674376,0.03106649206649017,EURNZD,0.029197811143153972,3,7,28,2.0,4.0
2026-02-13,2026-07-07,1,1.9672900438308716,2.0067501068115234,eod,0.03808295994997024,0.01803499341234001,EURNZD,0.0200580809649257,3,7,28,2.0,4.0
2008-09-08,2008-09-09,1,1.5050041675567627,1.480166256427765,stop,-0.025891414046287534,-0.01650354973389867,EURUSD,-0.01650354973389867,0,9,21,1.0,3.0
2008-09-10,2008-09-17,-1,1.3984057903289795,1.4298070669174194,stop,-0.03238016064167022,-0.022562318324652674,EURUSD,-0.022455053322578626,0,9,21,1.0,3.0
2008-09-30,2008-10-08,-1,1.409641981124878,1.4350637538092477,stop,-0.02640852207115715,-0.018161897153445884,EURUSD,-0.018034205156179768,0,9,21,1.0,3.0
2008-10-09,2008-10-21,1,1.3598041534423828,1.318561579499926,stop,-0.04219443684986656,-0.029756177637805224,EURUSD,-0.03032978965246587,0,9,21,1.0,3.0
2008-10-30,2008-11-11,1,1.2868025302886963,1.2577290449823653,stop,-0.02997424707753311,-0.021987433689599083,EURUSD,-0.022593587300304998,0,9,21,1.0,3.0
2008-11-17,2008-12-08,1,1.2643983364105225,1.3526253359658378,target,0.08734192071982795,0.07101164005815605,EURUSD,0.0697778516585061,0,9,21,1.0,3.0
2008-12-24,2009-09-10,-1,1.4008938074111938,1.4565287572996957,stop,-0.05661557555368965,-0.04214091716030674,EURUSD,-0.039713895224730414,0,9,21,1.0,3.0
2009-09-24,2009-10-06,-1,1.4650940895080566,1.471533817904336,stop,-0.007465294258935016,-0.004531946749241776,EURUSD,-0.0043954367452548266,0,9,21,1.0,3.0
2009-10-07,2009-10-14,1,1.4711507558822632,1.4926950250353133,target,0.020514463623932493,0.014970776492475723,EURUSD,0.014644501297305709,0,9,21,1.0,3.0
2009-10-27,2009-11-09,-1,1.4817010164260864,1.4891530871391296,stop,-0.008489261424541473,-0.005184629441351556,EURUSD,-0.005029402443833009,0,9,21,1.0,3.0
2009-11-19,2009-11-25,-1,1.4916245937347412,1.5050707118851798,stop,-0.01449025536605293,-0.009108269069512715,EURUSD,-0.009014411673631713,0,9,21,1.0,3.0
2009-12-04,2009-12-17,-1,1.485707402229309,1.4428570696285792,target,0.04181033741916938,0.028686895237095774,EURUSD,0.028841703646648613,0,9,21,1.0,3.0
2009-12-28,2010-01-20,1,1.437504529953003,1.4261674455233984,stop,-0.012343337600571673,-0.0066344726092211845,EURUSD,-0.00788664257633694,0,9,21,1.0,3.0
2010-02-17,2010-02-18,1,1.3606922626495361,1.3466253195490157,stop,-0.015019427684375154,-0.010338078261082611,EURUSD,-0.010338078261082611,0,9,21,1.0,3.0
2010-02-26,2010-03-23,1,1.3631035089492798,1.347930439880916,stop,-0.016127241524628293,-0.00981075096686689,EURUSD,-0.011131266971838144,0,9,21,1.0,3.0
2010-04-01,2010-04-06,1,1.3584003448486328,1.346062958240509,stop,-0.01328826684951782,-0.008905612144460841,EURUSD,-0.009082290544838266,0,9,21,1.0,3.0
2010-04-07,2010-04-09,-1,1.3348461389541626,1.34665048122406,stop,-0.012738734567165374,-0.00890315514506317,EURUSD,-0.00884322314416404,0,9,21,1.0,3.0
2010-04-12,2010-04-20,1,1.3596007823944092,1.3470988188471114,stop,-0.01345368409497391,-0.008798144059781627,EURUSD,-0.009195319471117446,0,9,21,1.0,3.0
2010-05-21,2010-05-26,1,1.2567076683044434,1.2337081176894051,stop,-0.023879245982851335,-0.018014969738812548,EURUSD,-0.018301432540846464,0,9,21,1.0,3.0
2010-06-11,2010-07-06,1,1.2114017009735107,1.2599024517195565,target,0.04765276955536431,0.04152276714290801,EURUSD,0.040036885128252195,0,9,21,1.0,3.0
2010-08-12,2010-09-16,-1,1.284406065940857,1.3005037988935197,stop,-0.01699681719882141,-0.012930282247224726,EURUSD,-0.012533211559438451,0,9,21,1.0,3.0
2010-10-19,2010-11-04,-1,1.3935922384262085,1.4112925274031503,stop,-0.018675803543840103,-0.012902116186616394,EURUSD,-0.012701196583105825,0,9,21,1.0,3.0
2010-11-10,2010-11-30,-1,1.377201795578003,1.3196596247809274,target,0.05657812954017097,0.04156411281256818,EURUSD,0.04178194581348588,0,9,21,1.0,3.0
2010-12-06,2010-12-13,1,1.341597557067871,1.3207652568817139,stop,-0.021771418476104736,-0.015170197708646848,EURUSD,-0.015527980113266802,0,9,21,1.0,3.0
2010-12-20,2011-01-03,-1,1.3164995908737183,1.3340124317577906,stop,-0.018434390597683946,-0.013484881428858142,EURUSD,-0.01330257981504547,0,9,21,1.0,3.0
2011-01-07,2011-01-14,-1,1.2979933023452759,1.3129130687032426,stop,-0.015828361669608458,-0.011610049397587799,EURUSD,-0.011494486397586972,0,9,21,1.0,3.0
2011-02-07,2011-02-24,-1,1.357496738433838,1.373924698148455,stop,-0.017378207431520763,-0.012315285364077421,EURUSD,-0.012101656858174286,0,9,21,1.0,3.0
2011-03-11,2011-03-15,-1,1.3801289796829224,1.393574936049325,stop,-0.01441204665218071,-0.009814993066455847,EURUSD,-0.009742536070427132,0,9,21,1.0,3.0
2011-03-16,2011-04-11,1,1.3986209630966187,1.438256093433925,target,0.03865609566313874,0.029668603168533966,EURUSD,0.028338721771731603,0,9,21,1.0,3.0
2011-04-19,2011-04-21,-1,1.4223941564559937,1.4365432092121668,stop,-0.015144728665692369,-0.010017654172367949,EURUSD,-0.009947350171507064,0,9,21,1.0,3.0
2011-04-22,2011-05-09,1,1.455498218536377,1.4390750527381897,stop,-0.01744201455116272,-0.010459075527756673,EURUSD,-0.011283535485671771,0,9,21,1.0,3.0
2011-05-30,2011-07-12,1,1.4297356605529785,1.411928926195417,stop,-0.0188075493199485,-0.01018841087864273,EURUSD,-0.012454564049045479,0,9,21,1.0,3.0
2011-07-21,2011-09-06,1,1.427001714706421,1.4064795885767256,stop,-0.021521027329989777,-0.011942610828047522,EURUSD,-0.014381290448496294,0,9,21,1.0,3.0
2011-09-30,2011-10-03,1,1.3585848808288574,1.340379195553916,stop,-0.019156694691521682,-0.013312149671434303,EURUSD,-0.013400476872548736,0,9,21,1.0,3.0
2011-10-11,2011-11-24,1,1.3635495901107788,1.341952988079616,stop,-0.022551086744240414,-0.013330356419003542,EURUSD,-0.015838516023028028,0,9,21,1.0,3.0
2011-12-02,2011-12-13,1,1.346692442893982,1.3301966871534074,stop,-0.01743844045060028,-0.011714445880956381,EURUSD,-0.0122490891128236,0,9,21,1.0,3.0
2011-12-26,2012-01-06,1,1.3044953346252441,1.2916338358606612,stop,-0.01377464549882065,-0.009215440213158385,EURUSD,-0.009859367391511473,0,9,21,1.0,3.0
2012-01-19,2012-02-24,1,1.2866039276123047,1.3350407906941004,target,0.047536240332467124,0.03974561400313471,EURUSD,0.03764706608014594,0,9,21,1.0,3.0
2012-03-05,2012-03-27,-1,1.318617582321167,1.3318471823419844,stop,-0.014152632328442228,-0.01029077740411348,EURUSD,-0.010032931608214493,0,9,21,1.0,3.0
2012-04-04,2012-05-15,-1,1.3225239515304565,1.2883909770420618,target,0.03320720772232338,0.025377970999734874,EURUSD,0.025808965084447202,0,9,21,1.0,3.0
2012-06-06,2012-07-09,1,1.2462612390518188,1.2338742443493433,stop,-0.013259377569811779,-0.008013564403297833,EURUSD,-0.00993932436821977,0,9,21,1.0,3.0
2012-07-19,2012-07-23,1,1.2277470827102661,1.215255149773189,stop,-0.013351355894974362,-0.010028069388606032,EURUSD,-0.010174679388772066,0,9,21,1.0,3.0
2012-07-30,2012-09-10,1,1.230466365814209,1.2678821342332023,target,0.03655444196292335,0.03299218048282918,EURUSD,0.03040779452287995,0,9,21,1.0,3.0
2012-09-24,2012-10-17,-1,1.2968486547470093,1.3104373386928014,stop,-0.014496478004115063,-0.010763541215621057,EURUSD,-0.010478234214957837,0,9,21,1.0,3.0
2012-10-25,2012-12-05,-1,1.2965123653411865,1.3074567232813155,stop,-0.011851916595867765,-0.00889645039142653,EURUSD,-0.00844138338568707,0,9,21,1.0,3.0
2012-12-10,2012-12-12,-1,1.2906056642532349,1.3005734767232622,stop,-0.010871236435004579,-0.007800843238862362,EURUSD,-0.007723360237842169,0,9,21,1.0,3.0
2012-12-14,2012-12-31,1,1.3078734874725342,1.3227688074111938,eod,0.013979808497428897,0.012306480781840665,EURUSD,0.011388960844710506,0,9,21,1.0,3.0
2013-04-05,2013-06-19,1,1.2928247451782227,1.338200330734253,target,0.044470608234405525,0.039553377785154456,EURUSD,0.035098017519594286,1,9,28,1.0,4.0
2013-06-24,2013-07-26,-1,1.3105300664901733,1.323475990976606,stop,-0.013863295532975845,-0.010244652015035166,EURUSD,-0.009878388003034646,1,9,28,1.0,4.0
2013-08-14,2013-08-16,-1,1.326559066772461,1.3349502767835344,stop,-0.00931980135781418,-0.006385852106596388,EURUSD,-0.006325545707881221,1,9,28,1.0,4.0
2013-08-21,2013-08-30,1,1.3421016931533813,1.3331984962735857,stop,-0.00984266806500305,-0.006186712171032748,EURUSD,-0.006633772183743297,1,9,28,1.0,4.0
2013-09-12,2013-10-21,1,1.3315579891204834,1.3679984637669154,target,0.03550838405404763,0.02952967498802197,EURUSD,0.027366795095797154,1,9,28,1.0,4.0
2013-11-01,2013-12-09,-1,1.3579760789871216,1.3684428334236145,stop,-0.011417337691783904,-0.008105263860540581,EURUSD,-0.007707613262451423,1,9,28,1.0,4.0
2013-12-20,2013-12-30,-1,1.3655791282653809,1.373223500592368,stop,-0.008600277716772992,-0.005729709956043404,EURUSD,-0.005597897748113246,1,9,28,1.0,4.0
2013-12-31,2014-01-03,1,1.3810056447982788,1.3733682462147303,stop,-0.0086041025349073,-0.0053565303019663104,EURUSD,-0.005530316702408618,1,9,28,1.0,4.0
2014-01-06,2014-01-24,-1,1.3596007823944092,1.3688022238867623,stop,-0.010153162040029222,-0.00698840543149735,EURUSD,-0.0067677524251996725,1,9,28,1.0,4.0
2014-01-27,2014-01-31,1,1.3687942028045654,1.3600654602050781,stop,-0.009686898541450502,-0.00615778659948836,EURUSD,-0.006376957603708951,1,9,28,1.0,4.0
2014-02-03,2014-02-07,-1,1.3488178253173828,1.3583659785134452,stop,-0.01049232567378456,-0.007167871757468384,EURUSD,-0.007078904961695379,1,9,28,1.0,4.0
2014-02-11,2014-06-11,1,1.364610195159912,1.354847490787506,stop,-0.010717931509017946,-0.00033907439212103093,EURUSD,-0.007154207411781767,1,9,28,1.0,4.0
2014-06-20,2014-07-17,1,1.361136794090271,1.3541191731180464,stop,-0.007970416728087772,-0.0036569586494437705,EURUSD,-0.0051557058795952074,1,9,28,1.0,4.0
2014-08-18,2014-08-20,1,1.339046597480774,1.3329409956932068,stop,-0.00704293440580368,-0.004425239419386388,EURUSD,-0.004559663419520995,1,9,28,1.0,4.0
2014-10-09,2014-10-31,1,1.2743074893951416,1.2631817970957075,stop,-0.01201770754201065,-0.007459496533247239,EURUSD,-0.008730775257952015,1,9,28,1.0,4.0
2014-11-18,2014-12-04,1,1.2448959350585938,1.2336913091795785,stop,-0.012076053033556288,-0.007988319022462876,EURUSD,-0.00900045181566755,1,9,28,1.0,4.0
2014-12-12,2014-12-22,1,1.2394952774047852,1.2285329954964774,stop,-0.011829928602491074,-0.00831167499877717,EURUSD,-0.00884414979882795,1,9,28,1.0,4.0
2015-02-04,2015-02-27,1,1.145737886428833,1.1280898111207145,stop,-0.0184500918286187,-0.013936935748794729,EURUSD,-0.015403239708801163,1,9,28,1.0,4.0
2015-03-23,2015-04-13,1,1.0826611518859863,1.0637340971401759,stop,-0.019684917552130657,-0.01604108055004764,EURUSD,-0.017481974589038964,1,9,28,1.0,4.0
2015-04-21,2015-05-15,1,1.0747487545013428,1.1383504186357771,target,0.06284934000628342,0.060908806695763026,EURUSD,0.059178169658772,1,9,28,1.0,4.0
2015-05-21,2015-06-09,-1,1.1100751161575317,1.1275392089571272,stop,-0.01824114538090576,-0.015993595875791158,EURUSD,-0.015732352293461503,1,9,28,1.0,4.0
2015-06-25,2015-08-24,-1,1.1206992864608765,1.1342764496803284,stop,-0.014361652719974517,-0.01284658908360473,EURUSD,-0.012114903064075326,1,9,28,1.0,4.0
2015-09-01,2015-10-15,-1,1.1225864887237549,1.1407403179577418,stop,-0.018939639776093524,-0.016741542342410702,EURUSD,-0.016171430367584064,1,9,28,1.0,4.0
2015-10-23,2015-11-30,-1,1.108094573020935,1.0601429428373064,target,0.04717596398251404,0.04278662790881925,EURUSD,0.043273950934441356,1,9,28,1.0,4.0
2015-12-03,2015-12-10,1,1.0613007545471191,1.0991133962358748,target,0.03706973116057266,0.036080857876235065,EURUSD,0.03562858268662133,1,9,28,1.0,4.0
2015-12-21,2016-02-04,-1,1.0869920253753662,1.1006238801138741,stop,-0.014392749156270677,-0.013138877199743973,EURUSD,-0.012540896731786502,1,9,28,1.0,4.0
2016-02-18,2016-03-18,-1,1.112297534942627,1.1258751324244909,stop,-0.014356205756323773,-0.012593390744668382,EURUSD,-0.012206803535318701,1,9,28,1.0,4.0
2016-03-28,2016-03-30,-1,1.1159967184066772,1.1274483374186925,stop,-0.012232816714899975,-0.010350943530109744,EURUSD,-0.010261337531856657,1,9,28,1.0,4.0
2016-04-14,2016-05-02,-1,1.1279042959213257,1.1377674426351274,stop,-0.010652679720946657,-0.008992914337218945,EURUSD,-0.008744666324499672,1,9,28,1.0,4.0
2016-05-11,2016-07-25,-1,1.1374363899230957,1.1010681220463343,target,0.035572062403815226,0.031085929894639677,EURUSD,0.031973891638213126,1,9,28,1.0,4.0
2016-07-29,2016-10-17,1,1.108438491821289,1.1001929300171989,stop,-0.009021468748365097,-0.0019717483831683535,EURUSD,-0.007438898833747472,1,9,28,1.0,4.0
2016-11-01,2016-11-11,1,1.0973334312438965,1.0898184606007166,stop,-0.00828310404505058,-0.00613757901784268,EURUSD,-0.0068483930491948656,1,9,28,1.0,4.0
2016-12-01,2016-12-16,1,1.0592098236083984,1.049411518233163,stop,-0.010539752251761394,-0.008230952150287808,EURUSD,-0.009250580155927687,1,9,28,1.0,4.0
2016-12-29,2017-01-24,1,1.0416991710662842,1.075850009918213,target,0.033421649432182315,0.03456932658885385,EURUSD,0.03278378230537698,1,9,28,1.0,4.0
2017-02-08,2017-03-17,-1,1.0678056478500366,1.0767162953104292,stop,-0.009658111413887631,-0.008841166442040076,EURUSD,-0.008344821436685287,1,9,28,1.0,4.0
2017-03-31,2017-04-24,-1,1.0687072277069092,1.0760922517095293,stop,-0.008133119062014926,-0.007247096119335075,EURUSD,-0.0069102405328219756,1,9,28,1.0,4.0
2017-05-11,2017-05-16,-1,1.087074637413025,1.0951764753886633,stop,-0.008862790221827467,-0.0075540700638371434,EURUSD,-0.007452881059683967,1,9,28,1.0,4.0
2017-05-17,2017-06-30,1,1.1093976497650146,1.144164800643921,eod,0.03399057252407074,0.034313350931444095,EURUSD,0.031338763775342775,1,9,28,1.0,4.0
2017-08-25,2017-10-30,1,1.1802195310592651,1.162067208971296,stop,-0.018978475759710615,-0.011160908408410062,EURUSD,-0.015380462371841232,2,5,21,2.0,4.0
2017-11-10,2018-01-01,1,1.164686679840088,1.1958163125174386,target,0.03031435200146263,0.0300764431187281,EURUSD,0.02672790306284331,2,5,21,2.0,4.0
2018-01-09,2018-01-15,-1,1.1970456838607788,1.2120855024882726,stop,-0.01587775060619636,-0.012681068761331661,EURUSD,-0.012564114160611274,2,5,21,2.0,4.0
2018-02-06,2018-05-09,-1,1.2367818355560303,1.192155156816755,target,0.043760931454386066,0.035064129737787234,EURUSD,0.036082902785528136,2,5,21,2.0,4.0
2018-05-14,2018-05-24,1,1.1952143907546997,1.1749625376292638,stop,-0.021088503198964163,-0.016291514958367153,EURUSD,-0.016944117542500598,2,5,21,2.0,4.0
2018-06-01,2018-08-13,1,1.1693171262741089,1.146831444331578,stop,-0.02330420393092285,-0.014509051104545197,EURUSD,-0.019229755074381703,2,5,21,2.0,4.0
2018-08-21,2018-11-13,1,1.149134635925293,1.130345344543457,stop,-0.01959368562698364,-0.010764005361196061,EURUSD,-0.01635081808034325,2,5,21,2.0,4.0
2018-11-19,2019-03-08,1,1.141396164894104,1.1228601251329695,stop,-0.01933501707656036,-0.008880387084597301,EURUSD,-0.016239795025817544,2,5,21,2.0,4.0
2019-03-14,2019-04-03,1,1.133105993270874,1.120564443724496,stop,-0.013334723741667706,-0.00974449840698933,EURUSD,-0.011068293364308401,2,5,21,2.0,4.0
2019-04-09,2019-08-01,1,1.1256444454193115,1.1129965782165527,stop,-0.013435818314552306,-0.0034006006233459254,EURUSD,-0.011236112126016273,2,5,21,2.0,4.0
2019-08-06,2019-08-19,1,1.1243788003921509,1.1108570950371879,stop,-0.014308770515237504,-0.011172129313165491,EURUSD,-0.012025934098230079,2,5,21,2.0,4.0
2019-08-26,2019-09-02,1,1.1143054962158203,1.103034564426967,stop,-0.012050945636204373,-0.009683997633951629,EURUSD,-0.010114759217404352,2,5,21,2.0,4.0
2019-09-06,2019-10-01,1,1.1036310195922852,1.0913465874535697,stop,-0.01305697385243004,-0.009499943325794439,EURUSD,-0.011130923216759242,2,5,21,2.0,4.0
2019-10-04,2020-02-14,1,1.0975382328033447,1.0848253795078822,stop,-0.013481130058424908,-0.0022895360000755576,EURUSD,-0.011583061906637413,2,5,21,2.0,4.0
2020-02-25,2020-03-03,1,1.0849199295043945,1.1080896854400635,target,0.02241031198501587,0.021798618766707013,EURUSD,0.02135618980310666,2,5,21,2.0,4.0
2020-03-13,2020-07-22,-1,1.1184931993484497,1.147822652544294,stop,-0.030112398435388262,-0.027786895095963843,EURUSD,-0.026222290142603896,2,5,21,2.0,4.0
2020-08-10,2020-12-02,-1,1.1782727241516113,1.201684628214155,stop,-0.02423669496944969,-0.021176679686368553,EURUSD,-0.01986968176607905,2,5,21,2.0,4.0
2020-12-23,2021-01-07,-1,1.2186651229858398,1.2338722433362688,stop,-0.016060185936519013,-0.012683648739005168,EURUSD,-0.012478506247204405,2,5,21,2.0,4.0
2021-01-11,2021-03-25,-1,1.2186205387115479,1.1819522380828857,target,0.035815266251564025,0.0292612010842717,EURUSD,0.03009000707261314,2,5,21,2.0,4.0
2021-04-06,2021-04-29,1,1.1818934679031372,1.210997326033456,target,0.028276532702786485,0.02614775271171177,EURUSD,0.0246247728079532,2,5,21,2.0,4.0
2021-05-03,2021-05-19,-1,1.2027760744094849,1.2172007390430994,stop,-0.015266607885701219,-0.012225604538096574,EURUSD,-0.011992809751138853,2,5,21,2.0,4.0
2021-05-28,2021-06-21,-1,1.2193188667297363,1.1895791462489538,target,0.028886197274071736,0.024095190587495933,EURUSD,0.02439043739275987,2,5,21,2.0,4.0
2021-06-29,2021-07-14,1,1.1928904056549072,1.1783326353345598,stop,-0.015392793604305875,-0.011197818556528592,EURUSD,-0.012203778529306803,2,5,21,2.0,4.0
2021-07-27,2021-08-20,1,1.1807769536972046,1.1681454181671143,stop,-0.013458079397678376,-0.009122413421402666,EURUSD,-0.010697647418116471,2,5,21,2.0,4.0
2021-08-25,2021-09-30,1,1.175309181213379,1.163399270602635,stop,-0.01273262703759323,-0.007836159844540341,EURUSD,-0.010133427698104238,2,5,21,2.0,4.0
2021-10-14,2021-11-12,1,1.1599582433700562,1.1478698423930578,stop,-0.012900371747357408,-0.008559274468495637,EURUSD,-0.010421410465498854,2,5,21,2.0,4.0
2021-11-30,2022-01-03,1,1.1293437480926514,1.1373459100723267,eod,0.007211621356010437,0.009370186887338339,EURUSD,0.007085674307039061,2,5,21,2.0,4.0
2022-03-16,2022-04-26,1,1.0969363451004028,1.0750035771301814,stop,-0.022700623411791757,-0.017259677879019095,EURUSD,-0.01999456765945153,3,7,21,1.5,3.0
2022-05-06,2022-07-06,1,1.0539740324020386,1.036893904209137,stop,-0.017817910015583038,-0.011765117366925393,EURUSD,-0.016205454468337786,3,7,21,1.5,3.0
2022-07-19,2022-09-05,1,1.0145177841186523,0.9938266043152127,stop,-0.021401342252322653,-0.016787463039137543,EURUSD,-0.020395088314213,3,7,21,1.5,3.0
2022-09-09,2022-09-22,1,1.0012015104293823,0.985113588826997,stop,-0.016788762659685937,-0.015109767059677629,EURUSD,-0.016068614993884487,3,7,21,1.5,3.0
2022-10-03,2022-11-11,1,0.9792688488960266,1.019199596984046,target,0.039245259893792114,0.04383959332150418,EURUSD,0.04077608323090747,3,7,21,1.5,3.0
2022-11-23,2022-12-09,-1,1.0311086177825928,1.0547989862305778,stop,-0.024412144480432812,-0.02322778418775168,EURUSD,-0.022975628405600298,3,7,21,1.5,3.0
2022-12-21,2023-01-13,-1,1.062699317932129,1.0766885323183877,stop,-0.014733103908811265,-0.013493199952514294,EURUSD,-0.013163849971673944,3,7,21,1.5,3.0
2023-01-31,2023-02-02,-1,1.0850694179534912,1.0966713769095284,stop,-0.01236150754860466,-0.010784525637177982,EURUSD,-0.010692365634927982,3,7,21,1.5,3.0
2023-02-06,2023-04-05,-1,1.079086184501648,1.0935908683708735,stop,-0.015260044198376697,-0.01420153838435334,EURUSD,-0.01344163615246748,3,7,21,1.5,3.0
2023-04-11,2023-04-14,-1,1.086932897567749,1.1012039482593536,stop,-0.015031903719902038,-0.013230854198805991,EURUSD,-0.013129651999253334,3,7,21,1.5,3.0
2023-04-19,2023-07-13,-1,1.0975382328033447,1.112110904284886,stop,-0.01534094824450363,-0.01432539752294757,EURUSD,-0.013277598033482264,3,7,21,1.5,3.0
2023-07-24,2023-08-23,-1,1.112532615661621,1.0864581721169608,target,0.02529567071369713,0.02302354392498183,EURUSD,0.02343701494913373,3,7,21,1.5,3.0
2023-08-31,2023-09-04,1,1.0932546854019165,1.0824478992394038,stop,-0.011572064442294078,-0.009720320712465988,EURUSD,-0.009884966702465863,3,7,21,1.5,3.0
2023-09-14,2023-09-26,1,1.0734220743179321,1.0619307884148188,stop,-0.012242681355135876,-0.009978633903089267,EURUSD,-0.010705281899866885,3,7,21,1.5,3.0
2023-10-09,2023-11-15,1,1.056747317314148,1.0812435746192932,target,0.02375653418302536,0.0259061526408464,EURUSD,0.023180808603711894,3,7,21,1.5,3.0
2023-12-01,2023-12-27,-1,1.0892059803009033,1.1027554784502303,stop,-0.014311942335537564,-0.012807034116240578,EURUSD,-0.012439794120101835,3,7,21,1.5,3.0
2024-01-03,2024-04-15,-1,1.0941756963729858,1.0696415560586112,target,0.02376821732691353,0.02117040288059767,EURUSD,0.02242248698787708,3,7,21,1.5,3.0
2024-04-24,2024-07-18,1,1.0704345703125,1.0935382502419608,target,0.02235437573024208,0.02763707446483557,EURUSD,0.02158345831704221,3,7,21,1.5,3.0
2024-07-23,2024-08-14,-1,1.0889805555343628,1.0962515260492052,stop,-0.008033256903716432,-0.007007444234022948,EURUSD,-0.00667685981892901,3,7,21,1.5,3.0
2024-08-30,2024-10-18,-1,1.1080454587936401,1.085378008229392,target,0.021891818743092577,0.01983443042867175,EURUSD,0.020457148562232103,3,7,21,1.5,3.0
2024-10-29,2024-11-07,1,1.0816774368286133,1.0743908328669411,stop,-0.008043778167452163,-0.006070759856954084,EURUSD,-0.0067363926745443075,3,7,21,1.5,3.0
2024-11-08,2024-11-15,-1,1.0795172452926636,1.0547942008290971,target,0.02396738239186157,0.022762993894464865,EURUSD,0.0229019448937695,3,7,21,1.5,3.0
2024-11-28,2024-12-19,1,1.0562450885772705,1.0395202381270272,stop,-0.01746422201224739,-0.014357321623781357,EURUSD,-0.01583425156823324,3,7,21,1.5,3.0
2024-12-30,2025-01-03,1,1.0429377555847168,1.033100358077458,stop,-0.010567453936168062,-0.00914474277701422,EURUSD,-0.009432391774659153,3,7,21,1.5,3.0
2025-01-17,2025-03-05,1,1.0301949977874756,1.0593387825148446,target,0.028422648228917772,0.03178406495633548,EURUSD,0.02828958089484068,3,7,21,1.5,3.0
2025-03-21,2025-04-04,-1,1.0856702327728271,1.103476779801505,stop,-0.01856651619161888,-0.016622494090665633,EURUSD,-0.01640143248949505,3,7,21,1.5,3.0
2025-04-28,2025-06-13,-1,1.1343141794204712,1.1580864318779536,stop,-0.02456627238307671,-0.021539228637664554,EURUSD,-0.020957379259446254,3,7,21,1.5,3.0
2025-06-19,2025-06-26,-1,1.1477497816085815,1.1614589095115662,stop,-0.014512552750110624,-0.012075042944953497,EURUSD,-0.01194435243870938,3,7,21,1.5,3.0
2025-07-08,2025-07-31,-1,1.1736538410186768,1.1498335003852844,target,0.02299878294467926,0.019980627859606827,EURUSD,0.020295882653711073,3,7,21,1.5,3.0
2025-08-07,2026-03-16,1,1.1663167476654053,1.1482297437531608,stop,-0.018903425635610278,-0.001000589174922217,EURUSD,-0.015507797473069743,3,7,21,1.5,3.0
2026-03-20,2026-06-24,1,1.157755732536316,1.1413091165678841,stop,-0.017257044981207198,-0.007831199374473734,EURUSD,-0.014205600979752339,3,7,21,1.5,3.0
2026-07-01,2026-07-09,1,1.1413310766220093,1.1422044038772583,eod,7.439550161361696e-05,0.001238314880053945,EURUSD,0.0007651831034285029,3,7,21,1.5,3.0
2008-03-10,2008-03-13,1,2.192699909210205,2.1512035046304976,stop,-0.04303129451615463,-0.019084419351656865,GBPAUD,-0.018924798785919683,0,9,28,1.5,4.0
2008-03-20,2008-04-07,1,2.2030999660491943,2.1510500141552518,stop,-0.053592121870177006,-0.023861809588339264,GBPAUD,-0.023625778537541095,0,9,28,1.5,4.0
2008-04-28,2008-05-06,1,2.1208999156951904,2.0836141450064525,stop,-0.03877040062972458,-0.017768764291918638,GBPAUD,-0.01758016510482834,0,9,28,1.5,4.0
2008-05-26,2008-08-07,1,2.061800003051758,2.1395998682294572,target,0.0763566051755632,0.037127687003780545,GBPAUD,0.03773395337207515,0,9,28,1.5,4.0
2008-08-19,2008-09-05,-1,2.137700080871582,2.1731644017355785,stop,-0.03696071092060653,-0.016299910906954596,GBPAUD,-0.016589942238079032,0,9,28,1.5,4.0
2008-09-23,2008-10-06,-1,2.2093000411987305,2.2889714581625804,stop,-0.08121792699268905,-0.03588983636682852,GBPAUD,-0.0360618365446739,0,9,28,1.5,4.0
2008-10-20,2009-08-27,-1,2.4405999183654785,1.9480571065630232,target,0.49083439185959943,0.20826142293033553,GBPAUD,0.20181218891964958,0,9,28,1.5,4.0
2009-09-14,2009-09-15,1,1.9256999492645264,1.9097356966563634,stop,-0.01731224257264809,-0.008451084300219498,GBPAUD,-0.008290103873274793,0,9,28,1.5,4.0
2009-10-19,2010-01-06,1,1.766700029373169,1.7407071888446808,stop,-0.027229530549049377,-0.015465466731317367,GBPAUD,-0.014712650759229628,0,9,28,1.5,4.0
2010-01-15,2010-02-18,1,1.7645000219345093,1.7336107577596391,stop,-0.0321244141902243,-0.017925340766045107,GBPAUD,-0.017505958509994635,0,9,28,1.5,4.0
2010-03-16,2010-05-20,1,1.6572999954223633,1.733785629272461,target,0.075325523853302,0.04545684792022119,GBPAUD,0.04615074763854402,0,9,28,1.5,4.0
2010-06-11,2010-06-29,-1,1.711400032043457,1.7610714520726884,stop,-0.05086940005166184,-0.028684947475789726,GBPAUD,-0.029023851290876992,0,9,28,1.5,4.0
2010-07-09,2010-10-13,-1,1.7187999486923218,1.605885624885559,target,0.11171116384267805,0.06840489138728116,GBPAUD,0.06569369745017092,0,9,28,1.5,4.0
2010-10-20,2010-10-26,1,1.6166000366210938,1.5887857590402876,stop,-0.02894589760644089,-0.017428106484331192,GBPAUD,-0.017205416893928578,0,9,28,1.5,4.0
2010-10-28,2010-12-07,1,1.6210999488830566,1.5891071089676447,stop,-0.033127609879630045,-0.0202287588362496,GBPAUD,-0.019735266747405108,0,9,28,1.5,4.0
2011-01-06,2011-03-17,1,1.5509999990463257,1.6255829163960047,target,0.07349721735034662,0.0473132929689236,GBPAUD,0.048086987360115,0,9,28,1.5,4.0
2011-03-25,2011-07-04,-1,1.5794999599456787,1.4909285817827498,target,0.08746572819096696,0.05915250429391728,GBPAUD,0.056075581138966935,0,9,28,1.5,4.0
2011-07-14,2011-08-08,1,1.4997999668121338,1.5617999689919608,target,0.06095014220305854,0.04093212664240364,GBPAUD,0.04133884754752312,0,9,28,1.5,4.0
2011-08-24,2011-10-03,-1,1.567199945449829,1.6080213785171509,stop,-0.041918473029136656,-0.024962630442213845,GBPAUD,-0.026047367590741534,0,9,28,1.5,4.0
2011-10-11,2012-05-15,-1,1.5670000314712524,1.6083282487733024,stop,-0.04242511732407982,-0.019443660938183522,GBPAUD,-0.02637410113083851,0,9,28,1.5,4.0
2012-05-22,2012-07-02,-1,1.5956000089645386,1.5355371577399117,target,0.05894593121835166,0.0387834362477759,GBPAUD,0.0376427995031189,0,9,28,1.5,4.0
2012-07-17,2012-07-26,1,1.5258400440216064,1.5051507481506892,stop,-0.021757383901732402,-0.013841094257333713,GBPAUD,-0.013559282279934914,0,9,28,1.5,4.0
2012-08-14,2012-08-31,1,1.4908000230789185,1.5354000329971313,eod,0.04355644990205765,0.029561315559410852,GBPAUD,0.02991682937199143,0,9,28,1.5,4.0
2012-11-21,2013-01-21,1,1.5325000286102295,1.5097000428608485,stop,-0.023872735769408182,-0.015575846853998349,GBPAUD,-0.014877641320540484,1,9,28,2.0,4.0
2013-01-31,2013-02-20,1,1.5160000324249268,1.493108596120562,stop,-0.023952636327062304,-0.015469284830326141,GBPAUD,-0.015099891698385208,1,9,28,2.0,4.0
2013-03-21,2013-04-29,1,1.4542299509048462,1.504027145249503,target,0.04877923337902351,0.03369975588397406,GBPAUD,0.03424299871809974,1,9,28,2.0,4.0
2013-06-27,2013-08-05,-1,1.6491999626159668,1.6962999616350447,stop,-0.048254438992909085,-0.027552752879645245,GBPAUD,-0.028559301532100283,1,9,28,2.0,4.0
2013-08-14,2013-11-22,-1,1.6978199481964111,1.7442242418016707,stop,-0.04759276756899704,-0.024492758286551182,GBPAUD,-0.027331693006996817,1,9,28,2.0,4.0
2013-12-26,2014-01-20,-1,1.833240032196045,1.869714311191014,stop,-0.037757547017506256,-0.019383320444078665,GBPAUD,-0.01989607381160903,1,9,28,2.0,4.0
2014-02-04,2014-09-05,-1,1.863700032234192,1.7574029139110021,target,0.10499252830062585,0.06277679685551885,GBPAUD,0.05703552958346063,1,9,28,2.0,4.0
2014-09-12,2014-09-30,1,1.7857999801635742,1.860945667539324,target,0.07389562738963538,0.041788379552403394,GBPAUD,0.04207956557870874,1,9,28,2.0,4.0
2014-10-06,2014-12-09,-1,1.8418999910354614,1.8828014475958688,stop,-0.04219078655413216,-0.020588227778365435,GBPAUD,-0.022206122351634168,1,9,28,2.0,4.0
2014-12-26,2015-01-12,-1,1.9187999963760376,1.8492315667016166,target,0.06822526967695777,0.03653764321806965,GBPAUD,0.036256217326356144,1,9,28,2.0,4.0
2015-01-23,2015-02-12,1,1.871090054512024,1.9660157305853707,target,0.09361591303518838,0.050433529827059634,GBPAUD,0.05073282060606281,1,9,28,2.0,4.0
2015-02-23,2015-06-15,-1,1.9608999490737915,2.0085713863372803,stop,-0.04904406722784042,-0.021526563496228786,GBPAUD,-0.024310999286835527,1,9,28,2.0,4.0
2015-07-03,2015-07-13,-1,2.0434999465942383,2.0879599707467213,stop,-0.045890474115099035,-0.021668718037542188,GBPAUD,-0.02175680220916157,1,9,28,2.0,4.0
2015-08-05,2015-08-25,-1,2.1103999614715576,2.16058417728969,stop,-0.051661495791162575,-0.02346674408750454,GBPAUD,-0.02377948101512455,1,9,28,2.0,4.0
2015-09-15,2016-01-01,-1,2.1542999744415283,2.032431432179042,target,0.12036053228037703,0.05903009969419544,GBPAUD,0.05656990377771266,1,9,28,2.0,4.0
2016-01-07,2016-02-01,1,2.0660901069641113,2.01798871585301,stop,-0.049547654185976106,-0.02357660537016809,GBPAUD,-0.02328136171262194,1,9,28,2.0,4.0
2016-02-08,2016-02-18,1,2.047529935836792,1.9954684802464075,stop,-0.053494726545470196,-0.025641361658005728,GBPAUD,-0.02542646858499179,1,9,28,2.0,4.0
2016-03-22,2016-04-15,1,1.8975800275802612,1.8495843240192957,stop,-0.04932400958027168,-0.025619843618905933,GBPAUD,-0.025293111680864507,1,9,28,2.0,4.0
2016-04-25,2016-05-10,1,1.8729699850082397,1.9596928358078003,target,0.08541177181005478,0.046040700860020024,GBPAUD,0.04630231743899464,1,9,28,2.0,4.0
2016-06-02,2016-06-27,-1,1.9888399839401245,1.875757166317531,target,0.11169062963383544,0.057331318026250154,GBPAUD,0.05685868070620908,1,9,28,2.0,4.0
2016-07-15,2016-08-11,1,1.7540299892425537,1.6936328751700265,stop,-0.06162493506499702,-0.0348039169494983,GBPAUD,-0.034433341757519574,1,9,28,2.0,4.0
2016-08-19,2016-10-07,1,1.7142000198364258,1.6668585879462106,stop,-0.048541371904100725,-0.028159742930595366,GBPAUD,-0.027617215810517078,1,9,28,2.0,4.0
2016-10-25,2016-11-22,1,1.6089999675750732,1.6863199642726354,target,0.07619369672025962,0.04764449859691209,GBPAUD,0.048054691271430715,1,9,28,2.0,4.0
2016-11-29,2016-12-19,-1,1.6554800271987915,1.7067614112581526,stop,-0.05244022007840027,-0.030529745589792042,GBPAUD,-0.03097674584823197,1,9,28,2.0,4.0
2016-12-20,2017-01-10,1,1.7084300518035889,1.6732214859553747,stop,-0.036404466884476704,-0.020942365073971143,GBPAUD,-0.02060872542662459,1,9,28,2.0,4.0
2017-01-24,2017-03-02,1,1.6505999565124512,1.6054684945515223,stop,-0.04628688193048759,-0.02782107304664919,GBPAUD,-0.02734245919664692,1,9,28,2.0,4.0
2017-03-10,2017-04-11,1,1.61899995803833,1.6550999879837036,eod,0.0349667299747467,0.021865368043780663,GBPAUD,0.022297733712800295,1,9,28,2.0,4.0
2017-06-27,2017-07-19,1,1.677459955215454,1.6609242388180323,stop,-0.017709938366072615,-0.01021527598566183,GBPAUD,-0.0098575923353699,2,7,28,1.0,3.0
2017-08-01,2017-08-17,1,1.6495800018310547,1.6325671587671553,stop,-0.018167549065181123,-0.010628670961358472,GBPAUD,-0.01031343920574626,2,7,28,1.0,3.0
2017-08-30,2017-09-15,1,1.6241099834442139,1.6632449456623621,target,0.03799808522973732,0.023788390325768436,GBPAUD,0.024096251249657138,2,7,28,1.0,3.0
2017-10-04,2017-10-26,-1,1.6896599531173706,1.7087306720869881,stop,-0.020253480936799698,-0.010801415359312698,GBPAUD,-0.011286720108642363,2,7,28,1.0,3.0
2017-11-07,2017-11-17,-1,1.7131799459457397,1.7356499433517456,stop,-0.023669223368167878,-0.012964194134169079,GBPAUD,-0.01311595869376207,2,7,28,1.0,3.0
2017-12-13,2018-02-05,-1,1.7625000476837158,1.7836693355015345,stop,-0.022403037851197283,-0.01063789350954008,GBPAUD,-0.012010943117782856,2,7,28,1.0,3.0
2018-02-14,2018-03-16,-1,1.7660399675369263,1.7885020971298218,stop,-0.023698357570171354,-0.012028113736588669,GBPAUD,-0.012718924829443786,2,7,28,1.0,3.0
2018-04-04,2018-05-22,-1,1.8312699794769287,1.779577808720725,target,0.05041028177056984,0.02937424375381751,GBPAUD,0.028227498585964197,2,7,28,1.0,3.0
2018-06-11,2018-08-08,1,1.76419997215271,1.7482885548046656,stop,-0.01714635732855125,-0.009619894352075923,GBPAUD,-0.009019055435438503,2,7,28,1.0,3.0
2018-08-15,2018-09-10,1,1.7576199769973755,1.7983964766774858,target,0.03954616569621216,0.022847088793740016,GBPAUD,0.023199838539483788,2,7,28,1.0,3.0
2018-09-20,2018-10-05,-1,1.8101600408554077,1.8299414770943778,stop,-0.02104854826756889,-0.01067388286277692,GBPAUD,-0.010928004039699278,2,7,28,1.0,3.0
2018-10-18,2018-11-16,-1,1.8423000574111938,1.784989322934832,target,0.05602112443617409,0.03174875571493674,GBPAUD,0.03110825201671825,2,7,28,1.0,3.0
2018-11-27,2018-11-30,1,1.7734999656677246,1.753258534840175,stop,-0.021482880803516995,-0.011610618114557951,GBPAUD,-0.011413268237605332,2,7,28,1.0,3.0
2018-12-07,2018-12-11,1,1.7670400142669678,1.7471814581326075,stop,-0.021095484144347146,-0.011430729339051988,GBPAUD,-0.011238317171101709,2,7,28,1.0,3.0
2018-12-13,2018-12-20,-1,1.7492300271987915,1.7713328685079301,stop,-0.0233273023281778,-0.01260145376330976,GBPAUD,-0.012635754569417052,2,7,28,1.0,3.0
2019-01-07,2019-01-23,-1,1.7874699831008911,1.808003544807434,stop,-0.02178479069471359,-0.011163019180846697,GBPAUD,-0.011487500154224398,2,7,28,1.0,3.0
2019-02-01,2019-02-08,-1,1.8026200532913208,1.8217807752745492,stop,-0.020422556020532303,-0.010596088703414374,GBPAUD,-0.010629373587763934,2,7,28,1.0,3.0
2019-02-11,2019-07-04,1,1.8217099905014038,1.800089989389692,stop,-0.022895198105062787,-0.013048180684988942,GBPAUD,-0.011867970875957682,2,7,28,1.0,3.0
2019-07-25,2019-07-30,1,1.788599967956543,1.77656923021589,stop,-0.013282757718222576,-0.006922027262919982,GBPAUD,-0.006726343484394663,2,7,28,1.0,3.0
2019-07-31,2019-08-05,-1,1.7687300443649292,1.7845743639128548,stop,-0.017082430578981095,-0.009014557986801501,GBPAUD,-0.008958020246450114,2,7,28,1.0,3.0
2019-08-13,2019-08-23,-1,1.787600040435791,1.8069829089300973,stop,-0.020634188522611313,-0.010697509544497651,GBPAUD,-0.010842955949800157,2,7,28,1.0,3.0
2019-09-03,2019-09-16,-1,1.7974300384521484,1.81655718599047,stop,-0.020385348565237955,-0.01042997342720805,GBPAUD,-0.010641386384525286,2,7,28,1.0,3.0
2019-09-30,2019-10-03,-1,1.8181899785995483,1.8332249692508154,stop,-0.016307723636286693,-0.00832420749724111,GBPAUD,-0.008269207744092637,2,7,28,1.0,3.0
2019-10-14,2019-12-06,1,1.8564599752426147,1.9142527409962244,target,0.05649324377093987,0.030597355456686497,GBPAUD,0.031130628467256317,2,7,28,1.0,3.0
2019-12-19,2020-01-28,-1,1.9087599515914917,1.9292113866124834,stop,-0.021787566987105714,-0.00982388330463296,GBPAUD,-0.01071451389366149,2,7,28,1.0,3.0
2020-02-07,2020-02-21,-1,1.9205800294876099,1.943595017705645,stop,-0.024359394238676373,-0.011764668939134575,GBPAUD,-0.011983352875003704,2,7,28,1.0,3.0
2020-03-04,2020-03-09,-1,1.9471999406814575,1.966869286128453,stop,-0.021032385405472406,-0.010152704421342962,GBPAUD,-0.010101348626845042,2,7,28,1.0,3.0
2020-03-24,2020-04-01,-1,1.9724299907684326,2.01719354731696,stop,-0.046144257542065276,-0.02260336577581555,GBPAUD,-0.022694623767654274,2,7,28,1.0,3.0
2020-04-08,2020-05-18,-1,2.0049901008605957,1.8832993507385254,target,0.12028725705146791,0.06154182510382854,GBPAUD,0.0606939406183788,2,7,28,1.0,3.0
2020-06-12,2020-06-16,1,1.8407399654388428,1.8214692388262068,stop,-0.02055924458844315,-0.01065371914601781,GBPAUD,-0.010469010818723496,2,7,28,1.0,3.0
2020-06-22,2020-08-03,-1,1.8096200227737427,1.829167297908238,stop,-0.020814009150437008,-0.009774027095138322,GBPAUD,-0.010801867181229455,2,7,28,1.0,3.0
2020-08-17,2020-09-11,-1,1.822029948234558,1.774209942136492,target,0.04654458513430183,0.026805270761542186,GBPAUD,0.02624545559440494,2,7,28,1.0,3.0
2020-09-24,2020-12-11,1,1.798359990119934,1.7763357758522034,stop,-0.023283066260814663,-0.012969713736889354,GBPAUD,-0.012246832885923969,2,7,28,1.0,3.0
2020-12-24,2021-01-01,1,1.7816100120544434,1.7612950205802917,stop,-0.02156211848258972,-0.011627118917155363,GBPAUD,-0.011402602891036524,2,7,28,1.0,3.0
2021-01-14,2021-07-13,1,1.7616000175476074,1.85680114371436,target,0.09396800615446914,0.052566487990654165,GBPAUD,0.054042418947795934,2,7,28,1.0,3.0
2021-08-06,2021-08-18,-1,1.8812099695205688,1.8926449928964888,stop,-0.01275187035458435,-0.0058978123418873575,GBPAUD,-0.006078547084690496,2,7,28,1.0,3.0
2021-08-19,2021-08-30,1,1.9005399942398071,1.88948712178639,stop,-0.012383250449384993,-0.006041899927504623,GBPAUD,-0.005815648440399247,2,7,28,1.0,3.0
2021-09-13,2021-10-01,1,1.8787200450897217,1.8667486310005188,stop,-0.013286518120765686,-0.006659541490443498,GBPAUD,-0.006372111757944843,2,7,28,1.0,3.0
2021-11-09,2021-11-22,1,1.8291800022125244,1.8575799465179443,eod,0.027119518303871156,0.015269106524036263,GBPAUD,0.015526052258972956,2,7,28,1.0,3.0
2022-01-07,2022-02-28,1,1.8892300128936768,1.867170010294233,stop,-0.023382463608469312,-0.012184859674225001,GBPAUD,-0.011676716148318594,3,9,21,2.0,4.0
2022-03-16,2022-03-24,1,1.8139599561691284,1.7638870818274361,stop,-0.05134264631101066,-0.02782469049001781,GBPAUD,-0.027604178455758382,3,9,21,2.0,4.0
2022-04-11,2022-08-15,1,1.7499899864196777,1.715131367955889,stop,-0.036083611454282453,-0.021016473665106183,GBPAUD,-0.019919324530025616,3,9,21,2.0,4.0
2022-08-19,2022-09-26,1,1.7263100147247314,1.6866190263203211,stop,-0.040899405414717635,-0.023443638778208455,GBPAUD,-0.022991807998483542,3,9,21,2.0,4.0
2022-10-03,2023-04-07,1,1.7349599599838257,1.8577228784561157,target,0.12154844650030135,0.06920212641299764,GBPAUD,0.07075835829285335,3,9,21,2.0,4.0
2023-04-17,2023-04-27,-1,1.8492000102996826,1.882512858935765,stop,-0.03460728864329208,-0.017874133923850528,GBPAUD,-0.01801473526418789,3,9,21,2.0,4.0
2023-05-08,2023-06-01,-1,1.8717199563980103,1.9118070943014962,stop,-0.04139734187296456,-0.02089369073071423,GBPAUD,-0.021417273330050265,3,9,21,2.0,4.0
2023-06-06,2023-06-29,-1,1.8797500133514404,1.9144657509667533,stop,-0.03603156262465889,-0.017968207142126047,GBPAUD,-0.018468273636778734,3,9,21,2.0,4.0
2023-07-06,2023-08-03,-1,1.9091999530792236,1.9440799270357405,stop,-0.03621641392367233,-0.01767231027954923,GBPAUD,-0.018269419030867484,3,9,21,2.0,4.0
2023-08-25,2023-10-02,-1,1.9632999897003174,1.8969999381474085,target,0.06492574156011864,0.03459484129232657,GBPAUD,0.033769699944341695,3,9,21,2.0,4.0
2023-10-04,2023-12-21,1,1.914080023765564,1.8815886122839791,stop,-0.03383126749822075,-0.017654126819163552,GBPAUD,-0.01697494936374948,3,9,21,2.0,4.0
2024-01-02,2024-02-09,1,1.8687599897384644,1.94182516847338,target,0.07175704674209876,0.03867012303973252,GBPAUD,0.0390982143967783,3,9,21,2.0,4.0
2024-02-13,2024-07-25,-1,1.9336199760437012,1.9590080976486206,stop,-0.026741655588150025,-0.008920119681536439,GBPAUD,-0.013129840361323225,3,9,21,2.0,4.0
2024-08-05,2024-12-11,-1,1.9656000137329102,1.997364146368844,stop,-0.03314005264554695,-0.01293454032270301,GBPAUD,-0.01616001852564603,3,9,21,2.0,4.0
2024-12-27,2025-03-14,-1,2.0131399631500244,2.05656293460301,stop,-0.0448321694271907,-0.019751717307706362,GBPAUD,-0.021569772717163874,3,9,21,2.0,4.0
2025-03-18,2025-04-01,-1,2.0345799922943115,2.0695513827460155,stop,-0.03639559644630996,-0.01698207521088506,GBPAUD,-0.017188506022939976,3,9,21,2.0,4.0
2025-04-14,2026-02-12,-1,2.0764200687408447,1.9224941049303328,target,0.15247246976239334,0.08153743375885411,GBPAUD,0.07413045468388951,3,9,21,2.0,4.0
2026-03-09,2026-03-12,1,1.9091600179672241,1.878297141620091,stop,-0.03219928835971009,-0.016349010063790727,GBPAUD,-0.016165683366863214,3,9,21,2.0,4.0
2026-03-20,2026-05-15,1,1.8958100080490112,1.8591314383915492,stop,-0.038005636663096386,-0.019885204475873552,GBPAUD,-0.019347175878245415,3,9,21,2.0,4.0
2026-05-20,2026-07-08,1,1.8852800130844116,1.9279299974441528,eod,0.041330288350582126,0.022129330428473194,GBPAUD,0.022622625850662745,3,9,21,2.0,4.0
2008-09-12,2008-10-09,1,1.899999976158142,1.9581999778747559,target,0.056870001733303074,0.03084210655365626,GBPCAD,0.03063158023522503,0,9,28,1.5,3.0
2008-10-27,2008-11-03,-1,2.0141000747680664,1.8704428247043063,target,0.1422473800114224,0.07122151071876542,GBPCAD,0.07132577564712266,0,9,28,1.5,3.0
2008-11-19,2008-12-23,1,1.876099944114685,1.807442775794438,stop,-0.06997043828112733,-0.036307856910251624,GBPCAD,-0.036595688057890624,0,9,28,1.5,3.0
2009-01-07,2009-01-23,1,1.8030999898910522,1.7290749933038438,stop,-0.07528716658013214,-0.040998833676259484,GBPCAD,-0.041054293717610844,0,9,28,1.5,3.0
2009-02-02,2009-06-24,1,1.7695000171661377,1.894021417413439,target,0.1232827502352851,0.07228109579345247,GBPCAD,0.07037095170347779,0,9,28,1.5,3.0
2009-07-03,2009-07-17,-1,1.8904000520706177,1.8246357611247472,target,0.06444101090942102,0.03472507889214671,GBPCAD,0.03478855751925982,0,9,28,1.5,3.0
2009-08-04,2009-08-10,1,1.813599944114685,1.7986213522297996,stop,-0.016248111845765762,-0.008336233100330005,GBPCAD,-0.008259038567735143,0,9,28,1.5,3.0
2009-08-21,2009-09-18,-1,1.783400058746338,1.7467785818236214,target,0.03537309688159401,0.020568282894698413,GBPCAD,0.020534639293698323,0,9,28,1.5,3.0
2009-10-19,2009-10-22,1,1.687399983406067,1.7374143174716405,target,0.048833154077189404,0.02952135507612246,GBPCAD,0.0296398806195424,0,9,28,1.5,3.0
2009-11-11,2009-11-17,-1,1.7312999963760376,1.7657035674367632,stop,-0.035615481058188785,-0.02001014909792733,GBPCAD,-0.019871524942378108,0,9,28,1.5,3.0
2009-11-19,2009-11-30,1,1.769700050354004,1.7400429163660323,stop,-0.030895924023219452,-0.016780885541609804,GBPCAD,-0.016758282841230158,0,9,28,1.5,3.0
2009-12-17,2009-12-22,1,1.729200005531311,1.7019428738525935,stop,-0.02846757168258949,-0.01587851699681272,GBPCAD,-0.01576285657617876,0,9,28,1.5,3.0
2010-01-01,2010-01-05,1,1.690999984741211,1.6632714101246424,stop,-0.028912274605887373,-0.01652783847945791,GBPCAD,-0.016397737946054494,0,9,28,1.5,3.0
2010-01-13,2010-02-11,1,1.6784000396728516,1.6502964794635773,stop,-0.029278440237045286,-0.016482101737000904,GBPCAD,-0.016744256163597416,0,9,28,1.5,3.0
2010-03-17,2010-03-25,1,1.5471999645233154,1.519942820072174,stop,-0.028340184426307674,-0.01768171217582076,GBPCAD,-0.017617079289126758,0,9,28,1.5,3.0
2010-03-29,2010-05-13,1,1.5299999713897705,1.5051642486027308,stop,-0.02590672276701255,-0.015657335447712206,GBPCAD,-0.01623249885716028,0,9,28,1.5,3.0
2010-05-21,2010-07-02,1,1.5307999849319458,1.6068928752626692,target,0.07502133034127106,0.05021746216841055,GBPCAD,0.0497079246666613,0,9,28,1.5,3.0
2010-07-09,2010-07-15,-1,1.5592000484466553,1.5887178863797868,stop,-0.03060927796704422,-0.019072496799084713,GBPCAD,-0.018931398804495004,0,9,28,1.5,3.0
2010-07-16,2010-07-22,1,1.614799976348877,1.5852607190608978,stop,-0.03066961727142334,-0.018379525466110692,GBPCAD,-0.018292827421739558,0,9,28,1.5,3.0
2010-07-23,2010-08-03,-1,1.597000002861023,1.6269892581871577,stop,-0.03110715532813744,-0.018884943814717888,GBPCAD,-0.01877849422192174,0,9,28,1.5,3.0
2010-08-16,2010-12-03,-1,1.6239999532699585,1.5656713332448686,target,0.0571918200578009,0.036600136536586066,GBPCAD,0.03591663897997285,0,9,28,1.5,3.0
2010-12-10,2010-12-16,1,1.5932999849319458,1.5663964450359344,stop,-0.028018849885463715,-0.016973288239355917,GBPCAD,-0.016885420291496755,0,9,28,1.5,3.0
2011-01-11,2011-02-01,1,1.5471999645233154,1.5954142553465707,target,0.04713125084808891,0.031317406886176964,GBPCAD,0.031162287958111358,0,9,28,1.5,3.0
2011-02-14,2011-02-24,-1,1.579300045967102,1.6009857952594757,stop,-0.022791259324550627,-0.013832551545957925,GBPCAD,-0.013731240841631298,0,9,28,1.5,3.0
2011-02-28,2011-03-23,-1,1.573699951171875,1.599767804145813,stop,-0.027169442939758297,-0.01655833626641069,GBPCAD,-0.01656469071790098,0,9,28,1.5,3.0
2011-03-28,2011-05-27,-1,1.570199966430664,1.5961285361221857,stop,-0.02702770966802315,-0.016207215791355978,GBPCAD,-0.016512909340115327,0,9,28,1.5,3.0
2011-06-13,2011-07-04,-1,1.5891000032424927,1.5399428520883833,target,0.048044781151839605,0.030915078380131793,GBPCAD,0.030933956990627537,0,9,28,1.5,3.0
2011-07-15,2011-08-08,1,1.5490000247955322,1.5942785739898682,target,0.04419424917697907,0.029424498686081234,GBPCAD,0.029230825351544264,0,9,28,1.5,3.0
2011-08-26,2011-09-19,-1,1.6087000370025635,1.5516143781798226,target,0.05595956879683906,0.03548558308552453,GBPCAD,0.03548558308552453,0,9,28,1.5,3.0
2011-09-23,2011-10-03,1,1.5789999961853027,1.633964206491198,target,0.053858910308565454,0.034771507560822,GBPCAD,0.034809506294289354,0,9,28,1.5,3.0
2011-10-11,2012-12-18,-1,1.607100009918213,1.5938999652862549,eod,0.01207507462501526,0.011499001006725448,GBPCAD,0.008213580082442893,0,9,28,1.5,3.0
2013-02-11,2013-02-14,1,1.5853999853134155,1.5556442737579346,stop,-0.030865491545200345,-0.01889473434652458,GBPCAD,-0.018768583216303356,1,5,21,2.0,4.0
2013-03-01,2013-03-12,1,1.562600016593933,1.530868649482727,stop,-0.03282518712282181,-0.020332373463338032,GBPCAD,-0.020306775101905022,1,5,21,2.0,4.0
2013-03-18,2013-06-07,1,1.545199990272522,1.6015228373663766,target,0.05524120710066384,0.037615096725184205,GBPCAD,0.03645019896998648,1,5,21,2.0,4.0
2013-06-20,2013-08-21,-1,1.5907000303268433,1.6212329013007027,stop,-0.031646360995088274,-0.01888028566120577,GBPCAD,-0.019194612681050778,1,5,21,2.0,4.0
2013-08-29,2013-09-26,-1,1.6291899681091309,1.6532214198793684,stop,-0.02517188474791397,-0.01471372414480265,GBPCAD,-0.014750552262563305,1,5,21,2.0,4.0
2013-10-07,2013-10-24,-1,1.6512000560760498,1.6749614817755563,stop,-0.024917265738759686,-0.014432791236780847,GBPCAD,-0.014390397827367847,1,5,21,2.0,4.0
2013-11-01,2013-11-22,-1,1.6729999780654907,1.7000757455825806,stop,-0.02824686750173569,-0.01620189352807557,GBPCAD,-0.016183961668904425,1,5,21,2.0,4.0
2013-12-12,2013-12-30,-1,1.7340999841690063,1.762522850717817,stop,-0.029636736537728955,-0.016436691545481698,GBPCAD,-0.016390558104082506,1,5,21,2.0,4.0
2014-01-06,2014-01-10,-1,1.7440999746322632,1.780328529221671,stop,-0.037449424571650465,-0.02090966981241837,GBPCAD,-0.020772063021815324,1,5,21,2.0,4.0
2014-02-03,2015-01-27,-1,1.8280500173568726,1.877965705735343,stop,-0.05119532339062019,-0.02495319490460379,GBPCAD,-0.02730542813628377,1,5,21,2.0,4.0
2015-02-04,2015-02-24,-1,1.8832900524139404,1.9378628901072912,stop,-0.055891140730040506,-0.029009253048049684,GBPCAD,-0.02897739390881455,1,5,21,2.0,4.0
2015-02-27,2015-04-13,-1,1.9277000427246094,1.8483085632324219,target,0.07804208946228026,0.04132462402168858,GBPCAD,0.04118456073693688,1,5,21,2.0,4.0
2015-04-23,2015-05-22,1,1.8406000137329102,1.9096800599779402,target,0.06779162623541703,0.03777031713915771,GBPCAD,0.03753126465805529,1,5,21,2.0,4.0
2015-05-29,2015-06-18,-1,1.902999997138977,1.9360828229359217,stop,-0.034414925794941945,-0.017405583734494186,GBPCAD,-0.017384564291477823,1,5,21,2.0,4.0
2015-06-29,2015-07-07,-1,1.9378000497817993,1.9673271690096175,stop,-0.0308835792626654,-0.015340653557711222,GBPCAD,-0.015237443734787273,1,5,21,2.0,4.0
2015-07-09,2015-07-15,-1,1.9560999870300293,1.9878799404416765,stop,-0.033149223402568206,-0.016359058138041865,GBPCAD,-0.016246589449601237,1,5,21,2.0,4.0
2015-07-29,2015-08-24,-1,2.017899990081787,2.0636670930044994,stop,-0.047179632915769494,-0.022670649262879514,GBPCAD,-0.02268056055684765,1,5,21,2.0,4.0
2015-08-28,2015-12-14,-1,2.0325000286102295,2.0853685992104665,stop,-0.05429132062026413,-0.02548023117896271,GBPCAD,-0.02601159648513615,1,5,21,2.0,4.0
2015-12-23,2016-02-18,-1,2.062930107116699,1.9817872388022286,target,0.0796988172394889,0.03954223559637837,GBPCAD,0.0393337942155887,1,5,21,2.0,4.0
2016-03-04,2016-04-11,1,1.8999500274658203,1.8428586551121302,stop,-0.058421337372916174,-0.029701503480572617,GBPCAD,-0.030048881038118338,1,5,21,2.0,4.0
2016-04-20,2016-05-20,1,1.82669997215271,1.9049486092158727,target,0.07696994708265587,0.04308788430669709,GBPCAD,0.04283606408059948,1,5,21,2.0,4.0
2016-05-31,2016-06-13,-1,1.90802001953125,1.8322742666516985,target,0.07441013886587966,0.03963048191607986,GBPCAD,0.039698615373102986,1,5,21,2.0,4.0
2016-06-17,2016-06-27,1,1.8460500240325928,1.8060186079570226,stop,-0.041323651092392964,-0.021717405028923702,GBPCAD,-0.021684903201118984,1,5,21,2.0,4.0
2016-07-12,2016-10-17,1,1.7035399675369263,1.6106456347874232,stop,-0.09408681072677894,-0.05323874665566788,GBPCAD,-0.05453017511753184,1,5,21,2.0,4.0
2016-10-20,2016-11-14,1,1.614009976387024,1.6945357152393885,target,0.07939593186889367,0.05008998707265645,GBPCAD,0.04989172311847922,1,5,21,2.0,4.0
2016-11-17,2017-04-20,-1,1.6700600385665894,1.7217943157468523,stop,-0.05290331920725952,-0.029971543551945857,GBPCAD,-0.030977495410683786,1,5,21,2.0,4.0
2017-05-10,2017-06-13,-1,1.7749600410461426,1.7130857876368932,target,0.060631781380517044,0.03492712623136608,GBPCAD,0.03485951907558511,1,5,21,2.0,4.0
2017-08-31,2017-09-01,1,1.631350040435791,1.6170943209103175,stop,-0.015397664553778606,-0.008910239473553174,GBPCAD,-0.008738602490036626,2,5,28,1.0,4.0
2017-09-04,2017-09-15,-1,1.6046500205993652,1.6201521583965846,stop,-0.01662539281163887,-0.009754237744235946,GBPCAD,-0.00966075941682847,2,5,28,1.0,4.0
2017-10-04,2017-10-26,-1,1.6537100076675415,1.6712078877857752,stop,-0.018655477123601,-0.010593078615362338,GBPCAD,-0.010580984596515462,2,5,28,1.0,4.0
2017-11-06,2017-11-21,-1,1.6689800024032593,1.69258428471429,stop,-0.024772568312713013,-0.014208847485819595,GBPCAD,-0.014142938966938839,2,5,28,1.0,4.0
2017-12-06,2017-12-08,-1,1.7027599811553955,1.7220542516027177,stop,-0.020486202434131014,-0.011495613394695979,GBPCAD,-0.011331174481931534,2,5,28,1.0,4.0
2017-12-13,2018-01-23,-1,1.7139099836349487,1.7351992641176497,stop,-0.02248901747124542,-0.012298942583901013,GBPCAD,-0.012421469438873069,2,5,28,1.0,4.0
2018-02-07,2018-02-16,-1,1.7450400590896606,1.75940717118127,stop,-0.015588640132972108,-0.00834199307676833,GBPCAD,-0.008233113054782406,2,5,28,1.0,4.0
2018-03-02,2018-03-06,-1,1.7671500444412231,1.7797557285853796,stop,-0.01384268917526527,-0.007280470713070984,GBPCAD,-0.007133341157876811,2,5,28,1.0,4.0
2018-03-12,2018-03-14,-1,1.774999976158142,1.790384258542742,stop,-0.016626782367910688,-0.008813680335061693,GBPCAD,-0.008667201459854747,2,5,28,1.0,4.0
2018-03-29,2018-05-04,-1,1.8187299966812134,1.7479899781090873,target,0.06946690757444923,0.03898325683389134,GBPCAD,0.03889528335773382,2,5,28,1.0,4.0
2018-05-21,2018-05-22,1,1.7353700399398804,1.7209121925490243,stop,-0.01567260641881401,-0.008492625233616841,GBPCAD,-0.008331276360721871,2,5,28,1.0,4.0
2018-05-28,2018-07-31,1,1.7267999649047852,1.711819248540061,stop,-0.01618947634015755,-0.007899418949476492,GBPCAD,-0.008675420818386587,2,5,28,1.0,4.0
2018-08-22,2018-08-29,1,1.6820499897003174,1.6688928348677499,stop,-0.014334589825357739,-0.007893436529156332,GBPCAD,-0.007822095010928697,2,5,28,1.0,4.0
2018-08-30,2018-10-03,1,1.6820499897003174,1.6684392775808061,stop,-0.014788147112301479,-0.007746923218276572,GBPCAD,-0.008091740556376813,2,5,28,1.0,4.0
2018-10-09,2018-10-31,1,1.6960999965667725,1.676142862864903,stop,-0.021144403699466095,-0.011589607771746429,GBPCAD,-0.011766484135526428,2,5,28,1.0,4.0
2018-11-02,2018-11-16,1,1.7020699977874756,1.6863035644803728,stop,-0.01695788230555404,-0.0092278421730714,GBPCAD,-0.009263093367251424,2,5,28,1.0,4.0
2018-11-29,2018-12-04,1,1.7019000053405762,1.683052897453308,stop,-0.02003843789100647,-0.011191672734883416,GBPCAD,-0.011074157017524936,2,5,28,1.0,4.0
2018-12-07,2018-12-10,1,1.7114299535751343,1.6952428306852068,stop,-0.017385123857430112,-0.009598478077125898,GBPCAD,-0.00945824446750685,2,5,28,1.0,4.0
2018-12-11,2018-12-19,-1,1.6825499534606934,1.7007827929088049,stop,-0.019410624415533977,-0.010943413246209835,GBPCAD,-0.010836432767187638,2,5,28,1.0,4.0
2019-01-03,2019-01-24,-1,1.7058000564575195,1.7329050387654985,stop,-0.028299042347499234,-0.01590748118764336,GBPCAD,-0.015889894132298608,2,5,28,1.0,4.0
2019-02-01,2019-02-27,-1,1.720579981803894,1.737039293561663,stop,-0.01766371774503166,-0.009542893635525485,GBPCAD,-0.009566141610291566,2,5,28,1.0,4.0
2019-03-13,2019-03-14,-1,1.7446000576019287,1.7646829400743758,stop,-0.0213041025127684,-0.011677680728986655,GBPCAD,-0.01151145351906748,2,5,28,1.0,4.0
2019-03-21,2019-06-26,-1,1.754699945449829,1.6735656261444092,target,0.07990602934360504,0.046779689894147145,GBPCAD,0.04623828678846889,2,5,28,1.0,4.0
2019-07-22,2019-07-30,1,1.6327999830245972,1.6208171333585466,stop,-0.013125809654167785,-0.00740007949024369,GBPCAD,-0.007338835001610881,2,5,28,1.0,4.0
2019-08-08,2019-08-12,1,1.6163300275802612,1.602328598499298,stop,-0.015132860100269317,-0.00879859239035077,GBPCAD,-0.008662481573719247,2,5,28,1.0,4.0
2019-08-16,2019-10-16,1,1.6095999479293823,1.6742770501545496,target,0.06355038226161676,0.04097732626670105,GBPCAD,0.04018209761274476,2,5,28,1.0,4.0
2019-10-28,2019-10-31,-1,1.6756000518798828,1.6950950622558594,stop,-0.02066793041229248,-0.011783844452513782,GBPCAD,-0.011634644170668767,2,5,28,1.0,4.0
2019-11-07,2019-11-18,-1,1.6951600313186646,1.7081850256238664,stop,-0.01421160632712494,-0.007783922497829006,GBPCAD,-0.007683636980910726,2,5,28,1.0,4.0
2019-11-27,2019-11-28,-1,1.7064499855041504,1.7171255350112915,stop,-0.011870064496994018,-0.006425942512403299,GBPCAD,-0.0062559990611076415,2,5,28,1.0,4.0
2019-12-18,2020-02-03,-1,1.7266199588775635,1.7442561898912703,stop,-0.01884486498492111,-0.010046351499946293,GBPCAD,-0.010214309711311185,2,5,28,1.0,4.0
2020-02-07,2020-03-09,-1,1.717769980430603,1.7348659038543701,stop,-0.018298362410068512,-0.009900000359480098,GBPCAD,-0.00995239387026752,2,5,28,1.0,4.0
2020-03-16,2020-03-30,-1,1.710569977760315,1.7396692718778337,stop,-0.030296693101950992,-0.017081612852679787,GBPCAD,-0.017011460797189418,2,5,28,1.0,4.0
2020-04-23,2021-02-19,-1,1.7478400468826294,1.7652343256132943,stop,-0.018617766763482743,-0.00790362868461759,GBPCAD,-0.009951871031727745,2,5,28,1.0,4.0
2021-03-02,2021-05-03,-1,1.7607300281524658,1.7112320150647844,target,0.048265502067974704,0.028396183564918437,GBPCAD,0.028112210444675437,2,5,28,1.0,4.0
2021-05-12,2021-10-13,1,1.7098400592803955,1.6957886133875166,stop,-0.015248333934375153,-0.0060774373816298525,GBPCAD,-0.00821798847009853,2,5,28,1.0,4.0
2021-10-20,2021-11-01,1,1.7039799690246582,1.694337112562997,stop,-0.010835642439978558,-0.005670757073037791,GBPCAD,-0.005659019845861672,2,5,28,1.0,4.0
2021-11-17,2021-12-09,1,1.6868599653244019,1.673932101045336,stop,-0.014108666254792863,-0.007509730825006338,GBPCAD,-0.007663863358438061,2,5,28,1.0,4.0
2021-12-15,2021-12-27,1,1.7021199464797974,1.7173999547958374,eod,0.01408852435350418,0.008965295511400177,GBPCAD,0.008977045564644875,2,5,28,1.0,4.0
2022-04-08,2022-04-27,1,1.6448899507522583,1.6213128226143974,stop,-0.02472855110338753,-0.01421197091463163,GBPCAD,-0.014333559595934312,3,9,28,2.0,4.0
2022-05-20,2022-06-15,1,1.5974600315093994,1.5642371688570296,stop,-0.034341084674426425,-0.020559426842959857,GBPCAD,-0.020797304469006593,3,9,28,2.0,4.0
2022-06-20,2022-07-12,1,1.58951997756958,1.5530585731778825,stop,-0.03757406837599624,-0.022775054672197634,GBPCAD,-0.022938626067127533,3,9,28,2.0,4.0
2022-07-26,2022-09-01,1,1.5485999584197998,1.5238627876554216,stop,-0.025821190735272063,-0.015534787169261117,GBPCAD,-0.015973893470603056,3,9,28,2.0,4.0
2022-09-15,2022-09-26,1,1.5189000368118286,1.497321469443185,stop,-0.022641797394411998,-0.014233041572650889,GBPCAD,-0.014206706725702066,3,9,28,2.0,4.0
2022-10-03,2022-12-02,1,1.5355700254440308,1.646398595401219,target,0.10975367093937743,0.07299476292185134,GBPCAD,0.07217422072636556,3,9,28,2.0,4.0
2022-12-20,2023-04-27,-1,1.657539963722229,1.693638529096331,stop,-0.03725884334870751,-0.02095790516935219,GBPCAD,-0.021778398207086217,3,9,28,2.0,4.0
2023-05-09,2023-07-13,-1,1.6864800453186035,1.7121000289916992,stop,-0.026800519704818726,-0.014865271452624616,GBPCAD,-0.015191394493052346,3,9,28,2.0,4.0
2023-07-21,2023-08-18,-1,1.6957499980926514,1.7254485743386405,stop,-0.030885601244654,-0.01747815201493503,GBPCAD,-0.017513534589057092,3,9,28,2.0,4.0
2023-08-28,2024-06-06,-1,1.7112900018692017,1.7509614399501257,stop,-0.04086934108223243,-0.021224595504707528,GBPCAD,-0.023182183053481187,3,9,28,2.0,4.0
2024-06-17,2024-07-12,-1,1.7418700456619263,1.7582157850265503,stop,-0.01756504839658737,-0.009366794845148104,GBPCAD,-0.009384017714371163,3,9,28,2.0,4.0
2024-08-01,2024-09-17,-1,1.7747199535369873,1.7919059310640608,stop,-0.018428281494549403,-0.009520362631523983,GBPCAD,-0.009683768694222515,3,9,28,2.0,4.0
2024-10-03,2024-12-18,-1,1.7913199663162231,1.818174225943429,stop,-0.028108183603627247,-0.01461171656621022,GBPCAD,-0.014991324906867748,3,9,28,2.0,4.0
2024-12-24,2025-03-04,-1,1.8014299869537354,1.8298928226743425,stop,-0.02972383671147476,-0.015467065565908517,GBPCAD,-0.01580013429705283,3,9,28,2.0,4.0
2025-03-20,2026-07-06,-1,1.8629300594329834,1.8938486405781336,stop,-0.032222632186753315,-0.013499476814929195,GBPCAD,-0.0165967482185353,3,9,28,2.0,4.0
2008-07-17,2008-08-27,1,2.036799907684326,2.019814201763698,stop,-0.01841146585600723,-0.008722361903887922,GBPCHF,-0.008339408233742289,0,7,28,1.0,4.0
2008-09-10,2008-09-29,1,1.9922000169754028,1.9751285825456892,stop,-0.018465974441596374,-0.008810076438188433,GBPCHF,-0.008569136775549165,0,7,28,1.0,4.0
2008-10-06,2008-10-08,1,2.001699924468994,1.9758355958121163,stop,-0.027265518604006115,-0.013066058672013976,GBPCHF,-0.012921181811873747,0,7,28,1.0,4.0
2008-10-20,2008-10-21,1,1.9710999727249146,1.934407080922808,stop,-0.038072661783013995,-0.01874734529625184,GBPCHF,-0.01861543925211519,0,7,28,1.0,4.0
2008-11-19,2008-12-04,1,1.8142999410629272,1.7769713742392403,stop,-0.03859857678243095,-0.020817157058143198,GBPCHF,-0.020574639274814482,0,7,28,1.0,4.0
2009-01-05,2009-01-23,1,1.6305999755859375,1.5848356911114283,stop,-0.04690570445741935,-0.0283664204385188,GBPCHF,-0.028065917551644955,0,7,28,1.0,4.0
2009-01-28,2009-02-06,1,1.6390000581741333,1.6039214900561742,stop,-0.03622586815868095,-0.021622066418617504,GBPCHF,-0.021402420300727157,0,7,28,1.0,4.0
2009-02-13,2009-04-15,-1,1.6663999557495117,1.710507094860077,stop,-0.04527361907958984,-0.02472223968107079,GBPCHF,-0.026468519132147192,0,7,28,1.0,4.0
2009-04-22,2009-05-05,-1,1.6858999729156494,1.706092825957707,stop,-0.0213729830230986,-0.011769887514584142,GBPCHF,-0.011977491764909089,0,7,28,1.0,4.0
2009-05-11,2009-05-18,-1,1.6784000396728516,1.7001857502119881,stop,-0.022960590566907576,-0.012914507880589387,GBPCHF,-0.012980046487238515,0,7,28,1.0,4.0
2009-06-05,2009-06-09,-1,1.7339999675750732,1.7565499799592155,stop,-0.023763812361444776,-0.013056524110437754,GBPCHF,-0.01300462099528034,0,7,28,1.0,4.0
2009-06-23,2009-06-24,-1,1.7541999816894531,1.7750928146498544,stop,-0.02212077294758385,-0.011984285246744983,GBPCHF,-0.01191017739053876,0,7,28,1.0,4.0
2009-07-01,2009-07-30,-1,1.7705999612808228,1.7930642366409302,stop,-0.023703695333003996,-0.011992700680252415,GBPCHF,-0.012687380465013191,0,7,28,1.0,4.0
2009-08-12,2009-08-27,-1,1.7755000591278076,1.7271857261657715,target,0.04707148292064667,0.027498919366986944,GBPCHF,0.027211676346420372,0,7,28,1.0,4.0
2009-09-04,2009-09-08,1,1.7378000020980835,1.727664291858673,stop,-0.011352170240879058,-0.005999372900692378,GBPCHF,-0.005832495239482874,0,7,28,1.0,4.0
2009-09-14,2009-09-18,-1,1.7151999473571777,1.683142798287528,target,0.030856509106499713,0.018684205954547034,GBPCHF,0.01869003617860657,0,7,28,1.0,4.0
2009-10-08,2009-10-09,1,1.6486999988555908,1.63861426285335,stop,-0.011239826001439744,-0.006275087043987443,GBPCHF,-0.006117387037812594,0,7,28,1.0,4.0
2009-10-15,2009-10-23,1,1.6561000347137451,1.6450143030711584,stop,-0.012245001666886371,-0.006905217923362583,GBPCHF,-0.006693878032858628,0,7,28,1.0,4.0
2009-11-11,2009-11-16,-1,1.6706000566482544,1.6895286440849304,stop,-0.020098007476329803,-0.011360341669539387,GBPCHF,-0.01133041230385966,0,7,28,1.0,4.0
2009-11-20,2010-01-20,-1,1.679800033569336,1.696107200213841,stop,-0.01748302666800369,-0.007975453254419862,GBPCHF,-0.009707802308977663,0,7,28,1.0,4.0
2010-02-03,2010-03-01,-1,1.6842999458312988,1.6250142029353551,target,0.05810673293386178,0.03581057105964247,GBPCHF,0.03519904102750699,0,7,28,1.0,4.0
2010-03-17,2010-03-19,1,1.6141999959945679,1.599382153579167,stop,-0.015947782412597047,-0.00934694737507088,GBPCHF,-0.009179681856132724,0,7,28,1.0,4.0
2010-03-30,2010-05-04,1,1.6065000295639038,1.6680571181433541,target,0.06043253855875558,0.03788178491099711,GBPCHF,0.03831751475047307,0,7,28,1.0,4.0
2010-05-07,2010-05-21,-1,1.6405999660491943,1.662117830344609,stop,-0.022666284271649014,-0.012829370188334776,GBPCHF,-0.01311585075015743,0,7,28,1.0,4.0
2010-06-08,2010-08-31,-1,1.6644999980926514,1.58551709992545,target,0.07781774816853654,0.049896604543329295,GBPCHF,0.04745142580817531,0,7,28,1.0,4.0
2010-09-13,2010-09-23,1,1.5667999982833862,1.5439785804067339,stop,-0.023918177875450742,-0.014814537849172334,GBPCHF,-0.014565622862940976,0,7,28,1.0,4.0
2010-10-25,2010-11-19,1,1.5319499969482422,1.597435678754534,target,0.06441331680842811,0.042368015885367545,GBPCHF,0.04274661832092706,0,7,28,1.0,4.0
2010-11-24,2010-12-16,-1,1.5743999481201172,1.5076713562011719,target,0.06562651195526123,0.042936098924329966,GBPCHF,0.04238350744270625,0,7,28,1.0,4.0
2011-01-06,2011-03-17,1,1.4980000257492065,1.4737907222339086,stop,-0.025257903533322374,-0.016928773751265315,GBPCHF,-0.016161083510789622,0,7,28,1.0,4.0
2011-03-28,2011-04-18,1,1.4758000373840332,1.4557857428278242,stop,-0.02104735458237778,-0.013914008697687488,GBPCHF,-0.013561657439503662,0,7,28,1.0,4.0
2011-05-12,2011-05-18,1,1.4496999979019165,1.4314014145306178,stop,-0.01931337336983009,-0.01284995750724911,GBPCHF,-0.012622324203477574,0,7,28,1.0,4.0
2011-05-19,2011-06-23,-1,1.423699975013733,1.3540771177836828,target,0.0686262672475405,0.04999147185442888,GBPCHF,0.048902759325663785,0,7,28,1.0,4.0
2011-07-04,2011-07-07,1,1.3617000579833984,1.343921491077968,stop,-0.018731756946018824,-0.013276467750323661,GBPCHF,-0.01305615491546612,0,7,28,1.0,4.0
2011-07-12,2011-08-03,-1,1.3289999961853027,1.251028639929635,target,0.07704105625833793,0.05938401541173791,GBPCHF,0.05866919223436633,0,7,28,1.0,4.0
2011-08-16,2011-12-15,1,1.2848000526428223,1.4701000962938582,target,0.18440068361418596,0.14280824730168645,GBPCHF,0.14422481013281047,0,7,28,1.0,4.0
2011-12-29,2012-01-05,-1,1.4566500186920166,1.4691750151770455,stop,-0.013544651498113328,-0.008522978289717684,GBPCHF,-0.008598494026914993,0,7,28,1.0,4.0
2012-01-13,2012-01-17,-1,1.4478000402450562,1.4603929264204842,stop,-0.013606346203599625,-0.00876010900875605,GBPCHF,-0.008697945728262725,0,7,28,1.0,4.0
2012-02-06,2012-02-22,1,1.4521000385284424,1.4397450259753637,stop,-0.013371482580048602,-0.008832044771567911,GBPCHF,-0.008508375611365769,0,7,28,1.0,4.0
2012-03-02,2012-05-10,1,1.4443999528884888,1.4933970144816808,target,0.04798598162617011,0.033132832424626044,GBPCHF,0.03392208750437058,0,7,28,1.0,4.0
2012-05-21,2012-05-24,-1,1.4867000579833984,1.4965386050088065,stop,-0.010879237065996474,-0.006651339637950372,GBPCHF,-0.006617708106336779,0,7,28,1.0,4.0
2012-05-28,2012-06-04,1,1.4990999698638916,1.4887657080377852,stop,-0.011383631805011141,-0.007120446961969834,GBPCHF,-0.006893644209094807,0,7,28,1.0,4.0
2012-06-13,2012-06-14,1,1.4951000213623047,1.4826957327978951,stop,-0.013450858579363172,-0.008470529318078745,GBPCHF,-0.008296627909286647,0,7,28,1.0,4.0
2012-06-15,2012-06-19,-1,1.4788800477981567,1.4921721986361913,stop,-0.014327366871493297,-0.009048841289027273,GBPCHF,-0.008987984426339865,0,7,28,1.0,4.0
2012-07-30,2012-10-17,-1,1.5351500511169434,1.4904673099517822,target,0.04360813612937927,0.03162735859588134,GBPCHF,0.02910643238597484,0,7,28,1.0,4.0
2012-10-26,2012-11-15,1,1.5068000555038452,1.4973000288009644,eod,-0.010554786741733551,-0.0066432348912634585,GBPCHF,-0.0063047692812197515,0,7,28,1.0,4.0
2013-01-02,2013-01-14,1,1.4869999885559082,1.474925002881459,stop,-0.013115885666438445,-0.008382640060780776,GBPCHF,-0.008120367025810045,1,5,21,1.5,4.0
2013-01-16,2013-01-21,1,1.497499942779541,1.482028501374381,stop,-0.01651969136510567,-0.01053184775145052,GBPCHF,-0.01033151385397927,1,5,21,1.5,4.0
2013-02-08,2013-02-21,1,1.4423999786376953,1.4185253168855394,stop,-0.024884341737202297,-0.016843221098146097,GBPCHF,-0.01655203972944095,1,5,21,1.5,4.0
2013-03-01,2013-11-11,1,1.420799970626831,1.4757485049111503,target,0.05395397430488044,0.036196885802038614,GBPCHF,0.03867436333073468,1,5,21,1.5,4.0
2013-11-13,2013-11-18,-1,1.4575400352478027,1.4742853726659502,stop,-0.017765615442820893,-0.011523071073167458,GBPCHF,-0.011488766698130858,1,5,21,1.5,4.0
2013-11-20,2013-12-03,-1,1.4660999774932861,1.4851456795419966,stop,-0.020071972032955777,-0.012751996682160847,GBPCHF,-0.012990725285511913,1,5,21,1.5,4.0
2013-12-05,2014-01-09,-1,1.4779000282287598,1.4928153710705894,stop,-0.015949872861589734,-0.009043468831817914,GBPCHF,-0.01009225425058379,1,5,21,1.5,4.0
2014-01-14,2014-01-20,-1,1.4735599756240845,1.4906664022377558,stop,-0.0181379185966082,-0.011561406997673135,GBPCHF,-0.011608911002367855,1,5,21,1.5,4.0
2014-01-27,2014-05-19,-1,1.4736599922180176,1.4983103360448564,stop,-0.025681905821391453,-0.012988303901791181,GBPCHF,-0.01672729391922855,1,5,21,1.5,4.0
2014-05-29,2014-06-13,-1,1.5011500120162964,1.513069646699088,stop,-0.012970439691203074,-0.007600595937421747,GBPCHF,-0.007940335467726906,1,5,21,1.5,4.0
2014-06-25,2014-07-04,-1,1.5175000429153442,1.5301879005772727,stop,-0.01375010769196922,-0.00823582030213207,GBPCHF,-0.008361026229398459,1,5,21,1.5,4.0
2014-07-11,2014-09-25,-1,1.5288599729537964,1.539996428149087,stop,-0.012206657176358264,-0.0048836749783338395,GBPCHF,-0.0072841564252445505,1,5,21,1.5,4.0
2014-10-03,2014-11-19,-1,1.5413999557495117,1.5020599024636405,target,0.03826107331684654,0.026943074139169187,GBPCHF,0.02552228780021078,1,5,21,1.5,4.0
2014-11-24,2015-01-16,1,1.5202100276947021,1.5003478484494346,stop,-0.020926326264653853,-0.013683753472415053,GBPCHF,-0.013065417858996262,1,5,21,1.5,4.0
2015-01-27,2016-10-05,1,1.3592599630355835,1.2506803359304155,stop,-0.10953110907929292,-0.08591412259680518,GBPCHF,-0.07988142817263687,1,5,21,1.5,4.0
2016-10-19,2016-11-02,1,1.2180700302124023,1.1976614722183772,stop,-0.02126120701517387,-0.01710784887334552,GBPCHF,-0.01675483140363155,1,5,21,1.5,4.0
2016-11-04,2016-12-01,1,1.2144999504089355,1.2668941702161516,target,0.05154406984192979,0.0426465392524523,GBPCHF,0.043140569737836816,1,5,21,1.5,4.0
2016-12-08,2017-05-10,-1,1.2712299823760986,1.2923896227564131,stop,-0.02204950136797775,-0.010642952548228746,GBPCHF,-0.016645013627482486,1,5,21,1.5,4.0
2017-05-16,2017-06-01,-1,1.2844300270080566,1.246269941329956,eod,0.037260984659194946,0.030200232680995455,GBPCHF,0.02970974274635299,1,5,21,1.5,4.0
2017-07-28,2017-08-24,1,1.2598999738693237,1.2371171755450112,stop,-0.02366472830602104,-0.018559249789092992,GBPCHF,-0.0180830215071308,2,7,21,1.5,3.0
2017-08-31,2017-09-13,1,1.2449899911880493,1.2743214794567652,target,0.028459995274884266,0.023222265619281566,GBPCHF,0.023559617728915162,2,7,21,1.5,3.0
2017-09-27,2017-11-02,-1,1.3032599687576294,1.327605013336454,stop,-0.02525732655695503,-0.017460096315638853,GBPCHF,-0.018680113839476185,2,7,21,1.5,3.0
2017-11-06,2017-12-01,-1,1.3080999851226807,1.3293003312179021,stop,-0.022116016084807354,-0.015388996501925307,GBPCHF,-0.016206976787965635,2,7,21,1.5,3.0
2017-12-13,2018-01-23,-1,1.3204799890518188,1.3383160276072366,stop,-0.01876037454775398,-0.012151671125996915,GBPCHF,-0.013507238809597576,2,7,21,1.5,3.0
2018-01-29,2018-03-22,-1,1.3208400011062622,1.3389814155442374,stop,-0.01906600243874962,-0.011864733370317168,GBPCHF,-0.01373475547589488,2,7,21,1.5,3.0
2018-04-02,2018-04-11,-1,1.3399300575256348,1.3535361630575997,stop,-0.014544056572232894,-0.009952837058220714,GBPCHF,-0.010154340113162696,2,7,21,1.5,3.0
2018-04-23,2018-05-23,-1,1.3662999868392944,1.3359699504716056,target,0.029373626376901326,0.023186735470132933,GBPCHF,0.02219866549062353,2,7,21,1.5,3.0
2018-06-06,2018-07-20,1,1.319409966468811,1.3015974419457572,stop,-0.018736111499581987,-0.014114282138472862,GBPCHF,-0.01350037135972694,2,7,21,1.5,3.0
2018-08-21,2018-09-03,1,1.268180012702942,1.2548278612749917,stop,-0.014239877436842269,-0.010859776443406377,GBPCHF,-0.010528593176210082,2,7,21,1.5,3.0
2018-09-11,2018-10-10,1,1.2695800065994263,1.3026421410696847,target,0.03217342846563881,0.025537685141325744,GBPCHF,0.026041788858045607,2,7,21,1.5,3.0
2018-10-17,2018-11-21,-1,1.3059300184249878,1.2741943001747131,target,0.030821567237377168,0.025488133192939987,GBPCHF,0.024301239578327027,2,7,21,1.5,3.0
2018-12-18,2019-01-18,1,1.252150058746338,1.2857714976583208,target,0.03274493387086044,0.026323872831171786,GBPCHF,0.02685096620579559,2,7,21,1.5,3.0
2019-02-01,2019-02-27,-1,1.3028899431228638,1.3194285205432348,stop,-0.017450600380557017,-0.011841811736907454,GBPCHF,-0.012693763972673024,2,7,21,1.5,3.0
2019-03-11,2019-03-12,-1,1.3091000318527222,1.3262257065091814,stop,-0.018042044678756104,-0.013242436967879866,GBPCHF,-0.013082021419113288,2,7,21,1.5,3.0
2019-03-13,2019-05-24,-1,1.316140055656433,1.2745451501437597,target,0.04067360747371392,0.03420981324834534,GBPCHF,0.03160370762511874,2,7,21,1.5,3.0
2019-06-12,2019-06-21,1,1.2625399827957153,1.2495039233139582,stop,-0.013919837469714123,-0.010610404156938818,GBPCHF,-0.010325264672323978,2,7,21,1.5,3.0
2019-07-02,2019-07-16,1,1.2481800317764282,1.234893262386322,stop,-0.0141604954123497,-0.010989415822158517,GBPCHF,-0.010644914236607579,2,7,21,1.5,3.0
2019-07-26,2019-07-30,1,1.2339999675750732,1.2210335561207362,stop,-0.01383021143163963,-0.010742635172338928,GBPCHF,-0.010507627062436076,2,7,21,1.5,3.0
2019-08-16,2019-09-10,1,1.1805700063705444,1.2212114759853907,target,0.03981507061038689,0.0339509469142535,GBPCHF,0.03442529404909358,2,7,21,1.5,3.0
2019-09-24,2019-10-14,-1,1.2306300401687622,1.249663966042655,stop,-0.019895366902010873,-0.014824866351702957,GBPCHF,-0.015466813951073816,2,7,21,1.5,3.0
2019-10-29,2019-12-13,-1,1.2788699865341187,1.304546786206109,stop,-0.026572008662564317,-0.018427830756947476,GBPCHF,-0.020077724821408505,2,7,21,1.5,3.0
2019-12-18,2020-03-02,-1,1.285730004310608,1.242763570376805,target,0.04206642293078553,0.03617900630602805,GBPCHF,0.033417928950675,2,7,21,1.5,3.0
2020-03-26,2021-02-05,1,1.1563400030136108,1.2357478737831116,target,0.07859843276739119,0.06494445454951261,GBPCHF,0.068671731984149,2,7,21,1.5,3.0
2021-02-12,2021-02-17,-1,1.2291799783706665,1.2398075035640173,stop,-0.011487951178210217,-0.008621622040572324,GBPCHF,-0.008646028555914176,2,7,21,1.5,3.0
2021-03-16,2021-08-20,-1,1.2892600297927856,1.2540357538631983,target,0.03432179390873238,0.033425589046232655,GBPCHF,0.027321312315288865,2,7,21,1.5,3.0
2021-08-30,2021-11-05,1,1.25409996509552,1.2413360476493835,stop,-0.013641787421703338,-0.011070821969984657,GBPCHF,-0.010177751217116329,2,7,21,1.5,3.0
2021-11-16,2021-12-01,1,1.2406699657440186,1.2245760347161974,stop,-0.01696240000384201,-0.013342735364673676,GBPCHF,-0.012971967946503654,2,7,21,1.5,3.0
2021-12-15,2021-12-20,1,1.2225300073623657,1.2213599681854248,eod,-0.002025810182094574,-0.0012024565189304092,GBPCHF,-0.0009570637693100901,2,7,21,1.5,3.0
2022-02-09,2022-03-01,1,1.253059983253479,1.23600138936724,stop,-0.017935735874516526,-0.014004592055262548,GBPCHF,-0.01361354932263314,3,5,21,2.0,4.0
2022-03-15,2022-06-17,1,1.2207200527191162,1.1974186386380876,stop,-0.024155918117931975,-0.02029246101581688,GBPCHF,-0.019088253714785314,3,5,21,2.0,4.0
2022-07-08,2022-08-12,1,1.1711499691009521,1.149322816303798,stop,-0.022646957775524744,-0.019235070991332842,GBPCHF,-0.018637367863237844,3,5,21,2.0,4.0
2022-08-26,2022-09-09,1,1.1391500234603882,1.1205286128180367,stop,-0.019418815658773726,-0.016724233200188256,GBPCHF,-0.016346758775271166,3,5,21,2.0,4.0
2022-09-30,2026-02-19,1,1.0886800289154053,1.0425886086055212,stop,-0.046853496330124894,-0.05718982497723587,GBPCHF,-0.04233697604961356,3,5,21,2.0,4.0
2026-02-25,2026-03-02,1,1.0441999435424805,1.0318542548588343,stop,-0.013076628644125897,-0.012110409277312611,GBPCHF,-0.011823107978499819,3,5,21,2.0,4.0
2026-03-04,2026-07-02,1,1.0439499616622925,1.0715584584644862,target,0.02687773182903008,0.024731546290861123,GBPCHF,0.026446187859648352,3,5,21,2.0,4.0
2008-09-18,2008-09-29,1,191.6199951171875,187.29014042445593,stop,-4.463988689313603,-0.02269770798225772,GBPJPY,-0.022596048445171903,0,9,28,1.0,4.0
2008-09-30,2008-10-08,-1,188.91000366210938,172.45944213867188,target,16.31832452087402,0.08697560322335147,GBPJPY,0.08708147374165273,0,9,28,1.0,4.0
2008-11-03,2008-11-12,1,156.0500030517578,147.61007581438338,stop,-8.549162239510665,-0.05420959354014664,GBPJPY,-0.05408476175790349,0,9,28,1.0,4.0
2008-11-25,2008-12-01,1,147.17999267578125,141.38392203194755,stop,-5.899096638706748,-0.039514546359878264,GBPJPY,-0.039380832533411694,0,9,28,1.0,4.0
2008-12-02,2009-03-24,-1,138.74000549316406,143.47072056361608,stop,-4.827833074297236,-0.03424185442090167,GBPJPY,-0.034097699892949127,0,9,28,1.0,4.0
2009-04-17,2009-05-05,-1,145.99000549316406,148.78307451520647,stop,-2.8952620258876176,-0.01926891510511056,GBPJPY,-0.019131919425629362,0,9,28,1.0,4.0
2009-05-13,2009-05-18,-1,144.46499633789062,147.24099622453963,stop,-2.877125384085527,-0.019354168535812035,GBPJPY,-0.01921572669517943,0,9,28,1.0,4.0
2009-05-20,2009-06-11,1,149.44400024414062,160.71714564732142,target,11.168534603009892,0.07530757598026787,GBPJPY,0.07543391092826951,0,9,28,1.0,4.0
2009-06-17,2009-08-03,-1,156.8719940185547,160.07342093331474,stop,-3.311237310573037,-0.02053538577688393,GBPJPY,-0.020407893294078907,0,9,28,1.0,4.0
2009-08-12,2009-08-26,-1,158.7100067138672,152.9074249267578,target,5.691484782409669,0.03643489094883975,GBPJPY,0.03656090694754144,0,9,28,1.0,4.0
2009-09-08,2009-09-11,1,152.47999572753906,151.5439224243164,stop,-1.0428093002319336,-0.006268843979577959,GBPJPY,-0.006138990880451567,0,9,28,1.0,4.0
2009-09-15,2009-09-24,-1,149.8800048828125,146.07999093191964,target,3.695097947474893,0.02522026839969989,GBPJPY,0.025353708480754314,0,9,28,1.0,4.0
2009-10-13,2009-10-15,1,143.06900024414062,147.9855739048549,target,4.81642536054338,0.03422637784815878,GBPJPY,0.0343650521938671,0,9,28,1.0,4.0
2009-11-02,2009-11-04,-1,148.14999389648438,150.09331621442522,stop,-2.047027313668379,-0.013252260538820245,GBPJPY,-0.013117262220737462,0,9,28,1.0,4.0
2009-11-10,2009-11-20,1,150.13699340820312,147.84456743512834,stop,-2.3975218684605273,-0.015398376646514559,GBPJPY,-0.015268894900818845,0,9,28,1.0,4.0
2009-12-04,2009-12-08,1,149.16000366210938,146.75736345563615,stop,-2.507052209036699,-0.016240816217468337,GBPJPY,-0.016107804689492355,0,9,28,1.0,4.0
2009-12-10,2009-12-16,-1,143.61500549316406,146.33614458356584,stop,-2.821669594246992,-0.019086717860636458,GBPJPY,-0.018947456646731118,0,9,28,1.0,4.0
2010-01-12,2010-01-14,-1,147.0749969482422,148.8517107282366,stop,-1.8796662778581932,-0.012216310163356408,GBPJPY,-0.012080325118889344,0,9,28,1.0,4.0
2010-01-20,2010-01-21,1,148.60000610351562,146.76693507603235,stop,-1.9370910317557317,-0.012469925648538929,GBPJPY,-0.012335605331041125,0,9,28,1.0,4.0
2010-02-16,2010-02-23,1,142.44000244140625,140.42114475795202,stop,-2.118565685163213,-0.014311272455171293,GBPJPY,-0.014173389840292238,0,9,28,1.0,4.0
2010-02-24,2010-03-31,-1,139.16000366210938,140.90078844342912,stop,-1.8381967838832227,-0.012652951530491908,GBPJPY,-0.012509232074659172,0,9,28,1.0,4.0
2010-04-16,2010-04-21,-1,141.5500030517578,143.3329304286412,stop,-1.882012379019609,-0.012737035238523715,GBPJPY,-0.01259574241218102,0,9,28,1.0,4.0
2010-04-26,2010-04-27,1,145.20899963378906,143.43314252580916,stop,-1.8775034077235548,-0.012367119892767509,GBPJPY,-0.012229662847747309,0,9,28,1.0,4.0
2010-04-28,2010-05-06,-1,142.7899932861328,135.22970363071985,target,7.460336660112666,0.05280684928882367,GBPJPY,0.05294691512634999,0,9,28,1.0,4.0
2010-05-28,2010-10-20,1,131.57000732421875,128.41950879778182,stop,-3.2425975315638866,-0.024040574221771752,GBPJPY,-0.023945415756293005,0,9,28,1.0,4.0
2010-10-29,2010-12-29,1,128.83200073242188,127.27492959158761,stop,-1.6472535413469627,-0.012216771701801079,GBPJPY,-0.012086058836175589,0,9,28,1.0,4.0
2011-01-06,2011-02-16,1,129.0,134.9451424734933,target,5.854842473493292,0.0459477711123511,GBPJPY,0.04608637576351389,0,9,28,1.0,4.0
2011-02-24,2011-03-17,-1,133.80099487304688,128.54813929966517,target,5.1591948769705755,0.039109242635652665,GBPJPY,0.03925871835531362,0,9,28,1.0,4.0
2011-03-23,2011-06-20,1,132.5399932861328,130.0500657217843,stop,-2.582705559648798,-0.01890303071722456,GBPJPY,-0.01878623578147576,0,9,28,1.0,4.0
2011-07-01,2011-07-12,1,129.2899932861328,127.9584208897182,stop,-1.4220753917149074,-0.010449783174051132,GBPJPY,-0.010299114127631672,0,9,28,1.0,4.0
2011-07-25,2011-08-02,1,127.83000183105469,126.39800044468471,stop,-1.5214823876517138,-0.011355717480849847,GBPJPY,-0.01120238884344668,0,9,28,1.0,4.0
2011-08-05,2011-08-09,1,128.66700744628906,126.98086438860211,stop,-1.7762099628993504,-0.013258900564692904,GBPJPY,-0.013104704081897716,0,9,28,1.0,4.0
2011-08-11,2011-08-16,-1,123.66999816894531,125.88392693655831,stop,-2.30049776633126,-0.01806362740105513,GBPJPY,-0.017901906690323995,0,9,28,1.0,4.0
2011-08-18,2011-09-06,1,126.5999984741211,124.33528355189732,stop,-2.3533349211556587,-0.018039454579382285,GBPJPY,-0.01788874367709187,0,9,28,1.0,4.0
2011-09-30,2012-01-12,1,119.69999694824219,118.08178274972099,stop,-1.7020041963849706,-0.013641221722229794,GBPJPY,-0.013518915954700573,0,9,28,1.0,4.0
2012-01-20,2012-02-16,1,119.3280029296875,123.08343287876674,target,3.671900347028462,0.03131561626218719,GBPJPY,0.03147148914653405,0,9,28,1.0,4.0
2012-03-08,2012-03-14,-1,127.91799926757812,129.78399658203125,stop,-1.9555399139404295,-0.014743799349988321,GBPJPY,-0.014587449187270687,0,9,28,1.0,4.0
2012-03-27,2012-05-18,-1,132.44000244140625,125.6185804094587,target,6.728714030238565,0.051354741064404734,GBPJPY,0.05150575284053973,0,9,28,1.0,4.0
2012-06-11,2012-07-24,1,123.5999984741211,121.72592653547015,stop,-1.9605919375828271,-0.015306407459600864,GBPJPY,-0.015162394512839163,0,9,28,1.0,4.0
2012-07-31,2012-10-26,1,122.7249984741211,128.36299460274833,target,5.552088629695352,0.04581394335737434,GBPJPY,0.04594007902812169,0,9,28,1.0,4.0
2012-11-08,2012-11-19,-1,127.77200317382812,129.0852873665946,stop,-1.4027245949881537,-0.010434869608740504,GBPJPY,-0.010278340795673442,0,9,28,1.0,4.0
2013-03-08,2013-04-04,1,142.61000061035156,140.86021641322546,stop,-1.8496111975533498,-0.01240014157182286,GBPJPY,-0.012269715936030177,1,7,28,1.0,3.0
2013-04-05,2013-05-06,1,146.8090057373047,153.9667914254325,target,7.055019384111689,0.04863016170072507,GBPJPY,0.048755767074233264,1,7,28,1.0,3.0
2013-05-22,2013-06-12,-1,155.27000427246094,150.68364061628068,target,4.477674653189531,0.029409180978493443,GBPJPY,0.029537988857991564,1,7,28,1.0,3.0
2013-06-24,2013-08-01,1,151.44000244140625,148.9462160382952,stop,-2.5997944048200297,-0.016586016657539886,GBPJPY,-0.01646715770541484,1,7,28,1.0,3.0
2013-08-14,2013-09-19,1,151.63999938964844,157.99850027901786,target,6.25235288979667,0.04181179711744473,GBPJPY,0.041931554437895105,1,7,28,1.0,3.0
2013-09-26,2013-11-15,-1,158.19900512695312,159.46964699881417,stop,-1.3813811754499121,-0.008158343795053058,GBPJPY,-0.008031920749699833,1,7,28,1.0,3.0
2013-12-17,2013-12-19,-1,167.89599609375,169.71956743512834,stop,-1.941098538643965,-0.010980436605223892,GBPJPY,-0.010861315241610001,1,7,28,1.0,3.0
2013-12-20,2014-01-27,1,170.60899353027344,168.7593481881278,stop,-1.9690716376168265,-0.01094740261634695,GBPJPY,-0.01084142930494123,1,7,28,1.0,3.0
2014-02-12,2014-09-19,1,168.60000610351562,176.8034940447126,target,8.085467936924521,0.048604553051828786,GBPJPY,0.048656510345321535,1,7,28,1.0,3.0
2014-10-02,2014-10-15,-1,176.50999450683594,171.37484414236886,target,5.011593368312295,0.02897938090564599,GBPJPY,0.029092688937046023,1,7,28,1.0,3.0
2014-10-23,2014-11-03,1,171.90499877929688,177.11749485560827,target,5.0921625771658885,0.0302086391506191,GBPJPY,0.030321957554029867,1,7,28,1.0,3.0
2014-12-11,2014-12-23,-1,185.3249969482422,187.15006801060267,stop,-1.9547985602242484,-0.009955867221062321,GBPJPY,-0.009847948697768965,1,7,28,1.0,3.0
2014-12-31,2015-01-07,-1,185.9600067138672,180.7980673653739,target,5.031767343793584,0.027650780613301906,GBPJPY,0.02775833062017394,1,7,28,1.0,3.0
2015-01-23,2015-05-12,1,178.21299743652344,185.05728367396765,target,6.719537139238642,0.038324063540185326,GBPJPY,0.03840509017801595,1,7,28,1.0,3.0
2015-06-29,2015-07-09,-1,192.38999938964844,187.63457380022322,target,4.6207525898524615,0.024613678488737523,GBPJPY,0.024717633996110305,1,7,28,1.0,3.0
2015-07-15,2015-08-25,1,192.7949981689453,190.04099818638392,stop,-2.8889564812796578,-0.014377758805403974,GBPJPY,-0.01428460286167839,1,7,28,1.0,3.0
2015-09-11,2015-09-24,1,186.2310028076172,183.3820037841797,stop,-2.9793607254028323,-0.015401941568239146,GBPJPY,-0.015298199443089563,1,7,28,1.0,3.0
2015-10-07,2015-12-21,1,183.07899475097656,181.17978014264787,stop,-2.0273699046543747,-0.010462230311751666,GBPJPY,-0.010373743918093916,1,7,28,1.0,3.0
2016-01-26,2016-02-11,1,168.3209991455078,165.5835702078683,stop,-2.8552536370413764,-0.016376738206363532,GBPJPY,-0.016263145724753608,1,7,28,1.0,3.0
2016-03-03,2016-04-06,1,159.7480010986328,156.96314130510603,stop,-2.8966833942958203,-0.01754701013001137,GBPJPY,-0.01743283029755927,1,7,28,1.0,3.0
2016-04-20,2016-06-06,1,157.16000366210938,154.3712158203125,stop,-2.8987998443603513,-0.017857137798435244,GBPJPY,-0.017744895500210783,1,7,28,1.0,3.0
2016-06-22,2016-06-27,1,153.47000122070312,150.59957449776786,stop,-2.977855723789756,-0.018832519058749914,GBPJPY,-0.01870350361701856,1,7,28,1.0,3.0
2016-07-13,2016-08-05,1,139.08399963378906,132.88200160435267,stop,-6.299356829180049,-0.04472720115768878,GBPJPY,-0.04459174344832174,1,7,28,1.0,3.0
2016-08-23,2016-09-02,1,131.65499877929688,136.7982907976423,target,5.0511335191999125,0.03891878064527513,GBPJPY,0.039066439299942614,1,7,28,1.0,3.0
2016-09-13,2016-09-27,-1,135.70899963378906,130.5667768205915,target,5.0472265134538965,0.03774416455076579,GBPJPY,0.03789153871205185,1,7,28,1.0,3.0
2016-10-06,2016-10-07,1,131.94700622558594,130.31214795793807,stop,-1.7272211720057815,-0.012541537053282415,GBPJPY,-0.012390264200862595,1,7,28,1.0,3.0
2016-10-21,2016-11-11,1,127.59500122070312,132.32729012625558,target,4.642972404697959,0.03694007492816793,GBPJPY,0.03708835659922864,1,7,28,1.0,3.0
2016-12-21,2017-01-13,-1,145.7449951171875,140.41000475202287,target,5.2329688685825975,0.0364677384694484,GBPJPY,0.03660496445092323,1,7,28,1.0,3.0
2017-01-20,2017-02-07,1,141.843994140625,139.8735613141741,stop,-2.069723622349326,-0.014026345200618321,GBPJPY,-0.013891549222009286,1,7,28,1.0,3.0
2017-02-13,2017-02-27,1,142.1699981689453,140.109135219029,stop,-2.1603819486345603,-0.014631377763994875,GBPJPY,-0.014495765467108658,1,7,28,1.0,3.0
2017-03-14,2017-03-23,1,140.2480010986328,139.0604978288923,stop,-1.2856768705095603,-0.008606063974428249,GBPJPY,-0.008467167164153569,1,7,28,1.0,3.0
2017-04-03,2017-04-05,1,139.50999450683594,138.22221047537667,stop,-1.3854410276140525,-0.009372977442094262,GBPJPY,-0.009230765408683079,1,7,28,1.0,3.0
2017-04-19,2017-05-01,1,139.39700317382812,143.76757049560547,target,4.272989419555664,0.031213922987651934,GBPJPY,0.03135338079203356,1,7,28,1.0,3.0
2017-05-17,2017-06-09,-1,145.49000549316406,141.21446337018693,target,4.173699119131914,0.02924972137125308,GBPJPY,0.029387187858605297,1,7,28,1.0,3.0
2017-06-19,2017-06-22,1,141.75999450683594,141.08200073242188,eod,-0.7772257705688477,-0.004922360337566278,GBPJPY,-0.0047826876459237475,1,7,28,1.0,3.0
2017-08-31,2017-09-13,1,142.69000244140625,145.07695661272322,target,2.2870711696079877,0.01659285255313672,GBPJPY,0.01672825096696696,2,9,28,2.0,2.0
2017-10-02,2018-01-23,-1,150.8300018310547,155.13800484793526,stop,-4.4135840181623145,-0.02869457643929747,GBPJPY,-0.028561976825446096,2,9,28,2.0,2.0
2018-01-31,2018-02-14,-1,153.90699768066406,150.3730010986328,target,3.4262616836547855,0.022831948091939988,GBPJPY,0.02296189669922487,2,9,28,2.0,2.0
2018-02-28,2018-03-02,1,149.38699340820312,146.27113124302454,stop,-3.220433060564326,-0.02099099857114061,GBPJPY,-0.02085765362895031,2,9,28,2.0,2.0
2018-03-12,2018-04-11,1,148.09800720214844,151.3647242954799,target,3.163048488289961,0.02193356382505289,GBPJPY,0.022057805874946813,2,9,28,2.0,2.0
2018-04-23,2018-05-04,-1,151.03599548339844,148.3976832798549,target,2.532587006705156,0.017335683425421158,GBPJPY,0.017468102190471096,2,9,28,2.0,2.0
2018-05-17,2018-05-25,1,149.4739990234375,146.74686104910714,stop,-2.831769773646767,-0.0183760252102419,GBPJPY,-0.018244898725849612,2,9,28,2.0,2.0
2018-06-06,2018-08-09,1,147.27000427246094,143.81243242536272,stop,-3.560660850088945,-0.023591306758370924,GBPJPY,-0.02347777379500476,2,9,28,2.0,2.0
2018-08-23,2018-08-30,1,142.6909942626953,145.48870195661272,target,2.697823997933516,0.019469117222653567,GBPJPY,0.019606757303595485,2,9,28,2.0,2.0
2018-10-03,2018-10-26,-1,147.41200256347656,144.31529017857142,target,2.9935239831107125,0.020871518813946603,GBPJPY,0.02100719297651276,2,9,28,2.0,2.0
2018-11-05,2018-12-05,1,147.13600158691406,143.9469953264509,stop,-3.2920014615740136,-0.02179892226151423,GBPJPY,-0.02167386789139713,2,9,28,2.0,2.0
2019-01-10,2019-01-24,1,138.46299743652344,142.18285478864397,target,3.6229332539149612,0.026726110373401453,GBPJPY,0.026865353350636858,2,9,28,2.0,2.0
2019-02-06,2019-02-26,-1,142.43899536132812,145.0988507952009,stop,-2.7595627306256936,-0.018814057394007277,GBPJPY,-0.018673646406487564,2,9,28,2.0,2.0
2019-03-11,2019-03-12,-1,144.25900268554688,147.30571637834822,stop,-3.1476949946812303,-0.02125838689933351,GBPJPY,-0.021119747371625173,2,9,28,2.0,2.0
2019-03-15,2019-04-26,1,148.156005859375,144.4040069580078,stop,-3.8557081054687496,-0.025445062989517948,GBPJPY,-0.025324649376201908,2,9,28,2.0,2.0
2019-05-03,2019-05-09,1,145.30799865722656,143.49170793805803,stop,-1.9180063182285934,-0.012635028602241553,GBPJPY,-0.012499592148764385,2,9,28,2.0,2.0
2019-06-10,2019-07-03,1,137.94000244140625,135.84514944893974,stop,-2.1914109941754982,-0.015322697948800807,GBPJPY,-0.015186696791283292,2,9,28,2.0,2.0
2019-07-04,2019-07-30,-1,135.57000732421875,133.4674312046596,target,2.007677114432207,0.015361628730893492,GBPJPY,0.015509153986624795,2,9,28,2.0,2.0
2019-08-19,2019-09-11,1,129.3699951171875,132.75914001464844,target,3.2985859008789062,0.026052292066703214,GBPJPY,0.026197302507362245,2,9,28,2.0,2.0
2019-09-25,2019-10-09,-1,133.7830047607422,131.18385314941406,target,2.5055035079956056,0.019278619253175585,GBPJPY,0.01942811507318477,2,9,28,2.0,2.0
2019-10-14,2019-10-22,1,136.8419952392578,140.4114270891462,target,3.4736424532209087,0.025941099760214532,GBPJPY,0.026084330644605913,2,9,28,2.0,2.0
2019-11-01,2019-12-06,-1,139.73199462890625,142.74070957728796,stop,-3.106527344621943,-0.021675171505461076,GBPJPY,-0.021532040363211834,2,9,28,2.0,2.0
2019-12-20,2020-03-02,-1,142.36000061035156,139.12754821777344,target,3.132800392150879,0.022565695271179527,GBPJPY,0.02270618417195399,2,9,28,2.0,2.0
2020-03-26,2020-06-08,1,131.36500549316406,138.67486572265625,target,7.217904725646973,0.055521789856521044,GBPJPY,0.05564541486562474,2,9,28,2.0,2.0
2020-06-15,2020-08-03,-1,134.22000122070312,138.38557870047433,stop,-4.259531480625693,-0.031184454192402327,GBPJPY,-0.03103544510420307,2,9,28,2.0,2.0
2020-08-21,2020-09-02,-1,139.67799377441406,141.74899074009485,stop,-2.168771561322881,-0.014970124564201867,GBPJPY,-0.014826938086077756,2,9,28,2.0,2.0
2020-09-08,2020-09-11,-1,139.89599609375,136.81612069266183,target,2.981948203822549,0.0218725016192574,GBPJPY,0.022015464967447846,2,9,28,2.0,2.0
2020-09-30,2020-11-11,1,135.9250030517578,138.7817164829799,target,2.76156592908586,0.02088558666532527,GBPJPY,0.021016835512847512,2,9,28,2.0,2.0
2020-11-20,2021-01-01,-1,137.5399932861328,140.6018545968192,stop,-3.1581393059866887,-0.022407019493413907,GBPJPY,-0.022261607242604845,2,9,28,2.0,2.0
2021-03-22,2021-04-02,-1,150.5780029296875,152.71301923479353,stop,-2.240420907156816,-0.01431162761610221,GBPJPY,-0.01417880609097321,2,9,28,2.0,2.0
2021-04-09,2021-05-11,-1,150.11000061035156,153.1401083809989,stop,-3.1351847710745795,-0.020319151010895396,GBPJPY,-0.02018591538423042,2,9,28,2.0,2.0
2021-05-26,2021-05-28,-1,153.8470001220703,155.61085728236608,stop,-1.8715500603812203,-0.011595007760179691,GBPJPY,-0.011465008475278907,2,9,28,2.0,2.0
2021-06-08,2021-06-21,-1,154.89100646972656,153.08114624023438,target,1.7014365249633792,0.011555611073145268,GBPJPY,0.011684734128484888,2,9,28,2.0,2.0
2021-07-27,2021-09-22,1,152.4929962158203,149.42342485700334,stop,-3.176316456168047,-0.020240741774452443,GBPJPY,-0.020129261244710997,2,9,28,2.0,2.0
2021-09-28,2021-10-14,1,152.01800537109375,154.64916120256697,target,2.5247432277134565,0.017182410893347384,GBPJPY,0.017308185468229653,2,9,28,2.0,2.0
2021-10-28,2021-11-08,-1,156.2220001220703,153.12142944335938,target,2.9912152786254884,0.01971918600647675,GBPJPY,0.019847208948087867,2,9,28,2.0,2.0
2021-11-19,2021-11-30,1,154.25999450683594,151.54085213797433,stop,-2.827124365016396,-0.017753289682246494,GBPJPY,-0.017627009371772757,2,9,28,2.0,2.0
2021-12-15,2021-12-24,1,150.46600341796875,153.16586085728235,target,2.5945312369210263,0.01781330917568268,GBPJPY,0.017943305318038276,2,9,28,2.0,2.0
2022-03-15,2022-03-25,1,153.76800537109375,161.06857299804688,target,7.19293002319336,0.047351382424330235,GBPJPY,0.047477806643419794,3,9,21,2.0,4.0
2022-04-04,2022-04-15,-1,160.6510009765625,164.83314078194755,stop,-4.294595506068642,-0.026156947543688833,GBPJPY,-0.026032454077240294,3,9,21,2.0,4.0
2022-04-26,2022-06-08,-1,162.7310028076172,166.7732652936663,stop,-4.156174188014443,-0.02496305200584042,GBPJPY,-0.024840149795106525,3,9,21,2.0,4.0
2022-06-15,2022-10-18,-1,162.49600219726562,167.23571123395647,stop,-4.853456238228926,-0.02929123776788481,GBPJPY,-0.029168157816811795,3,9,21,2.0,4.0
2022-11-03,2023-01-02,-1,168.33900451660156,158.1530042375837,target,10.068162975856241,0.0603900463128573,GBPJPY,0.060508854191384506,3,9,21,2.0,4.0
2023-01-09,2023-05-01,1,159.74400329589844,169.3188977922712,target,9.463073694065635,0.05984984912806578,GBPJPY,0.05993899175443168,3,9,21,2.0,4.0
2023-05-12,2023-05-29,-1,168.19000244140625,172.86028616768974,stop,-4.788016727992471,-0.027886816446878165,GBPJPY,-0.027767903314648634,3,9,21,2.0,4.0
2023-06-07,2023-06-14,-1,173.38699340820312,176.00501360212053,stop,-2.739391089303145,-0.015214637165469155,GBPJPY,-0.015099288259493755,3,9,21,2.0,4.0
2023-07-05,2023-11-15,-1,183.61000061035156,187.0345676967076,stop,-3.5530940867832808,-0.018760236778528918,GBPJPY,-0.01865131024983486,3,9,21,2.0,4.0
2023-11-22,2024-02-14,-1,185.83399963378906,189.18229239327567,stop,-3.4783765592302633,-0.018125277215817803,GBPJPY,-0.018017654283311306,3,9,21,2.0,4.0
2024-03-01,2024-03-20,-1,189.48300170898438,191.53257315499442,stop,-2.1822095472063374,-0.010922201080541144,GBPJPY,-0.01081665071549723,3,9,21,2.0,4.0
2024-03-29,2024-04-26,-1,191.1529998779297,193.96932547433036,stop,-2.950132696315224,-0.014837986315736355,GBPJPY,-0.014733358085926872,3,9,21,2.0,4.0
2024-05-06,2024-05-20,-1,192.5760040283203,197.6291242327009,stop,-5.187923407200401,-0.02634347010146976,GBPJPY,-0.026239615002279632,3,9,21,2.0,4.0
2024-06-04,2024-06-28,-1,199.9199981689453,202.73057120186942,stop,-2.950517031642373,-0.014158528705728049,GBPJPY,-0.014058488688805387,3,9,21,2.0,4.0
2024-07-15,2024-07-25,-1,205.2689971923828,198.92356872558594,target,6.201740168762208,0.030815313336716596,GBPJPY,0.030912746462388542,3,9,21,2.0,4.0
2024-08-13,2025-10-08,1,187.68699645996094,203.8487047467913,target,16.03032738930839,0.08611906307679919,GBPJPY,0.08610989888304874,3,9,21,2.0,4.0
2025-10-16,2025-11-27,-1,202.36000061035156,206.0219944545201,stop,-3.803645844595781,-0.018195265037868287,GBPJPY,-0.01809643127655342,3,9,21,2.0,4.0
2025-12-03,2025-12-22,-1,205.96200561523438,208.7867170061384,stop,-2.9688847948346777,-0.01381182603270202,GBPJPY,-0.013714720744082124,3,9,21,2.0,4.0
2026-01-08,2026-01-14,-1,210.91000366210938,213.4518585205078,stop,-2.689491860961914,-0.012146673054459212,GBPJPY,-0.012051845878636669,3,9,21,2.0,4.0
2026-01-19,2026-01-23,-1,211.13999938964844,213.82742745535714,stop,-2.8352260652814554,-0.012822904582434316,GBPJPY,-0.012728180702270372,3,9,21,2.0,4.0
2026-01-27,2026-04-14,-1,211.08200073242188,214.85643223353796,stop,-3.9221889016287785,-0.017976101647463986,GBPJPY,-0.017881351740173915,3,9,21,2.0,4.0
2026-04-24,2026-07-08,-1,215.11900329589844,216.68600463867188,eod,-1.7175846450805665,-0.0073773182213497926,GBPJPY,-0.007284346425768861,3,9,21,2.0,4.0
2008-03-10,2008-03-11,1,2.5457000732421875,2.5131143161228726,stop,-0.03436774717058441,-0.012961368649092938,GBPNZD,-0.01280031275554542,0,7,28,1.0,3.0
2008-03-12,2008-04-18,-1,2.511199951171875,2.5456142595836093,stop,-0.03617214837755463,-0.01311496856168909,GBPNZD,-0.013704328241832977,0,7,28,1.0,3.0
2008-04-23,2008-04-25,-1,2.4907000064849854,2.525607109069824,stop,-0.036650592589378354,-0.014143454648540077,GBPNZD,-0.014014976710945497,0,7,28,1.0,3.0
2008-05-06,2008-05-08,-1,2.4939000606536865,2.5275000674383983,stop,-0.035345736827169336,-0.013569111015556017,GBPNZD,-0.013472876204952943,0,7,28,1.0,3.0
2008-05-09,2008-05-27,1,2.541800022125244,2.51028573513031,stop,-0.033293547010421747,-0.012642334847438562,GBPNZD,-0.012398413219221088,0,7,28,1.0,3.0
2008-06-05,2008-07-23,1,2.555500030517578,2.6371857609067644,target,0.07989688036782394,0.03156553685223342,GBPNZD,0.031964675959186756,0,7,28,1.0,3.0
2008-08-13,2008-09-15,-1,2.669300079345703,2.703085882323129,stop,-0.03565431303296783,-0.012192635526165136,GBPNZD,-0.012657176777856834,0,7,28,1.0,3.0
2008-09-22,2008-10-06,-1,2.685800075531006,2.7411501237324307,stop,-0.057230108254296565,-0.020489257075676025,GBPNZD,-0.02060840220599133,0,7,28,1.0,3.0
2008-10-20,2008-10-24,-1,2.760200023651123,2.8517571687698364,stop,-0.09348928513526915,-0.03322844153786806,GBPNZD,-0.03317047472436577,0,7,28,1.0,3.0
2008-10-27,2008-10-31,1,2.8382999897003174,2.7388928277151927,stop,-0.10139397197791489,-0.03518555556055551,GBPNZD,-0.03502348671594104,0,7,28,1.0,3.0
2008-11-17,2008-12-17,1,2.7174999713897705,2.645142810685294,stop,-0.07425941068444945,-0.026920758592340645,GBPNZD,-0.026626370364770263,0,7,28,1.0,3.0
2009-01-07,2009-01-29,1,2.5596001148223877,2.7586929287229265,target,0.1973010938201631,0.07751711400212481,GBPNZD,0.07778278050059939,0,7,28,1.0,3.0
2009-02-10,2009-02-23,-1,2.7713000774383545,2.84045718397413,stop,-0.0710970165899823,-0.02485371652695289,GBPNZD,-0.02495475213918396,0,7,28,1.0,3.0
2009-03-06,2009-03-18,-1,2.7985999584198,2.649692807878767,target,0.146948130570139,0.05329348701385933,GBPNZD,0.05320772984828876,0,7,28,1.0,3.0
2009-04-07,2009-07-21,1,2.5546998977661133,2.503571322986058,stop,-0.05291686470849167,-0.02069854655973236,GBPNZD,-0.02001353459354007,0,7,28,1.0,3.0
2009-07-30,2009-07-31,1,2.5272998809814453,2.506292700767517,stop,-0.022776290130615235,-0.008474332775108243,GBPNZD,-0.008312104302307943,0,7,28,1.0,3.0
2009-08-07,2009-08-24,-1,2.477299928665161,2.4156926018851146,target,0.05987321682998093,0.025046352305624693,GBPNZD,0.024868739576980613,0,7,28,1.0,3.0
2009-09-02,2009-09-04,1,2.411799907684326,2.3949642181396484,stop,-0.018523949480056763,-0.007154693674918361,GBPNZD,-0.006980549875235053,0,7,28,1.0,3.0
2009-09-07,2009-09-18,-1,2.3596999645233154,2.306814364024571,target,0.05123381052357804,0.022496758612050163,GBPNZD,0.022412002073927993,0,7,28,1.0,3.0
2009-10-15,2009-10-23,1,2.1840999126434326,2.164935622896467,stop,-0.02069315968581589,-0.009003383788961216,GBPNZD,-0.008774456532883976,0,7,28,1.0,3.0
2009-11-11,2009-11-19,-1,2.237299919128418,2.2725713593619212,stop,-0.03683755017689315,-0.015765181919482618,GBPNZD,-0.015765181919482618,0,7,28,1.0,3.0
2009-11-20,2009-12-10,1,2.2774999141693115,2.2522213459014893,stop,-0.026872818207740783,-0.011389053455698163,GBPNZD,-0.011099262006796735,0,7,28,1.0,3.0
2009-12-18,2009-12-29,1,2.269200086593628,2.24501439503261,stop,-0.025774131621633445,-0.010891807957807483,GBPNZD,-0.010658245477737424,0,7,28,1.0,3.0
2010-01-14,2010-01-26,1,2.2000999450683594,2.278721366609846,target,0.07708135157993881,0.035489942953050975,GBPNZD,0.03573538634811602,0,7,28,1.0,3.0
2010-02-02,2010-02-03,-1,2.240299940109253,2.2652214084352766,stop,-0.026489678284100187,-0.011249149220972041,GBPNZD,-0.011124165956460439,0,7,28,1.0,3.0
2010-02-04,2010-02-09,1,2.288800001144409,2.261214256286621,stop,-0.029187904858589173,-0.012249102081339612,GBPNZD,-0.012052492504366963,0,7,28,1.0,3.0
2010-03-31,2010-04-28,1,2.146699905395508,2.124871322086879,stop,-0.023331273242405543,-0.010522469047422336,GBPNZD,-0.010168437262127234,0,7,28,1.0,3.0
2010-05-19,2010-11-04,1,2.113800048828125,2.0762286526816234,stop,-0.03905105618068131,-0.018990157639912873,GBPNZD,-0.01777433781749174,0,7,28,1.0,3.0
2010-11-15,2010-11-22,1,2.0796000957489014,2.053364396095276,stop,-0.02769141972064972,-0.012851364888979332,GBPNZD,-0.012615742664782645,0,7,28,1.0,3.0
2010-11-24,2010-12-29,1,2.0773000717163086,2.055557233946664,stop,-0.023196947819845888,-0.010876058821380485,GBPNZD,-0.010466873835747808,0,7,28,1.0,3.0
2011-01-07,2011-02-16,1,2.043600082397461,2.126207266535078,target,0.08117666407993882,0.039972196537487535,GBPNZD,0.0404223824657053,0,7,28,1.0,3.0
2011-03-14,2011-03-17,-1,2.1721999645233154,2.2016214302607944,stop,-0.030942005712645264,-0.013636620118433394,GBPNZD,-0.013544547563757751,0,7,28,1.0,3.0
2011-03-24,2011-04-04,-1,2.184499979019165,2.0967499017715454,target,0.08622092726230622,0.04022434336990613,GBPNZD,0.04016941089055043,0,7,28,1.0,3.0
2011-04-28,2011-05-19,1,2.0717999935150146,2.048350010599409,stop,-0.024900242911066135,-0.011642042181245343,GBPNZD,-0.011318651891595193,0,7,28,1.0,3.0
2011-06-16,2011-06-23,1,2.0078999996185303,1.9856000116893224,stop,-0.023705517928940815,-0.01135016083148443,GBPNZD,-0.011106124773865479,0,7,28,1.0,3.0
2011-08-04,2011-08-09,1,1.8969999551773071,1.9623356802122933,target,0.06400782506636207,0.034204389334801806,GBPNZD,0.034441605998287675,0,7,28,1.0,3.0
2011-08-26,2011-09-29,-1,1.965499997138977,2.002792852265494,stop,-0.03866870512451431,-0.018281788440000838,GBPNZD,-0.018973724335182546,0,7,28,1.0,3.0
2011-10-11,2011-11-03,-1,1.99590003490448,2.0311500344957625,stop,-0.03664712961571563,-0.017240342196260996,GBPNZD,-0.017661204957576695,0,7,28,1.0,3.0
2011-11-29,2012-01-04,-1,2.0517001152038574,1.9830857345036097,target,0.06717819061960503,0.03418354377451461,GBPNZD,0.03344269476410795,0,7,28,1.0,3.0
2012-02-13,2012-02-15,1,1.9005000591278076,1.8848572032792228,stop,-0.016973205889974287,-0.008462433753338421,GBPNZD,-0.008230915738968073,0,7,28,1.0,3.0
2012-02-22,2012-03-15,1,1.8898999691009521,1.9348142998559135,target,0.043591400776590655,0.02340564658350892,GBPNZD,0.0237654539866084,0,7,28,1.0,3.0
2012-04-06,2012-04-19,-1,1.9398000240325928,1.9569928816386633,stop,-0.01855071762289329,-0.0087188665823969,GBPNZD,-0.008863211358420728,0,7,28,1.0,3.0
2012-05-28,2012-06-15,-1,2.065000057220459,1.9943756546292986,target,0.0691789025511061,0.03447186470637507,GBPNZD,0.034200678273211584,0,7,28,1.0,3.0
2012-07-12,2012-08-02,1,1.9499000310897827,1.933760745184762,stop,-0.017504215926783518,-0.00862058856198187,GBPNZD,-0.008276981202980217,0,7,28,1.0,3.0
2012-08-13,2012-09-03,1,1.9310699701309204,1.982699990272522,eod,0.05027827116250992,0.026389525459891355,GBPNZD,0.026736483369425093,0,7,28,1.0,3.0
2012-11-09,2012-12-07,1,1.9642000198364258,1.932825701577323,stop,-0.03274925827298836,-0.016360003021371996,GBPNZD,-0.01597307705032792,1,5,21,2.0,4.0
2012-12-19,2013-01-21,1,1.9329999685287476,1.9027514117104667,stop,-0.031601656796250994,-0.01606754129536809,GBPNZD,-0.0156485035234138,1,5,21,2.0,4.0
2013-01-31,2013-02-04,1,1.8889000415802002,1.8565571648733956,stop,-0.03366510673591072,-0.0173555381360357,GBPNZD,-0.01712259833492695,1,5,21,2.0,4.0
2013-02-08,2013-02-14,1,1.8834999799728394,1.8431085177830286,stop,-0.041709912175791695,-0.021699741239392046,GBPNZD,-0.0214448965326738,1,5,21,2.0,4.0
2013-02-27,2013-06-06,1,1.8299000263214111,1.9275943551744734,target,0.0964133988346373,0.05247517758994566,GBPNZD,0.0533877957526751,1,5,21,2.0,4.0
2013-06-14,2013-11-29,-1,1.9386999607086182,2.0047013589314053,stop,-0.0673584881952832,-0.0297938821857069,GBPNZD,-0.03404415307186722,1,5,21,2.0,4.0
2013-12-05,2014-09-26,-1,1.9947999715805054,2.0458270822252547,stop,-0.052423470624855646,-0.01818082572761138,GBPNZD,-0.025580063851875768,1,5,21,2.0,4.0
2014-10-06,2015-01-09,-1,2.0643999576568604,1.9430571283612932,target,0.11989774932520736,0.06096823865392066,GBPNZD,0.05877874044974016,1,5,21,2.0,4.0
2015-01-15,2015-05-11,1,1.9749799966812134,2.077865719795227,target,0.10150323711633683,0.05114265627183325,GBPNZD,0.052094564647188535,1,5,21,2.0,4.0
2015-05-26,2015-06-11,-1,2.115679979324341,2.1783343383244107,stop,-0.06413533498559693,-0.029387411899566094,GBPNZD,-0.02961428931235576,1,5,21,2.0,4.0
2015-06-26,2015-07-16,-1,2.2860898971557617,2.3452470983777727,stop,-0.060757464150019994,-0.025597069168108885,GBPNZD,-0.02587702316326728,1,5,21,2.0,4.0
2015-07-23,2015-09-10,-1,2.3584001064300537,2.4395630019051686,stop,-0.08281377554961594,-0.03351547316318746,GBPNZD,-0.03441438764093868,1,5,21,2.0,4.0
2015-09-16,2015-10-16,-1,2.4172399044036865,2.2723799773624966,target,0.1431678591081073,0.06039116215781733,GBPNZD,0.0599278237866612,1,5,21,2.0,4.0
2015-10-21,2015-12-16,1,2.286829948425293,2.229595627103533,stop,-0.058835102285657796,-0.025517560394878847,GBPNZD,-0.02502779944838992,1,5,21,2.0,4.0
2016-01-05,2016-02-23,1,2.181119918823242,2.134492806025914,stop,-0.04815389674050461,-0.02184983612594777,GBPNZD,-0.021377601660015375,1,5,21,2.0,4.0
2016-03-03,2016-04-19,1,2.11299991607666,2.049565689904349,stop,-0.06491332611356476,-0.030489459882199903,GBPNZD,-0.03002093170457546,1,5,21,2.0,4.0
2016-04-22,2016-05-26,1,2.0736899375915527,2.170752797807966,target,0.09561127726009934,0.04640175875481636,GBPNZD,0.046806833778219134,1,5,21,2.0,4.0
2016-06-01,2016-06-13,-1,2.134890079498291,2.0149386950901578,target,0.11845696135248444,0.056261156282275654,GBPNZD,0.05618621097172477,1,5,21,2.0,4.0
2016-06-20,2016-06-27,1,2.057849884033203,1.991655605179923,stop,-0.06763477377210335,-0.032404831552914265,GBPNZD,-0.0321667189462553,1,5,21,2.0,4.0
2016-07-13,2016-10-18,1,1.8208099603652954,1.7154713869094849,stop,-0.10661314042806624,-0.05874779674115482,GBPNZD,-0.057852590741912055,1,5,21,2.0,4.0
2016-10-25,2016-12-19,1,1.7131999731063843,1.7873600040163313,target,0.07296079092877258,0.04263952373142541,GBPNZD,0.04328743408481361,1,5,21,2.0,4.0
2016-12-28,2017-01-13,-1,1.7796299457550049,1.7142070361546107,target,0.0641771686383657,0.03698685210226048,GBPNZD,0.03676208627330029,1,5,21,2.0,4.0
2017-01-20,2017-04-12,1,1.7144999504089355,1.7949199676513672,eod,0.07921986727714539,0.046054254608522104,GBPNZD,0.046905814854792026,1,5,21,2.0,4.0
2017-06-28,2017-09-15,1,1.763069987297058,1.8473728213991438,target,0.08306868511097779,0.04701619033806353,GBPNZD,0.047815931704066617,2,7,21,1.0,4.0
2017-10-02,2017-10-23,-1,1.8548799753189087,1.8770178471292769,stop,-0.02343628779309143,-0.01156833439138236,GBPNZD,-0.011934934931065844,2,7,21,1.0,4.0
2017-11-03,2017-11-17,-1,1.8881700038909912,1.9160521541322981,stop,-0.029203869244030605,-0.014597282122112424,GBPNZD,-0.014766758387141829,2,7,21,1.0,4.0
2017-11-28,2017-11-30,-1,1.9248100519180298,1.9449686067444938,stop,-0.021505921862806622,-0.010597697578593433,GBPNZD,-0.010473009950450154,2,7,21,1.0,4.0
2017-12-07,2017-12-08,-1,1.944390058517456,1.96683646099908,stop,-0.023807475522586212,-0.011729335058940412,GBPNZD,-0.011544187023224527,2,7,21,1.0,4.0
2017-12-12,2018-04-25,-1,1.9315600395202637,1.9590250083378382,stop,-0.028817060845238725,-0.01082284184278665,GBPNZD,-0.01421906037380849,2,7,21,1.0,4.0
2018-05-02,2018-05-16,-1,1.9437700510025024,1.9615750312805176,stop,-0.019165619313716888,-0.00899539545276831,GBPNZD,-0.009160023979602007,2,7,21,1.0,4.0
2018-05-22,2018-07-03,-1,1.931570053100586,1.9488750525883265,stop,-0.018657098524910966,-0.008047856955944977,GBPNZD,-0.008959032813727003,2,7,21,1.0,4.0
2018-07-10,2018-07-12,-1,1.9352500438690186,1.9511550494602747,stop,-0.017259680621964497,-0.00834259409651196,GBPNZD,-0.008218579114179142,2,7,21,1.0,4.0
2018-07-16,2018-07-18,1,1.9549599885940552,1.939617122922625,stop,-0.01671133766344612,-0.008073242298314668,GBPNZD,-0.00784817375339962,2,7,21,1.0,4.0
2018-08-02,2018-08-27,1,1.9317500591278076,1.9197914940970284,stop,-0.013310790072168654,-0.00655807668850239,GBPNZD,-0.006190534315903438,2,7,21,1.0,4.0
2018-08-30,2018-09-11,1,1.94159996509552,1.9962056534630912,target,0.05324656839200432,0.027845946301771455,GBPNZD,0.028124067443977715,2,7,21,1.0,4.0
2018-09-20,2018-10-05,-1,1.9780100584030151,1.9956064820289612,stop,-0.018981030666828155,-0.008714022232961851,GBPNZD,-0.008896023329705845,2,7,21,1.0,4.0
2018-10-16,2018-11-13,-1,2.0009000301361084,1.9136430535997664,target,0.08585634651524673,0.04412862971986448,GBPNZD,0.04360886362244019,2,7,21,1.0,4.0
2018-11-26,2018-11-29,1,1.8916000127792358,1.8676021439688546,stop,-0.025321988819326704,-0.012924438911618093,GBPNZD,-0.012686545066746081,2,7,21,1.0,4.0
2018-12-10,2018-12-11,1,1.858240008354187,1.8372871364865984,stop,-0.022253639873436582,-0.01149629314380622,GBPNZD,-0.011275654260692767,2,7,21,1.0,4.0
2018-12-14,2019-02-28,1,1.8451000452041626,1.9426144020898002,target,0.09622278685399467,0.0521025172242084,GBPNZD,0.05285044414751369,2,7,21,1.0,4.0
2019-03-11,2019-03-12,-1,1.9085999727249146,1.9314742514065333,stop,-0.02421029866252617,-0.012173466946270084,GBPNZD,-0.01198484701273523,2,7,21,1.0,4.0
2019-03-18,2019-03-21,1,1.9424999952316284,1.9172250202723913,stop,-0.026634724955899275,-0.013243230384754586,GBPNZD,-0.013011570152525683,2,7,21,1.0,4.0
2019-03-29,2019-06-28,1,1.9248000383377075,1.8993093371391296,stop,-0.026838061225414274,-0.014058967508099178,GBPNZD,-0.013243298363913228,2,7,21,1.0,4.0
2019-07-10,2019-07-16,1,1.8863999843597412,1.8712407009942191,stop,-0.016479763354573896,-0.008279942480397859,GBPNZD,-0.00803609175742612,2,7,21,1.0,4.0
2019-07-25,2019-07-30,1,1.8628100156784058,1.849462866783142,stop,-0.014651115906238556,-0.007406632334558803,GBPNZD,-0.007165061806049423,2,7,21,1.0,4.0
2019-07-31,2019-08-01,-1,1.8372999429702759,1.854389250278473,stop,-0.018375417268276215,-0.00949725567399058,GBPNZD,-0.009301315973792253,2,7,21,1.0,4.0
2019-08-05,2019-09-06,1,1.8624999523162842,1.9321114335741316,target,0.06830773129122605,0.036935024439756596,GBPNZD,0.037375292907404184,2,7,21,1.0,4.0
2019-09-16,2020-02-24,1,1.9568899869918823,2.0464642218181064,target,0.08820441183532975,0.04451156447487377,GBPNZD,0.045773771352326735,2,7,21,1.0,4.0
2020-03-03,2020-03-09,-1,2.037440061569214,2.0590658017567227,stop,-0.023051948230607293,-0.010653437417339935,GBPNZD,-0.010614172458576739,2,7,21,1.0,4.0
2020-03-12,2020-04-01,-1,2.046020030975342,2.0768964801515852,stop,-0.03230866319792617,-0.014778178472587906,GBPNZD,-0.015090980884250958,2,7,21,1.0,4.0
2020-04-08,2020-07-06,-1,2.0687899589538574,1.9126129150390625,target,0.1547288909435272,0.07748347927783529,GBPNZD,0.07549197695921257,2,7,21,1.0,4.0
2020-07-09,2020-08-11,1,1.918529987335205,1.9787442684173584,target,0.05887131009101868,0.030963436315459697,GBPNZD,0.03138563456377849,2,7,21,1.0,4.0
2020-08-26,2020-09-11,-1,2.0068399906158447,1.9320085389273507,target,0.07342666369506294,0.037487518706166276,GBPNZD,0.03728820037392731,2,7,21,1.0,4.0
2020-09-23,2020-11-30,1,1.9212700128555298,1.9008421472140722,stop,-0.02177275465045647,-0.011288296541527514,GBPNZD,-0.010632480341009557,2,7,21,1.0,4.0
2020-12-07,2020-12-11,1,1.9052200317382812,1.8895357506615775,stop,-0.017017935098920516,-0.008473709496941427,GBPNZD,-0.008232267567748447,2,7,21,1.0,4.0
2020-12-17,2021-01-07,1,1.8987699747085571,1.8772171224866594,stop,-0.022881991204193722,-0.011703814847456036,GBPNZD,-0.011350954833381484,2,7,21,1.0,4.0
2021-01-13,2021-03-24,1,1.8906400203704834,1.9612513950892858,target,0.06928792670454308,0.036660270581398355,GBPNZD,0.03734786842445324,2,7,21,1.0,4.0
2021-04-06,2021-06-18,-1,1.968000054359436,1.9833629046167647,stop,-0.016740450295380245,-0.006078683905942486,GBPNZD,-0.007806326134644896,2,7,21,1.0,4.0
2021-06-25,2021-07-09,-1,1.9701600074768066,1.9834335616656713,stop,-0.014652666194098432,-0.00657487419280952,GBPNZD,-0.0067372975486717805,2,7,21,1.0,4.0
2021-07-16,2021-07-28,-1,1.9720900058746338,1.9870078563690186,stop,-0.01629831349849701,-0.007442789350719847,GBPNZD,-0.0075644876501306585,2,7,21,1.0,4.0
2021-08-04,2021-08-19,-1,1.9751299619674683,1.9887835553714208,stop,-0.015036184377329785,-0.0067304904790723395,GBPNZD,-0.006912756966307132,2,7,21,1.0,4.0
2021-08-26,2021-11-01,-1,1.9739099740982056,1.913375667163304,target,0.059152569953032835,0.03218703373943266,GBPNZD,0.03066720758759887,2,7,21,1.0,4.0
2021-11-12,2021-11-23,1,1.9034700393676758,1.9277199506759644,eod,0.0229174822807312,0.012461405127326419,GBPNZD,0.012739843972718523,2,7,21,1.0,4.0
2022-01-28,2022-02-23,1,2.033090114593506,2.0201508147375926,stop,-0.0143624629361287,-0.006728329333620449,GBPNZD,-0.006364351369885204,3,9,28,1.0,4.0
2022-04-04,2022-04-06,1,1.89683997631073,1.8822092584201269,stop,-0.015958505874020618,-0.007945170957391454,GBPNZD,-0.007713206213135177,3,9,28,1.0,4.0
2022-04-28,2022-05-02,-1,1.9170000553131104,1.935878608907972,stop,-0.020220453633580857,-0.00997316277684665,GBPNZD,-0.009847967162305678,3,9,28,1.0,4.0
2022-05-03,2022-06-03,1,1.9400899410247803,1.9206549610410417,stop,-0.020793042942455896,-0.010435072908550258,GBPNZD,-0.010017566491516753,3,9,28,1.0,4.0
2022-06-09,2022-07-18,1,1.9459500312805176,1.9284557615007674,stop,-0.018856434801646577,-0.009447452136092408,GBPNZD,-0.008990091985166877,3,9,28,1.0,4.0
2022-07-28,2022-08-09,1,1.9426699876785278,1.9263999802725655,stop,-0.017629876397337263,-0.008653043240787436,GBPNZD,-0.008375075287699688,3,9,28,1.0,4.0
2022-08-22,2022-09-05,1,1.9127000570297241,1.892212186540876,stop,-0.021826760528768842,-0.011014727798756287,GBPNZD,-0.010711491544923213,3,9,28,1.0,4.0
2022-09-08,2022-09-26,1,1.8999899625778198,1.8852106588227409,stop,-0.01610929672888344,-0.008104939530409881,GBPNZD,-0.007778622017048489,3,9,28,1.0,4.0
2022-09-27,2022-09-30,-1,1.9009599685668945,1.9258371336119515,stop,-0.026207837023053817,-0.01319184278454969,GBPNZD,-0.013086632783651683,3,9,28,1.0,4.0
2022-10-03,2022-11-04,1,1.9816999435424805,1.944327780178615,stop,-0.03875935332434524,-0.01927242491393188,GBPNZD,-0.018858638758932973,3,9,28,1.0,4.0
2022-11-22,2022-12-01,1,1.939079999923706,1.9176564301763261,stop,-0.022780925747326507,-0.011321642092251833,GBPNZD,-0.011048316597676647,3,9,28,1.0,4.0
2022-12-16,2022-12-29,1,1.9215099811553955,1.9046785490853446,stop,-0.018176489056859667,-0.009056123694755665,GBPNZD,-0.008759481988186303,3,9,28,1.0,4.0
2023-01-05,2023-01-25,1,1.91812002658844,1.9004557303019933,stop,-0.01900698030505852,-0.009553258415761462,GBPNZD,-0.009209171502090125,3,9,28,1.0,4.0
2023-02-09,2023-04-07,1,1.9114400148391724,1.9826171909059798,target,0.06983916805641999,0.036646285273410024,GBPNZD,0.03723746260109356,3,9,28,1.0,4.0
2023-05-03,2023-05-04,-1,2.0036299228668213,2.0207999518939426,stop,-0.018572569973128054,-0.008749135170650214,GBPNZD,-0.008569461271847132,3,9,28,1.0,4.0
2023-05-25,2023-08-14,1,2.0258800983428955,2.114245959690639,target,0.08694774527890335,0.04291263901494175,GBPNZD,0.04361850507343638,3,9,28,1.0,4.0
2023-08-28,2023-09-25,-1,2.1297900676727295,2.0677843434470042,target,0.06051487117835435,0.029601849113052147,GBPNZD,0.02911353807442643,3,9,28,1.0,4.0
2023-10-09,2023-12-21,1,2.0459399223327637,2.0285413605826244,stop,-0.01883071969577225,-0.009163788997656571,GBPNZD,-0.00850394557544076,3,9,28,1.0,4.0
2024-01-03,2024-01-23,1,2.0190000534057617,2.0826316561017717,target,0.06221830265862595,0.031199406156405117,GBPNZD,0.031516394756242155,3,9,28,1.0,4.0
2024-01-31,2024-03-06,-1,2.0692999362945557,2.0841707161494663,stop,-0.016319289810316776,-0.006509824708656,GBPNZD,-0.007186382019389284,3,9,28,1.0,4.0
2024-04-05,2024-04-16,-1,2.09689998626709,2.1066443068640575,stop,-0.011212150587354577,-0.004589785235346809,GBPNZD,-0.004647012571312233,3,9,28,1.0,4.0
2024-04-17,2024-04-22,1,2.109649896621704,2.0988363197871616,stop,-0.01229033176217773,-0.005339073963210441,GBPNZD,-0.005125768428144831,3,9,28,1.0,4.0
2024-04-23,2024-04-25,-1,2.085710048675537,2.098515033721924,stop,-0.014264982080459595,-0.00625445759091515,GBPNZD,-0.006139388864007301,3,9,28,1.0,4.0
2024-04-30,2024-05-06,1,2.103100061416626,2.090274350983756,stop,-0.014297880475861812,-0.006326712968620042,GBPNZD,-0.006098478464325141,3,9,28,1.0,4.0
2024-05-07,2024-07-11,-1,2.08978009223938,2.1046957969665527,stop,-0.016378550791740415,-0.005701894075564737,GBPNZD,-0.007137451822114634,3,9,28,1.0,4.0
2024-08-02,2024-10-28,-1,2.144160032272339,2.1615336452211653,stop,-0.018874524971417082,-0.006218571724189702,GBPNZD,-0.008102759443013323,3,9,28,1.0,4.0
2024-11-08,2024-12-09,-1,2.1555399894714355,2.1704385621207103,stop,-0.01640745064190475,-0.006373610657366468,GBPNZD,-0.006911758873435725,3,9,28,1.0,4.0
2025-01-03,2025-03-03,-1,2.213249921798706,2.239022067614964,stop,-0.027321420761517175,-0.010469737551114924,GBPNZD,-0.011644480617585693,3,9,28,1.0,4.0
2025-03-18,2025-03-21,-1,2.2292399406433105,2.2502334799085344,stop,-0.022554007223674167,-0.009507069597500506,GBPNZD,-0.009417352920370504,3,9,28,1.0,4.0
2025-03-27,2025-04-07,1,2.251620054244995,2.3263514723096574,target,0.07315528402669083,0.032954679864735555,GBPNZD,0.03319006593664444,3,9,28,1.0,4.0
2025-04-14,2025-08-15,-1,2.241849899291992,2.2781941890716553,stop,-0.037913584709167475,-0.01355322218015527,GBPNZD,-0.01621174093374455,3,9,28,1.0,4.0
2025-09-01,2025-09-24,-1,2.289949893951416,2.305142709187099,stop,-0.016795780161448823,-0.006267742046930283,GBPNZD,-0.006634562300167589,3,9,28,1.0,4.0
2025-10-07,2025-10-13,-1,2.307499885559082,2.320053458213806,stop,-0.014168822574615478,-0.005475004672281119,GBPNZD,-0.005440335114765359,3,9,28,1.0,4.0
2025-10-23,2026-02-09,-1,2.3272199630737305,2.2653942789350237,target,0.060196630164555204,0.02878356373766831,GBPNZD,0.026566325968194724,3,9,28,1.0,4.0
2026-02-20,2026-04-06,1,2.254390001296997,2.315347364970616,target,0.05937929067271103,0.026609133130960905,GBPNZD,0.027039404734118273,3,9,28,1.0,4.0
2026-04-09,2026-06-23,-1,2.2990500926971436,2.3120150906699046,stop,-0.014574333037649073,-0.004160413034558913,GBPNZD,-0.005639284682810505,3,9,28,1.0,4.0
2008-09-15,2008-10-06,1,1.7958157062530518,1.7469859634126936,stop,-0.05008681383473526,-0.026505917436079465,GBPUSD,-0.027190842952499177,0,9,28,2.0,4.0
2008-11-24,2009-01-19,1,1.5148990154266357,1.4436791964939661,stop,-0.07228024824346825,-0.04471573236424097,GBPUSD,-0.047012915189341656,0,9,28,2.0,4.0
2009-01-29,2009-05-20,1,1.4278982877731323,1.566203304699489,target,0.13730548812491547,0.10178247160238056,GBPUSD,0.0968591517411574,0,9,28,2.0,4.0
2009-06-08,2009-06-11,-1,1.6038235425949097,1.6561605078833443,stop,-0.05345964176825112,-0.03272302961928179,GBPUSD,-0.03263262067082266,0,9,28,2.0,4.0
2009-06-17,2009-08-05,-1,1.638806939125061,1.6966113192694527,stop,-0.058951545001779244,-0.03553766996830328,GBPUSD,-0.03527223296677811,0,9,28,2.0,4.0
2009-08-11,2009-09-24,-1,1.6489949226379395,1.6041043485913957,target,0.043736277600697177,0.026974354763559256,GBPUSD,0.027222991065813065,0,9,28,2.0,4.0
2009-10-08,2009-10-09,1,1.6058323383331299,1.586083207811628,stop,-0.020873213158335034,-0.01234196749461049,GBPUSD,-0.012298376393392128,0,9,28,2.0,4.0
2009-10-12,2009-10-15,-1,1.5814026594161987,1.6013018574033464,stop,-0.021006179848739016,-0.012674948956104153,GBPUSD,-0.012583258203507638,0,9,28,2.0,4.0
2009-11-20,2010-02-04,-1,1.652100682258606,1.5859132323946272,target,0.06503097938639771,0.03969337375633006,GBPUSD,0.040062600648220245,0,9,28,2.0,4.0
2010-02-17,2010-02-25,1,1.5682092905044556,1.5367681639535087,stop,-0.032538873054300005,-0.01980674820575464,GBPUSD,-0.020049062801326106,0,9,28,2.0,4.0
2010-03-12,2010-03-25,1,1.5216069221496582,1.487610970224653,stop,-0.03506107677051002,-0.02186238209143306,GBPUSD,-0.02234213805821631,0,9,28,2.0,4.0
2010-03-31,2010-05-07,1,1.5183724164962769,1.484270521572658,stop,-0.03516475561516632,-0.020990828453776166,GBPUSD,-0.02245950634582181,0,9,28,2.0,4.0
2010-05-27,2010-07-15,1,1.4560492038726807,1.543790408543178,target,0.08672197022778641,0.062340753615380204,GBPUSD,0.06025977998348572,0,9,28,2.0,4.0
2010-07-22,2010-07-27,-1,1.5272072553634644,1.5582661117826189,stop,-0.03212790149790894,-0.020431972353174958,GBPUSD,-0.020337027806853057,0,9,28,2.0,4.0
2010-08-12,2010-10-11,-1,1.563281536102295,1.5946969475064958,stop,-0.0325097084794725,-0.02041565173460379,GBPUSD,-0.020095811713178962,0,9,28,2.0,4.0
2010-10-20,2010-11-01,-1,1.5703023672103882,1.6039854628699166,stop,-0.0347823073165757,-0.021571065781237613,GBPUSD,-0.021450069975609727,0,9,28,2.0,4.0
2010-11-16,2011-04-22,-1,1.6043124198913574,1.6414449385234289,stop,-0.0382555373259954,-0.023852909294726332,GBPUSD,-0.0231454411071542,0,9,28,2.0,4.0
2011-05-06,2011-09-15,-1,1.6385921239852905,1.578213027545384,target,0.059232081953116765,0.036256183323654115,GBPUSD,0.036848154922810114,0,9,28,2.0,4.0
2011-09-30,2012-04-30,1,1.5599408149719238,1.6238425459180559,target,0.0628097723756517,0.04963760817267012,GBPUSD,0.04096420218819787,0,9,28,2.0,4.0
2012-05-07,2012-05-23,-1,1.6123050451278687,1.5767476047788347,target,0.034428826817444455,0.02191113924488912,GBPUSD,0.02205379215086062,0,9,28,2.0,4.0
2012-06-11,2012-09-12,1,1.5537601709365845,1.6051321199962072,target,0.05028431693996712,0.03687953271776939,GBPUSD,0.03306298489338702,0,9,28,2.0,4.0
2012-09-27,2012-12-19,-1,1.617861270904541,1.6249593496322632,eod,-0.008230581617355346,-0.004792177714587016,GBPUSD,-0.0043873222354557356,0,9,28,2.0,4.0
2013-03-06,2013-03-11,1,1.51377534866333,1.4937029864106859,stop,-0.021132004996708524,-0.013173924565658558,GBPUSD,-0.013259802566059867,1,7,21,1.5,4.0
2013-03-15,2013-06-13,1,1.5090012550354004,1.5644992419651575,target,0.05444168605123238,0.040542038467901706,GBPUSD,0.03677795942486158,1,7,21,1.5,4.0
2013-06-20,2013-09-11,-1,1.5482512712478638,1.5720287093094416,stop,-0.02486121395145134,-0.015780667205191903,GBPUSD,-0.015357609260939688,1,7,21,1.5,4.0
2013-10-07,2013-10-23,-1,1.603592038154602,1.6213993770735604,stop,-0.01892985334566658,-0.011248084606179232,GBPUSD,-0.011104656605461118,1,7,21,1.5,4.0
2013-10-30,2013-11-25,-1,1.6048272848129272,1.622487063918795,stop,-0.01878315820523674,-0.011178635405590644,GBPUSD,-0.011004161801702087,1,7,21,1.5,4.0
2013-12-09,2013-12-30,-1,1.6328929662704468,1.6472072005271912,stop,-0.015457259333133697,-0.008922344916471007,GBPUSD,-0.008766180363577854,1,7,21,1.5,4.0
2014-01-06,2014-01-24,-1,1.6413085460662842,1.657304857458387,stop,-0.01714522737434929,-0.009892296869480377,GBPUSD,-0.009746072077941207,1,7,21,1.5,4.0
2014-02-03,2014-02-14,-1,1.643790602684021,1.6633199070181166,stop,-0.020679957755974424,-0.011999280383942632,GBPUSD,-0.011880652135501742,1,7,21,1.5,4.0
2014-02-25,2014-04-23,-1,1.6656949520111084,1.6823955604008265,stop,-0.01786659485612587,-0.010323383863868142,GBPUSD,-0.010026210603300622,1,7,21,1.5,4.0
2014-04-29,2014-05-07,-1,1.6810113191604614,1.6908646949699946,stop,-0.011030083732945483,-0.005968654520746521,GBPUSD,-0.005861576122196595,1,7,21,1.5,4.0
2014-05-13,2014-06-19,-1,1.6873650550842285,1.6986990358148302,stop,-0.012515136269160617,-0.006933283758218921,GBPUSD,-0.006716970163896096,1,7,21,1.5,4.0
2014-06-26,2014-07-01,-1,1.6986002922058105,1.709848084620067,stop,-0.01243681261880051,-0.006707164991395184,GBPUSD,-0.0066218005883244046,1,7,21,1.5,4.0
2014-07-11,2014-08-04,-1,1.713091492652893,1.686364701816014,target,0.0255276267920221,0.015443886651907974,GBPUSD,0.015601496447507319,1,7,21,1.5,4.0
2014-08-29,2014-09-03,1,1.6589525938034058,1.648200741836003,stop,-0.011913118783065188,-0.006342466931667908,GBPUSD,-0.00648110862695149,1,7,21,1.5,4.0
2014-09-16,2014-10-06,1,1.6229023933410645,1.6061472467013769,stop,-0.01789117831502632,-0.009597093887835773,GBPUSD,-0.010324186290214168,1,7,21,1.5,4.0
2014-10-13,2014-10-15,1,1.60929536819458,1.5904069074562617,stop,-0.020014967496054605,-0.011687388847343199,GBPUSD,-0.011737100044915183,1,7,21,1.5,4.0
2014-10-20,2014-11-07,1,1.6092175245285034,1.587996244430542,stop,-0.022347732365131375,-0.012516194853062372,GBPUSD,-0.013187328483872437,1,7,21,1.5,4.0
2014-11-25,2014-12-24,1,1.5697108507156372,1.553524306842259,stop,-0.017285341468879088,-0.009145979889756729,GBPUSD,-0.010311799696102398,1,7,21,1.5,4.0
2015-01-01,2015-01-05,1,1.558093547821045,1.5440933746950967,stop,-0.015090838609422987,-0.008934106135934695,GBPUSD,-0.008985450934911546,1,7,21,1.5,4.0
2015-01-15,2015-01-23,1,1.5234380960464478,1.5046288626534599,stop,-0.019875640060220412,-0.01209713308392021,GBPUSD,-0.012346568883764102,1,7,21,1.5,4.0
2015-01-28,2015-03-12,1,1.5188103914260864,1.5003710091114044,stop,-0.019502549588680265,-0.010409055932148182,GBPUSD,-0.012140674319042784,1,7,21,1.5,4.0
2015-03-23,2015-04-13,1,1.494321584701538,1.467988486800875,stop,-0.027379123009954143,-0.016798993039826116,GBPUSD,-0.017622109036136688,1,7,21,1.5,4.0
2015-04-17,2015-05-12,1,1.4921809434890747,1.5546729394367762,target,0.06144746928725914,0.04283796561443589,GBPUSD,0.04187963679631259,1,7,21,1.5,4.0
2015-05-20,2015-06-18,-1,1.5516144037246704,1.5806060433387756,stop,-0.03007776969671249,-0.018881391886913568,GBPUSD,-0.018684822430437883,1,7,21,1.5,4.0
2015-06-25,2015-10-01,-1,1.570993185043335,1.5157207761492049,target,0.05417271366459977,0.03470569408779844,GBPUSD,0.03518309908684005,1,7,21,1.5,4.0
2015-10-07,2015-12-03,1,1.5226030349731445,1.503736287355423,stop,-0.019932569742202758,-0.010072715780441135,GBPUSD,-0.012391113891385568,1,7,21,1.5,4.0
2015-12-07,2015-12-18,1,1.511258840560913,1.4950001197201865,stop,-0.017316602029119187,-0.010341524840923908,GBPUSD,-0.01075839585142941,1,7,21,1.5,4.0
2015-12-29,2016-01-05,1,1.4894028902053833,1.472837861095156,stop,-0.01760761113337105,-0.010900360954710198,GBPUSD,-0.011121926255925972,1,7,21,1.5,4.0
2016-01-26,2016-02-24,1,1.4242985248565674,1.4033580592700414,stop,-0.021937474553925553,-0.013417457964755288,GBPUSD,-0.014702300972076586,1,7,21,1.5,4.0
2016-03-04,2016-06-27,1,1.4174946546554565,1.391009590455464,stop,-0.027477310458251344,-0.013583870765758024,GBPUSD,-0.018684419100282335,1,7,21,1.5,4.0
2016-07-13,2016-10-07,1,1.3278273344039917,1.2653484557356154,stop,-0.0634083578024591,-0.04300173462990631,GBPUSD,-0.04705346625238783,1,7,21,1.5,4.0
2016-10-20,2017-01-16,1,1.2289540767669678,1.2042723638670785,stop,-0.02554198075362617,-0.015624434844956613,GBPUSD,-0.02008351114699089,1,7,21,1.5,4.0
2017-01-18,2017-06-22,1,1.2388043403625488,1.2675718069076538,eod,0.027900303506851198,0.031157032057063216,GBPUSD,0.023221961376633446,1,7,21,1.5,4.0
2017-08-30,2017-09-11,1,1.292657732963562,1.3190004229545593,target,0.02543782957792282,0.02082739251423812,GBPUSD,0.020378704524208244,2,5,28,2.0,3.0
2017-09-27,2018-01-16,-1,1.3448090553283691,1.375405260494777,stop,-0.031537571505137786,-0.023364807845330612,GBPUSD,-0.02275133785363833,2,5,28,2.0,3.0
2018-02-06,2018-04-17,-1,1.3943694829940796,1.4297011239188058,stop,-0.03630769956282204,-0.025747580797333487,GBPUSD,-0.025338793881848173,2,5,28,2.0,3.0
2018-04-20,2018-05-02,-1,1.4086490869522095,1.3731380701065063,target,0.03452496248483658,0.025067291188966712,GBPUSD,0.025209271190836963,2,5,28,2.0,3.0
2018-05-17,2018-05-30,1,1.354830026626587,1.3308213778904505,stop,-0.02495702975477501,-0.01718196989927827,GBPUSD,-0.017720782876296238,2,5,28,2.0,3.0
2018-06-05,2018-06-28,1,1.3316465616226196,1.3121222598212106,stop,-0.020456454394544906,-0.013587916135465445,GBPUSD,-0.014661774651089542,2,5,28,2.0,3.0
2018-07-05,2018-08-07,1,1.3229262828826904,1.3003501892089844,stop,-0.02350214207172394,-0.015606382563295731,GBPUSD,-0.017065269596513093,2,5,28,2.0,3.0
2018-08-22,2018-09-21,1,1.290555715560913,1.3205466440745763,target,0.02908753951277061,0.02461802162478098,GBPUSD,0.02323877082720781,2,5,28,2.0,3.0
2018-09-28,2018-10-31,-1,1.3078734874725342,1.2714744295392717,target,0.035483546492031705,0.02757457680632114,GBPUSD,0.027830717788769974,2,5,28,2.0,3.0
2018-11-05,2018-11-28,1,1.3005592823028564,1.2744630915778024,stop,-0.02700658222266609,-0.01896583343850232,GBPUSD,-0.0200653604031386,2,5,28,2.0,3.0
2018-12-19,2019-01-24,1,1.2655024528503418,1.3054006440298898,target,0.03901233946255272,0.0332501853985139,GBPUSD,0.03152754946439153,2,5,28,2.0,3.0
2019-02-05,2019-02-27,-1,1.3031013011932373,1.325261456625802,stop,-0.023072326343400045,-0.017212902336929372,GBPUSD,-0.017005704324194088,2,5,28,2.0,3.0
2019-03-08,2019-05-23,-1,1.3092432022094727,1.2727097272872925,target,0.03561700468063355,0.02743835130215371,GBPUSD,0.027904269321793275,2,5,28,2.0,3.0
2019-06-05,2019-07-08,1,1.2702767848968506,1.2532524040767126,stop,-0.017913574569565813,-0.01188274949176822,GBPUSD,-0.01340210340183493,2,5,28,2.0,3.0
2019-07-22,2019-07-30,1,1.2512825727462769,1.232865265437535,stop,-0.019293205109664306,-0.014415055161484574,GBPUSD,-0.014718743559514434,2,5,28,2.0,3.0
2019-08-19,2019-09-16,1,1.2161011695861816,1.241404720715114,target,0.024452280310222018,0.02218857427636089,GBPUSD,0.020807110264964804,2,5,28,2.0,3.0
2019-09-26,2019-10-14,-1,1.2359564304351807,1.2578940391540527,stop,-0.022802778220176696,-0.01793559074818426,GBPUSD,-0.017749500046007147,2,5,28,2.0,3.0
2019-11-05,2019-12-05,-1,1.2891582250595093,1.309801357133048,stop,-0.021545542831080396,-0.016261100977400238,GBPUSD,-0.016012876986132425,2,5,28,2.0,3.0
2019-12-19,2020-03-13,-1,1.3087291717529297,1.268293900149209,target,0.03951916118349358,0.03038846574379616,GBPUSD,0.030896592264051906,2,5,28,2.0,3.0
2020-03-27,2020-08-31,1,1.2200626134872437,1.3316008959497725,target,0.11068423863308775,0.09955905633018468,GBPUSD,0.09142012977819602,2,5,28,2.0,3.0
2020-09-07,2020-09-23,-1,1.3245735168457031,1.2791930947984969,target,0.04445322058541428,0.03408676186937969,GBPUSD,0.03426040266551135,2,5,28,2.0,3.0
2020-09-30,2020-11-23,1,1.2866535186767578,1.3294957535607475,target,0.04194157742091591,0.03584666284628316,GBPUSD,0.033297413998486694,2,5,28,2.0,3.0
2020-12-08,2020-12-31,-1,1.3357375860214233,1.3586465460913522,stop,-0.023843976380143815,-0.017356672682232198,GBPUSD,-0.017150793920656653,2,5,28,2.0,3.0
2021-01-08,2021-02-15,-1,1.3569625616073608,1.38418744291578,stop,-0.028174755101544418,-0.020328402631642387,GBPUSD,-0.020063104229029443,2,5,28,2.0,3.0
2021-03-02,2021-05-19,-1,1.3929517269134521,1.4158592905317033,stop,-0.023882629827090607,-0.01689761616535448,GBPUSD,-0.016445339185594404,2,5,28,2.0,3.0
2021-05-27,2021-07-02,-1,1.4116119146347046,1.3806048376219613,target,0.030018948672499008,0.02171778000377441,GBPUSD,0.02196572350465551,2,5,28,2.0,3.0
2021-07-12,2021-07-20,1,1.3899506330490112,1.3721950224467687,stop,-0.018728576045376817,-0.012500883260959546,GBPUSD,-0.012774274265621654,2,5,28,2.0,3.0
2021-07-26,2021-09-30,1,1.3757808208465576,1.353725620678493,stop,-0.023018246742657313,-0.01299276737777577,GBPUSD,-0.016031042033638414,2,5,28,2.0,3.0
2021-10-06,2021-11-12,1,1.3627691268920898,1.3369581358773368,stop,-0.026764929403577498,-0.017303731460758493,GBPUSD,-0.018940105484791237,2,5,28,2.0,3.0
2021-11-19,2021-12-06,1,1.3499648571014404,1.3265524421419417,stop,-0.02435739035946976,-0.01665407424588191,GBPUSD,-0.017342981068239373,2,5,28,2.0,3.0
2021-12-16,2021-12-28,1,1.3263126611709595,1.344266653060913,eod,0.017025573027133943,0.01397407446415428,GBPUSD,0.013536771845412831,2,5,28,2.0,3.0
2022-02-18,2022-02-25,1,1.3618782758712769,1.348395130464009,stop,-0.014436460200377808,-0.009658091798881984,GBPUSD,-0.009900404203629668,3,5,21,1.5,4.0
2022-03-17,2022-04-25,1,1.3141123056411743,1.2949724069663457,stop,-0.020059777288777392,-0.01279182806725699,GBPUSD,-0.014564888094164782,3,5,21,1.5,4.0
2022-05-17,2022-06-15,1,1.2324832677841187,1.209877393075398,stop,-0.023468612996169435,-0.01685692232242105,GBPUSD,-0.018341729498172945,3,5,21,1.5,4.0
2022-06-22,2022-07-06,1,1.2266627550125122,1.200302311352321,stop,-0.02721910758869995,-0.020853689048323854,GBPUSD,-0.021489560641239417,3,5,21,1.5,4.0
2022-07-19,2022-08-29,1,1.194828748703003,1.172489447253091,stop,-0.023175681574004132,-0.016579197204130886,GBPUSD,-0.018696655461430383,3,5,21,1.5,4.0
2022-09-12,2022-09-21,1,1.1619395017623901,1.1426542784486498,stop,-0.020098580964974057,-0.016141307947008517,GBPUSD,-0.016597441850018196,3,5,21,1.5,4.0
2022-10-03,2022-12-02,1,1.114057183265686,1.2167192697525024,target,0.10188224645853043,0.09554454482740099,GBPUSD,0.09215154125740513,3,5,21,1.5,4.0
2022-12-16,2023-04-05,-1,1.2189176082611084,1.2448277856622423,stop,-0.02676341972691666,-0.02193764141226991,GBPUSD,-0.021256709416231173,3,5,21,1.5,4.0
2023-04-11,2023-05-01,-1,1.239218831062317,1.2545804807118006,stop,-0.016229102831227343,-0.012597976449486873,GBPUSD,-0.012396236455118254,3,5,21,1.5,4.0
2023-05-12,2023-06-15,-1,1.2508130073547363,1.266404879944665,stop,-0.016467441695076985,-0.01273721371320079,GBPUSD,-0.012465390508612405,3,5,21,1.5,4.0
2023-06-26,2023-07-12,-1,1.2729610204696655,1.2902408327375139,stop,-0.018170884982177123,-0.013755183376619046,GBPUSD,-0.013574502274604515,3,5,21,1.5,4.0
2023-07-20,2023-09-15,-1,1.2939791679382324,1.2472927229745048,target,0.04578065954617089,0.035704937226572926,GBPUSD,0.036079750061290175,3,5,21,1.5,4.0
2023-10-06,2023-11-28,1,1.2187690734863281,1.2613300595964705,target,0.04170784775870193,0.037571503171766385,GBPUSD,0.03492128823747988,3,5,21,1.5,4.0
2023-12-06,2023-12-15,-1,1.2594457864761353,1.2740534671715327,stop,-0.015489292745930711,-0.011737449006644899,GBPUSD,-0.0115984990003174,3,5,21,1.5,4.0
2024-01-03,2024-03-08,-1,1.2623074054718018,1.2778413934367043,stop,-0.016417603148732834,-0.012729853199979135,GBPUSD,-0.012306026168876487,3,5,21,1.5,4.0
2024-03-15,2024-04-17,-1,1.2745835781097412,1.2441538742610387,target,0.029537495344025656,0.02361140090423425,GBPUSD,0.023874231844278858,3,5,21,1.5,4.0
2024-04-25,2024-07-12,1,1.2459505796432495,1.2861907652446203,target,0.039368020195620496,0.03621346330950778,GBPUSD,0.03229677505579127,3,5,21,1.5,4.0
2024-07-22,2024-08-22,-1,1.2933096885681152,1.3057081358773368,stop,-0.013303764091219252,-0.009837896848440305,GBPUSD,-0.009586603594494435,3,5,21,1.5,4.0
2024-09-02,2024-09-20,-1,1.3128528594970703,1.326787599495479,stop,-0.01485373700005661,-0.010796899207607121,GBPUSD,-0.010614091211826132,3,5,21,1.5,4.0
2024-10-02,2024-11-13,-1,1.327404260635376,1.2840402466910226,target,0.04243483096190865,0.03237447341308325,GBPUSD,0.0326682799131568,3,5,21,1.5,4.0
2024-11-28,2024-12-20,1,1.2677645683288574,1.2502030730247498,stop,-0.018448930501937865,-0.012842680503028742,GBPUSD,-0.013852331689042933,3,5,21,1.5,4.0
2024-12-30,2025-01-03,1,1.257880687713623,1.2405534897531783,stop,-0.018207714441844332,-0.013631815901086983,GBPUSD,-0.013774913733622416,3,5,21,1.5,4.0
2025-01-21,2025-03-13,1,1.233136773109436,1.2946760143552507,target,0.06067604550463806,0.052523971921212546,GBPUSD,0.049904635550393484,3,5,21,1.5,4.0
2025-03-21,2025-04-15,-1,1.2967981100082397,1.310501950127738,stop,-0.014611598796503979,-0.01077950377288057,GBPUSD,-0.010567443007309087,3,5,21,1.5,4.0
2025-05-02,2025-05-26,-1,1.3286387920379639,1.3495561906269617,stop,-0.021847445743424454,-0.01594669575806912,GBPUSD,-0.01574348025539224,3,5,21,1.5,4.0
2025-06-02,2025-06-13,-1,1.346728801727295,1.3620243157659258,stop,-0.016238224199839935,-0.011502326243236886,GBPUSD,-0.011357530943878993,3,5,21,1.5,4.0
2025-06-17,2025-06-27,-1,1.3565576076507568,1.3700114914349146,stop,-0.014403474109513323,-0.010057725309421867,GBPUSD,-0.009917664910270048,3,5,21,1.5,4.0
2025-07-04,2025-08-01,-1,1.366829752922058,1.3223002127238683,target,0.04357275937114434,0.032359216722956365,GBPUSD,0.03257870272650483,3,5,21,1.5,4.0
2025-08-07,2025-10-31,1,1.3357912302017212,1.3186882521424974,stop,-0.018038031920364985,-0.008813486563649556,GBPUSD,-0.0128036310409382,3,5,21,1.5,4.0
2025-11-10,2026-01-06,1,1.3142677545547485,1.3523428269795008,target,0.037155084996563954,0.03165646595266835,GBPUSD,0.028970559684507714,3,5,21,1.5,4.0
2026-01-08,2026-01-26,-1,1.3459312915802002,1.3583563438483648,stop,-0.013367204172270731,-0.009402450442553304,GBPUSD,-0.00923156504785387,3,5,21,1.5,4.0
2026-02-03,2026-03-31,-1,1.367315649986267,1.3229947601045882,target,0.04336376892668854,0.03206347406476277,GBPUSD,0.0324145268739695,3,5,21,1.5,4.0
2026-04-08,2026-06-19,1,1.3401771783828735,1.3204080717904227,stop,-0.0207072306173188,-0.011408272606835024,GBPUSD,-0.014751114189472475,3,5,21,1.5,4.0
2026-06-30,2026-07-07,1,1.325398564338684,1.3397893905639648,eod,0.013463047230243684,0.011106716591794265,GBPUSD,0.01085773488253411,3,5,21,1.5,4.0
2008-08-05,2008-08-11,1,0.7569000124931335,0.7486335720334735,stop,-0.008796270468405268,-0.011212102417209381,NZDCAD,-0.01092144315393979,0,5,21,1.0,4.0
2008-08-18,2008-08-22,1,0.7547000050544739,0.7447392855371747,stop,-0.010489009520837285,-0.013516257385691777,NZDCAD,-0.013198250232660585,0,5,21,1.0,4.0
2008-08-29,2008-09-02,1,0.7459800243377686,0.7361214544091906,stop,-0.010380755945614358,-0.013564129867365434,NZDCAD,-0.013215595065470691,0,5,21,1.0,4.0
2008-09-17,2008-10-07,1,0.7060999870300293,0.6927621279444013,stop,-0.013832129076549031,-0.01897445026444707,NZDCAD,-0.018889476463141153,0,5,21,1.0,4.0
2008-10-13,2008-11-14,1,0.708899974822998,0.6880799829959869,stop,-0.021316221809387206,-0.02920015878429054,NZDCAD,-0.029369435133933468,0,5,21,1.0,4.0
2008-11-27,2008-12-01,1,0.6794999837875366,0.6646592659609658,stop,-0.01531636781522209,-0.02222327915653409,NZDCAD,-0.021840644857485606,0,5,21,1.0,4.0
2008-12-04,2009-01-20,1,0.6783000230789185,0.6637035863740104,stop,-0.01507124672106331,-0.021091605805892106,NZDCAD,-0.021519145228172592,0,5,21,1.0,4.0
2009-02-05,2009-03-20,1,0.6349999904632568,0.6908971071243286,target,0.05545261666774749,0.0884206574871132,NZDCAD,0.08802695669379883,0,5,21,1.0,4.0
2009-04-07,2009-06-19,-1,0.7124000191688538,0.7254535939012255,stop,-0.013552254745789983,-0.016077448658317693,NZDCAD,-0.018323377851114032,0,5,21,1.0,4.0
2009-07-02,2009-08-14,-1,0.7289999723434448,0.739909257207598,stop,-0.011419584844793624,-0.01386733230133862,NZDCAD,-0.014964726032957454,0,5,21,1.0,4.0
2009-08-20,2009-08-25,-1,0.736299991607666,0.7413871245724815,stop,-0.005602542958940811,-0.007180677746948377,NZDCAD,-0.006909049331520431,0,5,21,1.0,4.0
2009-08-26,2009-09-21,1,0.7465999722480774,0.7646799513271877,target,0.017557359098536646,0.02424320888281001,NZDCAD,0.02421642077573337,0,5,21,1.0,4.0
2009-09-30,2009-10-05,-1,0.7723000049591064,0.7772664385182517,stop,-0.005507043562616653,-0.006689671793306336,NZDCAD,-0.0064307050721930945,0,5,21,1.0,4.0
2009-10-06,2009-10-09,1,0.7785000205039978,0.7734143052782331,stop,-0.005630665240117529,-0.006853840828816434,NZDCAD,-0.0065327104583404625,0,5,21,1.0,4.0
2009-10-19,2009-11-03,1,0.7770000100135803,0.7715907309736524,stop,-0.0059531790469374455,-0.007103319136162525,NZDCAD,-0.006961748996416868,0,5,21,1.0,4.0
2009-11-09,2009-11-11,1,0.7851999998092651,0.7756721377372742,stop,-0.010077502071857453,-0.012465438199654306,NZDCAD,-0.012134312371759302,0,5,21,1.0,4.0
2009-11-13,2009-11-24,1,0.7812600135803223,0.7707378651414599,stop,-0.011069030448368569,-0.013685774585931846,NZDCAD,-0.013468177374958598,0,5,21,1.0,4.0
2009-12-03,2009-12-07,1,0.7623999714851379,0.7542163942541394,stop,-0.008717257211038092,-0.011074996782267185,NZDCAD,-0.010733968437927762,0,5,21,1.0,4.0
2009-12-09,2009-12-21,1,0.7612599730491638,0.7524349689483643,stop,-0.009357886081933975,-0.011802806424736705,NZDCAD,-0.011592628554279213,0,5,21,1.0,4.0
2009-12-30,2010-01-21,1,0.7623999714851379,0.7535314049039569,stop,-0.009402246561220665,-0.011658665941272718,NZDCAD,-0.011632432991708148,0,5,21,1.0,4.0
2010-02-02,2010-02-03,1,0.7537999749183655,0.7469185548169273,stop,-0.007409080083881073,-0.009487158847693909,NZDCAD,-0.00912897364076386,0,5,21,1.0,4.0
2010-02-17,2010-02-19,1,0.7347000241279602,0.7270807368414742,stop,-0.008133577303375548,-0.010751717744751543,NZDCAD,-0.01037060982205569,0,5,21,1.0,4.0
2010-02-23,2010-03-02,1,0.7325999736785889,0.7257106857640403,stop,-0.007402107896123581,-0.009690538042065528,NZDCAD,-0.009403887745116251,0,5,21,1.0,4.0
2010-03-09,2010-04-01,1,0.7218000292778015,0.7142450383731297,stop,-0.008060250925166282,-0.010453021056567395,NZDCAD,-0.010466875309261185,0,5,21,1.0,4.0
2010-04-09,2010-04-13,1,0.7177199721336365,0.7108206791537148,stop,-0.00740169696041519,-0.009975050518154753,NZDCAD,-0.009612792241814647,0,5,21,1.0,4.0
2010-04-21,2010-04-26,-1,0.7087000012397766,0.7166000008583069,stop,-0.008396089619398117,-0.011429377175617891,NZDCAD,-0.011147170318484934,0,5,21,1.0,4.0
2010-05-11,2010-06-07,-1,0.7318000197410583,0.6980028578213283,target,0.033284901905911296,0.0467302008707658,NZDCAD,0.04618360345451875,0,5,21,1.0,4.0
2010-06-11,2010-07-26,1,0.7119500041007996,0.7536900298936027,target,0.041241660789932556,0.05900698862395854,NZDCAD,0.05862774851096632,0,5,21,1.0,4.0
2010-07-29,2010-09-29,-1,0.7497000098228455,0.7581285919461932,stop,-0.00895337213022373,-0.009508579471717262,NZDCAD,-0.011242606393108381,0,5,21,1.0,4.0
2010-10-05,2010-10-08,-1,0.7555000185966492,0.7627271584102085,stop,-0.007755989826577034,-0.009830760596611747,NZDCAD,-0.009566035255675948,0,5,21,1.0,4.0
2010-10-14,2010-10-19,-1,0.7595000267028809,0.7661485970020294,stop,-0.007180220317840576,-0.009017208766771702,NZDCAD,-0.008753877637122855,0,5,21,1.0,4.0
2010-10-26,2010-11-01,-1,0.7653999924659729,0.771485699074609,stop,-0.006621486603362235,-0.008133925620482454,NZDCAD,-0.007951014722418624,0,5,21,1.0,4.0
2010-11-10,2010-11-19,-1,0.7813000082969666,0.7898314382348742,stop,-0.009078339943715551,-0.011021924800280473,NZDCAD,-0.01091953135454843,0,5,21,1.0,4.0
2010-11-24,2011-02-23,-1,0.7763000130653381,0.742857141154153,target,0.03289946190203938,0.04570767913693009,NZDCAD,0.043079829123190236,0,5,21,1.0,4.0
2011-03-14,2011-03-18,1,0.7197999954223633,0.7123428455420903,stop,-0.007961009877068671,-0.010693456417371182,NZDCAD,-0.01036003046359749,0,5,21,1.0,4.0
2011-03-21,2011-04-13,1,0.7196999788284302,0.7526999882289341,target,0.03249621941532406,0.045866347605344644,NZDCAD,0.0458524529265977,0,5,21,1.0,4.0
2011-04-29,2011-05-23,-1,0.7633000016212463,0.7714750042983464,stop,-0.0087093126782349,-0.010317047897777484,NZDCAD,-0.010710078160272965,0,5,21,1.0,4.0
2011-06-14,2011-07-14,-1,0.7972000241279602,0.8063928825514657,stop,-0.009750898440395051,-0.010904237531872139,NZDCAD,-0.011531432696030519,0,5,21,1.0,4.0
2011-08-05,2011-08-08,-1,0.8123000264167786,0.8229214591639382,stop,-0.011190042765651399,-0.013371208166853882,NZDCAD,-0.013075750833116385,0,5,21,1.0,4.0
2011-08-17,2011-09-26,1,0.8187999725341797,0.8033785436834607,stop,-0.01599458883149288,-0.01858992349939723,NZDCAD,-0.01883418340011633,0,5,21,1.0,4.0
2011-10-06,2011-11-16,1,0.7972000241279602,0.7874807417392731,stop,-0.010277322405576704,-0.01190326405103569,NZDCAD,-0.012191773826548544,0,5,21,1.0,4.0
2011-11-28,2012-01-23,1,0.7804999947547913,0.8123285344668797,target,0.03128218971576008,0.04131779619322088,NZDCAD,0.04077967959767632,0,5,21,1.0,4.0
2012-02-10,2012-02-20,-1,0.8288000226020813,0.8342071643897465,stop,-0.005987301803486673,-0.006596454679743739,NZDCAD,-0.006524060859324157,0,5,21,1.0,4.0
2012-02-21,2012-02-28,-1,0.8324999809265137,0.8374856923307691,stop,-0.00556846139090397,-0.006132986812291712,NZDCAD,-0.005988842664845068,0,5,21,1.0,4.0
2012-03-01,2012-04-26,-1,0.824999988079071,0.8010857360703605,target,0.023336752017055207,0.030368790752405762,NZDCAD,0.028986972550620844,0,5,21,1.0,4.0
2012-05-01,2012-05-03,1,0.8077999949455261,0.8003214171954564,stop,-0.008044037746531639,-0.009579819012739188,NZDCAD,-0.00925795716373344,0,5,21,1.0,4.0
2012-05-22,2012-05-23,1,0.7800999879837036,0.7727614172867366,stop,-0.007884640688555565,-0.009753327540271564,NZDCAD,-0.009407218061795787,0,5,21,1.0,4.0
2012-05-28,2012-06-21,1,0.7781000137329102,0.8103971481323242,target,0.031752464389801026,0.041533393945559306,NZDCAD,0.04150769030894831,0,5,21,1.0,4.0
2012-06-26,2012-07-03,-1,0.809499979019165,0.8159821203776768,stop,-0.007048791343825188,-0.0081558264726718,NZDCAD,-0.008007586814722212,0,5,21,1.0,4.0
2012-07-05,2012-08-07,-1,0.8140000104904175,0.8196535876819065,stop,-0.00622337719883236,-0.0063066058050738815,NZDCAD,-0.006945426435661726,0,5,21,1.0,4.0
2012-08-09,2012-10-25,-1,0.8076000213623047,0.8144614441054208,stop,-0.007426742758069687,-0.0064158278925943585,NZDCAD,-0.00849606557902493,0,5,21,1.0,4.0
2012-11-07,2012-12-12,-1,0.8205999732017517,0.8269292669636863,stop,-0.006903713743175811,-0.006981835180399144,NZDCAD,-0.007713007517218712,0,5,21,1.0,4.0
2013-02-18,2013-03-15,1,0.8514999747276306,0.8403603264263698,stop,-0.011735698283570137,-0.013047150476797654,NZDCAD,-0.013082382421472222,1,9,28,1.5,3.0
2013-03-22,2013-05-13,1,0.8518999814987183,0.8409071266651154,stop,-0.011589184820652009,-0.012481341782514059,NZDCAD,-0.012903926602115375,1,9,28,1.5,3.0
2013-05-28,2013-06-06,1,0.8363800048828125,0.8243553681032998,stop,-0.012610102782930677,-0.014580258624453047,NZDCAD,-0.014377001732839744,1,9,28,1.5,3.0
2013-06-18,2013-09-19,1,0.8139899969100952,0.8515949632440295,target,0.03703517333609722,0.04731626491742778,NZDCAD,0.04619831506122026,1,9,28,1.5,3.0
2013-09-30,2013-10-15,-1,0.8521999716758728,0.8631971116576876,stop,-0.011593679961987952,-0.01281053783696567,NZDCAD,-0.012904412517391531,1,9,28,1.5,3.0
2013-10-28,2013-12-09,-1,0.8657000064849854,0.8774128556251526,stop,-0.012318839144706726,-0.01262891193054052,NZDCAD,-0.013529916890869728,1,9,28,1.5,3.0
2013-12-17,2014-01-08,-1,0.8748000264167786,0.8870228976011276,stop,-0.012835231202840804,-0.013629253342830468,NZDCAD,-0.013972188860595383,1,9,28,1.5,3.0
2014-01-31,2014-02-28,-1,0.911899983882904,0.9298796291862216,stop,-0.018617975292035557,-0.019256108798848644,NZDCAD,-0.01971668562462248,1,9,28,1.5,3.0
2014-03-28,2014-05-26,-1,0.9551699757575989,0.9326270946434566,target,0.02187426213111195,0.024857231400422168,NZDCAD,0.023600910504187743,1,9,28,1.5,3.0
2014-06-09,2014-08-21,1,0.9288399815559387,0.9187321215867996,stop,-0.010758047956228254,-0.010182442785565541,NZDCAD,-0.0108822403964642,1,9,28,1.5,3.0
2014-10-10,2015-01-07,1,0.878600001335144,0.912052218403135,target,0.03283719706705635,0.03904190418377463,NZDCAD,0.038074455972178546,1,9,28,1.5,3.0
2015-01-26,2015-02-23,-1,0.9236000180244446,0.9406078926154545,stop,-0.017654394603627055,-0.01796001977835704,NZDCAD,-0.018414762082172027,1,9,28,1.5,3.0
2015-03-06,2015-03-23,-1,0.9346200227737427,0.9475060892956597,stop,-0.013540300537858659,-0.013659098040752665,NZDCAD,-0.013787492465305936,1,9,28,1.5,3.0
2015-04-02,2015-04-10,-1,0.9384199976921082,0.9523560660226005,stop,-0.0145929623288768,-0.014957128327413907,NZDCAD,-0.014850566233419817,1,9,28,1.5,3.0
2015-04-13,2015-04-24,1,0.9471399784088135,0.9321689158678055,stop,-0.015634060525894163,-0.01596497126687783,NZDCAD,-0.015806599744801444,1,9,28,1.5,3.0
2015-05-20,2015-06-01,1,0.8995000123977661,0.884944641164371,stop,-0.015185021242073554,-0.016359500867786387,NZDCAD,-0.01618162427212799,1,9,28,1.5,3.0
2015-07-01,2015-08-24,1,0.8460999727249146,0.8725814095565251,target,0.02588916685070309,0.031747355746983064,NZDCAD,0.03129823624308308,1,9,28,1.5,3.0
2015-08-27,2015-10-15,-1,0.8570799827575684,0.8769924917391368,stop,-0.020512464969498784,-0.022112882534708958,NZDCAD,-0.02323296469659926,1,9,28,1.5,3.0
2015-11-02,2015-12-10,-1,0.8848999738693237,0.9039917524371829,stop,-0.01971120854956768,-0.020784019788631085,NZDCAD,-0.021575069648130087,1,9,28,1.5,3.0
2016-01-04,2016-01-25,-1,0.9472500085830688,0.9214221749986921,target,0.025164758578368644,0.027519486247743623,NZDCAD,0.027266121246080546,1,9,28,1.5,3.0
2016-02-05,2016-02-18,1,0.9252499938011169,0.9075585646288735,stop,-0.018339104167904203,-0.019261204314121993,NZDCAD,-0.019120701746306853,1,9,28,1.5,3.0
2016-03-09,2016-03-10,1,0.9046599864959717,0.8895753260169711,stop,-0.015717922469547767,-0.016994960215441175,NZDCAD,-0.01667439778941495,1,9,28,1.5,3.0
2016-03-25,2016-04-25,1,0.8878999948501587,0.8737175017595291,stop,-0.014804023087024687,-0.01587171209862189,NZDCAD,-0.015973074865287058,1,9,28,1.5,3.0
2016-05-04,2016-06-16,1,0.8800699710845947,0.9100507072040013,target,0.02936468713964733,0.03435037793887037,NZDCAD,0.03406630961678923,1,9,28,1.5,3.0
2016-07-18,2016-08-01,-1,0.9161099791526794,0.9342653155326843,stop,-0.018796613365411757,-0.01975236248025752,NZDCAD,-0.019817856800115812,1,9,28,1.5,3.0
2016-08-16,2016-08-31,-1,0.9326300024986267,0.9461921517338071,stop,-0.014214990236929436,-0.014413164062025972,NZDCAD,-0.014541832451074689,1,9,28,1.5,3.0
2016-09-23,2016-11-03,-1,0.9537500143051147,0.967907863003867,stop,-0.014825473708765831,-0.01404754757305423,NZDCAD,-0.014844402082727524,1,9,28,1.5,3.0
2016-11-14,2016-12-19,-1,0.9613800048828125,0.9327192987714495,target,0.027987740107944987,0.03043615007879188,NZDCAD,0.029812047229811643,1,9,28,1.5,3.0
2016-12-29,2017-01-09,1,0.9383400082588196,0.9258492738008499,stop,-0.013147572463750838,-0.013492693849282714,NZDCAD,-0.013311522846763646,1,9,28,1.5,3.0
2017-01-13,2017-02-08,1,0.9348300099372864,0.9587250053882599,target,0.023240614444017413,0.025603580540358568,NZDCAD,0.025560792012417875,1,9,28,1.5,3.0
2017-02-10,2017-06-05,-1,0.9449499845504761,0.9583557035241809,stop,-0.014067183962890127,-0.011392898195375045,NZDCAD,-0.014186696854735708,1,9,28,1.5,3.0
2017-06-15,2017-06-21,-1,0.9591599702835083,0.9604099988937378,eod,-0.001921440589427948,-0.001449214576603554,NZDCAD,-0.0013032535228299914,1,9,28,1.5,3.0
2017-09-18,2017-10-25,1,0.8890399932861328,0.8768199937684196,stop,-0.012842327513013535,-0.01353144921326554,NZDCAD,-0.013745162883555791,2,7,28,1.0,4.0
2017-11-01,2017-11-13,1,0.8898699879646301,0.8788135605198997,stop,-0.011679336436305695,-0.012604568753223619,NZDCAD,-0.012424767206746068,2,7,28,1.0,4.0
2017-11-28,2017-12-04,1,0.8826799988746643,0.8759464238371167,stop,-0.007351451036759833,-0.007877798348679856,NZDCAD,-0.007628557400340164,2,7,28,1.0,4.0
2017-12-05,2017-12-07,-1,0.870419979095459,0.8782828322478703,stop,-0.00847214713777813,-0.009286153060056153,NZDCAD,-0.009033401508754878,2,7,28,1.0,4.0
2017-12-08,2018-01-12,1,0.8775500059127808,0.9082985775811332,target,0.030134286664213483,0.03521004097790801,NZDCAD,0.03503911054774526,2,7,28,1.0,4.0
2018-01-29,2018-02-07,-1,0.9063500165939331,0.9141143049512591,stop,-0.008398733368941763,-0.008610678230750804,NZDCAD,-0.00856654517037936,2,7,28,1.0,4.0
2018-02-28,2018-03-02,-1,0.9237899780273438,0.9309556909969875,stop,-0.007812365954262885,-0.008038312978346628,NZDCAD,-0.007756863724528999,2,7,28,1.0,4.0
2018-03-22,2018-05-10,-1,0.9322800040245056,0.8967485853603908,target,0.034878822661297645,0.03914212308167836,NZDCAD,0.03811238952968129,2,7,28,1.0,4.0
2018-05-23,2018-06-25,1,0.889549970626831,0.9168900081089565,target,0.026717352502686656,0.03085834229501741,NZDCAD,0.030734684261593512,2,7,28,1.0,4.0
2018-06-27,2018-07-03,-1,0.9110299944877625,0.8856014098439898,target,0.02479086364763119,0.027714328613262555,NZDCAD,0.02791190717937904,2,7,28,1.0,4.0
2018-07-18,2018-08-01,1,0.8932999968528748,0.8859742794718061,stop,-0.007951027378865697,-0.008335069301802521,NZDCAD,-0.008200735930681102,2,7,28,1.0,4.0
2018-08-22,2018-08-30,1,0.873520016670227,0.8661057225295475,stop,-0.00802575815234867,-0.008716794115038664,NZDCAD,-0.008487835423556836,2,7,28,1.0,4.0
2018-08-31,2018-10-04,-1,0.8631899952888489,0.8385442239897591,target,0.024041538302387543,0.029223892117341384,NZDCAD,0.028551965886539885,2,7,28,1.0,4.0
2018-10-12,2018-11-07,1,0.8503599762916565,0.882754249232156,target,0.031799020957095296,0.038141815048660224,NZDCAD,0.0380947761461775,2,7,28,1.0,4.0
2018-11-26,2018-11-28,-1,0.8955600261688232,0.9032828765256065,stop,-0.008349742375101393,-0.008869143468542777,NZDCAD,-0.008623487126621004,2,7,28,1.0,4.0
2018-11-29,2019-01-03,1,0.9117400050163269,0.9042592942714691,stop,-0.008118928748369217,-0.008040352188699359,NZDCAD,-0.008204872774803633,2,7,28,1.0,4.0
2019-01-15,2019-01-21,1,0.9059500098228455,0.8976378696305412,stop,-0.008946305199180297,-0.009417892929845796,NZDCAD,-0.009175053923703482,2,7,28,1.0,4.0
2019-01-24,2019-02-07,1,0.9061099886894226,0.8984942734241486,stop,-0.008249992257356642,-0.008537280641241814,NZDCAD,-0.008404846387676676,2,7,28,1.0,4.0
2019-02-15,2019-03-01,1,0.9082499742507935,0.8997271018368858,stop,-0.009158647395883256,-0.00951596218985541,NZDCAD,-0.00938383997306263,2,7,28,1.0,4.0
2019-03-05,2019-04-09,1,0.9081599712371826,0.8990071160452706,stop,-0.009788567171778029,-0.009913292236000503,NZDCAD,-0.010078461374424051,2,7,28,1.0,4.0
2019-04-16,2019-04-17,1,0.9045500159263611,0.8983685842582158,stop,-0.006814616679293784,-0.007132200049256911,NZDCAD,-0.006833709092155451,2,7,28,1.0,4.0
2019-04-30,2019-05-01,1,0.8972499966621399,0.8917314197335925,stop,-0.006146651926210901,-0.006451464976407345,NZDCAD,-0.006150545499110686,2,7,28,1.0,4.0
2019-05-02,2019-07-08,-1,0.8904600143432617,0.8676114252635411,target,0.02222526706968037,0.027231530545034792,NZDCAD,0.025659309471152504,2,7,28,1.0,4.0
2019-07-16,2019-07-31,1,0.8771299719810486,0.8713635376521519,stop,-0.006380425309283408,-0.006676814743508969,NZDCAD,-0.006574207373022324,2,7,28,1.0,4.0
2019-09-09,2019-09-17,1,0.8457000255584717,0.8397585919925145,stop,-0.006533423583848151,-0.00726195267867188,NZDCAD,-0.00702546220456089,2,7,28,1.0,4.0
2019-09-18,2019-11-14,-1,0.8422399759292603,0.8480792556490216,stop,-0.006428847702911874,-0.0055557559050775866,NZDCAD,-0.006933035579697815,2,7,28,1.0,4.0
2019-12-18,2019-12-24,-1,0.8637999892234802,0.8707216467176165,stop,-0.007526317486592749,-0.008221414196265972,NZDCAD,-0.008013032623858437,2,7,28,1.0,4.0
2020-01-02,2020-02-19,-1,0.8737000226974487,0.8493934529168266,target,0.023694979764733965,0.02889615328459794,NZDCAD,0.02782026914177984,2,7,28,1.0,4.0
2020-03-06,2020-03-16,1,0.8452900052070618,0.8359829570565905,stop,-0.009898751154116174,-0.011223424022560505,NZDCAD,-0.011010479353995652,2,7,28,1.0,4.0
2020-03-30,2021-12-28,1,0.8499000072479248,0.8711529970169067,eod,0.020658059763908387,0.034301670220456534,NZDCAD,0.025006459098408047,2,7,28,1.0,4.0
2022-02-18,2022-03-09,1,0.8499500155448914,0.8759722794805255,target,0.025427298924752692,0.030557401565530475,NZDCAD,0.030616228554277508,3,7,21,1.5,4.0
2022-03-15,2022-05-02,-1,0.8651000261306763,0.8308183295386178,target,0.033676126573767014,0.04071401633126078,NZDCAD,0.039627436777906325,3,7,21,1.5,4.0
2022-05-20,2022-06-15,1,0.8179299831390381,0.8063553380114692,stop,-0.01214719611576622,-0.014102240247143679,NZDCAD,-0.014151144188586795,3,7,21,1.5,4.0
2022-06-17,2022-06-28,1,0.8237400054931641,0.8104827851057053,stop,-0.013833838391304016,-0.016300313567288834,NZDCAD,-0.016093937770476317,3,7,21,1.5,4.0
2022-07-15,2022-09-14,1,0.8034399747848511,0.7923830470868519,stop,-0.011619335680348548,-0.013152105981319655,NZDCAD,-0.01376198352709551,3,7,21,1.5,4.0
2022-10-06,2022-10-10,1,0.7852889895439148,0.7718359359673092,stop,-0.014002755869286385,-0.017462429448514234,NZDCAD,-0.017131341144129623,3,7,21,1.5,4.0
2022-10-14,2022-11-16,1,0.7757300138473511,0.8156922885349819,target,0.03941926367793766,0.051683284096211604,NZDCAD,0.051515700017112684,3,7,21,1.5,4.0
2022-12-16,2023-05-30,-1,0.8661199808120728,0.822555422782898,target,0.042958274042606354,0.05482445744370584,NZDCAD,0.05029852560187879,3,7,21,1.5,4.0
2023-06-12,2023-06-30,1,0.8174660205841064,0.8045194127729961,stop,-0.013518834025519219,-0.01591088495863925,NZDCAD,-0.015837487412454852,3,7,21,1.5,4.0
2023-07-04,2023-08-15,1,0.8153700232505798,0.8040849800620761,stop,-0.011855802204779168,-0.01354605010430877,NZDCAD,-0.013840394994550392,3,7,21,1.5,4.0
2023-08-23,2023-11-21,1,0.8048869967460632,0.8286861266408648,target,0.02323570899707935,0.030611911975731775,NZDCAD,0.029568287214248624,3,7,21,1.5,4.0
2023-12-07,2024-06-06,-1,0.8344600200653076,0.8447259068489075,stop,-0.010850008797645567,-0.007053527601165606,NZDCAD,-0.012302430957442887,3,7,21,1.5,4.0
2024-06-11,2024-07-24,-1,0.8431900143623352,0.8220254608563015,target,0.02057432049598011,0.026096790914530398,NZDCAD,0.025100574183198193,3,7,21,1.5,4.0
2024-08-01,2024-08-30,1,0.8217099905014038,0.8433833973748344,target,0.021098209880079575,0.026461168934021145,NZDCAD,0.02637598072795189,3,7,21,1.5,4.0
2024-09-04,2024-09-24,-1,0.8379009962081909,0.8471669171537671,stop,-0.009852451642921945,-0.010843668866242353,NZDCAD,-0.011058491382046207,3,7,21,1.5,4.0
2024-10-03,2024-12-19,-1,0.8454300165176392,0.812735744885036,target,0.032102470621040845,0.040658920266626236,NZDCAD,0.03867176583967557,3,7,21,1.5,4.0
2025-01-07,2025-04-07,1,0.808430016040802,0.7966849101441247,stop,-0.012311006907905882,-0.013464499932827757,NZDCAD,-0.014528290221332577,3,7,21,1.5,4.0
2025-04-14,2025-11-10,1,0.8094599843025208,0.7925669848918915,stop,-0.017459621399641037,-0.017904528564333305,NZDCAD,-0.020869468211186862,3,7,21,1.5,4.0
2025-11-17,2025-11-21,1,0.7954300045967102,0.7880377918481827,stop,-0.007949013751745223,-0.009595077762243987,NZDCAD,-0.009293354167945226,3,7,21,1.5,4.0
2025-11-26,2026-01-23,1,0.7929800152778625,0.8151174528258187,target,0.02158235153726166,0.028471634988234806,NZDCAD,0.02791676602366724,3,7,21,1.5,4.0
2026-02-06,2026-02-09,-1,0.814162015914917,0.823429558958326,stop,-0.009837456454549484,-0.011677704016595411,NZDCAD,-0.011382922394131363,3,7,21,1.5,4.0
2026-02-18,2026-02-24,1,0.8247479796409607,0.8162180121455874,stop,-0.009107291081121942,-0.01063351194772386,NZDCAD,-0.01034251396297647,3,7,21,1.5,4.0
2026-03-20,2026-04-06,1,0.8057500123977661,0.7926375418901443,stop,-0.0136764955163002,-0.016385318404567695,NZDCAD,-0.016273621229742744,3,7,21,1.5,4.0
2026-04-08,2026-07-08,1,0.803820013999939,0.8059399724006653,eod,0.001557284390926361,0.0037196864330956373,NZDCAD,0.002637354586603363,3,7,21,1.5,4.0
2008-08-19,2008-09-02,1,0.7796000242233276,0.759457162448338,stop,-0.020688581791945913,-0.026453131265016316,NZDCHF,-0.025837430924988494,0,5,21,2.0,4.0
2008-09-19,2008-10-06,1,0.7624899744987488,0.7252042378698077,stop,-0.0378194796110902,-0.04956883092631811,NZDCHF,-0.048899969672981276,0,5,21,2.0,4.0
2008-10-17,2008-10-27,1,0.6957499980926514,0.6416971598352704,stop,-0.054539863256045804,-0.07829369515877013,NZDCHF,-0.07769003004752126,0,5,21,2.0,4.0
2008-10-31,2008-12-23,1,0.6750800013542175,0.6197514278548104,stop,-0.055801129500355075,-0.08339541000543875,NZDCHF,-0.08195854326660162,0,5,21,2.0,4.0
2009-01-01,2009-01-29,1,0.6205000281333923,0.5932157380240304,stop,-0.027718640129055325,-0.045035114975618684,NZDCHF,-0.04397145668379647,0,5,21,2.0,4.0
2009-02-05,2009-03-09,1,0.604200005531311,0.5748543228421893,stop,-0.02976862269299366,-0.04972804106928249,NZDCHF,-0.04856948431060711,0,5,21,2.0,4.0
2009-03-11,2009-03-23,1,0.5899999737739563,0.6354542715208871,target,0.04504129776528899,0.07629542330145403,NZDCHF,0.07704118604646827,0,5,21,2.0,4.0
2009-03-31,2009-04-06,-1,0.6373000144958496,0.6638328688485282,stop,-0.026978964362825698,-0.041601841753686745,NZDCHF,-0.041633224147449625,0,5,21,2.0,4.0
2009-04-14,2009-06-01,-1,0.6629999876022339,0.6883885604994637,stop,-0.025852672888551406,-0.035005389639846875,NZDCHF,-0.03829347416588745,0,5,21,2.0,4.0
2009-06-04,2009-06-24,-1,0.6761999726295471,0.6984656878880092,stop,-0.02273905523930279,-0.03183335718686115,NZDCHF,-0.03292770801494881,0,5,21,2.0,4.0
2009-07-01,2009-08-04,-1,0.6884999871253967,0.711732838835035,stop,-0.023714801700626065,-0.03173979973605755,NZDCHF,-0.03374415707201296,0,5,21,2.0,4.0
2009-08-17,2009-09-07,-1,0.7193099856376648,0.7286014045987811,stop,-0.009794935951062659,-0.011832755183526281,NZDCHF,-0.012917127728846272,0,5,21,2.0,4.0
2009-09-14,2009-09-16,-1,0.723800003528595,0.7334571055003575,stop,-0.010163761974232521,-0.01353564786405179,NZDCHF,-0.013342224267315832,0,5,21,2.0,4.0
2009-09-18,2009-09-22,-1,0.72843998670578,0.7402013795716422,stop,-0.012271300856556241,-0.016338192689948003,NZDCHF,-0.016146001153850266,0,5,21,2.0,4.0
2009-10-13,2009-10-19,-1,0.7541000247001648,0.7633400048528399,stop,-0.009767850169965247,-0.012226468440099916,NZDCHF,-0.012252990120705817,0,5,21,2.0,4.0
2009-10-26,2009-10-28,-1,0.7595999836921692,0.74233136006764,target,0.01673690363594467,0.022549531322094696,NZDCHF,0.022733838856330683,0,5,21,2.0,4.0
2009-11-09,2009-11-24,1,0.7494000196456909,0.7324514474187579,stop,-0.017473152240685005,-0.02327004506241915,NZDCHF,-0.022616188661092034,0,5,21,2.0,4.0
2009-12-03,2010-01-05,1,0.7218999862670898,0.7573371614728656,target,0.03493184521538876,0.048105244308630994,NZDCHF,0.04908876004973992,0,5,21,2.0,4.0
2010-01-12,2010-04-23,-1,0.7516999840736389,0.7659014293125698,stop,-0.014727635227782402,-0.012320667068184445,NZDCHF,-0.01889243786060748,0,5,21,2.0,4.0
2010-05-12,2010-06-30,-1,0.7936999797821045,0.747459990637643,target,0.045684399158614004,0.06105580241764056,NZDCHF,0.058258775762040214,0,5,21,2.0,4.0
2010-07-08,2010-08-27,1,0.7437999844551086,0.7188585570880345,stop,-0.02546208735619274,-0.03479621929010166,NZDCHF,-0.03353243867751046,0,5,21,2.0,4.0
2010-09-03,2011-03-03,1,0.7228000164031982,0.6914857455662319,stop,-0.0318202308484486,-0.04696218880276186,NZDCHF,-0.043323561325845875,0,5,21,2.0,4.0
2011-03-10,2011-03-17,1,0.6840000152587891,0.6624000242778233,stop,-0.02207879099164692,-0.03214910890410716,NZDCHF,-0.03157893347823024,0,5,21,2.0,4.0
2011-03-23,2011-08-05,1,0.6682000160217285,0.6431142943246024,stop,-0.02555346170834129,-0.0405802470023352,NZDCHF,-0.03754223450409248,0,5,21,2.0,4.0
2011-08-15,2012-02-03,1,0.6531000137329102,0.7627571650913784,target,0.10919998134885517,0.16404401945439662,NZDCHF,0.167902540273584,0,5,21,2.0,4.0
2012-02-09,2012-05-04,-1,0.7609000205993652,0.7334943158285958,target,0.02687307475634987,0.041353271019737535,NZDCHF,0.036017484595652655,0,5,21,2.0,4.0
2012-05-25,2012-06-19,1,0.7222999930381775,0.7534628680774144,target,0.030657265044110146,0.04229942590851165,NZDCHF,0.04314395035248151,0,5,21,2.0,4.0
2012-07-18,2012-08-02,-1,0.7795000076293945,0.7932957410812378,stop,-0.014341383457183837,-0.01710806070727276,NZDCHF,-0.017698182574492422,0,5,21,2.0,4.0
2012-08-08,2012-09-05,-1,0.7903000116348267,0.7603857176644462,target,0.029361083962236103,0.03929431040516005,NZDCHF,0.03785182023279908,0,5,21,2.0,4.0
2012-09-10,2012-12-27,1,0.7662000060081482,0.7523957065173558,stop,-0.01434063949499813,-0.02023531632630599,NZDCHF,-0.018016574500843353,0,5,21,2.0,4.0
2013-01-02,2013-01-09,1,0.7565000057220459,0.7732999920845032,eod,0.016270436358451844,0.02169198445252445,NZDCHF,0.022207516504143883,0,5,21,2.0,4.0
2013-03-05,2013-06-03,1,0.7778000235557556,0.769010739667075,stop,-0.00933374390516964,-0.013177273821393633,NZDCHF,-0.011300184652219365,1,5,21,1.0,3.0
2013-06-17,2013-06-21,1,0.7416999936103821,0.7267964141709464,stop,-0.015422769434962921,-0.020579182379572288,NZDCHF,-0.02009381093141085,1,5,21,1.0,3.0
2013-06-27,2013-08-26,1,0.7325999736785889,0.7193692581994193,stop,-0.013743535460744555,-0.019506846836769422,NZDCHF,-0.018059945337882594,1,5,21,1.0,3.0
2013-09-02,2013-09-17,1,0.7236999869346619,0.7578228328909192,target,0.0336162559654031,0.04647346492116747,NZDCHF,0.04715054106991174,1,5,21,1.0,3.0
2013-09-24,2013-10-17,-1,0.7609999775886536,0.7689128305230822,stop,-0.00844555291874073,-0.009162750512192178,NZDCHF,-0.010397967368542866,1,5,21,1.0,3.0
2013-10-23,2013-11-29,-1,0.7616000175476074,0.7355728575161525,target,0.025494040019171563,0.036248896264933675,NZDCHF,0.03417431648080015,1,5,21,1.0,3.0
2013-12-04,2013-12-12,1,0.744700014591217,0.7352128837789808,stop,-0.01000842082245014,-0.013276662573537832,NZDCHF,-0.012739533538808903,1,5,21,1.0,3.0
2013-12-20,2013-12-30,1,0.7358300089836121,0.7289407210690635,stop,-0.007404368920837097,-0.009933391986343082,NZDCHF,-0.009362607980700068,1,5,21,1.0,3.0
2014-01-02,2014-01-08,1,0.7311999797821045,0.7489642756325858,target,0.017252455864633864,0.023775022334740502,NZDCHF,0.024294716003377143,1,5,21,1.0,3.0
2014-01-20,2014-03-27,-1,0.751829981803894,0.7610428248132978,stop,-0.009739123996666451,-0.008077415315139369,NZDCHF,-0.012253891481288103,1,5,21,1.0,3.0
2014-04-03,2014-05-15,-1,0.7596099972724915,0.7678564233439309,stop,-0.008778153069530182,-0.008407506607826364,NZDCHF,-0.01085613156889671,1,5,21,1.0,3.0
2014-05-21,2014-06-12,-1,0.7633799910545349,0.7693292711462293,stop,-0.00648364608543255,-0.0067191702059269005,NZDCHF,-0.007793340356584439,1,5,21,1.0,3.0
2014-06-25,2014-06-27,-1,0.7746000289916992,0.7806764457906995,stop,-0.006618636819294472,-0.00812860387727633,NZDCHF,-0.007844586330457521,1,5,21,1.0,3.0
2014-07-01,2014-07-09,-1,0.7767500281333923,0.7827150183064597,stop,-0.006508715192760772,-0.007447685823673936,NZDCHF,-0.007679420607684897,1,5,21,1.0,3.0
2014-07-16,2014-08-11,-1,0.7811999917030334,0.7668428421020508,target,0.013810309606790543,0.019632808197485176,NZDCHF,0.018378327897423243,1,5,21,1.0,3.0
2014-08-14,2014-08-26,1,0.7689999938011169,0.764393572296415,stop,-0.005144721500362701,-0.00656231670400644,NZDCHF,-0.005990145047898735,1,5,21,1.0,3.0
2014-08-28,2014-09-15,1,0.7651000022888184,0.7607771498816354,stop,-0.00485842240878517,-0.00632969859194284,NZDCHF,-0.00565004887498505,1,5,21,1.0,3.0
2014-10-06,2015-01-07,1,0.7476000189781189,0.776710684810366,target,0.0285873458189624,0.03691902773086328,NZDCHF,0.03893882436230798,1,5,21,1.0,3.0
2015-01-15,2015-01-16,-1,0.7856000065803528,0.6920449840170997,target,0.09300510255864684,0.1187563922884345,NZDCHF,0.1190873495158049,1,5,21,1.0,3.0
2015-01-29,2015-08-25,1,0.6639000177383423,0.6194678694009781,stop,-0.04489687834978104,-0.071384466141169,NZDCHF,-0.0669259634737288,1,5,21,1.0,3.0
2015-09-04,2015-11-26,1,0.6223999857902527,0.6705221363476345,target,0.047686470567328595,0.07511592484697957,NZDCHF,0.07731708170957258,1,5,21,1.0,3.0
2015-12-04,2015-12-22,-1,0.6628199815750122,0.6718971388680595,stop,-0.009541131280149762,-0.012819705997480736,NZDCHF,-0.013694755054725189,1,5,21,1.0,3.0
2016-01-06,2016-01-11,-1,0.6753000020980835,0.6531064340046474,target,0.021720858091967433,0.03271667114585189,NZDCHF,0.032864753479169395,1,5,21,1.0,3.0
2016-01-22,2016-02-10,1,0.6595600247383118,0.6477085905415672,stop,-0.012313126214061432,-0.01880258616592937,NZDCHF,-0.017968696937699962,1,5,21,1.0,3.0
2016-02-18,2016-06-29,1,0.6581000089645386,0.6928271310670036,target,0.0342664520961898,0.04972970924883921,NZDCHF,0.052768761023275164,1,5,21,1.0,3.0
2016-07-07,2016-07-08,-1,0.6952700018882751,0.7035949996539524,stop,-0.008811686766999092,-0.01234771778210107,NZDCHF,-0.011973762341345869,1,5,21,1.0,3.0
2016-07-15,2016-09-02,-1,0.7026100158691406,0.7135857343673706,stop,-0.011467545509338378,-0.012461704644786492,NZDCHF,-0.015621352173086842,1,5,21,1.0,3.0
2016-09-13,2016-11-09,-1,0.7148600220680237,0.7215250262192318,stop,-0.007165406166655692,-0.005546546217170862,NZDCHF,-0.00932350942206397,1,5,21,1.0,3.0
2016-11-14,2016-11-22,-1,0.7033299803733826,0.7124578399317605,stop,-0.009620190544639282,-0.01283588046905838,NZDCHF,-0.012978061241655209,1,5,21,1.0,3.0
2016-12-19,2017-01-20,-1,0.7146700024604797,0.7224292925425938,stop,-0.008259559083836403,-0.008926203786574678,NZDCHF,-0.010857164922831843,1,5,21,1.0,3.0
2017-02-01,2017-02-08,-1,0.7208999991416931,0.7268807206835065,stop,-0.0064853515412125785,-0.008212958175700696,NZDCHF,-0.008296187472512232,1,5,21,1.0,3.0
2017-02-09,2017-02-24,-1,0.7198799848556519,0.7262671334402901,stop,-0.006891064574037247,-0.008233523239053223,NZDCHF,-0.008872518640616217,1,5,21,1.0,3.0
2017-03-01,2017-03-08,-1,0.7218400239944458,0.7059592774936131,target,0.015375458484036597,0.02208348937569492,NZDCHF,0.022000368465236148,1,5,21,1.0,3.0
2017-03-20,2017-04-26,1,0.7008399963378906,0.6938785570008414,stop,-0.007452027334485703,-0.011060212569991564,NZDCHF,-0.009932993798049326,1,5,21,1.0,3.0
2017-05-09,2017-05-17,1,0.6906899809837341,0.682092125926699,stop,-0.009081338043723755,-0.013056299215736726,NZDCHF,-0.012448211634385389,1,5,21,1.0,3.0
2017-05-24,2017-07-07,1,0.6840900182723999,0.6992899775505066,eod,0.01472109626531601,0.020962094015522702,NZDCHF,0.022219238509710533,1,5,21,1.0,3.0
2017-09-12,2017-11-20,1,0.6934199929237366,0.6778413908822196,stop,-0.01606399603656357,-0.02418246115289207,NZDCHF,-0.022466329497987683,2,5,21,2.0,4.0
2017-11-29,2018-01-12,1,0.6789699792861938,0.7074127878461566,target,0.027967529574462392,0.040624489154823515,NZDCHF,0.04189111363931711,2,5,21,2.0,4.0
2018-01-17,2018-07-02,-1,0.6969599723815918,0.6708685500281197,target,0.02560355037280495,0.04917272685885059,NZDCHF,0.037436041361621805,2,5,21,2.0,4.0
2018-07-06,2018-08-10,1,0.6747000217437744,0.6627814258847918,stop,-0.012390885874203226,-0.018776634727594003,NZDCHF,-0.017665029605570128,2,5,21,2.0,4.0
2018-08-20,2018-08-31,1,0.6592000126838684,0.648728575025286,stop,-0.01093287766746109,-0.016567714575909696,NZDCHF,-0.015885068957976728,2,5,21,2.0,4.0
2018-09-14,2018-10-31,1,0.6349700093269348,0.6580186145646232,target,0.022604126231159517,0.03486559193741321,NZDCHF,0.03629873048983807,2,5,21,2.0,4.0
2018-11-20,2019-06-17,-1,0.6791999936103821,0.6511799693107605,target,0.027544584304094316,0.056654924413464224,NZDCHF,0.041254453126062685,2,5,21,2.0,4.0
2019-06-27,2019-08-06,1,0.6527900099754333,0.6399985722133091,stop,-0.013248390769107016,-0.020820535783989257,NZDCHF,-0.01959502683352277,2,5,21,2.0,4.0
2019-08-19,2020-02-28,1,0.6291999816894531,0.6132957083838326,stop,-0.016344713292803115,-0.029711179036313467,NZDCHF,-0.025276976745797465,2,5,21,2.0,4.0
2020-03-25,2021-01-01,1,0.5710499882698059,0.6388700263840812,target,0.06742030312248641,0.11189920221850037,NZDCHF,0.11876375012240105,2,5,21,2.0,4.0
2021-01-14,2021-02-22,-1,0.6374940276145935,0.6499877486910138,stop,-0.012939966895750542,-0.01699423148630659,NZDCHF,-0.019598177449865604,2,5,21,2.0,4.0
2021-03-10,2021-08-20,-1,0.6659700274467468,0.630304890019553,target,0.03519895840798107,0.06565631428614135,NZDCHF,0.05355366751853663,2,5,21,2.0,4.0
2021-08-26,2021-12-06,1,0.6369100213050842,0.6213971631867545,stop,-0.015958695133243255,-0.026868564704420818,NZDCHF,-0.024356435916242137,2,5,21,2.0,4.0
2021-12-09,2022-01-06,1,0.6259999871253967,0.6230499744415283,eod,-0.003388212674856186,-0.005766793543312439,NZDCHF,-0.004712480422587419,2,5,21,2.0,4.0
2022-02-24,2022-03-18,1,0.6208999752998352,0.6447799631527492,target,0.023445357870204124,0.03752615361542307,NZDCHF,0.03846028153146932,3,5,21,2.0,4.0
2022-03-29,2022-06-17,-1,0.644819974899292,0.6191485439028058,target,0.025220057014056663,0.04579794694030436,NZDCHF,0.03981178002510783,3,5,21,2.0,4.0
2022-07-06,2022-09-14,1,0.5970799922943115,0.5817528452192035,stop,-0.01574510306971409,-0.027679954593021337,NZDCHF,-0.025670173633205656,3,5,21,2.0,4.0
2022-10-04,2023-04-24,1,0.5675600171089172,0.5487028615815299,stop,-0.019254447539363555,-0.038334545900917505,NZDCHF,-0.03322495411752823,3,5,21,2.0,4.0
2023-05-01,2023-07-19,1,0.5521500110626221,0.5410943286759513,stop,-0.011442187394414598,-0.022431734381086595,NZDCHF,-0.0200229686953984,3,5,21,2.0,4.0
2023-08-01,2023-08-11,1,0.5407800078392029,0.5288099987166268,stop,-0.012348555128063507,-0.022948350424718534,NZDCHF,-0.02213471087883719,3,5,21,2.0,4.0
2023-08-24,2023-09-26,1,0.5241100192070007,0.5409700274467468,target,0.016493131226301194,0.030814156661575935,NZDCHF,0.03216883406513761,3,5,21,2.0,4.0
2023-10-05,2023-10-20,-1,0.5424900054931641,0.5222042288099017,target,0.019906033679417155,0.03824176754077323,NZDCHF,0.037393825651812845,3,5,21,2.0,4.0
2023-10-30,2024-04-10,1,0.5240499973297119,0.5473871231079102,target,0.022970290780067442,0.03993345269503304,NZDCHF,0.04453225054310119,3,5,21,2.0,4.0
2024-04-15,2024-05-17,-1,0.5432000160217285,0.5524228726114545,stop,-0.009603096600941202,-0.014438248082474781,NZDCHF,-0.016978748743919532,3,5,21,2.0,4.0
2024-05-31,2024-07-23,-1,0.5524399876594543,0.534234242779868,target,0.017819036888224754,0.03726331427745276,NZDCHF,0.03295515401902642,3,5,21,2.0,4.0
2024-08-09,2025-03-04,1,0.5206500291824341,0.5035257169178554,stop,-0.01748876728500637,-0.03855624918738782,NZDCHF,-0.03289025507492743,3,5,21,2.0,4.0
2025-03-13,2025-04-07,1,0.5057399868965149,0.49424569947378977,stop,-0.011848305413552685,-0.02393381527334503,NZDCHF,-0.022727661882660465,3,5,21,2.0,4.0
2025-04-16,2025-10-13,1,0.48350000381469727,0.46038087350981577,stop,-0.02345758030755178,-0.05319365067624368,NZDCHF,-0.04781619466903245,3,5,21,2.0,4.0
2025-10-23,2026-07-10,1,0.4565599858760834,0.4646100103855133,eod,0.0077304325193166745,0.009659244449483738,NZDCHF,0.017631909844185993,3,5,21,2.0,4.0
2008-08-18,2008-08-25,1,78.10399627685547,76.87120982578823,stop,-1.28745924846104,-0.016105148405062948,NZDJPY,-0.01578391004088164,0,5,28,1.0,4.0
2008-09-19,2008-09-29,1,73.85299682617188,71.24699783325195,stop,-2.657696090698242,-0.035626435026229177,NZDJPY,-0.03528629987830654,0,5,28,1.0,4.0
2008-10-20,2008-10-22,1,63.237998962402344,59.798212323869976,stop,-3.48405323780605,-0.054790263692441526,NZDJPY,-0.054394299234190924,0,5,28,1.0,4.0
2008-10-30,2008-11-12,1,58.06999969482422,54.216927664620535,stop,-3.8937210299900613,-0.06678563889418018,NZDJPY,-0.06635219649479537,0,5,28,1.0,4.0
2008-11-26,2008-12-01,1,52.81999969482422,50.172856194632395,stop,-2.6841174999782007,-0.05059056258293901,NZDJPY,-0.05011631040299334,0,5,28,1.0,4.0
2008-12-09,2009-01-20,1,49.9379997253418,48.008927481515066,stop,-1.9640288436344702,-0.03914077965831766,NZDJPY,-0.038629345477123586,0,5,28,1.0,4.0
2009-02-05,2009-03-23,1,47.0260009765625,53.67514256068638,target,6.616223383440288,0.1408489228634395,NZDJPY,0.14139287726034322,0,5,28,1.0,4.0
2009-04-14,2009-05-08,-1,57.67100143432617,59.21957342965262,stop,-1.588941696330476,-0.027257581041254458,NZDJPY,-0.026851831194398632,0,5,28,1.0,4.0
2009-05-14,2009-05-22,-1,56.97999954223633,58.5538569859096,stop,-1.6137434433528344,-0.028051201413023693,NZDJPY,-0.027621225979593943,0,5,28,1.0,4.0
2009-06-16,2009-06-19,-1,60.638999938964844,62.25228527614048,stop,-1.655732637132915,-0.027012901578594244,NZDJPY,-0.026604748409430643,0,5,28,1.0,4.0
2009-06-29,2009-07-02,1,62.66299819946289,61.23928369794573,stop,-1.4675786002567845,-0.023119935897506712,NZDJPY,-0.02272017845340448,0,5,28,1.0,4.0
2009-07-15,2009-10-15,1,61.09000015258789,67.32371357509068,target,6.190950422395977,0.10161292203303138,NZDJPY,0.10204147007583067,0,5,28,1.0,4.0
2009-10-28,2009-10-29,-1,65.21399688720703,66.06756755283901,stop,-0.8992204634530223,-0.013471351359608447,NZDJPY,-0.013088764780178987,0,5,28,1.0,4.0
2009-11-10,2009-11-19,1,66.4729995727539,64.99464362008231,stop,-1.5248870523725195,-0.02261799470965718,NZDJPY,-0.022239946477118862,0,5,28,1.0,4.0
2009-12-03,2009-12-08,1,63.720001220703125,62.44078581673758,stop,-1.3238194048200365,-0.020468697096348742,NZDJPY,-0.020075570926855496,0,5,28,1.0,4.0
2010-01-13,2010-01-26,-1,67.64199829101562,63.694571358816965,target,3.9000775333949487,0.057999128223858894,NZDJPY,0.05835763330373057,0,5,28,1.0,4.0
2010-02-11,2010-03-04,1,62.638999938964844,61.29549925667899,stop,-1.3873479822431323,-0.021851732684423135,NZDJPY,-0.02144830989630993,0,5,28,1.0,4.0
2010-03-08,2010-04-23,1,63.132999420166016,67.29019546508789,target,4.113002945327759,0.0654427333227915,NZDJPY,0.06584822649173831,0,5,28,1.0,4.0
2010-05-06,2010-05-10,-1,64.7300033569336,66.31607573372978,stop,-1.6313833791460348,-0.024886023377961586,NZDJPY,-0.024502893473529973,0,5,28,1.0,4.0
2010-05-31,2010-08-17,1,62.08000183105469,60.136787687029155,stop,-1.9866701453072702,-0.031720587724603753,NZDJPY,-0.03130177330396703,0,5,28,1.0,4.0
2010-08-30,2010-08-31,1,60.944000244140625,59.60114342825754,stop,-1.3855176160539868,-0.022444650997693577,NZDJPY,-0.022034274260035885,0,5,28,1.0,4.0
2010-09-03,2011-03-17,1,60.132999420166016,58.72549983433315,stop,-1.4495926854269825,-0.023863928286797315,NZDJPY,-0.02340644237614483,0,5,28,1.0,4.0
2011-03-23,2011-04-06,1,59.888999938964844,64.99157169886998,target,5.0606494599478555,0.08478003915710222,NZDJPY,0.08520048364650197,0,5,28,1.0,4.0
2011-04-19,2011-05-30,-1,64.7030029296875,66.05357388087681,stop,-1.3958630532400929,-0.021218813486620698,NZDJPY,-0.0208733890242617,0,5,28,1.0,4.0
2011-06-07,2011-06-30,-1,65.2300033569336,66.24407414027623,stop,-1.0597317856924855,-0.015905576114497458,NZDJPY,-0.015546078969116622,0,5,28,1.0,4.0
2011-07-13,2011-07-14,-1,64.83100128173828,65.8201435634068,stop,-1.0345239825657375,-0.015642088840515444,NZDJPY,-0.015257242092713817,0,5,28,1.0,4.0
2011-07-18,2011-08-05,1,67.04199981689453,65.96321541922433,stop,-1.125713797542031,-0.016467653123199224,NZDJPY,-0.016091172706908904,0,5,28,1.0,4.0
2011-08-25,2011-09-22,1,63.83100128173828,62.29807390485491,stop,-1.5776090777805882,-0.024412704572898333,NZDJPY,-0.02401540546289275,0,5,28,1.0,4.0
2011-10-10,2011-11-24,1,59.042999267578125,57.6007137298584,stop,-1.4836156372070313,-0.024861127583770477,NZDJPY,-0.024427714642059502,0,5,28,1.0,4.0
2011-11-29,2012-01-26,1,58.941001892089844,63.162714276994976,target,4.1804536835806685,0.07118902377307991,NZDJPY,0.07162607097575831,0,5,28,1.0,4.0
2012-03-06,2012-03-14,-1,66.97200012207031,67.97485678536552,stop,-1.0497370633806542,-0.015338599137293457,NZDJPY,-0.014974267775597138,0,5,28,1.0,4.0
2012-03-22,2012-05-09,-1,67.6259994506836,62.78629084995815,target,4.792370401109966,0.07124195782479846,NZDJPY,0.07156579777064608,0,5,28,1.0,4.0
2012-05-30,2012-05-31,1,60.499000549316406,59.51707213265555,stop,-1.0242777170453783,-0.016643885147161072,NZDJPY,-0.016230489888182986,0,5,28,1.0,4.0
2012-06-06,2012-07-04,1,59.709999084472656,64.20685686383929,target,4.455060780007504,0.07488691756703493,NZDJPY,0.07531163705102158,0,5,28,1.0,4.0
2012-07-10,2012-08-17,-1,63.362998962402344,64.29971313476562,stop,-0.9810682716369628,-0.015138396036659335,NZDJPY,-0.014783299207777375,0,5,28,1.0,4.0
2012-08-24,2012-09-14,-1,63.874000549316406,64.38550131661552,stop,-0.5562125676836327,-0.008378225298193546,NZDJPY,-0.00800796510160949,0,5,28,1.0,4.0
2012-09-25,2012-10-18,-1,63.957000732421875,64.76564298357282,stop,-0.8534121516636379,-0.01301018249170537,NZDJPY,-0.012643529901192125,0,5,28,1.0,4.0
2012-11-09,2012-11-16,-1,64.59100341796875,65.422361101423,stop,-0.8765713858468211,-0.013251190385070498,NZDJPY,-0.012871106492564031,0,5,28,1.0,4.0
2012-11-19,2012-12-13,1,66.27400207519531,69.49657767159599,target,3.176183794948037,0.04824298361781483,NZDJPY,0.04862503388197832,0,5,28,1.0,4.0
2013-02-04,2013-02-26,1,78.44999694824219,77.22964096069336,stop,-1.2752709854125976,-0.01587808841306448,NZDJPY,-0.015555844933352447,1,9,21,1.0,4.0
2013-03-07,2013-04-08,1,77.68099975585938,82.12357439313617,target,4.38819793744769,0.05686299933264711,NZDJPY,0.05718997761665257,1,9,21,1.0,4.0
2013-04-17,2013-08-28,-1,82.9000015258789,75.1885735648019,target,7.653397960008891,0.09282241036720444,NZDJPY,0.09302084220914916,1,9,21,1.0,4.0
2013-09-03,2013-09-20,1,77.77400207519531,83.10428728376117,target,5.275843407113217,0.06821116397529207,NZDJPY,0.06853556543756487,1,9,21,1.0,4.0
2013-09-26,2013-10-15,-1,81.16300201416016,82.24593080793109,stop,-1.1397428951808444,-0.013636494046608053,NZDJPY,-0.013342640943492929,1,9,21,1.0,4.0
2013-10-25,2013-11-07,-1,81.20800018310547,82.35657174246651,stop,-1.205417159489219,-0.014440960948635924,NZDJPY,-0.01414357645516795,1,9,21,1.0,4.0
2013-11-27,2013-12-03,-1,82.93499755859375,83.81971250261579,stop,-0.9427694423130518,-0.010965394233954522,NZDJPY,-0.010667570628394645,1,9,21,1.0,4.0
2013-12-18,2013-12-31,-1,84.91999816894531,85.9019274030413,stop,-1.041373232814248,-0.011848554590100539,NZDJPY,-0.011562991701230057,1,9,21,1.0,4.0
2014-01-13,2014-01-15,-1,86.30799865722656,87.00585556030273,stop,-0.7582725021362303,-0.008373000351290892,NZDJPY,-0.008085657342695668,1,9,21,1.0,4.0
2014-01-20,2014-02-04,-1,86.0250015258789,82.49471718924386,target,3.4700668355669335,0.04075831763374358,NZDJPY,0.041037887521257796,1,9,21,1.0,4.0
2014-02-10,2014-11-17,1,84.88200378417969,91.15028817313058,target,6.208866986301963,0.07351009767412962,NZDJPY,0.0738470359970363,1,9,21,1.0,4.0
2014-11-26,2014-12-08,-1,92.27200317382812,93.27029200962612,stop,-1.0628792380196728,-0.011082330507896011,NZDJPY,-0.010818978687580352,1,9,21,1.0,4.0
2014-12-22,2015-01-14,1,92.5260009765625,91.36914552961078,stop,-1.2216236476353175,-0.012776575605501148,NZDJPY,-0.012503030875016025,1,9,21,1.0,4.0
2015-02-06,2015-06-18,1,87.01399993896484,85.50907080514091,stop,-1.565838933781211,-0.017602100063188485,NZDJPY,-0.017295252888955275,1,9,21,1.0,4.0
2015-07-14,2015-07-16,1,82.56199645996094,81.51471165248326,stop,-1.1050782049996533,-0.012988116245441238,NZDJPY,-0.012684829005867964,1,9,21,1.0,4.0
2015-07-20,2015-07-22,-1,80.83999633789062,81.92570986066546,stop,-1.142301520211362,-0.013737179281072386,NZDJPY,-0.013430400444809922,1,9,21,1.0,4.0
2015-08-04,2015-08-25,-1,81.38300323486328,77.10185786655971,target,4.224177266039165,0.05231430641625327,NZDJPY,0.05260490763591764,1,9,21,1.0,4.0
2015-09-11,2016-04-08,1,76.09400177001953,74.15128925868443,stop,-1.995978312574116,-0.025894452460133725,NZDJPY,-0.025530429023914426,1,9,21,1.0,4.0
2016-04-15,2016-05-09,1,75.00599670410156,73.60207039969308,stop,-1.4564305021013573,-0.019054827176642686,NZDJPY,-0.018717520812995412,1,9,21,1.0,4.0
2016-05-13,2016-06-27,1,74.38200378417969,73.22621808733258,stop,-1.2078530994960301,-0.015882278464490182,NZDJPY,-0.015538512517095277,1,9,21,1.0,4.0
2016-07-05,2016-12-09,1,73.93000030517578,81.69828251429966,target,7.716531208910258,0.10471056644351079,NZDJPY,0.1050761825653615,1,9,21,1.0,4.0
2016-12-20,2017-01-20,-1,81.0739974975586,82.03678240094867,stop,-1.019536701638364,-0.012158459355846574,NZDJPY,-0.011875384625250108,1,9,21,1.0,4.0
2017-02-02,2017-03-22,-1,82.16100311279297,78.73414720807757,target,3.369343202536441,0.04144248214741214,NZDJPY,0.04170903196022218,1,9,21,1.0,4.0
2017-04-03,2017-04-06,1,77.92400360107422,77.3030035836356,stop,-0.6755468199593699,-0.008290770334979452,NZDJPY,-0.007969303279356367,1,9,21,1.0,4.0
2017-04-20,2017-06-12,1,76.59500122070312,79.15700422014508,target,2.508386498587466,0.033113557791241394,NZDJPY,0.03344869715531078,1,9,21,1.0,4.0
2017-08-30,2017-09-21,1,79.7040023803711,82.23792702811105,target,2.4781318460736914,0.031474512857810534,NZDJPY,0.03179168639044389,2,5,21,2.0,3.0
2017-09-27,2017-11-20,-1,80.92900085449219,77.38857160295758,target,3.4837789509364594,0.04348044847188153,NZDJPY,0.0437473490856533,2,5,21,2.0,3.0
2017-11-29,2017-12-21,1,77.02999877929688,79.3299309866769,target,2.2460112082345165,0.029529433252326313,NZDJPY,0.029857617082011047,2,5,21,2.0,3.0
2018-01-03,2018-01-08,-1,79.66999816894531,80.88528224400112,stop,-1.2710530737740673,-0.01556463039482233,NZDJPY,-0.015253973929793725,2,5,21,2.0,3.0
2018-01-11,2018-02-26,-1,80.29000091552734,78.08285413469586,target,2.15094378019061,0.027214432132468835,NZDJPY,0.02748968434006628,2,5,21,2.0,3.0
2018-03-08,2018-03-23,1,77.35600280761719,75.83500126429966,stop,-1.5751507452828564,-0.019987996887104825,NZDJPY,-0.019662359585722447,2,5,21,2.0,3.0
2018-03-28,2018-05-30,1,76.67400360107422,74.86600167410714,stop,-1.8616737294878318,-0.023916997167751752,NZDJPY,-0.023580377208080854,2,5,21,2.0,3.0
2018-06-01,2018-08-09,1,76.1760025024414,74.28186144147601,stop,-1.9474642627171046,-0.02520519583452623,NZDJPY,-0.024865325020234415,2,5,21,2.0,3.0
2018-08-21,2018-10-01,1,72.99199676513672,75.31785474504743,target,2.274763582175112,0.031514797263491455,NZDJPY,0.03186456163673017,2,5,21,2.0,3.0
2018-10-03,2018-10-11,-1,74.8280029296875,72.76678957257953,target,2.008833755057193,0.02721859835043014,NZDJPY,0.027546015881845774,2,5,21,2.0,3.0
2018-10-17,2018-11-07,1,73.93499755859375,76.27349472045898,target,2.286742663574219,0.03128730964022814,NZDJPY,0.031629096356052044,2,5,21,2.0,3.0
2018-11-20,2018-12-25,-1,76.91200256347656,74.26707022530692,target,2.5910939363752052,0.034093278692171804,NZDJPY,0.034389071276446595,2,5,21,2.0,3.0
2019-01-08,2019-08-05,1,73.31900024414062,70.3885726928711,stop,-2.9817508514404296,-0.04034585225411516,NZDJPY,-0.039968187529994585,2,5,21,2.0,3.0
2019-08-19,2019-12-13,1,68.37000274658203,71.5320053100586,target,3.114143561553955,0.04586079329407827,NZDJPY,0.04624839017773241,2,5,21,2.0,3.0
2020-01-03,2020-01-31,-1,72.70999908447266,70.79834692818778,target,1.8607551569257426,0.025972385917525827,NZDJPY,0.026291461702041333,2,5,21,2.0,3.0
2020-02-06,2020-02-26,1,71.16600036621094,69.80337415422711,stop,-1.4124424122401706,-0.019502096574796138,NZDJPY,-0.019147151799622383,2,5,21,2.0,3.0
2020-03-25,2020-09-03,1,64.75399780273438,71.72449847630092,target,6.925172875104634,0.10722767565207143,NZDJPY,0.107645873769854,2,5,21,2.0,3.0
2020-09-09,2020-11-10,-1,70.06199645996094,71.6760755266462,stop,-1.6631224642072364,-0.02333903042028979,NZDJPY,-0.0230378685769778,2,5,21,2.0,3.0
2020-11-20,2020-12-02,-1,71.69200134277344,73.53528703962054,stop,-1.8934700977870456,-0.02604873154423868,NZDJPY,-0.025711176453758013,2,5,21,2.0,3.0
2020-12-07,2021-01-06,-1,73.35514068603516,74.45606667654855,stop,-1.1522745889936132,-0.015321707245084106,NZDJPY,-0.015008164120704569,2,5,21,2.0,3.0
2021-01-14,2021-02-08,-1,74.64800262451172,75.92233712332589,stop,-1.3265881006513283,-0.017385388130773966,NZDJPY,-0.01707124710655988,2,5,21,2.0,3.0
2021-02-11,2021-02-22,-1,75.48799896240234,76.78153991699219,stop,-1.3463825538635252,-0.01745828439890471,NZDJPY,-0.017135716569121225,2,5,21,2.0,3.0
2021-03-04,2021-05-27,-1,77.40599822998047,79.32905687604632,stop,-1.9772428448268407,-0.025097003985324672,NZDJPY,-0.02484379363408333,2,5,21,2.0,3.0
2021-06-04,2021-06-21,-1,78.81199645996094,76.62135532924107,target,2.1354727331978953,0.027491894991146657,NZDJPY,0.0277957827376291,2,5,21,2.0,3.0
2021-06-24,2021-07-09,1,78.1760025024414,76.60328783307757,stop,-1.6274378711155422,-0.020439835988210465,NZDJPY,-0.02011761434482043,2,5,21,2.0,3.0
2021-07-23,2021-10-15,1,76.87300109863281,80.02377373831612,target,3.0969615389142677,0.040647465235214855,NZDJPY,0.04098672608918539,2,5,21,2.0,3.0
2021-10-28,2021-11-29,-1,81.49299621582031,78.3401620047433,target,3.0957891137259326,0.03840617422861928,NZDJPY,0.03868840707153855,2,5,21,2.0,3.0
2021-12-09,2021-12-28,1,77.38700103759766,78.22699737548828,eod,0.7858254371643068,0.010528465077678607,NZDJPY,0.010854488824066482,2,5,21,2.0,3.0
2022-02-10,2022-03-17,1,77.2020034790039,80.44286346435547,target,3.18681858291626,0.041649307536766655,NZDJPY,0.04197896219406996,3,9,21,2.0,4.0
2022-04-04,2022-04-20,-1,84.67900085449219,87.211427961077,stop,-2.591702407182964,-0.030188442007924414,NZDJPY,-0.029906199660248767,3,9,21,2.0,4.0
2022-04-26,2022-09-08,-1,84.53800201416016,86.81514739990234,stop,-2.3363219871520995,-0.027128573317335352,NZDJPY,-0.026936352072299562,3,9,21,2.0,4.0
2022-09-16,2022-10-03,-1,85.38099670410156,81.44510541643415,target,3.8761245899745456,0.04581747038190166,NZDJPY,0.04609797776556458,3,9,21,2.0,4.0
2022-10-05,2023-06-19,1,82.4729995727539,87.9481430053711,target,5.417412332916259,0.06604408061831464,NZDJPY,0.06638710197253425,3,9,21,2.0,4.0
2023-06-30,2023-11-15,-1,87.8270034790039,90.00269099644252,stop,-2.2371664198739207,-0.02495573605630973,NZDJPY,-0.024772421137637265,3,9,21,2.0,4.0
2023-11-22,2024-02-12,-1,89.677001953125,91.47871507917132,stop,-1.8644870274135104,-0.020311931558533197,NZDJPY,-0.02009113916395304,3,9,21,2.0,4.0
2024-02-29,2024-04-29,-1,91.80899810791016,93.31864602225167,stop,-1.573914213017051,-0.0166742688177709,NZDJPY,-0.01644335463248503,3,9,21,2.0,4.0
2024-05-03,2024-05-10,-1,91.26100158691406,93.32671792166573,stop,-2.12959903586251,-0.02290426686541422,NZDJPY,-0.022635258202643633,3,9,21,2.0,4.0
2024-06-05,2024-06-24,-1,95.76699829101562,97.41614096505302,stop,-1.7161795728411033,-0.017469407038879115,NZDJPY,-0.017220365088879544,3,9,21,2.0,4.0
2024-07-12,2024-07-24,-1,96.36100006103516,93.18185751778739,target,3.111689843205039,0.03274086550834279,NZDJPY,0.03299200445443791,3,9,21,2.0,4.0
2024-08-12,2025-03-04,1,88.13700103759766,83.97842843191964,stop,-4.220268506404336,-0.04749642665845033,NZDJPY,-0.047183050894868156,3,9,21,2.0,4.0
2025-03-07,2025-04-07,1,84.94200134277344,82.92242976597377,stop,-2.0790309777396043,-0.024074798621090427,NZDJPY,-0.02377588878145124,3,9,21,2.0,4.0
2025-04-15,2025-12-24,1,84.00700378417969,91.18814958844867,target,7.122340901620053,0.08514618403300343,NZDJPY,0.08548270359359421,3,9,21,2.0,4.0
2026-01-02,2026-01-21,-1,90.2249984741211,91.66193389892578,stop,-1.500092923736572,-0.01618936491557437,NZDJPY,-0.01592613409926339,3,9,21,2.0,4.0
2026-02-12,2026-07-08,-1,92.70099639892578,92.11699676513672,eod,0.5191089363098144,0.006131537479306415,NZDJPY,0.006299820460137253,3,9,21,2.0,4.0
2008-08-19,2008-08-25,1,0.7154099345207214,0.7051585231508527,stop,-0.01075219832403324,-0.014189642720952047,NZDUSD,-0.014329422720047242,0,9,21,1.0,3.0
2008-08-26,2008-09-10,-1,0.6960880160331726,0.6619378881795066,target,0.03366286624244278,0.048708104539541774,NZDUSD,0.049060071524113916,0,9,21,1.0,3.0
2008-09-18,2008-10-02,1,0.674081563949585,0.6580600738525391,stop,-0.016493347191810608,-0.023174480556204975,NZDUSD,-0.023767880556134238,0,9,21,1.0,3.0
2008-10-17,2008-10-22,1,0.6151953339576721,0.591995677777699,stop,-0.023630292913743477,-0.03759725554349624,NZDUSD,-0.03771104054174984,0,9,21,1.0,3.0
2008-10-23,2009-01-20,-1,0.5954152941703796,0.5203395869050707,target,0.07465891655938972,0.12490560453092363,NZDUSD,0.12608965204683822,0,9,21,1.0,3.0
2009-02-06,2009-02-17,1,0.53339022397995,0.5194995722600392,stop,-0.014264024876696738,-0.025573494051183667,NZDUSD,-0.026042194054971882,0,9,21,1.0,3.0
2009-03-10,2009-03-18,1,0.505612313747406,0.5376563199928829,target,0.031690077625853685,0.06381174937443343,NZDUSD,0.06337663338928377,0,9,21,1.0,3.0
2009-03-31,2009-04-02,-1,0.5601927042007446,0.5729957563536507,stop,-0.013195187045846634,-0.02314034448449513,NZDUSD,-0.022854728483429426,0,9,21,1.0,3.0
2009-04-03,2009-04-17,1,0.5868889093399048,0.5732658420290265,stop,-0.01403388954741619,-0.0225307841065709,NZDUSD,-0.023212344097966707,0,9,21,1.0,3.0
2009-04-30,2009-05-08,1,0.5650036931037903,0.601282639162881,target,0.035883443473918114,0.06449328828085552,NZDUSD,0.06421010429117033,0,9,21,1.0,3.0
2009-05-15,2009-05-19,-1,0.5853087306022644,0.5983617220606122,stop,-0.013462707569769403,-0.022574396668835033,NZDUSD,-0.02230103665960475,0,9,21,1.0,3.0
2009-05-20,2009-06-01,1,0.6059871315956116,0.6441516195024762,target,0.037740296914747735,0.063441096192319,NZDUSD,0.0629790401759433,0,9,21,1.0,3.0
2009-06-05,2009-06-11,-1,0.6262917518615723,0.6408220103808812,stop,-0.014968662745611993,-0.023487868833629896,NZDUSD,-0.023200462845182863,0,9,21,1.0,3.0
2009-06-12,2009-07-02,1,0.6428800821304321,0.6277253883225578,stop,-0.015604709865365678,-0.022577606946188652,NZDUSD,-0.023573126978290303,0,9,21,1.0,3.0
2009-07-14,2009-08-04,1,0.6399999856948853,0.6722229208265033,target,0.03177493514163158,0.05139521229192564,NZDUSD,0.05034833726852616,0,9,21,1.0,3.0
2009-08-17,2009-08-18,-1,0.6694784760475159,0.6748728368963514,stop,-0.005862995782068749,-0.008274143302618046,NZDUSD,-0.008057556802547043,0,9,21,1.0,3.0
2009-08-21,2009-09-01,1,0.6827803254127502,0.6780720097678048,stop,-0.0051862618727343745,-0.006529648671774974,NZDUSD,-0.006895798648121863,0,9,21,1.0,3.0
2009-09-07,2009-09-15,1,0.6922810673713684,0.7054441741534642,target,0.0126785100349358,0.01924522771175062,NZDUSD,0.019014107712170783,0,9,21,1.0,3.0
2009-09-28,2009-09-30,-1,0.7178235650062561,0.7233395491327558,stop,-0.006018460622004052,-0.007907213420125327,NZDUSD,-0.00768431742199993,0,9,21,1.0,3.0
2009-10-05,2009-10-19,1,0.7299802899360657,0.7506973275116512,target,0.020206051372630273,0.02892822979841692,NZDUSD,0.028380269797969464,0,9,21,1.0,3.0
2009-10-27,2009-10-28,-1,0.7444908022880554,0.7245584002562931,target,0.019411258470160637,0.02656500519681381,NZDUSD,0.026773201187313137,0,9,21,1.0,3.0
2009-11-09,2009-11-19,1,0.7447125315666199,0.7320504231112344,stop,-0.013183407227482145,-0.01662669544359325,NZDUSD,-0.01700267944833529,0,9,21,1.0,3.0
2009-11-20,2010-01-06,-1,0.7245851755142212,0.7359584314482552,stop,-0.011880465556893998,-0.01631037500269986,NZDUSD,-0.01569623050314645,0,9,21,1.0,3.0
2010-01-19,2010-01-22,-1,0.7336218357086182,0.7112248284476144,target,0.021883471976007766,0.030304451392902602,NZDUSD,0.030529362909938657,0,9,21,1.0,3.0
2010-02-11,2010-03-04,1,0.6978854537010193,0.6871146006243569,stop,-0.011259372894253081,-0.014473511409495102,NZDUSD,-0.01543355434554838,0,9,21,1.0,3.0
2010-03-08,2010-04-30,1,0.6998390555381775,0.7262628248759678,target,0.025933881998913614,0.040514699934810355,NZDUSD,0.037756923007777,0,9,21,1.0,3.0
2010-05-06,2010-05-19,-1,0.7130124568939209,0.6830105440957206,target,0.02950280407837456,0.04176212141919197,NZDUSD,0.042077683928408376,0,9,21,1.0,3.0
2010-05-31,2010-06-07,1,0.6811988949775696,0.6664538681507111,stop,-0.015221866053342819,-0.021454859857545368,NZDUSD,-0.02164569986177685,0,9,21,1.0,3.0
2010-06-10,2010-07-22,1,0.6840881109237671,0.7252255209854671,target,0.04065854838405338,0.06229812999403112,NZDUSD,0.06013466599521748,0,9,21,1.0,3.0
2010-08-09,2010-08-16,-1,0.7328155040740967,0.7073474952152797,target,0.024955038005965085,0.03450119261704448,NZDUSD,0.034753643607739255,0,9,21,1.0,3.0
2010-08-30,2010-09-01,1,0.7135212421417236,0.7021624573639461,stop,-0.011858249647276727,-0.015947366533367202,NZDUSD,-0.015919336533951955,0,9,21,1.0,3.0
2010-09-21,2010-09-29,-1,0.7294477820396423,0.7387747466564178,stop,-0.009837578064203262,-0.013060516258116148,NZDUSD,-0.01278633624835483,0,9,21,1.0,3.0
2010-10-20,2010-11-01,-1,0.7449899315834045,0.7556900254317692,stop,-0.011221586800473062,-0.014644619189921562,NZDUSD,-0.01436273618573966,0,9,21,1.0,3.0
2010-11-12,2010-12-20,-1,0.7776049971580505,0.7391287471566882,target,0.037931926503351705,0.04899177621105123,NZDUSD,0.049480456198176835,0,9,21,1.0,3.0
2010-12-24,2011-01-03,1,0.7486711144447327,0.7762433418205806,target,0.027048157595736658,0.03712207782513507,NZDUSD,0.03682822382735773,0,9,21,1.0,3.0
2011-01-07,2011-01-14,-1,0.7559149861335754,0.7665532146181379,stop,-0.011167368974855919,-0.014318049890665718,NZDUSD,-0.014073313374796049,0,9,21,1.0,3.0
2011-01-17,2011-01-21,1,0.7692899107933044,0.758329165833337,stop,-0.011499247897522774,-0.01419587701170526,NZDUSD,-0.01424787301404299,0,9,21,1.0,3.0
2011-01-27,2011-02-11,1,0.7733952403068542,0.7645647653511592,stop,-0.009371851623909798,-0.01086181362114668,NZDUSD,-0.01141780359572862,0,9,21,1.0,3.0
2011-02-22,2011-02-23,1,0.7637085914611816,0.754944771528244,stop,-0.009298415946960448,-0.011540815477896345,NZDUSD,-0.011475345479838138,0,9,21,1.0,3.0
2011-03-15,2011-03-17,1,0.7390982508659363,0.7316861024924687,stop,-0.007929517149073752,-0.010055697418793787,NZDUSD,-0.010028637416992175,0,9,21,1.0,3.0
2011-03-23,2011-04-04,1,0.7395902872085571,0.7668166373457227,target,0.02670863693611958,0.03719133500384795,NZDUSD,0.03681274701419653,0,9,21,1.0,3.0
2011-05-04,2011-05-30,-1,0.7994883060455322,0.8101860966001239,stop,-0.011257432368823508,-0.013756036794320907,NZDUSD,-0.013380796784265132,0,9,21,1.0,3.0
2011-06-14,2011-07-01,-1,0.8169267177581787,0.827561582837786,stop,-0.011206713782038039,-0.013330283907828878,NZDUSD,-0.013018138406333011,0,9,21,1.0,3.0
2011-07-13,2011-07-14,-1,0.8177283406257629,0.8285691780703408,stop,-0.0114132472830159,-0.013434580775531155,NZDUSD,-0.0132572602733592,0,9,21,1.0,3.0
2011-08-04,2011-08-09,-1,0.8661758303642273,0.8294200386319842,target,0.03614946865098812,0.042244069217281945,NZDUSD,0.04243456171801429,0,9,21,1.0,3.0
2011-08-18,2011-09-22,1,0.8359106779098511,0.8152553652014051,stop,-0.0212404501829829,-0.02326242889619253,NZDUSD,-0.024709951977277628,0,9,21,1.0,3.0
2011-10-10,2011-11-22,1,0.7698822021484375,0.7524862715176174,stop,-0.01793484817232403,-0.020634235453798982,NZDUSD,-0.02259557446876281,0,9,21,1.0,3.0
2011-11-30,2011-12-15,1,0.7634170055389404,0.7501176084790911,stop,-0.013833788963726541,-0.01685762429507845,NZDUSD,-0.017420881331377293,0,9,21,1.0,3.0
2011-12-22,2012-01-23,1,0.7686986327171326,0.803984842130116,target,0.034748120370081445,0.047282781399662244,NZDUSD,0.04590382747040495,0,9,21,1.0,3.0
2012-02-13,2012-12-28,-1,0.830426812171936,0.821220338344574,eod,0.008625175058841706,0.008443217059699618,NZDUSD,0.011086436146351093,0,9,21,1.0,3.0
2013-02-15,2013-02-21,1,0.8514261245727539,0.8437555645193372,stop,-0.008266558340617637,-0.008891622931132893,NZDUSD,-0.00900907293309305,1,9,21,1.0,4.0
2013-03-08,2013-03-14,1,0.8284317851066589,0.8202647226197379,stop,-0.008746964736495668,-0.009737751051985998,NZDUSD,-0.009858461051044189,1,9,21,1.0,4.0
2013-03-19,2013-04-11,1,0.8263097405433655,0.8528092503547668,target,0.02592109299302101,0.033025763188336985,NZDUSD,0.0320697052342331,1,9,21,1.0,4.0
2013-04-17,2013-05-20,-1,0.8495455384254456,0.8150319286755153,target,0.03391892787303242,0.04021986839370448,NZDUSD,0.04062596787206726,1,9,21,1.0,4.0
2013-05-31,2013-06-03,1,0.8090615272521973,0.7981350592204502,stop,-0.011492811100823555,-0.013566913840318448,NZDUSD,-0.013505113843265302,1,9,21,1.0,4.0
2013-06-14,2013-06-20,1,0.8105698227882385,0.7954878338745662,stop,-0.01564938778962406,-0.018483279900720337,NZDUSD,-0.018606649901907916,1,9,21,1.0,4.0
2013-06-21,2013-07-11,-1,0.7770007848739624,0.7931869838918958,stop,-0.016730099567345162,-0.021179127921476627,NZDUSD,-0.02083163792499767,1,9,21,1.0,4.0
2013-08-01,2013-08-16,-1,0.7960516214370728,0.8059353700705937,stop,-0.010440984768526878,-0.012711171437920131,NZDUSD,-0.012415964451750357,1,9,21,1.0,4.0
2013-08-22,2013-09-09,-1,0.7848061919212341,0.7971650745187487,stop,-0.012908246931859473,-0.016066237406521484,NZDUSD,-0.01574768742236808,1,9,21,1.0,4.0
2013-09-26,2013-10-15,-1,0.8247422575950623,0.8341520641531263,stop,-0.009987126138380547,-0.011718578100079964,NZDUSD,-0.011409390596163799,1,9,21,1.0,4.0
2013-10-25,2014-03-07,-1,0.8342370986938477,0.8439512210232871,stop,-0.01029808829852516,-0.012837024805306043,NZDUSD,-0.011644318317476796,1,9,21,1.0,4.0
2014-03-24,2014-03-28,-1,0.8539709448814392,0.861087658575603,stop,-0.007714493355580785,-0.00853274193675925,NZDUSD,-0.008333671932072378,1,9,21,1.0,4.0
2014-04-04,2014-04-09,-1,0.8555783629417419,0.8631819486618042,stop,-0.008202490574121474,-0.00909161107501256,NZDUSD,-0.008887071073091174,1,9,21,1.0,4.0
2014-04-10,2014-04-16,1,0.8722198009490967,0.8647339216300419,stop,-0.008096433179719122,-0.008467910624154473,NZDUSD,-0.008582560623949463,1,9,21,1.0,4.0
2014-05-02,2014-05-26,1,0.8630361557006836,0.8563583961554936,stop,-0.007281884854180488,-0.006856908028824687,NZDUSD,-0.007737520034451461,1,9,21,1.0,4.0
2014-06-10,2014-06-26,1,0.8495455384254456,0.8731545465333121,target,0.02301432623096878,0.02840225393048086,NZDUSD,0.027790161963093484,1,9,21,1.0,4.0
2014-07-04,2014-07-10,-1,0.8746610283851624,0.8797387651034764,stop,-0.005689999438183632,-0.006011170668048493,NZDUSD,-0.005805376658531087,1,9,21,1.0,4.0
2014-07-16,2014-07-30,-1,0.8729050755500793,0.852232141154153,target,0.02006190084304127,0.023419424366439595,NZDUSD,0.02368291235206628,1,9,21,1.0,4.0
2014-08-14,2014-08-21,1,0.8479607105255127,0.8419298785073417,stop,-0.0066244045155388655,-0.00695885074028258,NZDUSD,-0.0071121597301760315,1,9,21,1.0,4.0
2014-09-02,2014-09-03,1,0.8389261364936829,0.8330411272389548,stop,-0.006472257550273591,-0.007074531352108737,NZDUSD,-0.007014931349408885,1,9,21,1.0,4.0
2014-09-04,2014-09-24,-1,0.8322237133979797,0.8080223373004368,target,0.02361881949816433,0.02875594111567767,NZDUSD,0.029080373111129453,1,9,21,1.0,4.0
2014-10-09,2014-11-03,1,0.7907013297080994,0.7777509221008846,stop,-0.013503898538010446,-0.0153792679363572,NZDUSD,-0.01637838096465025,1,9,21,1.0,4.0
2014-11-12,2014-12-08,1,0.7825338840484619,0.771894348519189,stop,-0.011187309248106804,-0.012548383820098916,NZDUSD,-0.013596261767259116,1,9,21,1.0,4.0
2014-12-12,2015-01-05,1,0.7790589332580566,0.7687915010111672,stop,-0.010812773500170058,-0.012203739461826006,NZDUSD,-0.01317927541623917,1,9,21,1.0,4.0
2015-01-09,2015-01-15,1,0.7813110947608948,0.7742241110120501,stop,-0.007633901515177269,-0.008942639872511827,NZDUSD,-0.009070629863528917,1,9,21,1.0,4.0
2015-01-19,2015-01-21,1,0.7794232368469238,0.7691933682986668,stop,-0.010775464814049873,-0.013150581178105249,NZDUSD,-0.013124921178435611,1,9,21,1.0,4.0
2015-02-06,2015-03-11,1,0.7406858801841736,0.7293390801974705,stop,-0.011865280102831992,-0.013766699567929672,NZDUSD,-0.015319314557314983,1,9,21,1.0,4.0
2015-03-19,2015-05-12,1,0.7505817413330078,0.7383580846445901,stop,-0.012749063907350843,-0.013754207063554827,NZDUSD,-0.01628557692691663,1,9,21,1.0,4.0
2015-05-15,2015-05-19,1,0.7492882013320923,0.738427711384637,stop,-0.011384991688387719,-0.014521101397448681,NZDUSD,-0.014494409398342805,1,9,21,1.0,4.0
2015-05-20,2015-06-18,-1,0.7361059784889221,0.6949568561145237,target,0.04063384818945614,0.05545957181084457,NZDUSD,0.05590108432330529,1,9,21,1.0,4.0
2015-07-13,2015-07-16,1,0.6715014576911926,0.6636931853634971,stop,-0.008278323348079377,-0.01161318748958216,NZDUSD,-0.0116280794900171,1,9,21,1.0,4.0
2015-07-23,2015-08-06,1,0.6629980802536011,0.6536662706307003,stop,-0.00979590827907833,-0.013471848394318631,NZDUSD,-0.014075168391635966,1,9,21,1.0,4.0
2015-08-11,2015-08-25,1,0.6614194512367249,0.653025188616344,stop,-0.008857256236246606,-0.012086524829944437,NZDUSD,-0.012691284788624331,1,9,21,1.0,4.0
2015-09-15,2015-10-15,1,0.6341153979301453,0.6720793502671378,target,0.03752007155844146,0.06154077391019525,NZDUSD,0.059869153881001815,1,9,21,1.0,4.0
2015-10-22,2015-12-28,-1,0.6725401878356934,0.6833108791283199,stop,-0.011241469424111519,-0.016855039293794484,NZDUSD,-0.016014940798241034,1,9,21,1.0,4.0
2016-01-05,2016-01-14,-1,0.67458176612854,0.6488023996353149,target,0.02530715925693512,0.037911440506312115,NZDUSD,0.038215332503240086,1,9,21,1.0,4.0
2016-01-22,2016-01-28,1,0.6545788049697876,0.6447473636695317,stop,-0.010289646463734778,-0.014866722274493881,NZDUSD,-0.015019492268329254,1,9,21,1.0,4.0
2016-02-17,2016-02-23,-1,0.6581978797912598,0.6696690746716091,stop,-0.011931933396203192,-0.017686466696065915,NZDUSD,-0.017428185706078656,1,9,21,1.0,4.0
2016-02-24,2016-06-09,1,0.6640105843544006,0.7043466482843671,target,0.03987125652091839,0.06667975627679923,NZDUSD,0.06074611592100467,1,9,21,1.0,4.0
2016-06-28,2016-06-30,-1,0.7016066908836365,0.7123500534466335,stop,-0.011234487246615563,-0.015540562404364773,NZDUSD,-0.015312514408131316,1,9,21,1.0,4.0
2016-07-04,2016-07-19,1,0.7176175117492676,0.7070384238447461,stop,-0.011081420162745931,-0.014142753957859784,NZDUSD,-0.014741958956288307,1,9,21,1.0,4.0
2016-07-28,2016-09-07,1,0.7094714641571045,0.7419626031603131,target,0.03199450897829868,0.047840034050605273,NZDUSD,0.04579625910932178,1,9,21,1.0,4.0
2016-09-14,2016-09-22,-1,0.7251105904579163,0.7344933620521,stop,-0.009890349007504311,-0.013201809103544394,NZDUSD,-0.012939780107553572,1,9,21,1.0,4.0
2016-09-23,2016-10-05,1,0.731368362903595,0.7216352011476245,stop,-0.010245119610003016,-0.012843270549301372,NZDUSD,-0.013308152566688849,1,9,21,1.0,4.0
2016-10-19,2016-10-28,1,0.72061687707901,0.7127935418060848,stop,-0.00832776708688053,-0.010592778931110559,NZDUSD,-0.010856441920478997,1,9,21,1.0,4.0
2016-11-02,2016-11-14,1,0.7207207083702087,0.713753457580294,stop,-0.007471755285773927,-0.009278560630007286,NZDUSD,-0.009667060636664752,1,9,21,1.0,4.0
2016-11-29,2016-12-19,1,0.7085163593292236,0.698563141482217,stop,-0.010449179298537102,-0.01314467580653153,NZDUSD,-0.01404797181596441,1,9,21,1.0,4.0
2016-12-30,2017-01-26,1,0.6972042322158813,0.7282583032335553,target,0.030566028055122874,0.045846065673015995,NZDUSD,0.04454085271252119,1,9,21,1.0,4.0
2017-02-03,2017-03-08,-1,0.7285602688789368,0.6981009670666286,target,0.029949309624092903,0.041320262850224845,NZDUSD,0.04180752521569291,1,9,21,1.0,4.0
2017-03-16,2017-04-10,1,0.7027407288551331,0.6958495463643756,stop,-0.0073831010009560785,-0.008681982188078384,NZDUSD,-0.00980615212381987,1,9,21,1.0,4.0
2017-04-14,2017-04-26,1,0.6995795369148254,0.695287185055869,stop,-0.004782057534796867,-0.005649610445134692,NZDUSD,-0.0061356166560930835,1,9,21,1.0,4.0
2017-05-17,2017-06-07,1,0.6890421509742737,0.7147129859243121,target,0.025188505444356423,0.03822819099353166,NZDUSD,0.03725582667728098,1,9,21,1.0,4.0
2017-06-22,2017-06-29,-1,0.7248687744140625,0.7304922342300415,eod,-0.006130867958068848,-0.008013119092727082,NZDUSD,-0.007757900484159562,1,9,21,1.0,4.0
2017-09-08,2017-10-04,1,0.7248477339744568,0.7165141020502362,stop,-0.008841025338002661,-0.010283031283482225,NZDUSD,-0.01149707936386294,2,5,28,1.0,4.0
2017-10-16,2017-10-20,1,0.7177205085754395,0.7116708925792149,stop,-0.006552020352227362,-0.008373198096502332,NZDUSD,-0.008428930097360707,2,5,28,1.0,4.0
2017-11-06,2017-11-20,1,0.6909417510032654,0.6826762727328709,stop,-0.008749137496096763,-0.011383706743692358,NZDUSD,-0.011962626745876608,2,5,28,1.0,4.0
2017-11-24,2017-12-01,1,0.6889899373054504,0.6833982339927128,stop,-0.006073996268851432,-0.007927116227702287,NZDUSD,-0.008115798228644729,2,5,28,1.0,4.0
2017-12-06,2018-01-05,1,0.6875120401382446,0.7117331538881574,target,0.02373985532181599,0.036684613908494326,NZDUSD,0.035230093926853105,2,5,28,1.0,4.0
2018-02-05,2018-02-15,-1,0.7282207608222961,0.7358711915356773,stop,-0.008160185245956724,-0.010794021725644344,NZDUSD,-0.01050564763457494,2,5,28,1.0,4.0
2018-02-23,2018-05-02,-1,0.7324022054672241,0.7036030803407941,target,0.028286443582602957,0.03852954690166188,NZDUSD,0.03932146150223302,2,5,28,1.0,4.0
2018-05-22,2018-05-30,1,0.69533771276474,0.6890661801610675,stop,-0.006758269002607842,-0.008703012209147924,NZDUSD,-0.009019405230785217,2,5,28,1.0,4.0
2018-06-15,2018-07-03,-1,0.6961994171142578,0.671552198273795,target,0.024159879248482855,0.035043434741139474,NZDUSD,0.03540252725666649,2,5,28,1.0,4.0
2018-07-09,2018-07-12,1,0.683531641960144,0.6765165371554238,stop,-0.0074935769540923295,-0.010248398720258057,NZDUSD,-0.010263028620889026,2,5,28,1.0,4.0
2018-07-13,2018-07-26,-1,0.6772085428237915,0.6843105682304927,stop,-0.007576071386677893,-0.010819452123491181,NZDUSD,-0.010487205871750461,2,5,28,1.0,4.0
2018-08-03,2018-10-05,-1,0.673768162727356,0.649121744292123,target,0.024174780721323817,0.03577108532061308,NZDUSD,0.03657996889533392,2,5,28,1.0,4.0
2018-10-16,2018-10-25,1,0.6572980284690857,0.6511954665184021,stop,-0.006562670570611953,-0.008903970036719581,NZDUSD,-0.00928431500836399,2,5,28,1.0,4.0
2018-10-31,2018-11-15,1,0.6559011340141296,0.6788272942815509,target,0.022467029473611334,0.03560926953195065,NZDUSD,0.034953682923389094,2,5,28,1.0,4.0
2018-11-26,2018-11-29,-1,0.67728191614151,0.6838097359452929,stop,-0.007001917145081976,-0.009881881745657793,NZDUSD,-0.009638260889899516,2,5,28,1.0,4.0
2018-12-10,2019-02-01,-1,0.6845095753669739,0.6901583203247615,stop,-0.006127901660544547,-0.00896078766246519,NZDUSD,-0.008252251189852684,2,5,28,1.0,4.0
2019-02-07,2019-02-18,-1,0.6769701838493347,0.6837619032178607,stop,-0.007265598497220495,-0.010335343469252611,NZDUSD,-0.010032523633326684,2,5,28,1.0,4.0
2019-03-01,2019-03-21,-1,0.6821980476379395,0.6892051781926837,stop,-0.00748466918809078,-0.010667181736946849,NZDUSD,-0.010271402240164564,2,5,28,1.0,4.0
2019-03-28,2019-05-16,-1,0.6798281073570251,0.6563883253506252,target,0.02296390233125004,0.0338096965360231,NZDUSD,0.03447898336761485,2,5,28,1.0,4.0
2019-05-28,2019-05-31,1,0.6546516418457031,0.6510067113808223,stop,-0.004103186614172784,-0.005552465208263419,NZDUSD,-0.005567740507920205,2,5,28,1.0,4.0
2019-06-04,2019-06-17,1,0.6592783331871033,0.6547740484986987,stop,-0.0049657795216355525,-0.006270924555367224,NZDUSD,-0.006832144273011114,2,5,28,1.0,4.0
2019-06-21,2019-08-05,1,0.6584709286689758,0.652710850749697,stop,-0.006221007569347077,-0.006363345345782479,NZDUSD,-0.008747657137912129,2,5,28,1.0,4.0
2019-09-05,2019-09-20,1,0.6356592178344727,0.6313035190105438,stop,-0.004800660276412964,-0.006175791546455785,NZDUSD,-0.006852254638527193,2,5,28,1.0,4.0
2019-10-04,2019-12-05,1,0.6303898096084595,0.6532444443021502,target,0.022413361826964833,0.03983984879021073,NZDUSD,0.036254765456767084,2,5,28,1.0,4.0
2020-01-06,2020-02-10,-1,0.665530800819397,0.6451399326324463,target,0.019924996626377107,0.030090069704204483,NZDUSD,0.030638504126098427,2,5,28,1.0,4.0
2020-02-17,2020-02-19,1,0.6446580290794373,0.6395931456770215,stop,-0.005516144022771337,-0.007887722130253887,NZDUSD,-0.007856697929673372,2,5,28,1.0,4.0
2020-03-06,2020-03-13,1,0.6313091516494751,0.6243516079017094,stop,-0.007399460153920325,-0.010814897471273446,NZDUSD,-0.011020818769357496,2,5,28,1.0,4.0
2020-03-27,2020-09-02,1,0.5979001522064209,0.6761684417724609,target,0.07784975945949553,0.14095713014126066,NZDUSD,0.13090528456500283,2,5,28,1.0,4.0
2020-09-09,2020-09-14,-1,0.6612619757652283,0.6684585596833911,stop,-0.007659467301198462,-0.011132628501198484,NZDUSD,-0.010883105610049243,2,5,28,1.0,4.0
2020-09-16,2020-09-23,1,0.6710913777351379,0.6638259206499372,stop,-0.007735221049615362,-0.010632616245617958,NZDUSD,-0.01082633055087209,2,5,28,1.0,4.0
2020-10-02,2020-10-08,1,0.6651412844657898,0.6580119431018829,stop,-0.007594940263032913,-0.010568192845753811,NZDUSD,-0.01071853684384185,2,5,28,1.0,4.0
2020-10-12,2020-10-16,1,0.6664400696754456,0.660342391048159,stop,-0.006564186676059418,-0.00908960745748178,NZDUSD,-0.009149627858145083,2,5,28,1.0,4.0
2020-10-19,2020-10-26,-1,0.6617783308029175,0.6673478697027478,stop,-0.006032783731392404,-0.008695568639801999,NZDUSD,-0.008416018839832657,2,5,28,1.0,4.0
2020-10-30,2020-11-04,-1,0.6629716753959656,0.6696077457496098,stop,-0.007100150526421395,-0.010273546527574121,NZDUSD,-0.010009583516039006,2,5,28,1.0,4.0
2020-12-09,2020-12-14,-1,0.7040716409683228,0.7094939861978803,stop,-0.00591519537823536,-0.007935762363433862,NZDUSD,-0.007701411211648977,2,5,28,1.0,4.0
2020-12-23,2020-12-25,-1,0.7054275274276733,0.7119598048073905,stop,-0.007026076648916548,-0.00947266320054728,NZDUSD,-0.009260026190836343,2,5,28,1.0,4.0
2020-12-29,2020-12-31,-1,0.7107997536659241,0.717848390340805,stop,-0.007546196502447128,-0.010141585780949836,NZDUSD,-0.009916487222354668,2,5,28,1.0,4.0
2021-01-12,2021-02-22,-1,0.7174013257026672,0.727159036057336,stop,-0.010259891282660635,-0.014166004425367881,NZDUSD,-0.013601466856938776,2,5,28,1.0,4.0
2021-03-02,2021-07-21,-1,0.7274197936058044,0.6925106814929417,target,0.03439991825733868,0.046539993014279454,NZDUSD,0.04799032473369884,2,5,28,1.0,4.0
2021-07-26,2021-08-19,1,0.6983678936958313,0.6907377115317753,stop,-0.008119039689643058,-0.009751568228624923,NZDUSD,-0.010925734463072614,2,5,28,1.0,4.0
2021-08-26,2021-09-30,1,0.6972820162773132,0.6894113676888602,stop,-0.008358745999847107,-0.00955230227220432,NZDUSD,-0.011287611618715238,2,5,28,1.0,4.0
2021-10-14,2021-11-25,1,0.6972284913063049,0.6897567936352321,stop,-0.00795975761498722,-0.008593592697061125,NZDUSD,-0.010716282774208028,2,5,28,1.0,4.0
2021-12-10,2021-12-20,1,0.6795694231987,0.6732403891427177,stop,-0.006804732652221374,-0.008989565815406116,NZDUSD,-0.009313300216174871,2,5,28,1.0,4.0
2021-12-21,2021-12-23,-1,0.671312153339386,0.6770300567150116,stop,-0.00618782188296318,-0.008755842340089439,NZDUSD,-0.008517503142438848,2,5,28,1.0,4.0
2022-02-21,2022-03-23,1,0.6689589619636536,0.6945429955210004,target,0.025115762283972283,0.039829100247250275,NZDUSD,0.03824454863755438,3,7,21,1.5,4.0
2022-04-01,2022-04-25,-1,0.6934000253677368,0.6633159943989345,target,0.029598650951044886,0.04296802693798774,NZDUSD,0.043386255939127746,3,7,21,1.5,4.0
2022-05-18,2022-06-15,1,0.6359097957611084,0.6230263411998749,stop,-0.013328591418266296,-0.01878168042204575,NZDUSD,-0.02025987749695467,3,7,21,1.5,4.0
2022-06-21,2022-07-04,1,0.6337416768074036,0.6210753853831973,stop,-0.01310991059797146,-0.019402687047743533,NZDUSD,-0.019986521145358743,3,7,21,1.5,4.0
2022-07-18,2022-09-07,1,0.6189689040184021,0.607529512473515,stop,-0.011872669777699926,-0.015460213724407947,NZDUSD,-0.01848136711007852,3,7,21,1.5,4.0
2022-09-12,2022-09-16,1,0.611291766166687,0.5997952946594783,stop,-0.011924375743525352,-0.018741413088303762,NZDUSD,-0.0188068482899765,3,7,21,1.5,4.0
2022-10-05,2022-11-24,1,0.5737300515174866,0.6182471428598676,target,0.044115480306318774,0.08069490384881807,NZDUSD,0.07759239946493232,3,7,21,1.5,4.0
2022-11-30,2022-12-02,-1,0.6196900010108948,0.6351619405405862,stop,-0.015905722530399017,-0.025209281260319613,NZDUSD,-0.024967224748587445,3,7,21,1.5,4.0
2022-12-16,2023-02-02,-1,0.6343004107475281,0.6495602067027774,stop,-0.01570380624277256,-0.024767122469202204,NZDUSD,-0.024057679447606693,3,7,21,1.5,4.0
2023-03-02,2023-03-08,1,0.6256999969482422,0.6140841735260827,stop,-0.012053813420023268,-0.018404704296509828,NZDUSD,-0.018564525297768794,3,7,21,1.5,4.0
2023-03-14,2023-05-26,1,0.6216315627098083,0.6088138350418636,stop,-0.013252869761841621,-0.016259997519886667,NZDUSD,-0.020619493019417935,3,7,21,1.5,4.0
2023-06-07,2023-07-14,1,0.6078399419784546,0.6391583681106567,target,0.030892938172817228,0.05361349901773528,NZDUSD,0.05152413319576201,3,7,21,1.5,4.0
2023-07-21,2023-10-19,-1,0.6230296492576599,0.5869565606117249,target,0.03563696789145469,0.05674383023032415,NZDUSD,0.057899473466336886,3,7,21,1.5,4.0
2023-11-02,2023-11-28,1,0.5879793763160706,0.6101867215973991,target,0.021795759717907256,0.03916352547193776,NZDUSD,0.037768918733964,3,7,21,1.5,4.0
2023-12-07,2023-12-20,-1,0.6140506863594055,0.6240515070302146,stop,-0.01043065615126068,-0.016653056332264885,NZDUSD,-0.016286637069167918,3,7,21,1.5,4.0
2024-01-02,2024-03-25,-1,0.6315284371376038,0.5997313857078552,target,0.03135498152375221,0.04928052261717448,NZDUSD,0.050349358096791884,3,7,21,1.5,4.0
2024-04-04,2024-04-16,1,0.6014711856842041,0.5937060373170036,stop,-0.00818617819717949,-0.012444733090057856,NZDUSD,-0.012910258300016976,3,7,21,1.5,4.0
2024-04-24,2024-06-04,1,0.5936902165412903,0.617166783128466,target,0.02306098343559677,0.041884750488298206,NZDUSD,0.03954346211723857,3,7,21,1.5,4.0
2024-06-10,2024-07-30,-1,0.6106199026107788,0.5887416771480015,target,0.021450791530949746,0.035076199401953806,NZDUSD,0.03582953220036607,3,7,21,1.5,4.0
2024-08-02,2024-08-21,1,0.5936197638511658,0.6154866644314357,target,0.021451366745574147,0.03786413786907783,NZDUSD,0.0368365440503637,3,7,21,1.5,4.0
2024-09-04,2024-09-25,-1,0.618739128112793,0.62814043036529,stop,-0.00983441964217598,-0.01563874307094586,NZDUSD,-0.01519429081715229,3,7,21,1.5,4.0
2024-10-03,2024-10-28,-1,0.6261191964149475,0.5982241375105721,target,0.027456775466884915,0.0440811574895142,NZDUSD,0.044552313783218535,3,7,21,1.5,4.0
2024-11-05,2024-11-14,1,0.5973715782165527,0.5911419561931065,stop,-0.006647782128197822,-0.010009887047687039,NZDUSD,-0.010428387038507446,3,7,21,1.5,4.0
2024-11-29,2024-12-11,1,0.5896400213241577,0.5807031499488013,stop,-0.00934961939028328,-0.01457986409411344,NZDUSD,-0.015156487097478206,3,7,21,1.5,4.0
2024-12-31,2025-04-07,1,0.5639712810516357,0.5543996265956334,stop,-0.00996643435273853,-0.010570847587993676,NZDUSD,-0.016971882749338137,3,7,21,1.5,4.0
2025-04-11,2026-07-08,1,0.5747886300086975,0.567659318447113,eod,-0.007531663602590561,0.01778164686079624,NZDUSD,-0.012403362191553084,3,7,21,1.5,4.0
2008-06-05,2008-07-15,1,1.0174000263214111,1.0045107539211,stop,-0.013601452418736112,-0.01324382941981015,USDCAD,-0.012668834349173902,0,9,28,1.5,2.0
2008-07-24,2008-08-04,1,1.01419997215271,1.0304428253855025,target,0.015532913252285615,0.015803444757321653,USDCAD,0.016015434508754645,0,9,28,1.5,2.0
2008-08-20,2008-09-11,-1,1.059499979019165,1.0746928666319167,stop,-0.01593453759806503,-0.013098525613562641,USDCAD,-0.014339677124690905,0,9,28,1.5,2.0
2008-09-18,2008-09-22,-1,1.0613000392913818,1.0349715096609933,target,0.025585619602884597,0.02491616757881646,USDCAD,0.02480780990827799,0,9,28,1.5,2.0
2008-10-01,2008-10-06,1,1.0631999969482422,1.0908713851656233,target,0.026927148219517364,0.025899537524849744,USDCAD,0.026026512694514434,0,9,28,1.5,2.0
2008-10-31,2008-11-20,-1,1.205199956893921,1.2572285532951355,stop,-0.05287223637104034,-0.04216196334106499,USDCAD,-0.04317009480759054,0,9,28,1.5,2.0
2008-11-26,2009-03-02,-1,1.2289999723434448,1.277289288384574,stop,-0.049149616021769475,-0.034397328716387864,USDCAD,-0.03929155177200817,0,9,28,1.5,2.0
2009-03-13,2009-03-23,-1,1.2688000202178955,1.2308571679251534,target,0.037054692278589554,0.03031041273638818,USDCAD,0.029904517408681962,0,9,28,1.5,2.0
2009-03-31,2009-04-03,1,1.2619999647140503,1.2357392736843653,stop,-0.027144091004984813,-0.020915762098032892,USDCAD,-0.020808789036404804,0,9,28,1.5,2.0
2009-04-06,2009-04-30,-1,1.2391999959945679,1.2019857168197632,target,0.036346839177608496,0.03125345327629783,USDCAD,0.030030890328511445,0,9,28,1.5,2.0
2009-05-15,2009-05-20,1,1.1717000007629395,1.1475499783243452,stop,-0.024970212439128267,-0.02074338347936184,USDCAD,-0.02061109705800904,0,9,28,1.5,2.0
2009-06-08,2009-06-24,1,1.1159000396728516,1.1536857230322701,target,0.037004553331647566,0.03358785018988509,USDCAD,0.033861172162424326,0,9,28,1.5,2.0
2009-07-13,2009-07-15,-1,1.1505999565124512,1.1252713884626115,target,0.024523148080280915,0.022113305242041605,USDCAD,0.022013357384970088,0,9,28,1.5,2.0
2009-08-10,2009-08-17,1,1.0884000062942505,1.1048428671700614,target,0.015680980871404952,0.01494658285716041,USDCAD,0.015107369331791033,0,9,28,1.5,2.0
2009-08-24,2009-08-26,-1,1.0773999691009521,1.0910285540989466,stop,-0.01438276497636513,-0.012542774629250287,USDCAD,-0.01264951307671466,0,9,28,1.5,2.0
2009-08-28,2009-09-15,1,1.0898000001907349,1.0756249853542872,stop,-0.014937874836581188,-0.013286855233908431,USDCAD,-0.013006987368293988,0,9,28,1.5,2.0
2009-09-24,2009-09-30,1,1.0906000137329102,1.0799821828092848,stop,-0.011381250933238374,-0.009887062890012096,USDCAD,-0.009735770025605064,0,9,28,1.5,2.0
2009-10-05,2009-10-09,-1,1.0694999694824219,1.0508428301130022,target,0.01790848939078201,0.01764575961470365,USDCAD,0.01744473109096835,0,9,28,1.5,2.0
2009-10-21,2009-10-26,1,1.0436999797821045,1.0621285438537598,target,0.0176979740858078,0.01752760795825105,USDCAD,0.017656955474410034,0,9,28,1.5,2.0
2009-11-09,2010-01-14,-1,1.054900050163269,1.028471520968846,target,0.02569009915930878,0.02904875129134775,USDCAD,0.02505311208425165,0,9,28,1.5,2.0
2010-01-20,2010-01-28,1,1.045199990272522,1.0642857040677751,target,0.01835407380206238,0.018083346700304728,USDCAD,0.018260346319250154,0,9,28,1.5,2.0
2010-02-11,2010-03-08,-1,1.0501999855041504,1.0283071143286568,target,0.02115773118564064,0.022241355454104828,USDCAD,0.020846383048637954,0,9,28,1.5,2.0
2010-03-24,2010-04-01,1,1.0234999656677246,1.0115610829421453,stop,-0.01265533270154671,-0.011845513563520017,USDCAD,-0.011664761236987883,0,9,28,1.5,2.0
2010-04-16,2010-04-20,1,1.0126999616622925,1.000632467014449,stop,-0.012776384621007006,-0.012039592287364244,USDCAD,-0.011916159874278319,0,9,28,1.5,2.0
2010-04-23,2010-04-27,-1,0.9990000128746033,1.0127089491912298,stop,-0.01440823632563873,-0.013607543685119902,USDCAD,-0.013722658798751472,0,9,28,1.5,2.0
2010-05-13,2010-05-20,-1,1.021299958229065,1.0448006625686372,stop,-0.02421561431033264,-0.02265319229003948,USDCAD,-0.023010579947856397,0,9,28,1.5,2.0
2010-05-31,2010-10-11,-1,1.0430999994277954,1.0106328555515833,target,0.031736973876612624,0.03924086271562255,USDCAD,0.031125629272382615,0,9,28,1.5,2.0
2010-10-20,2010-11-02,1,1.0329999923706055,1.0132021414382117,stop,-0.020520950927053146,-0.019392885847385966,USDCAD,-0.01916539310611236,0,9,28,1.5,2.0
2010-11-16,2011-01-03,1,1.0096999406814575,0.9942949733563832,stop,-0.016111757283551367,-0.015955202804311897,USDCAD,-0.015256975567095078,0,9,28,1.5,2.0
2011-01-20,2011-02-22,1,0.9952700138092041,0.9835164334092822,stop,-0.012450269409588356,-0.012306791353074966,USDCAD,-0.01180943888275841,0,9,28,1.5,2.0
2011-03-15,2011-03-17,1,0.9739999771118164,0.9898585166249957,target,0.01517673952920101,0.016153531707293924,USDCAD,0.016281868465956546,0,9,28,1.5,2.0
2011-03-29,2011-04-11,-1,0.9779999852180481,0.9575685773577008,target,0.01974680787069462,0.021673218998690933,USDCAD,0.02089101039791121,0,9,28,1.5,2.0
2011-04-19,2011-04-27,1,0.9641000032424927,0.9516810945102147,stop,-0.013093778734547767,-0.013093982667587262,USDCAD,-0.012881349124064249,0,9,28,1.5,2.0
2011-05-05,2011-05-24,1,0.9580000042915344,0.9755828721182687,target,0.016912267823730166,0.01802491414340261,USDCAD,0.01835372416280647,0,9,28,1.5,2.0
2011-06-01,2011-06-17,-1,0.9674000144004822,0.9803107125418526,stop,-0.013587878151450806,-0.012399935872240453,USDCAD,-0.013345770052909805,0,9,28,1.5,2.0
2011-06-20,2011-07-01,1,0.9807000160217285,0.9658114441803524,stop,-0.015575061852591362,-0.015421200769146385,USDCAD,-0.0151815760152351,0,9,28,1.5,2.0
2011-08-01,2011-08-05,1,0.9541000127792358,0.9733643106051854,target,0.018596427817004053,0.020039091887501557,USDCAD,0.02019106756935657,0,9,28,1.5,2.0
2011-08-26,2011-09-22,-1,0.988099992275238,1.00357999759061,stop,-0.016171675309964526,-0.013981383891685783,USDCAD,-0.01566643602508992,0,9,28,1.5,2.0
2011-10-11,2011-10-28,-1,1.0266000032424927,0.9938042845044818,target,0.032077098735741154,0.03298336122254295,USDCAD,0.03194595619951916,0,9,28,1.5,2.0
2011-11-03,2012-02-20,1,1.018090009689331,0.9927989308323178,stop,-0.026003741863795737,-0.0262904837512165,USDCAD,-0.024841692400783648,0,9,28,1.5,2.0
2012-02-21,2012-04-11,-1,0.9948999881744385,1.0041207394429617,stop,-0.009917181260245283,-0.006036537682087268,USDCAD,-0.009268018271306359,0,9,28,1.5,2.0
2012-04-18,2012-05-10,-1,0.9889000058174133,1.001873927456992,stop,-0.013666151643650967,-0.011789788220237341,USDCAD,-0.013119548552186208,0,9,28,1.5,2.0
2012-06-08,2012-07-20,-1,1.0271999835968018,1.0093757254736764,target,0.01710521813460762,0.019898031979669727,USDCAD,0.017352276487303555,0,9,28,1.5,2.0
2012-07-25,2012-07-27,1,1.0224299430847168,1.0129659857068742,stop,-0.010179658338001859,-0.009359034760829272,USDCAD,-0.00925633823799152,0,9,28,1.5,2.0
2012-07-30,2012-08-16,-1,1.0041999816894531,0.9894785370145526,target,0.014018504687717936,0.0157204192021012,USDCAD,0.014659873474736957,0,9,28,1.5,2.0
2012-08-24,2012-09-03,1,0.9939600229263306,0.986855400460107,stop,-0.007800394482271995,-0.007354040703471363,USDCAD,-0.0071477949840545426,0,9,28,1.5,2.0
2012-09-04,2012-09-12,-1,0.9861099720001221,0.9758671266692025,target,0.009552568350519486,0.010909376881261514,USDCAD,0.010387122756850392,0,9,28,1.5,2.0
2012-09-24,2012-10-22,1,0.9775999784469604,0.9914799928665161,target,0.013195694434642793,0.013742854660143161,USDCAD,0.014198051069524162,0,9,28,1.5,2.0
2012-12-24,2013-01-11,1,0.9937000274658203,0.9855571814945766,stop,-0.00883843599046978,-0.00852153138491784,USDCAD,-0.008194470912927283,1,5,21,2.0,3.0
2013-01-18,2013-01-25,1,0.98580002784729,1.0015671636377061,target,0.015077075770923008,0.015816732957966078,USDCAD,0.01599425374824456,1,5,21,2.0,3.0
2013-02-01,2013-02-19,-1,0.9966999888420105,1.0097056712423051,stop,-0.013703372392484056,-0.012030382797762149,USDCAD,-0.013048743399109452,1,5,21,2.0,3.0
2013-03-11,2013-05-01,-1,1.0282000303268433,1.0074400135449,target,0.02004027676071449,0.02336609227127355,USDCAD,0.02019064011828915,1,5,21,2.0,3.0
2013-05-13,2013-05-23,1,1.0120999813079834,1.0313407182693481,target,0.01853226697444916,0.018788397700383153,USDCAD,0.019010707752903085,1,5,21,2.0,3.0
2013-05-31,2013-06-24,-1,1.0302000045776367,1.047761423247201,stop,-0.018282558672768633,-0.01567309124230108,USDCAD,-0.017046610941109586,1,5,21,2.0,3.0
2013-07-10,2013-09-19,-1,1.0529999732971191,1.0245448010308402,target,0.027718072284970936,0.03126322231823079,USDCAD,0.027022956303769895,1,5,21,2.0,3.0
2013-09-25,2013-11-22,1,1.0305900573730469,1.0501050693648202,target,0.01879359895161217,0.018135253545346404,USDCAD,0.018935765828671656,1,5,21,2.0,3.0
2013-12-11,2014-01-08,-1,1.060479998588562,1.0720985446657454,stop,-0.012360882076195371,-0.009338739146767907,USDCAD,-0.010955931363766405,1,5,21,2.0,3.0
2014-02-04,2014-05-09,-1,1.110700011253357,1.0851099491119385,target,0.024812572133541107,0.028455084020170378,USDCAD,0.023039580338656555,1,5,21,2.0,3.0
2014-05-21,2014-06-23,1,1.0908399820327759,1.0797142471585954,stop,-0.01188932286160339,-0.010653015167747385,USDCAD,-0.01019923642095304,1,5,21,2.0,3.0
2014-07-08,2014-07-30,1,1.0681999921798706,1.0832557678222656,target,0.014308035647869111,0.013734109483053297,USDCAD,0.014094528882808518,1,5,21,2.0,3.0
2014-08-13,2014-09-15,-1,1.092479944229126,1.1050970554351807,stop,-0.013381847167015076,-0.009750395201598885,USDCAD,-0.011549055223121331,1,5,21,2.0,3.0
2014-09-19,2014-09-29,-1,1.094190001487732,1.112529993057251,stop,-0.019105924570560456,-0.016290581658837153,USDCAD,-0.01676124945812226,1,5,21,2.0,3.0
2014-10-08,2014-11-04,-1,1.1158000230789185,1.1347000088010515,stop,-0.019681045738288272,-0.015535925222782469,USDCAD,-0.016938506301497243,1,5,21,2.0,3.0
2014-11-12,2014-12-12,-1,1.1333999633789062,1.1527042388916016,stop,-0.020097655487060544,-0.015430806491784297,USDCAD,-0.017032182933150238,1,5,21,2.0,3.0
2014-12-25,2015-01-05,-1,1.1620099544525146,1.1769742795399256,stop,-0.015777732055527727,-0.012391739874720148,USDCAD,-0.01287796634621901,1,5,21,2.0,3.0
2015-02-04,2015-03-16,-1,1.2440999746322632,1.2782428094318934,stop,-0.03501370478187279,-0.025502640821939142,USDCAD,-0.027443803147510153,1,5,21,2.0,3.0
2015-03-19,2015-04-24,-1,1.255270004272461,1.217712129865374,target,0.0366791854040963,0.03168471665196755,USDCAD,0.029920156045515567,1,5,21,2.0,3.0
2015-05-04,2015-07-06,1,1.2161999940872192,1.2599571176937647,target,0.042905783610684436,0.035242660594415075,USDCAD,0.03597855929886435,1,5,21,2.0,3.0
2015-07-29,2015-08-04,-1,1.292870044708252,1.3157443829945155,stop,-0.023779347317559284,-0.017526385098803027,USDCAD,-0.017692681781814594,1,5,21,2.0,3.0
2015-08-11,2015-08-25,-1,1.3011200428009033,1.323370030948094,stop,-0.023160772177151335,-0.016474258671050748,USDCAD,-0.017100642073957648,1,5,21,2.0,3.0
2015-09-01,2015-09-29,-1,1.3142999410629272,1.3396642378398351,stop,-0.02628430673565193,-0.017993835378081007,USDCAD,-0.019298712557496392,1,5,21,2.0,3.0
2015-10-02,2015-10-12,-1,1.3245699405670166,1.2951913986887251,target,0.028451342919894564,0.02256848880738964,USDCAD,0.022179683366297158,1,5,21,2.0,3.0
2015-10-20,2015-12-08,1,1.3020000457763672,1.3397207685879298,target,0.03680932277951912,0.0284222131417027,USDCAD,0.028971368268324568,1,5,21,2.0,3.0
2015-12-25,2016-01-07,-1,1.3827500343322754,1.4063972064426966,stop,-0.02461509713445381,-0.0165483070275033,USDCAD,-0.017101552358189127,1,5,21,2.0,3.0
2016-01-22,2016-02-05,-1,1.4270800352096558,1.376017953668322,target,0.05006312551668709,0.03635190757448475,USDCAD,0.035780811364116795,1,5,21,2.0,3.0
2016-02-11,2016-02-26,1,1.392300009727478,1.354862894330706,stop,-0.038411725403581315,-0.027086199190757505,USDCAD,-0.026888684288740212,1,5,21,2.0,3.0
2016-03-16,2016-03-18,1,1.3353999853134155,1.3085142884935652,stop,-0.027820476809569703,-0.020211694710716696,USDCAD,-0.02013306658344788,1,5,21,2.0,3.0
2016-03-24,2016-04-13,1,1.3209999799728394,1.2870899949754988,stop,-0.03483468498332153,-0.025931101829422324,USDCAD,-0.025669936041965543,1,5,21,2.0,3.0
2016-05-04,2016-05-24,1,1.270009994506836,1.314437849181039,target,0.04353884767804817,0.034726383937890785,USDCAD,0.034982287435820505,1,5,21,2.0,3.0
2016-05-27,2016-09-27,-1,1.2975300550460815,1.3224000419889177,stop,-0.02577825798136841,-0.013182728890413772,USDCAD,-0.019167176009616902,1,5,21,2.0,3.0
2016-09-29,2016-10-24,-1,1.3064199686050415,1.3313456773757935,stop,-0.025840202748775482,-0.017958014524075777,USDCAD,-0.019079399710467473,1,5,21,2.0,3.0
2016-11-07,2016-11-15,-1,1.3359299898147583,1.3527428422655379,stop,-0.0177480034436499,-0.012274484872559315,USDCAD,-0.012585129893753535,1,5,21,2.0,3.0
2016-11-17,2016-12-12,-1,1.3426400423049927,1.3131671633039201,target,0.028533030971459046,0.02304257137151934,USDCAD,0.02195143752042032,1,5,21,2.0,3.0
2016-12-15,2017-01-18,1,1.3285800218582153,1.30878860609872,stop,-0.02072142177479614,-0.015291826931944892,USDCAD,-0.014896668197534818,1,5,21,2.0,3.0
2017-01-19,2017-02-06,1,1.3265000581741333,1.301904354776655,stop,-0.0255242534382003,-0.018771731854842953,USDCAD,-0.01854180348196386,1,5,21,2.0,3.0
2017-02-08,2017-04-25,1,1.3190300464630127,1.3517385636057173,target,0.03178519611018051,0.02400515229172416,USDCAD,0.024797401113350458,1,5,21,2.0,3.0
2017-05-09,2017-05-25,-1,1.3693699836730957,1.341799991471427,target,0.026611433213097616,0.020874557309190123,USDCAD,0.020133340536439316,1,5,21,2.0,3.0
2017-08-01,2017-09-07,1,1.2506999969482422,1.2299756833485194,stop,-0.02159980359758659,-0.01702991416942032,USDCAD,-0.01657017162412327,2,5,21,2.0,4.0
2017-09-18,2017-10-26,1,1.2197999954223633,1.2732257161821638,target,0.05257186076300491,0.04331916786202654,USDCAD,0.04379875468133739,2,5,21,2.0,4.0
2017-11-06,2018-01-29,-1,1.2760000228881836,1.2334658077784948,target,0.04164101509366707,0.037499384209558,USDCAD,0.033334023782706536,2,5,21,2.0,4.0
2018-02-05,2018-03-01,1,1.2431999444961548,1.282554302896772,target,0.038484118439469986,0.0313299228921722,USDCAD,0.031655695107488814,2,5,21,2.0,4.0
2018-03-12,2018-03-16,-1,1.2812199592590332,1.3022642476218087,stop,-0.021941142334256824,-0.016257386729146558,USDCAD,-0.016425195541713247,2,5,21,2.0,4.0
2018-03-22,2018-06-18,-1,1.289720058441162,1.313307217189244,stop,-0.024489962788990627,-0.01401246621683544,USDCAD,-0.01828858797202143,2,5,21,2.0,4.0
2018-06-29,2018-10-01,-1,1.3255200386047363,1.2853858470916748,target,0.03920632748603821,0.03474047179364685,USDCAD,0.03027807226159132,2,5,21,2.0,4.0
2018-10-08,2018-11-21,1,1.294800043106079,1.3299686227525984,target,0.03426221961634506,0.02664780545090895,USDCAD,0.027161398266680518,2,5,21,2.0,4.0
2018-11-23,2018-12-06,-1,1.31905996799469,1.3355142218726022,stop,-0.0173775958555085,-0.011894268841896486,USDCAD,-0.012474227311232036,2,5,21,2.0,4.0
2019-01-01,2019-01-02,-1,1.3394299745559692,1.3597599608557565,stop,-0.021267587281976398,-0.015129560100000905,USDCAD,-0.015178088206161549,2,5,21,2.0,4.0
2019-01-03,2019-01-07,1,1.3631199598312378,1.337924259049552,stop,-0.026149884753567734,-0.018575548394743423,USDCAD,-0.018483847001114447,2,5,21,2.0,4.0
2019-01-18,2020-01-01,1,1.3280199766159058,1.3010142530713762,stop,-0.027935337528160704,-0.023772777594038074,USDCAD,-0.020335329302309323,2,5,21,2.0,4.0
2020-01-09,2020-02-10,1,1.3036500215530396,1.329872829573495,target,0.025310253005368273,0.019742881597772634,USDCAD,0.020114913962273512,2,5,21,2.0,4.0
2020-02-13,2020-02-28,-1,1.3256100416183472,1.3364885704857963,stop,-0.011806455896581953,-0.007553902394420817,USDCAD,-0.008206432152677611,2,5,21,2.0,4.0
2020-03-26,2020-08-31,-1,1.4217100143432617,1.309992960521153,target,0.11072185681206832,0.0856236873863064,USDCAD,0.07857935352148074,2,5,21,2.0,4.0
2020-09-04,2020-12-02,1,1.3139699697494507,1.2970171145030431,stop,-0.017872634225232165,-0.013841910899893421,USDCAD,-0.012902011184958923,2,5,21,2.0,4.0
2020-12-21,2021-01-01,1,1.281059980392456,1.2639213970729284,stop,-0.018035325305802385,-0.013561881243222681,USDCAD,-0.013378439403186428,2,5,21,2.0,4.0
2021-01-11,2021-03-18,1,1.2730799913406372,1.2441528865269251,stop,-0.029818260807650522,-0.023464436655119197,USDCAD,-0.022722142371627355,2,5,21,2.0,4.0
2021-03-22,2021-04-29,1,1.2522900104522705,1.234685710498265,stop,-0.018480902961322175,-0.014524830352544644,USDCAD,-0.014057686164603126,2,5,21,2.0,4.0
2021-05-17,2021-06-21,1,1.2110999822616577,1.2432942220142909,target,0.03134646976504998,0.026140896884096532,USDCAD,0.026582644062558974,2,5,21,2.0,4.0
2021-06-25,2021-07-09,-1,1.2322299480438232,1.250178507396153,stop,-0.018811120315960536,-0.013904514639925406,USDCAD,-0.014565917165723306,2,5,21,2.0,4.0
2021-07-23,2021-08-20,-1,1.2563999891281128,1.282355649130685,stop,-0.02683513999496178,-0.019293744199563444,USDCAD,-0.020658755354323273,2,5,21,2.0,4.0
2021-08-25,2021-12-15,-1,1.259600043296814,1.2823343106678553,stop,-0.023615987401349108,-0.012400180084275205,USDCAD,-0.018048798499194878,2,5,21,2.0,4.0
2022-02-25,2022-03-03,1,1.2809499502182007,1.266074197632926,stop,-0.01577241755042748,-0.011741873741993317,USDCAD,-0.011613063088640395,3,9,28,2.0,3.0
2022-03-09,2022-03-18,1,1.2889000177383423,1.2674786363329207,stop,-0.02232361141783844,-0.016771185590758454,USDCAD,-0.016619893793631962,3,9,28,2.0,3.0
2022-04-07,2022-04-27,1,1.2563799619674683,1.2783378277506148,target,0.021078399809769284,0.017202491632627725,USDCAD,0.01747709009045392,3,9,28,2.0,3.0
2022-05-18,2022-07-06,-1,1.280809998512268,1.3025371517453874,stop,-0.022623720232077944,-0.01457058678086249,USDCAD,-0.016963603702623068,3,9,28,2.0,3.0
2022-07-07,2022-07-28,1,1.3034000396728516,1.2830085924693517,stop,-0.02130382723127083,-0.015917175519426188,USDCAD,-0.015644810942784696,3,9,28,2.0,3.0
2022-08-08,2022-08-11,1,1.294450044631958,1.277452894619533,stop,-0.017903265043667446,-0.01323508008939514,USDCAD,-0.013130788695100057,3,9,28,2.0,3.0
2022-08-18,2022-09-16,1,1.2917799949645996,1.323813566139766,target,0.03112932517869126,0.024445781246234477,USDCAD,0.024798008407030902,3,9,28,2.0,3.0
2022-10-06,2024-11-07,-1,1.359779953956604,1.394427044051034,stop,-0.03559893606219963,0.010529578601235157,USDCAD,-0.02547992415509292,3,9,28,2.0,3.0
2024-11-14,2024-12-13,1,1.3992700576782227,1.4206815191677638,target,0.02043197244916634,0.014976709731296388,USDCAD,0.01530187927058816,3,9,28,2.0,3.0
2025-01-02,2025-02-03,-1,1.437459945678711,1.456101383481707,stop,-0.019647659764971084,-0.011636107046515605,USDCAD,-0.012968318080121702,3,9,28,2.0,3.0
2025-02-06,2025-04-14,-1,1.4315299987792969,1.3898921779223852,target,0.04063574985776619,0.03199571150864387,USDCAD,0.029086237027807563,3,9,28,2.0,3.0
2025-05-05,2025-06-06,1,1.3822300434112549,1.366821527481079,stop,-0.016376076960563656,-0.011512928695213602,USDCAD,-0.011147577064776102,3,9,28,2.0,3.0
2025-06-19,2025-09-26,1,1.3696000576019287,1.3901242698941911,target,0.019565492251941076,0.013996211657457387,USDCAD,0.014985551569119269,3,9,28,2.0,3.0
2025-10-23,2025-11-05,-1,1.3988800048828125,1.4085414579936437,stop,-0.010640669114249188,-0.006359697100378882,USDCAD,-0.006906563162750033,3,9,28,2.0,3.0
2025-11-13,2025-12-11,-1,1.4009300470352173,1.3799836039543152,target,0.019965792047977448,0.01617599902925947,USDCAD,0.01495181228015701,3,9,28,2.0,3.0
2026-01-05,2026-01-12,1,1.3746700286865234,1.3911399415561132,target,0.015507643849509199,0.011853690361722157,USDCAD,0.011980993639125543,3,9,28,2.0,3.0
2026-01-22,2026-01-28,-1,1.3843200206756592,1.3669650299208504,target,0.01638596674033577,0.01276438286732598,USDCAD,0.012536834327035234,3,9,28,2.0,3.0
2026-02-06,2026-06-18,1,1.3712199926376343,1.401522159576416,target,0.029342312943935394,0.020796930537693693,USDCAD,0.02209869102075552,3,9,28,2.0,3.0
2026-07-06,2026-07-13,-1,1.4204200506210327,1.413100004196167,eod,0.006325752389430999,0.005410404071320794,USDCAD,0.005153437831059389,3,9,28,2.0,3.0
2008-05-29,2008-06-06,1,1.0490000247955322,1.0239428792681013,stop,-0.025791445544787753,-0.02415361766304011,USDCHF,-0.02388669679232366,0,7,21,2.0,4.0
2008-06-12,2008-07-15,1,1.0398000478744507,1.011214358466012,stop,-0.02931354944195076,-0.028357076409751093,USDCHF,-0.027491525382089793,0,7,21,2.0,4.0
2008-07-18,2008-08-08,1,1.0225000381469727,1.0664429324013847,target,0.04322714422770912,0.04236957715221604,USDCHF,0.042975934097809504,0,7,21,2.0,4.0
2008-08-21,2008-09-04,-1,1.0870000123977661,1.1098428964614868,stop,-0.023603784072399138,-0.020094649323451647,USDCHF,-0.021014612514430958,0,7,21,2.0,4.0
2008-09-15,2008-10-06,-1,1.111799955368042,1.1388142790113176,stop,-0.027792583612033236,-0.02291268633379534,USDCHF,-0.024297827601848558,0,7,21,2.0,4.0
2008-10-15,2008-11-03,-1,1.1335999965667725,1.1716285943984985,stop,-0.038822117829322815,-0.03239996289957879,USDCHF,-0.03354675189387765,0,7,21,2.0,4.0
2008-11-25,2008-12-05,-1,1.186900019645691,1.217771393912179,stop,-0.0317022042802401,-0.025369764738462853,USDCHF,-0.026010088259753948,0,7,21,2.0,4.0
2008-12-10,2008-12-16,-1,1.1991000175476074,1.1247572217668806,target,0.07350342576844344,0.06223233649295152,USDCHF,0.06199882803168683,0,7,21,2.0,4.0
2009-01-02,2009-10-14,1,1.0791000127792358,1.0215285846165247,stop,-0.05832679817165656,-0.06022743711708876,USDCHF,-0.05335133674443683,0,7,21,2.0,4.0
2009-10-26,2009-11-09,1,1.0188000202178955,1.0078000681740897,stop,-0.011713112057958297,-0.011228849447175174,USDCHF,-0.010796968811850986,0,7,21,2.0,4.0
2009-11-17,2010-01-29,1,1.0157999992370605,1.0562285014561243,target,0.03971744221959785,0.037850464902482193,USDCHF,0.03979966750288298,0,7,21,2.0,4.0
2010-02-16,2010-02-18,-1,1.0657999515533447,1.0868856395993913,stop,-0.02183174801213394,-0.01963378588594282,USDCHF,-0.019783907866870676,0,7,21,2.0,4.0
2010-02-26,2010-05-04,-1,1.0733000040054321,1.0963585376739502,stop,-0.02380984367132187,-0.016806609150470823,USDCHF,-0.021483773020093425,0,7,21,2.0,4.0
2010-05-31,2010-06-24,-1,1.1562999486923218,1.1017142193658012,target,0.053776319362435994,0.04879852272789027,USDCHF,0.047207240118147975,0,7,21,2.0,4.0
2010-07-12,2010-08-09,1,1.0610599517822266,1.0391299554279871,stop,-0.02267273832048698,-0.021421971789681266,USDCHF,-0.020668008737304944,0,7,21,2.0,4.0
2010-08-17,2010-09-29,-1,1.0393999814987183,0.9816457033157349,target,0.0570266981959343,0.05877840991962605,USDCHF,0.05556501752069217,0,7,21,2.0,4.0
2010-10-20,2010-12-30,1,0.9707000255584717,0.9472843153136117,stop,-0.02409520026275093,-0.026079849158647278,USDCHF,-0.02412249884446873,0,7,21,2.0,4.0
2011-01-06,2011-02-02,1,0.9658100008964539,0.9369843006134033,stop,-0.029501767283678055,-0.030653752037741237,USDCHF,-0.029846139775209255,0,7,21,2.0,4.0
2011-02-07,2011-02-25,1,0.9543799757957458,0.9303928358214242,stop,-0.024655205957378693,-0.025720510275642237,USDCHF,-0.02513374188757638,0,7,21,2.0,4.0
2011-03-09,2011-03-17,1,0.9350000023841858,0.9165657162666321,stop,-0.01908878611922264,-0.020015279219073333,USDCHF,-0.019715813979195237,0,7,21,2.0,4.0
2011-03-25,2011-04-22,1,0.9082800149917603,0.8883771640913827,stop,-0.02053864691087181,-0.02279346738743931,USDCHF,-0.021912681741167818,0,7,21,2.0,4.0
2011-05-09,2011-05-30,1,0.8783100247383118,0.8561271854809352,stop,-0.022797656274693337,-0.025962175786585738,USDCHF,-0.025256274700935798,0,7,21,2.0,4.0
2011-06-13,2011-07-14,1,0.8422999978065491,0.8195214186395917,stop,-0.02336818916542194,-0.028111811977465557,USDCHF,-0.027043309065980684,0,7,21,2.0,4.0
2011-07-22,2011-08-01,1,0.8173499703407288,0.7950871331351144,stop,-0.022834982184852904,-0.02762933630033691,USDCHF,-0.02723782714072123,0,7,21,2.0,4.0
2011-08-15,2011-09-12,1,0.7827000021934509,0.8800486241068158,target,0.09680073191182949,0.12335329199283955,USDCHF,0.12437539496685011,0,7,21,2.0,4.0
2011-09-29,2011-11-28,-1,0.901199996471405,0.9275499922888619,stop,-0.026980835814986878,-0.024267638596413187,USDCHF,-0.029238788194217418,0,7,21,2.0,4.0
2011-12-01,2011-12-13,-1,0.9137099981307983,0.9372985703604562,stop,-0.024228169228349382,-0.024984483344123256,USDCHF,-0.02581625710336279,0,7,21,2.0,4.0
2011-12-21,2012-01-09,-1,0.9312999844551086,0.9534585305622646,stop,-0.022810456096274526,-0.022397236610456953,USDCHF,-0.023793134840564424,0,7,21,2.0,4.0
2012-01-19,2012-05-31,-1,0.9387999773025513,0.9631799800055367,stop,-0.025037162687097242,-0.015125695618129696,USDCHF,-0.025969326046466665,0,7,21,2.0,4.0
2012-06-06,2012-07-13,-1,0.963699996471405,0.982371415410723,stop,-0.019346008936847993,-0.016531512916520726,USDCHF,-0.019374721394296517,0,7,21,2.0,4.0
2012-07-19,2012-09-12,-1,0.9781399965286255,0.9393371513911656,target,0.038118147139889876,0.04394344908704692,USDCHF,0.0396700321785935,0,7,21,2.0,4.0
2012-09-24,2012-11-02,1,0.9330999851226807,0.9315800070762634,eod,-0.002173148036003113,-0.0028078213355375533,USDCHF,-0.00162895517163404,0,7,21,2.0,4.0
2013-01-07,2013-01-11,1,0.924530029296875,0.9178071618080139,stop,-0.007370038509368896,-0.00748798553804258,USDCHF,-0.007271659411619078,1,9,28,1.0,3.0
2013-01-14,2013-01-15,-1,0.9139000177383423,0.9217807395117623,stop,-0.008520451785836868,-0.008645061407233801,USDCHF,-0.008623177175248015,1,9,28,1.0,3.0
2013-01-16,2013-01-30,1,0.9316999912261963,0.9227392716067178,stop,-0.009612909613336867,-0.010089856936787543,USDCHF,-0.009617601914630762,1,9,28,1.0,3.0
2013-02-12,2013-03-07,1,0.9205700159072876,0.9437107358660016,target,0.02249632094757893,0.02437698335916046,USDCHF,0.025137381794808074,1,9,28,1.0,3.0
2013-03-19,2013-05-13,-1,0.9472000002861023,0.956092860017504,stop,-0.009555899731602018,-0.004975569816277687,USDCHF,-0.009388576571701493,1,9,28,1.0,3.0
2013-05-30,2013-08-21,-1,0.9611999988555908,0.9184028634003231,target,0.04212429545606884,0.05112061539093909,USDCHF,0.044524693618624864,1,9,28,1.0,3.0
2013-08-30,2013-09-19,1,0.9312999844551086,0.9221307039260864,stop,-0.009821190518140793,-0.010489939538373443,USDCHF,-0.00984567881678538,1,9,28,1.0,3.0
2013-10-11,2013-10-18,1,0.9108099937438965,0.9036378562450409,stop,-0.007809704494476317,-0.00815992089448392,USDCHF,-0.007874460697751487,1,9,28,1.0,3.0
2013-10-22,2013-11-04,-1,0.9023000001907349,0.9108907112053463,stop,-0.00922232101474491,-0.008479121149278656,USDCHF,-0.009520903261437912,1,9,28,1.0,3.0
2013-11-20,2013-11-21,-1,0.9086800217628479,0.916185736656189,stop,-0.008141790908575057,-0.008282029661817705,USDCHF,-0.008260019713848122,1,9,28,1.0,3.0
2013-12-20,2013-12-30,1,0.8982999920845032,0.8917042825903211,stop,-0.007224519488641242,-0.007698663648136298,USDCHF,-0.0073424352135156535,1,9,28,1.0,3.0
2014-01-01,2014-01-03,-1,0.8926900029182434,0.8991157071931022,stop,-0.007050587276901548,-0.007153327867438446,USDCHF,-0.007198136255422223,1,9,28,1.0,3.0
2014-01-27,2014-01-31,-1,0.8938000202178955,0.9021285900047847,stop,-0.008954229801041755,-0.009004888794841496,USDCHF,-0.009318157975493046,1,9,28,1.0,3.0
2014-02-05,2014-02-14,1,0.9039000272750854,0.8958864552634103,stop,-0.008646302030767744,-0.00919744635558585,USDCHF,-0.00886555124445903,1,9,28,1.0,3.0
2014-03-21,2014-04-11,1,0.8831999897956848,0.8771399898188454,stop,-0.006678239969696349,-0.0075634058582639795,USDCHF,-0.006861413096530108,1,9,28,1.0,3.0
2014-04-22,2014-05-02,1,0.8852099776268005,0.8797014057636261,stop,-0.006128218847513199,-0.006629581694173577,USDCHF,-0.0062228985239667295,1,9,28,1.0,3.0
2014-05-12,2014-07-28,1,0.8866000175476074,0.9038050217287881,target,0.016584384168897324,0.017082115814832377,USDCHF,0.01940559873749021,1,9,28,1.0,3.0
2014-08-12,2014-08-21,-1,0.9066900014877319,0.9108121480260577,stop,-0.004756829539367178,-0.003774329189370762,USDCHF,-0.004546368142983808,1,9,28,1.0,3.0
2014-10-10,2014-11-03,-1,0.9542499780654907,0.9627792707511357,stop,-0.009197267670290794,-0.007135753567895419,USDCHF,-0.008938216276343032,1,9,28,1.0,3.0
2014-11-17,2014-11-24,-1,0.9595800042152405,0.9681657212121146,stop,-0.009257422999824827,-0.008467993248274798,USDCHF,-0.008947369640007967,1,9,28,1.0,3.0
2014-11-25,2015-01-01,1,0.9670000076293945,0.9924742877483368,target,0.024797380113601684,0.025247445632181526,USDCHF,0.026343619356728434,1,9,28,1.0,3.0
2015-01-16,2015-01-27,-1,0.8543999791145325,0.894222834280559,stop,-0.040420935151406746,-0.04578985969378418,USDCHF,-0.04660914810332446,1,9,28,1.0,3.0
2015-01-30,2017-05-24,1,0.9225000143051147,0.9762200117111206,eod,0.05307424739599228,0.03457994245131253,USDCHF,0.058233058615691356,1,9,28,1.0,3.0
2017-07-28,2018-01-26,1,0.9636899828910828,0.9440042802265712,stop,-0.020360285652535285,-0.025366770536696972,USDCHF,-0.02042742273345434,2,9,21,2.0,4.0
2018-02-08,2018-04-27,1,0.9427000284194946,0.9873771837779454,target,0.04401726533855709,0.04518633083088793,USDCHF,0.04739275910848889,2,9,21,2.0,4.0
2018-05-15,2018-08-30,-1,1.0002800226211548,0.9738372053418841,target,0.025742621263435864,0.034693102425793404,USDCHF,0.026435414765136823,2,9,21,2.0,4.0
2018-09-11,2018-09-21,1,0.9747300148010254,0.9617443084716797,stop,-0.01366801733970642,-0.013691695266068114,USDCHF,-0.013322362225602045,2,9,21,2.0,4.0
2018-09-27,2018-10-25,1,0.9650499820709229,0.9963842800685337,target,0.03065876301016125,0.031640120786372794,USDCHF,0.03246909339386744,2,9,21,2.0,4.0
2018-11-07,2019-01-10,-1,1.001579999923706,0.9786171402250018,target,0.02226175369875767,0.027759000480063606,USDCHF,0.02292663561617986,2,9,21,2.0,4.0
2019-01-15,2019-04-19,1,0.9810199737548828,1.0136199678693498,target,0.031913280132838596,0.030661958899098608,USDCHF,0.03323071393713787,2,9,21,2.0,4.0
2019-05-02,2019-06-04,-1,1.0174000263214111,0.9985086577279227,target,0.018179188575063402,0.020907576216995752,USDCHF,0.018568280032185035,2,9,21,2.0,4.0
2019-06-14,2019-06-24,1,0.9934999942779541,0.9807799969400678,stop,-0.01341544733388088,-0.013125311940603875,USDCHF,-0.012803218330293825,2,9,21,2.0,4.0
2019-07-02,2019-08-13,1,0.9869999885559082,0.9704128503799438,stop,-0.01727803816795349,-0.017980889951103658,USDCHF,-0.016805611315389376,2,9,21,2.0,4.0
2019-08-19,2020-03-03,1,0.9793000221252441,0.9630400368145534,stop,-0.016945495326178398,-0.021852328017157804,USDCHF,-0.016603681142990125,2,9,21,2.0,4.0
2020-03-16,2020-07-29,1,0.9463000297546387,0.9181700093405587,stop,-0.028792430434908214,-0.033509478407500314,USDCHF,-0.029726323078922083,2,9,21,2.0,4.0
2020-08-11,2020-11-09,1,0.9154999852180481,0.8993599840572902,stop,-0.0167808511504105,-0.020251230431579007,USDCHF,-0.017629712093238038,2,9,21,2.0,4.0
2020-11-12,2020-12-02,1,0.9165869951248169,0.9000827074050903,stop,-0.017145898616313934,-0.018660844863282587,USDCHF,-0.018006242514360657,2,9,21,2.0,4.0
2020-12-22,2021-02-25,1,0.8854799866676331,0.9065400447164264,target,0.020440222058125953,0.021773567261921763,USDCHF,0.023783776444287086,2,9,21,2.0,4.0
2021-03-16,2021-04-01,-1,0.9276000261306763,0.943389322076525,stop,-0.016438615964140244,-0.015684880914178766,USDCHF,-0.01702166397268346,2,9,21,2.0,4.0
2021-04-06,2021-05-10,-1,0.9360399842262268,0.9062714150973729,target,0.029113341139895596,0.034537594198583536,USDCHF,0.03180266829462633,2,9,21,2.0,4.0
2021-05-31,2021-07-01,1,0.9001100063323975,0.9244162695748466,target,0.02367618623801643,0.026003780735446593,USDCHF,0.02700365852112654,2,9,21,2.0,4.0
2021-07-09,2021-09-17,-1,0.9147400259971619,0.9266371471541268,stop,-0.012537439175162965,-0.0071901534534855455,USDCHF,-0.01300601353263825,2,9,21,2.0,4.0
2021-09-27,2021-12-14,-1,0.9244700074195862,0.9223799705505371,eod,0.0014429078638553618,0.008664463751946884,USDCHF,0.0022607946740023054,2,9,21,2.0,4.0
2022-01-28,2022-04-25,1,0.930869996547699,0.954485365322658,target,0.022963759777375678,0.02289833043712978,USDCHF,0.02536913732587898,3,7,21,2.0,3.0
2022-05-19,2022-06-30,-1,0.9871399998664856,0.9546864330768585,target,0.03176256878972054,0.03607752374986724,USDCHF,0.032876356741715,3,7,21,2.0,3.0
2022-07-05,2022-10-11,1,0.9608299732208252,0.996898570231029,target,0.03539601602894924,0.034833006820148206,USDCHF,0.03753900067178094,3,7,21,2.0,3.0
2022-10-19,2022-11-14,-1,0.9936800003051758,0.9585971534252167,target,0.03438727087974549,0.03715768342788371,USDCHF,0.03530598066700002,3,7,21,2.0,3.0
2022-11-22,2022-12-15,1,0.9584299921989441,0.9268157141549247,stop,-0.03228517903855865,-0.033715846026354135,USDCHF,-0.03298548490900849,3,7,21,2.0,3.0
2022-12-23,2023-02-02,1,0.9309999942779541,0.9138631480080741,stop,-0.01778854626587456,-0.019631413944373625,USDCHF,-0.018406924140929384,3,7,21,2.0,3.0
2023-02-06,2023-04-05,1,0.9263299703598022,0.9056014248303005,stop,-0.021376976508753625,-0.024104310822232147,USDCHF,-0.02237706453721933,3,7,21,2.0,3.0
2023-04-20,2023-07-12,1,0.8977000117301941,0.8810181532587323,stop,-0.01731024847967289,-0.02105587415001923,USDCHF,-0.0185828876612241,3,7,21,2.0,3.0
2023-07-24,2023-09-14,1,0.8662400245666504,0.8929442891052791,target,0.026097896521432077,0.029165432007448006,USDCHF,0.030827788812907764,3,7,21,2.0,3.0
2023-10-06,2023-11-16,-1,0.9125900268554688,0.8884121988500867,target,0.023539014986583215,0.029890561153044642,USDCHF,0.026493636018237135,3,7,21,2.0,3.0
2023-12-07,2023-12-20,1,0.8746399879455566,0.8630789944103786,stop,-0.012173241526739922,-0.013698200059798557,USDCHF,-0.013218002486181395,3,7,21,2.0,3.0
2024-01-04,2024-02-13,1,0.8489000201225281,0.8749051094055176,target,0.02541085926890373,0.029361631160512727,USDCHF,0.030633865786969815,3,7,21,2.0,3.0
2024-02-22,2024-03-22,-1,0.8792499899864197,0.8935138583183289,stop,-0.014879343324899671,-0.013788875143571439,USDCHF,-0.01622276769332632,3,7,21,2.0,3.0
2024-04-05,2024-05-01,-1,0.9015100002288818,0.9158300161361694,stop,-0.014951072907447814,-0.0137103480872642,USDCHF,-0.015884478157371443,3,7,21,2.0,3.0
2024-05-03,2024-06-05,-1,0.9097700119018555,0.8902850023337773,target,0.018848170559746892,0.024165458610928472,USDCHF,0.02141751136349854,3,7,21,2.0,3.0
2024-06-12,2024-07-18,1,0.8977800011634827,0.8841128689902169,stop,-0.0142955781740802,-0.016337111713624515,USDCHF,-0.015223253086005226,3,7,21,2.0,3.0
2024-08-12,2024-08-28,1,0.8650400042533875,0.842865696975163,stop,-0.022779835281201817,-0.02623498007795814,USDCHF,-0.025633851809388864,3,7,21,2.0,3.0
2024-09-03,2024-11-07,1,0.8513699769973755,0.8752958050795964,target,0.023329869098322718,0.026011990885942585,USDCHF,0.02810273879589089,3,7,21,2.0,3.0
2024-11-21,2024-12-19,-1,0.883650004863739,0.8986500075885228,stop,-0.015618557728188362,-0.014621176544638893,USDCHF,-0.016975049671500632,3,7,21,2.0,3.0
2025-01-17,2025-03-05,-1,0.9111700057983398,0.8910635667187827,target,0.019468620075498277,0.025995630814036476,USDCHF,0.022066616494844402,3,7,21,2.0,3.0
2025-03-17,2025-04-04,1,0.884090006351471,0.8682300192969186,stop,-0.01647885005899841,-0.018572754964526313,USDCHF,-0.01793933529460939,3,7,21,2.0,3.0
2025-04-24,2025-07-02,1,0.829800009727478,0.7926157457487923,stop,-0.03776512398549492,-0.04705261933114288,USDCHF,-0.04481111538055742,3,7,21,2.0,3.0
2025-07-08,2026-01-26,1,0.7971600294113159,0.7831400207110814,stop,-0.014578020720822487,-0.024210958889254862,USDCHF,-0.017587445660801653,3,7,21,2.0,3.0
2026-02-04,2026-06-19,1,0.7757599949836731,0.8039299845695496,target,0.027626957589387893,0.03174949693866959,USDCHF,0.03631276395796788,3,7,21,2.0,3.0
2026-07-01,2026-07-08,-1,0.8087000250816345,0.8088200092315674,eod,-0.0006860741674900054,0.00042044743356205,USDCHF,-0.00014836669495682216,3,7,21,2.0,3.0
2005-06-13,2005-07-19,1,109.44999694824219,112.48714338030133,target,2.960531434195376,0.027672604079572692,USDJPY,0.027749168723096282,0,5,28,2.0,4.0
2005-07-21,2005-07-26,-1,110.43000030517578,112.37571498325893,stop,-2.0230156782967725,-0.01767920558442347,USDJPY,-0.01761943921675381,0,5,28,2.0,4.0
2005-07-27,2005-08-11,1,112.44999694824219,110.39428274972099,stop,-2.134429196384971,-0.018348459355413568,USDJPY,-0.018281140545227344,0,5,28,2.0,4.0
2005-08-19,2005-10-03,1,110.44000244140625,113.76857430594308,target,3.251263862827842,0.030060320455879863,USDJPY,0.030139186806907164,0,5,28,2.0,4.0
2005-10-28,2005-11-04,-1,115.56999969482422,117.35571616036552,stop,-1.8666154653276756,-0.015505723546536903,USDJPY,-0.01545138418496744,0,5,28,2.0,4.0
2005-11-23,2005-12-01,-1,118.76000213623047,120.37857382638114,stop,-1.7017036916460349,-0.01368113557531673,USDJPY,-0.0136289294462457,0,5,28,2.0,4.0
2005-12-12,2005-12-15,-1,119.9000015258789,116.46571241106305,target,3.350359113747739,0.02858789884232012,USDJPY,0.028642944713179224,0,5,28,2.0,4.0
2005-12-28,2006-01-06,1,117.72000122070312,115.43285587855748,stop,-2.3695493430001413,-0.01949095581339601,USDJPY,-0.019428689419206484,0,5,28,2.0,4.0
2006-01-17,2006-05-02,1,115.58499908447266,113.53499712262835,stop,-2.1309114612034326,-0.017831483135091163,USDJPY,-0.017735882494112447,0,5,28,2.0,4.0
2006-05-19,2006-07-17,1,111.66000366210938,116.83143833705357,target,5.093272672380718,0.046231278037257725,USDJPY,0.046314118801153735,0,5,28,2.0,4.0
2006-07-27,2006-09-12,-1,115.75,117.64856719970703,stop,-1.9795921997070312,-0.01642200604498515,USDJPY,-0.016402308420795087,0,5,28,2.0,4.0
2006-09-21,2006-10-06,-1,116.36000061035156,118.07856968470982,stop,-1.8000210747855028,-0.014816509670977801,USDJPY,-0.014769414449499155,0,5,28,2.0,4.0
2006-10-17,2006-11-30,-1,118.58999633789062,115.80570983886719,target,2.7012735015869143,0.023458357238641602,USDJPY,0.023478257736768576,0,5,28,2.0,4.0
2006-12-08,2007-01-11,1,116.29000091552734,120.22571345738002,target,3.854309541211812,0.033772400988331966,USDJPY,0.03384394626251288,0,5,28,2.0,4.0
2007-01-31,2007-03-01,-1,120.73999786376953,117.89428819928851,target,2.761191665976382,0.023535445707786623,USDJPY,0.023568906036356103,0,5,28,2.0,4.0
2007-03-12,2007-06-15,1,117.56999969482422,123.12571389334542,target,5.473415198734825,0.04716359796644033,USDJPY,0.04725452252226025,0,5,28,2.0,4.0
2007-06-27,2007-07-24,-1,123.1500015258789,120.66343144008091,target,2.4003650847298776,0.020155989078703973,USDJPY,0.02019139305715284,0,5,28,2.0,4.0
2007-08-08,2007-08-15,1,119.69000244140625,117.23057011195591,stop,-2.543215331159321,-0.020609092481704148,USDJPY,-0.020548352237308557,0,5,28,2.0,4.0
2007-08-24,2007-11-07,1,116.37999725341797,113.09142739432198,stop,-3.3700358571733786,-0.02834232631844398,USDJPY,-0.028257174228446754,0,5,28,2.0,4.0
2007-11-29,2008-01-15,1,109.76000213623047,106.93057141985211,stop,-2.9062627178737155,-0.025858242175101943,USDJPY,-0.025778340573158507,0,5,28,2.0,4.0
2008-01-25,2008-03-03,1,106.80000305175781,103.6971457345145,stop,-3.177617319379536,-0.029131996520032843,USDJPY,-0.029052970305062514,0,5,28,2.0,4.0
2008-03-24,2008-04-08,1,100.73999786376953,108.14428165980748,target,7.333765797533306,0.07342380338384069,USDJPY,0.07349894732031602,0,5,28,2.0,4.0
2008-04-11,2008-05-02,-1,100.94999694824219,105.29856763567243,stop,-4.419235685294009,-0.04312442614200638,USDJPY,-0.043076481613563436,0,5,28,2.0,4.0
2008-05-12,2008-06-10,-1,103.7699966430664,106.90528324672154,stop,-3.2079256013052784,-0.030252738799379078,USDJPY,-0.03021380654409631,0,5,28,2.0,4.0
2008-06-24,2008-08-08,-1,107.77999877929688,109.76928165980748,stop,-2.0647288796561085,-0.018478037697780655,USDJPY,-0.01845688349453494,0,5,28,2.0,4.0
2008-09-01,2008-10-06,-1,108.05599975585938,103.75428336007255,target,4.226077195957725,0.039778600036077576,USDJPY,0.03981006520235878,0,5,28,2.0,4.0
2008-10-08,2008-10-09,1,110.08999633789062,105.06699589320591,stop,-5.100063442121235,-0.045690168153393634,USDJPY,-0.04562631130686942,0,5,28,2.0,4.0
2008-10-30,2008-12-01,1,98.79000091552734,93.3135757446289,stop,-5.545578171539306,-0.05551801923342618,USDJPY,-0.05543501488152815,0,5,28,2.0,4.0
2008-12-08,2008-12-09,1,109.23999786376953,103.81385258265904,stop,-5.502613279615132,-0.04973613499961864,USDJPY,-0.049671781281772846,0,5,28,2.0,4.0
2008-12-10,2009-04-03,-1,92.83999633789062,100.25628335135323,stop,-7.481275010899131,-0.07983204767143792,USDJPY,-0.07988245697975982,0,5,28,2.0,4.0
2009-04-14,2009-07-08,-1,98.97000122070312,93.90714154924665,target,4.993580670601987,0.05117449337160367,USDJPY,0.0511554977165889,0,5,28,2.0,4.0
2009-07-17,2009-09-10,1,94.20999908447266,91.81971304757255,stop,-2.4562330362592384,-0.0254688043755174,USDJPY,-0.025371893218647378,0,5,28,2.0,4.0
2009-09-21,2009-09-22,1,92.0260009765625,91.00671495710101,stop,-1.0837042201450833,-0.011152457007480692,USDJPY,-0.011076065553702424,0,5,28,2.0,4.0
2009-09-24,2009-10-23,-1,90.822998046875,91.96942683628627,stop,-1.2100048880440868,-0.012667152749323486,USDJPY,-0.01262267062379494,0,5,28,2.0,4.0
2009-10-30,2009-11-26,-1,90.08999633789062,87.13228062220982,target,2.8946527182442825,0.03278405856076828,USDJPY,0.032830678609283404,0,5,28,2.0,4.0
2009-12-03,2009-12-30,1,88.25900268554688,92.40985979352679,target,4.089075806100034,0.04693920146299518,USDJPY,0.047030410288781264,0,5,28,2.0,4.0
2010-01-05,2010-01-07,-1,91.58499908447266,93.2498550415039,stop,-1.728965456390381,-0.018251198053619272,USDJPY,-0.01817826034475017,0,5,28,2.0,4.0
2010-01-11,2010-03-03,-1,92.09200286865234,88.59314727783203,target,3.4343911888122562,0.03797523652306999,USDJPY,0.03799304480119311,0,5,28,2.0,4.0
2010-03-08,2010-04-02,1,90.28600311279297,94.09913962227958,target,3.749936307307656,0.0421454752486152,USDJPY,0.04223397180095475,0,5,28,2.0,4.0
2010-04-09,2010-05-20,-1,93.16000366210938,89.85000610351562,target,3.2447855560302736,0.0355006164511229,USDJPY,0.035530242899078086,0,5,28,2.0,4.0
2010-05-28,2010-06-29,1,91.052001953125,88.75428662981305,stop,-2.3614517246791356,-0.0253252567087879,USDJPY,-0.025235198282568767,0,5,28,2.0,4.0
2010-07-09,2010-07-16,1,88.56999969482422,87.10507202148438,stop,-1.5269266731262205,-0.01662185478618529,USDJPY,-0.016539772816838452,0,5,28,2.0,4.0
2010-07-23,2010-08-03,1,87.5199966430664,85.88363756452289,stop,-1.697623076193667,-0.018781411581255392,USDJPY,-0.018696973735237887,0,5,28,2.0,4.0
2010-08-16,2010-08-25,1,86.13999938964844,84.33985682896206,stop,-1.8604405602591356,-0.020983661173598702,USDJPY,-0.0208978705995058,0,5,28,2.0,4.0
2010-11-09,2011-03-17,1,81.08999633789062,80.24256678989956,stop,-0.9041925454275929,-0.010598219099801541,USDJPY,-0.010450482010875294,1,9,28,1.0,4.0
2011-03-28,2011-05-10,1,81.4489974975586,80.2427112034389,stop,-1.2633005923679834,-0.014916528520269508,USDJPY,-0.014810327090346945,1,9,28,1.0,4.0
2011-05-13,2011-06-06,1,81.04000091552734,80.24364198957171,stop,-0.8530869265964991,-0.009924221580327417,USDJPY,-0.009826738856848247,1,9,28,1.0,4.0
2011-06-16,2011-06-20,1,80.87999725341797,80.21899686540876,stop,-0.7176163860866062,-0.008260638114462584,USDJPY,-0.00817260645964327,1,9,28,1.0,4.0
2011-06-22,2011-06-28,-1,80.22100067138672,80.78899982997349,stop,-0.6241538590567433,-0.007161705211584234,USDJPY,-0.007080429735768266,1,9,28,1.0,4.0
2011-07-12,2011-08-01,-1,80.29000091552734,77.7065680367606,target,2.527229878125874,0.032114993764660454,USDJPY,0.0321762716316912,1,9,28,1.0,4.0
2011-08-05,2011-08-08,1,79.29000091552734,78.32771628243583,stop,-1.017787633732383,-0.012225685734626866,USDJPY,-0.012136267145673217,1,9,28,1.0,4.0
2011-08-11,2011-11-01,-1,76.75900268554688,77.93685858590263,stop,-1.2315872022356347,-0.015327660068429791,USDJPY,-0.015344856748347683,1,9,28,1.0,4.0
2011-11-14,2011-11-29,-1,77.15599822998047,78.07614135742188,stop,-0.9741523262023926,-0.011996774698998547,USDJPY,-0.011925749760876877,1,9,28,1.0,4.0
2011-12-12,2011-12-23,-1,77.61199951171875,78.11306871686664,stop,-0.5553976048060887,-0.0065308097760237785,USDJPY,-0.006456079063808018,1,9,28,1.0,4.0
2011-12-29,2012-01-31,-1,77.94599914550781,76.60285295758929,target,1.2885839885166652,0.017184027436970954,USDJPY,0.017231752785812213,1,9,28,1.0,4.0
2012-02-09,2012-02-20,1,77.05999755859375,79.64770943777901,target,2.533769880894248,0.03348458293452808,USDJPY,0.03358048223681369,1,9,28,1.0,4.0
2012-03-23,2012-06-01,-1,82.51000213623047,78.78514208112445,target,3.6671030536106595,0.04514676958746959,USDJPY,0.04514434563892006,1,9,28,1.0,4.0
2012-06-08,2012-07-17,1,79.69000244140625,78.94378771100726,stop,-0.8019977321079738,-0.00947025608330088,USDJPY,-0.009363969224968459,1,9,28,1.0,4.0
2012-08-06,2012-09-12,1,78.61000061035156,78.16478729248047,stop,-0.5002403182983398,-0.005771318081014639,USDJPY,-0.005663570975885057,1,9,28,1.0,4.0
2012-09-19,2012-09-24,1,78.7699966430664,78.16392571585519,stop,-0.6612099248613671,-0.007784955609303029,USDJPY,-0.007694185007491287,1,9,28,1.0,4.0
2012-09-25,2012-10-08,-1,77.86399841308594,78.51371165684291,stop,-0.7042180426461375,-0.008416640001970895,USDJPY,-0.008344206013029324,1,9,28,1.0,4.0
2012-11-09,2012-11-15,-1,79.47899627685547,80.07542528424945,stop,-0.652064304787778,-0.007584255408740148,USDJPY,-0.007504234267332603,1,9,28,1.0,4.0
2012-11-16,2012-12-17,1,81.12000274658203,83.96629442487445,target,2.789507676369809,0.03498670589495265,USDJPY,0.03508742088168068,1,9,28,1.0,4.0
2013-01-24,2013-01-25,-1,88.58000183105469,89.84057290213448,stop,-1.3225770723615333,-0.014308998023021418,USDJPY,-0.01423087655252068,1,9,28,1.0,4.0
2013-01-28,2013-04-08,1,91.17900085449219,96.64071437290737,target,5.3978882178170355,0.05979461791992834,USDJPY,0.05990100206440345,1,9,28,1.0,4.0
2013-04-19,2013-05-10,-1,98.2030029296875,99.92721775599888,stop,-1.7929569283621631,-0.01760694454068141,USDJPY,-0.017557658878780975,1,9,28,1.0,4.0
2013-05-28,2013-06-17,-1,101.1050033569336,95.4384275163923,target,5.5958023381914455,0.05599778104505678,USDJPY,0.05604644332522734,1,9,28,1.0,4.0
2013-06-24,2013-08-12,1,98.4229965209961,96.31263950892857,stop,-2.1792531096322216,-0.02153203099862374,USDJPY,-0.021441706579390034,1,9,28,1.0,4.0
2013-08-16,2013-11-29,1,97.05500030517578,102.21071188790458,target,5.0877730825151755,0.05300769220083597,USDJPY,0.05312154517044346,1,9,28,1.0,4.0
2013-12-18,2013-12-19,-1,102.6240005493164,103.47021484375,stop,-0.9180510948181151,-0.00831320441482513,USDJPY,-0.008245773794668449,1,9,28,1.0,4.0
2014-01-07,2014-02-04,-1,104.20999908447266,101.5525654384068,target,2.584486646706724,0.025461219358759207,USDJPY,0.025500754912316407,1,9,28,1.0,4.0
2014-02-12,2014-03-03,1,102.5199966430664,101.4047099522182,stop,-1.1870506884983545,-0.010953733199562651,USDJPY,-0.010878723442912215,1,9,28,1.0,4.0
2014-03-07,2014-03-14,1,103.03199768066406,102.25606918334961,stop,-0.848050895690918,-0.007601507443754392,USDJPY,-0.007530946839634762,1,9,28,1.0,4.0
2014-03-17,2014-03-20,-1,101.33000183105469,102.12243052891323,stop,-0.8633596991402782,-0.007885410869633095,USDJPY,-0.007820277149306078,1,9,28,1.0,4.0
2014-03-25,2014-04-11,1,102.20700073242188,101.4914300101144,stop,-0.787115622820171,-0.007076430353347062,USDJPY,-0.007001190888878944,1,9,28,1.0,4.0
2014-04-22,2014-05-07,1,102.66999816894531,102.01121357509068,stop,-0.7306535925728954,-0.006490840613029296,USDJPY,-0.006416524842735381,1,9,28,1.0,4.0
2014-05-27,2014-07-01,1,101.89399719238281,101.40549741472516,stop,-0.5598255756923192,-0.00487614375083907,USDJPY,-0.004794195841932968,1,9,28,1.0,4.0
2014-07-04,2014-07-09,1,102.18000030517578,101.76435688563755,stop,-0.4871694197518506,-0.00413831883221093,USDJPY,-0.004067757078653813,1,9,28,1.0,4.0
2014-07-10,2014-07-30,-1,101.53500366210938,101.9661478315081,stop,-0.5022186719621972,-0.004294717621224158,USDJPY,-0.004246261425601485,1,9,28,1.0,4.0
2014-08-11,2014-08-20,-1,102.15499877929688,102.63692855834961,stop,-0.5534382781982422,-0.004775975575182641,USDJPY,-0.004717632859983002,1,9,28,1.0,4.0
2014-10-03,2014-10-06,-1,108.52300262451172,109.41378893171039,stop,-0.9667524090358248,-0.00827056278846399,USDJPY,-0.008208271847036675,1,9,28,1.0,4.0
2014-10-24,2014-11-03,1,108.16100311279297,112.31328800746373,target,4.076572192491803,0.0383218052290836,USDJPY,0.038389851935273306,1,9,28,1.0,4.0
2014-11-28,2014-12-03,-1,117.83999633789062,118.88556725638253,stop,-1.1280589159284278,-0.008927452063689837,USDJPY,-0.008872801688603825,1,9,28,1.0,4.0
2014-12-11,2014-12-22,-1,117.70899963378906,119.18514306204659,stop,-1.5585397280011817,-0.012591249886317806,USDJPY,-0.012540616544614603,1,9,28,1.0,4.0
2014-12-23,2015-01-12,1,120.1500015258789,118.38143048967633,stop,-1.8526760372706883,-0.014784444557996679,USDJPY,-0.01471969216597674,1,9,28,1.0,4.0
2015-01-23,2015-02-02,1,118.7509994506836,117.29557037353516,stop,-1.5385547767639158,-0.012318120133009263,USDJPY,-0.012256141707277726,1,9,28,1.0,4.0
2015-02-09,2015-05-28,1,118.97000122070312,123.50343104771206,target,4.450150826154439,0.03801151366401746,USDJPY,0.03810565504323139,1,9,28,1.0,4.0
2015-06-11,2015-07-21,-1,122.86599731445312,124.20528193882534,stop,-1.425290822492329,-0.010924785161975115,USDJPY,-0.01090036831707439,1,9,28,1.0,4.0
2015-07-29,2015-08-06,-1,123.57599639892578,124.4162107195173,stop,-0.9267175180707619,-0.006849342471487217,USDJPY,-0.0067991709156780674,1,9,28,1.0,4.0
2015-08-17,2015-08-25,-1,124.3499984741211,121.42142486572266,target,2.8415286094665526,0.02350119536999128,USDJPY,0.023551054638797708,1,9,28,1.0,4.0
2015-09-11,2015-10-15,1,120.61900329589844,119.13907514299665,stop,-1.5643614552089204,-0.01233842190894972,USDJPY,-0.012269444386563884,1,9,28,1.0,4.0
2015-10-22,2015-11-09,1,119.84200286865234,122.65686144147601,target,2.7309691708156105,0.023424162694446752,USDJPY,0.02348808018428039,1,9,28,1.0,4.0
2015-11-24,2015-12-08,-1,122.91500091552734,123.27999877929688,eod,-0.4510383644104004,-0.0030147488997229483,USDJPY,-0.0029695143884054804,1,9,28,1.0,4.0
2016-02-01,2016-02-04,1,121.33999633789062,118.69813864571708,stop,-2.7267956896100682,-0.021831282117373396,USDJPY,-0.021772356781822128,2,5,28,2.0,3.0
2016-02-29,2016-04-06,1,113.66000366210938,110.59229060581752,stop,-3.1472750588553273,-0.027064780548809293,USDJPY,-0.026990260051474278,2,5,28,2.0,3.0
2016-04-20,2016-05-02,1,109.23999786376953,106.672853742327,stop,-2.643612119947163,-0.023567962026630564,USDJPY,-0.023500038187880098,2,5,28,2.0,3.0
2016-05-11,2016-06-17,1,109.19400024414062,105.79471588134766,stop,-3.475720162963867,-0.031207706972671573,USDJPY,-0.03113068808902232,2,5,28,2.0,3.0
2016-07-12,2016-11-15,1,102.52400207519531,108.10058048793248,target,5.504811611284526,0.05427722582128398,USDJPY,0.054392906049912794,2,5,28,2.0,3.0
2016-12-27,2017-01-18,-1,117.19200134277344,113.7375008719308,target,3.372466069902691,0.02943801992724794,USDJPY,0.02947727175286141,2,5,28,2.0,3.0
2017-01-30,2017-03-22,1,114.66799926757812,111.6451394217355,stop,-3.1031274453299362,-0.026440418121953572,USDJPY,-0.02636184345371527,2,5,28,2.0,3.0
2017-04-10,2017-04-13,1,111.2249984741211,109.51885550362724,stop,-1.7840004694257423,-0.015403848001782551,USDJPY,-0.015339563892112155,2,5,28,2.0,3.0
2017-04-24,2017-05-04,1,109.97799682617188,112.67885317121234,target,2.6238717472621436,0.02449068379830225,USDJPY,0.02455815183931165,2,5,28,2.0,3.0
2017-05-17,2017-06-07,-1,112.64600372314453,109.79150390625,target,2.77564761428833,0.025297478141330928,USDJPY,0.025340444601214367,2,5,28,2.0,3.0
2017-06-16,2017-08-29,1,110.9520034790039,108.88714817592076,stop,-2.142521705518452,-0.01869885390105418,USDJPY,-0.018610347162175345,2,5,28,2.0,3.0
2017-08-30,2017-09-28,1,109.79000091552734,112.75442777361188,target,2.8875738574436673,0.02692701369370725,USDJPY,0.02700088198710712,2,5,28,2.0,3.0
2017-10-09,2017-10-23,-1,112.5510025024414,114.03450121198382,stop,-1.5622844112941259,-0.013230079487831456,USDJPY,-0.013180679661296109,2,5,28,2.0,3.0
2017-11-08,2017-11-28,-1,113.76100158691406,111.18550709315709,target,2.4958617926461377,0.022594865181396685,USDJPY,0.02263952020314523,2,5,28,2.0,3.0
2017-12-01,2018-01-16,1,112.55599975585938,110.7510016305106,stop,-1.8837873251778756,-0.01611409546610469,USDJPY,-0.016036445229609456,2,5,28,2.0,3.0
2018-02-05,2018-02-14,1,110.03500366210938,107.90657261439732,stop,-2.205455550275532,-0.01941037830353185,USDJPY,-0.019343217856818976,2,5,28,2.0,3.0
2018-02-27,2018-03-23,1,107.06900024414062,104.99357060023716,stop,-2.1503779440743602,-0.01945838327763293,USDJPY,-0.019384038696270915,2,5,28,2.0,3.0
2018-03-29,2018-04-26,1,106.81199645996094,109.33242852347237,target,2.4456636659894633,0.023521253667917394,USDJPY,0.023596900601480973,2,5,28,2.0,3.0
2018-05-08,2018-05-18,-1,108.94300079345703,110.418215070452,stop,-1.5514743775503956,-0.013595130170895092,USDJPY,-0.013541156992653493,2,5,28,2.0,3.0
2018-05-24,2018-07-12,-1,109.86900329589844,111.48242950439453,stop,-1.6903345108032226,-0.014702838471607383,USDJPY,-0.01468499904518862,2,5,28,2.0,3.0
2018-07-23,2018-09-25,-1,111.0530014038086,112.66000257219586,stop,-1.6847382693699366,-0.014474540517300625,USDJPY,-0.014470578445186968,2,5,28,2.0,3.0
2018-10-09,2018-12-24,-1,113.09700012207031,111.11721638270787,target,1.900615839276997,0.017512610743208718,USDJPY,0.01750518349050446,2,5,28,2.0,3.0
2019-01-16,2019-03-04,1,108.64399719238281,111.5057852608817,target,2.785737270464214,0.026260245777287278,USDJPY,0.026340968138638458,2,5,28,2.0,3.0
2019-03-11,2019-05-14,-1,111.08000183105469,109.4222891671317,target,1.579956662641255,0.014919631226182322,USDJPY,0.014923592335227578,2,5,28,2.0,3.0
2019-05-20,2019-06-03,1,110.16000366210938,108.91414424351284,stop,-1.3229714211600148,-0.011377989986647552,USDJPY,-0.011309544092045667,2,5,28,2.0,3.0
2019-06-13,2019-06-21,1,108.48799896240234,107.43200029645648,stop,-1.131940265219546,-0.009801071787805413,USDJPY,-0.009733783239119673,2,5,28,2.0,3.0
2019-07-01,2019-08-05,1,108.38200378417969,107.23043278285435,stop,-1.2274384039742625,-0.010702154978007966,USDJPY,-0.010625112667398658,2,5,28,2.0,3.0
2019-08-19,2020-01-14,1,106.43000030517578,109.59928294590541,target,3.0947816405160107,0.02965876756251523,USDJPY,0.029778094819525324,2,5,28,2.0,3.0
2020-01-24,2020-02-20,-1,109.552001953125,110.70728628976005,stop,-1.2319707380022362,-0.010583871731811599,USDJPY,-0.010545533774265217,2,5,28,2.0,3.0
2020-02-27,2020-03-02,-1,110.36299896240234,107.97606876918248,target,2.3096760939461864,0.021567465686853565,USDJPY,0.02162799321929472,2,5,28,2.0,3.0
2020-03-17,2021-03-23,1,106.17500305175781,108.7760009765625,eod,2.526675422668457,0.024296565581892665,USDJPY,0.024497271957098624,2,5,28,2.0,3.0
2021-05-28,2021-10-12,1,109.80899810791016,112.4212875366211,target,2.5354231300354004,0.02367783581957335,USDJPY,0.02378939316196857,3,5,28,2.0,4.0
2021-10-25,2021-11-25,-1,113.66400146484375,115.23200225830078,stop,-1.6475655944824217,-0.013827779888104363,USDJPY,-0.013795051847985604,3,5,28,2.0,4.0
2021-11-29,2022-01-05,-1,113.71900177001953,115.68285478864398,stop,-2.0434563198634614,-0.017296432328893368,USDJPY,-0.017269348025021013,3,5,28,2.0,4.0
2022-01-12,2022-03-14,-1,115.33100128173828,116.50999995640346,stop,-1.2597303755623972,-0.010230021950325323,USDJPY,-0.010222738566060341,3,5,28,2.0,4.0
2022-04-27,2022-04-29,-1,127.26599884033203,129.99913896833147,stop,-2.8222263271876664,-0.02152955347827831,USDJPY,-0.021475807779801678,3,5,28,2.0,4.0
2022-05-12,2022-06-09,-1,129.8350067138672,132.97557939801897,stop,-3.2314571888514845,-0.02422068411088937,USDJPY,-0.024188951528866406,3,5,28,2.0,4.0
2022-06-27,2022-07-15,-1,135.06199645996094,138.80128479003906,stop,-3.8338317276000975,-0.027723330235149758,USDJPY,-0.02768571787835696,3,5,28,2.0,4.0
2022-07-22,2022-08-02,-1,137.09800720214844,131.7028568812779,target,5.299181715829024,0.03930903468877026,USDJPY,0.03935250723896723,3,5,28,2.0,4.0
2022-08-09,2022-09-07,1,134.83999633789062,143.12828281947546,target,8.19389848414831,0.06140697646443116,USDJPY,0.06146756679535587,3,5,28,2.0,4.0
2022-09-19,2022-10-13,-1,142.76499938964844,146.36986214773995,stop,-3.7047982576642675,-0.025281425934382176,USDJPY,-0.025250325874710815,3,5,28,2.0,4.0
2022-10-26,2022-11-14,-1,147.97999572753906,141.54113987513952,target,6.335269855390264,0.0434767944191948,USDJPY,0.043511663997171414,3,5,28,2.0,4.0
2022-12-12,2022-12-21,1,136.71200561523438,132.63458687918526,stop,-4.173117139979775,-0.02987893212206613,USDJPY,-0.02982487688407336,3,5,28,2.0,4.0
2023-01-06,2023-01-16,1,133.3070068359375,128.67372131347656,stop,-4.726600427246094,-0.03481171494737883,USDJPY,-0.03475650404605646,3,5,28,2.0,4.0
2023-01-24,2023-05-26,1,130.5970001220703,139.4058598109654,target,8.717441788809648,0.06736080982466934,USDJPY,0.06745070469200187,3,5,28,2.0,4.0
2023-06-02,2023-06-19,-1,138.7480010986328,141.29414585658483,stop,-2.643268358721064,-0.018389200116391172,USDJPY,-0.01835085722166206,3,5,28,2.0,4.0
2023-07-07,2023-07-13,-1,143.9510040283203,139.47843497140067,target,4.371803354099815,0.03102589722848321,USDJPY,0.03107007892796444,3,5,28,2.0,4.0
2023-07-24,2023-09-27,1,141.75,148.855712890625,target,7.006487890625,0.05006111386684303,USDJPY,0.050128486000881836,3,5,28,2.0,4.0
2023-10-06,2023-10-27,-1,148.46299743652344,150.1912798200335,stop,-1.832206481715615,-0.011673766618184166,USDJPY,-0.01164116590229151,3,5,28,2.0,4.0
2023-10-31,2023-11-01,-1,149.11099243164062,150.61284746442522,stop,-1.6062327274867383,-0.01011739649896173,USDJPY,-0.010072061142461444,3,5,28,2.0,4.0
2023-11-06,2023-11-13,-1,149.44900512695312,151.43271963936942,stop,-2.088328816005166,-0.013315542052125734,USDJPY,-0.013273521029672856,3,5,28,2.0,4.0
2023-11-17,2023-12-08,-1,150.7050018310547,145.37586103166853,target,5.223647298104415,0.03532929056565004,USDJPY,0.03536140628802949,3,5,28,2.0,4.0
2024-01-03,2024-01-18,1,142.15499877929688,147.655277797154,target,5.4007705187116315,0.0386388735185096,USDJPY,0.03869212525123096,3,5,28,2.0,4.0
2024-01-30,2024-02-14,-1,147.46800231933594,150.0597185407366,stop,-2.694943823024209,-0.017610845610947504,USDJPY,-0.017574769988328846,3,5,28,2.0,4.0
2024-03-01,2024-03-11,-1,150.09500122070312,147.01756940569197,target,2.9723653141566606,0.02046298537614126,USDJPY,0.020503226556399613,3,5,28,2.0,4.0
2024-03-18,2024-04-16,1,148.9550018310547,154.0827178955078,target,5.023447563171387,0.034370152069547834,USDJPY,0.03442459804249474,3,5,28,2.0,4.0
2024-05-03,2024-05-23,-1,153.0449981689453,156.6404266357422,stop,-3.7025599655151367,-0.023524770556842864,USDJPY,-0.02349262314883304,3,5,28,2.0,4.0
2024-06-04,2024-06-21,-1,156.0760040283203,158.3298623221261,stop,-2.3631114966256157,-0.014473834769602942,USDJPY,-0.014440773953930959,3,5,28,2.0,4.0
2024-07-09,2024-07-18,-1,160.85699462890625,156.8684300013951,target,3.8759647312709182,0.02475866614752401,USDJPY,0.024795717691435726,3,5,28,2.0,4.0
2024-08-15,2024-09-13,1,147.2530059814453,141.81200299944197,stop,-5.544080086190352,-0.037005105231535704,USDJPY,-0.036950029955170736,3,5,28,2.0,4.0
2024-09-19,2024-10-22,1,142.7100067138672,150.3368682861328,target,7.526964567565918,0.05338540546453019,USDJPY,0.05344307486129857,3,5,28,2.0,4.0
2024-11-04,2024-11-14,-1,152.28700256347656,154.9182870047433,stop,-2.7378853430611625,-0.017317068409482293,USDJPY,-0.017278457103848715,3,5,28,2.0,4.0
2024-11-22,2025-01-08,-1,154.21800231933594,157.8991459437779,stop,-3.7890962260655074,-0.023883486811190284,USDJPY,-0.023869740037349898,3,5,28,2.0,4.0
2025-01-13,2025-02-21,-1,157.88699340820312,150.31299700055803,target,7.463475512259355,0.04795250225628615,USDJPY,0.04797099649660936,3,5,28,2.0,4.0
2025-03-03,2025-03-11,1,150.77099609375,147.39442443847656,stop,-3.4821113525390626,-0.022443783903698115,USDJPY,-0.022395366103264796,3,5,28,2.0,4.0
2025-03-17,2025-04-11,1,148.59800720214844,145.30401175362724,stop,-3.3980140535627053,-0.02222092685287008,USDJPY,-0.022167157625742215,3,5,28,2.0,4.0
2025-04-28,2025-10-09,1,143.84100341796875,152.52556937081474,target,8.583877250453408,0.0602832693515733,USDJPY,0.06037614968251189,3,5,28,2.0,4.0
2025-10-17,2025-10-31,-1,150.1199951171875,153.35799952915735,stop,-3.343088408551885,-0.021606478267187822,USDJPY,-0.021569441228946117,3,5,28,2.0,4.0
2025-11-28,2026-01-14,-1,156.28399658203125,158.447993687221,stop,-2.2733959027971578,-0.013860133811287402,USDJPY,-0.01384656876274523,3,5,28,2.0,4.0
2026-01-26,2026-03-09,-1,155.16600036621094,157.8462851388114,stop,-2.788900972856806,-0.017290932074477204,USDJPY,-0.017273660249504757,3,5,28,2.0,4.0
2026-03-20,2026-06-08,-1,157.9239959716797,160.26570783342635,stop,-2.452258658926836,-0.014820748723749291,USDJPY,-0.0148280940292734,3,5,28,2.0,4.0
2026-06-15,2026-06-19,-1,159.9550018310547,160.8038569859096,stop,-0.9608236561366409,-0.005347598668770323,USDJPY,-0.005306837205075137,3,5,28,2.0,4.0
2026-07-06,2026-07-09,-1,161.45199584960938,162.53900146484375,eod,-1.2000220123291017,-0.00677356516702993,USDJPY,-0.00673268614311159,3,5,28,2.0,4.0
